{"type": "FeatureCollection", "features": [{"type": "Feature", "geometry": {"type": "MultiPolygon", "coordinates": [[[[-55.5244182, -27.329153], [-55.5213244, -27.3330613], [-55.5183316, -27.3370107], [-55.5098109, -27.3319882], [-55.5128298, -27.3279831], [-55.5129267, -27.3278598], [-55.51723, -27.3304413], [-55.5201646, -27.3266898], [-55.5244182, -27.329153]]], [[[-55.3495062, -27.8935268], [-55.348777, -27.8828799], [-55.3336912, -27.883542], [-55.3338532, -27.887634], [-55.335751, -27.8875812], [-55.3362058, -27.8876328], [-55.3365523, -27.8877312], [-55.3368696, -27.8878426], [-55.3372574, -27.8880655], [-55.3430649, -27.8913466], [-55.343487, -27.8915764], [-55.3439573, -27.8918156], [-55.3443938, -27.8919716], [-55.3495062, -27.8935268]]], [[[-55.5309005, -27.2519796], [-55.5298288, -27.2529372], [-55.5301573, -27.2532294], [-55.5294076, -27.2539031], [-55.5297409, -27.2541811], [-55.5297669, -27.2545156], [-55.5301122, -27.2548289], [-55.5297575, -27.2551445], [-55.5301477, -27.2554975], [-55.5298244, -27.255779], [-55.5301543, -27.2560844], [-55.5296037, -27.256537], [-55.5303044, -27.2571742], [-55.5306597, -27.2568856], [-55.5310376, -27.2568737], [-55.5317225, -27.2574942], [-55.5325587, -27.2567193], [-55.5321771, -27.2563975], [-55.5325429, -27.2560811], [-55.5327532, -27.2562702], [-55.5334174, -27.2557111], [-55.5327463, -27.255081], [-55.5335297, -27.2543966], [-55.5331405, -27.2540465], [-55.5331743, -27.2539489], [-55.5331025, -27.2536566], [-55.533046, -27.2534268], [-55.5328468, -27.2532491], [-55.5325001, -27.2532042], [-55.5321696, -27.2531063], [-55.5320669, -27.2530208], [-55.5309005, -27.2519796]]], [[[-55.5804716, -27.3879509], [-55.5847055, -27.3903594], [-55.5804309, -27.3962832], [-55.5761972, -27.393875], [-55.5804716, -27.3879509]]], [[[-54.5567742, -28.5454048], [-54.5533864, -28.5456751], [-54.5536253, -28.5478511], [-54.5526597, -28.5479085], [-54.5526952, -28.5479556], [-54.5533863, -28.5494447], [-54.5540121, -28.5504949], [-54.5542476, -28.550937], [-54.5546724, -28.5508353], [-54.5574369, -28.550139], [-54.5574003, -28.5496854], [-54.5571111, -28.5472788], [-54.5569546, -28.5469697], [-54.5567742, -28.5454048]]]]}, "properties": {"osm_id": 1161689, "name": "Patrimonio Mundial Misiones jesuíticas Guaraníes", "match": "Reducciones Jesuíticas", "protect_class": "22", "boundary": "protected_area"}}, {"type": "Feature", "geometry": {"type": "Polygon", "coordinates": [[[-67.8163965, -30.1275498], [-67.7487765, -30.1728943], [-67.9096156, -30.2545172], [-67.9295743, -30.2431121], [-67.9618884, -30.226955], [-67.9789979, -30.2174501], [-68.0113125, -30.2003426], [-68.0246115, -30.1775392], [-68.0360286, -30.1556594], [-68.0559809, -30.119568], [-68.0997014, -30.0444715], [-68.1291649, -29.9893469], [-68.1434194, -29.9636875], [-68.150075, -29.9513306], [-68.1516858, -29.9397462], [-68.1502261, -29.9174033], [-68.1477391, -29.8902292], [-68.1474704, -29.8900835], [-68.1469414, -29.889951], [-68.1463587, -29.8900045], [-68.1454959, -29.8899585], [-68.1444938, -29.8900029], [-68.1435713, -29.8899208], [-68.1429038, -29.8892348], [-68.1421672, -29.8885133], [-68.1412696, -29.8884522], [-68.1404401, -29.888665], [-68.1395963, -29.8885883], [-68.1384882, -29.8882301], [-68.1377346, -29.8880976], [-68.1372504, -29.8876627], [-68.136716, -29.8872953], [-68.1359854, -29.8873767], [-68.1350542, -29.8868279], [-68.1343591, -29.8861581], [-68.1338164, -29.8855349], [-68.1337283, -29.8850186], [-68.1335869, -29.8844384], [-68.1330755, -29.8842985], [-68.1326928, -29.8841215], [-68.1323996, -29.883786], [-68.1316638, -29.8837198], [-68.1312069, -29.8839047], [-68.1306964, -29.884343], [-68.1298425, -29.8847721], [-68.1290927, -29.885186], [-68.1284931, -29.8852744], [-68.1278527, -29.8854266], [-68.1269897, -29.886], [-68.1262456, -29.8861514], [-68.1256447, -29.8860491], [-68.1252421, -29.8857535], [-68.1246942, -29.8854643], [-68.1243708, -29.8850474], [-68.1241781, -29.88429], [-68.123567, -29.8838302], [-68.1226678, -29.883614], [-68.1221648, -29.8835721], [-68.1213789, -29.8839628], [-68.1208077, -29.8839721], [-68.1200066, -29.8839251], [-68.1195, -29.884], [-68.1183283, -29.8842872], [-68.1174571, -29.8842581], [-68.1169964, -29.8846047], [-68.1165356, -29.885286], [-68.1159583, -29.8858256], [-68.1148614, -29.8858235], [-68.1142437, -29.8857163], [-68.1136932, -29.885518], [-68.1132071, -29.88545], [-68.1124065, -29.8855186], [-68.1116636, -29.8852093], [-68.1110395, -29.8851791], [-68.1103437, -29.8853209], [-68.1092608, -29.8857163], [-68.1087358, -29.885907], [-68.108308, -29.885786], [-68.1079459, -29.8855256], [-68.1072006, -29.8850616], [-68.1061334, -29.8846535], [-68.1053401, -29.8844791], [-68.1046765, -29.8843698], [-68.1041486, -29.8843395], [-68.1039147, -29.8844296], [-68.1034018, -29.8850686], [-68.1030842, -29.8856395], [-68.1027498, -29.8860418], [-68.1019103, -29.8860116], [-68.1011215, -29.8858674], [-68.1001, -29.8859], [-68.0991067, -29.8860268], [-68.0985854, -29.8862837], [-68.0982425, -29.8865535], [-68.0980686, -29.8869651], [-68.0973878, -29.8879581], [-68.0969536, -29.8884488], [-68.096536, -29.8887418], [-68.0959792, -29.8890467], [-68.0957228, -29.8890354], [-68.0954459, -29.8888825], [-68.0951283, -29.8885767], [-68.0946, -29.8885], [-68.0941724, -29.8886114], [-68.0938111, -29.8887233], [-68.0929536, -29.8888593], [-68.0922142, -29.8891535], [-68.0913781, -29.8894349], [-68.0907433, -29.8895698], [-68.0897613, -29.8895163], [-68.0888192, -29.8893142], [-68.0879966, -29.8891861], [-68.0874006, -29.8893047], [-68.0865579, -29.8895814], [-68.0857173, -29.89], [-68.0853861, -29.8901511], [-68.0849138, -29.8904568], [-68.0845167, -29.8909949], [-68.0840657, -29.8913457], [-68.0834213, -29.8915637], [-68.0827762, -29.8915531], [-68.0822156, -29.8916807], [-68.0817811, -29.891601], [-68.081148, -29.891479], [-68.080315, -29.8912651], [-68.0796077, -29.8910419], [-68.0788377, -29.8910343], [-68.0781749, -29.8908594], [-68.0775146, -29.890714], [-68.0768398, -29.8908121], [-68.0763536, -29.8910093], [-68.0754858, -29.8912116], [-68.0751287, -29.8912581], [-68.0746443, -29.8910904], [-68.074, -29.8909], [-68.0733046, -29.8907458], [-68.0728238, -29.8909079], [-68.0721318, -29.891307], [-68.0716317, -29.8917299], [-68.0713739, -29.8921907], [-68.0710694, -29.8926698], [-68.0704109, -29.8930001], [-68.0696947, -29.8932329], [-68.0693237, -29.8935369], [-68.0693095, -29.8938076], [-68.06946, -29.8940247], [-68.0696133, -29.8943402], [-68.0696195, -29.894593], [-68.0694, -29.8949384], [-68.0694, -29.8952], [-68.068822, -29.8959903], [-68.0683619, -29.8968291], [-68.0681189, -29.8971164], [-68.0678108, -29.8971499], [-68.0674061, -29.8970618], [-68.0668732, -29.8967728], [-68.0659049, -29.8965895], [-68.0652643, -29.8963733], [-68.0648341, -29.8962282], [-68.0643723, -29.8963546], [-68.0638106, -29.8966321], [-68.0636114, -29.8967925], [-68.063446, -29.8970965], [-68.0633212, -29.8974026], [-68.0631973, -29.8976578], [-68.0629196, -29.8981057], [-68.0624937, -29.898507], [-68.0617258, -29.8991652], [-68.0608603, -29.8998586], [-68.0601241, -29.9004894], [-68.0594428, -29.9010919], [-68.0589213, -29.901353], [-68.0584124, -29.9012839], [-68.0581562, -29.9011128], [-68.0577902, -29.9003617], [-68.0576671, -29.8996763], [-68.0572707, -29.8994705], [-68.0557601, -29.8992167], [-68.0548606, -29.8995365], [-68.0537064, -29.9002577], [-68.0524146, -29.9013282], [-68.0517796, -29.9029467], [-68.0515346, -29.9035294], [-68.0508293, -29.9040493], [-68.0503962, -29.9045214], [-68.0502, -29.9051], [-68.0501435, -29.9054167], [-68.049848, -29.9062335], [-68.0491058, -29.9069339], [-68.0480039, -29.9072848], [-68.0465768, -29.9077273], [-68.0460366, -29.9081692], [-68.0458517, -29.9087621], [-68.045618, -29.9090872], [-68.0453342, -29.909522], [-68.0450918, -29.9101759], [-68.0449464, -29.910459], [-68.0445919, -29.9109013], [-68.0443593, -29.911104], [-68.0440049, -29.9114624], [-68.0437073, -29.9120604], [-68.0432874, -29.9126247], [-68.0425422, -29.9132171], [-68.0421, -29.9137], [-68.0414105, -29.9140831], [-68.0412, -29.9142], [-68.0407593, -29.9144936], [-68.0404, -29.9149], [-68.0401261, -29.9151037], [-68.0398197, -29.915378], [-68.0397597, -29.9156304], [-68.0397699, -29.9159943], [-68.0396024, -29.9162786], [-68.0394, -29.9164], [-68.0386028, -29.917187], [-68.0384072, -29.9174667], [-68.0384064, -29.9176312], [-68.0385447, -29.9177936], [-68.0386748, -29.9181537], [-68.0386533, -29.9185997], [-68.0382916, -29.9191991], [-68.0381341, -29.9196369], [-68.0377365, -29.9202691], [-68.0373187, -29.9206066], [-68.0365741, -29.9208742], [-68.0361, -29.9211], [-68.0353829, -29.9214745], [-68.0350455, -29.9218147], [-68.0347487, -29.9222112], [-68.0346919, -29.9226943], [-68.034235, -29.9235238], [-68.0338024, -29.924604], [-68.0336787, -29.9251758], [-68.0333, -29.9258], [-68.0331709, -29.9259936], [-68.0329602, -29.9263265], [-68.032479, -29.9270447], [-68.0321147, -29.9273295], [-68.0316598, -29.9275718], [-68.031205, -29.9277168], [-68.0302237, -29.9281282], [-68.0293164, -29.9285795], [-68.0285312, -29.9287911], [-68.0278225, -29.9289185], [-68.0275983, -29.9290295], [-68.027404, -29.9295725], [-68.0272748, -29.9302141], [-68.0271, -29.9311], [-68.0267738, -29.9317506], [-68.0264638, -29.932063], [-68.0259414, -29.932406], [-68.0254652, -29.9325732], [-68.0253089, -29.9327775], [-68.0251585, -29.9331631], [-68.0251776, -29.9337104], [-68.0250211, -29.9345379], [-68.0248538, -29.9352903], [-68.0246244, -29.936055], [-68.024361, -29.9367289], [-68.024113, -29.9374808], [-68.0238317, -29.9377453], [-68.0233848, -29.9378581], [-68.0224, -29.938], [-68.0218687, -29.9381089], [-68.0212699, -29.9380691], [-68.0203675, -29.9382057], [-68.0191, -29.939], [-68.0188, -29.9393], [-68.0177, -29.9399], [-68.0171919, -29.9404309], [-68.0168208, -29.9408731], [-68.0165, -29.941], [-68.0161293, -29.9413282], [-68.0158732, -29.9416111], [-68.0155, -29.9421], [-68.0147561, -29.9428789], [-68.0142407, -29.943552], [-68.0136862, -29.9439225], [-68.0131073, -29.9443141], [-68.0130097, -29.9446011], [-68.0130251, -29.9451968], [-68.012978, -29.9457448], [-68.0127993, -29.9463303], [-68.0125874, -29.9467228], [-68.0126357, -29.94739], [-68.0128467, -29.9478786], [-68.0130642, -29.9483618], [-68.012986, -29.9488861], [-68.012935, -29.9493014], [-68.0124678, -29.9496226], [-68.0122447, -29.9499015], [-68.0120748, -29.9503607], [-68.0119173, -29.9509387], [-68.0117073, -29.951517], [-68.0111, -29.9524], [-68.0107, -29.9529], [-68.0105777, -29.9530834], [-68.0103, -29.9535], [-68.0100474, -29.9537218], [-68.0096024, -29.9541182], [-68.0093293, -29.9544928], [-68.0090802, -29.9551549], [-68.0087439, -29.9557112], [-68.0084512, -29.9564337], [-68.0082732, -29.9569421], [-68.0078919, -29.9575337], [-68.0071386, -29.9580894], [-68.0065073, -29.9588986], [-68.006, -29.9596], [-68.0059, -29.9603], [-68.0058106, -29.9610591], [-68.0057142, -29.9615668], [-68.0057073, -29.9621662], [-68.0058849, -29.9627972], [-68.0058642, -29.9633], [-68.0056927, -29.9637282], [-68.0052, -29.9644], [-68.0043, -29.9651], [-68.0037, -29.9656], [-68.0032033, -29.9662127], [-68.0027317, -29.9668703], [-68.0025258, -29.967403], [-68.0023862, -29.9680267], [-68.0022065, -29.9684563], [-68.0020967, -29.9690055], [-68.0019219, -29.9696502], [-68.0015748, -29.9702831], [-68.0011, -29.971], [-68.0008919, -29.9711971], [-68.0006649, -29.9714572], [-68.0002832, -29.9720251], [-67.9998121, -29.9725648], [-67.9993097, -29.9731282], [-67.9989886, -29.9735999], [-67.9986138, -29.9741408], [-67.9981577, -29.9746605], [-67.9979317, -29.9752351], [-67.997635, -29.9757056], [-67.9971211, -29.9758915], [-67.9964293, -29.9761506], [-67.9958207, -29.976499], [-67.9951716, -29.9769601], [-67.9946772, -29.9772718], [-67.9935146, -29.9776225], [-67.9930301, -29.9779831], [-67.9922881, -29.9785529], [-67.9919512, -29.9790521], [-67.9914553, -29.9796006], [-67.9908902, -29.9803817], [-67.9907995, -29.9806634], [-67.9908146, -29.9814662], [-67.990826, -29.9821028], [-67.9909666, -29.9833479], [-67.9907849, -29.9837979], [-67.9906601, -29.9842549], [-67.9907466, -29.9846951], [-67.9909552, -29.985269], [-67.9912698, -29.9858051], [-67.9910862, -29.9862014], [-67.9907536, -29.9866169], [-67.9903455, -29.9870944], [-67.990035, -29.9878394], [-67.9898012, -29.9883007], [-67.9894699, -29.9887408], [-67.9891, -29.9891], [-67.9887715, -29.9893683], [-67.9883455, -29.9895803], [-67.9880549, -29.9897993], [-67.9878049, -29.990138], [-67.9874785, -29.9903141], [-67.9868431, -29.9905676], [-67.9866348, -29.9908074], [-67.9862995, -29.9913262], [-67.9859073, -29.9917747], [-67.9855081, -29.9922169], [-67.9847967, -29.9927944], [-67.9840195, -29.9930676], [-67.9833545, -29.9933747], [-67.9826569, -29.9936676], [-67.9819203, -29.9938676], [-67.9806878, -29.9942718], [-67.9799658, -29.9944648], [-67.9797016, -29.994468], [-67.9795024, -29.9945838], [-67.9793642, -29.9949493], [-67.9792829, -29.9953704], [-67.9790723, -29.9959578], [-67.9788382, -29.9965662], [-67.9784165, -29.9971666], [-67.9778, -29.9976], [-67.9772374, -29.9981254], [-67.9768325, -29.998855], [-67.9762675, -29.9995902], [-67.9757675, -30.0001676], [-67.9752464, -30.0008789], [-67.9748277, -30.0015057], [-67.9742842, -30.0020057], [-67.9737244, -30.0023085], [-67.9728106, -30.002762], [-67.9720666, -30.0030902], [-67.9715, -30.0035], [-67.9713594, -30.0036406], [-67.9707756, -30.004031], [-67.9704378, -30.0044456], [-67.9702, -30.0048], [-67.9698837, -30.0051099], [-67.9694675, -30.005374], [-67.9689699, -30.0056028], [-67.9688036, -30.0058536], [-67.9686699, -30.0063578], [-67.9685455, -30.0071056], [-67.968491, -30.0074832], [-67.9686106, -30.008034], [-67.9685707, -30.0084832], [-67.9682964, -30.0089135], [-67.9677212, -30.009386], [-67.967031, -30.0096382], [-67.9662272, -30.0099322], [-67.9651058, -30.0101649], [-67.9643944, -30.0101945], [-67.9631887, -30.0099354], [-67.962165, -30.0096397], [-67.9612626, -30.0096608], [-67.9606562, -30.0098696], [-67.9600151, -30.009885], [-67.9594138, -30.0100771], [-67.9592, -30.0106], [-67.9587936, -30.0108709], [-67.958, -30.0114], [-67.9577685, -30.0124805], [-67.9576431, -30.0126803], [-67.9572508, -30.0131542], [-67.9570618, -30.0136634], [-67.9563085, -30.0140676], [-67.9558723, -30.0145915], [-67.9541536, -30.0153662], [-67.9534667, -30.0159817], [-67.9531151, -30.0162542], [-67.9526008, -30.0163014], [-67.9517339, -30.0164529], [-67.9515419, -30.0167451], [-67.9508, -30.0174], [-67.9501, -30.0178], [-67.9491133, -30.0187084], [-67.9480313, -30.019299], [-67.9474584, -30.0196064], [-67.9467027, -30.0199019], [-67.9464702, -30.0205928], [-67.9460821, -30.0209159], [-67.9454178, -30.0212774], [-67.9448319, -30.0223407], [-67.9434638, -30.0237593], [-67.9427, -30.0249], [-67.9413, -30.0259], [-67.9405, -30.0262], [-67.9393805, -30.0266159], [-67.939, -30.027], [-67.9385552, -30.0274873], [-67.9382654, -30.0281084], [-67.9374375, -30.0285319], [-67.9367441, -30.0288696], [-67.9361298, -30.0291529], [-67.9355356, -30.0294476], [-67.9352049, -30.029626], [-67.9348484, -30.0296785], [-67.934026, -30.0295883], [-67.9333593, -30.0294245], [-67.9327324, -30.0293841], [-67.9319943, -30.0293322], [-67.9315051, -30.0294016], [-67.9308171, -30.0296932], [-67.9300257, -30.0303042], [-67.929473, -30.0311007], [-67.9294301, -30.031598], [-67.9298063, -30.0321209], [-67.9300373, -30.0326478], [-67.930492, -30.0336123], [-67.9307786, -30.0343704], [-67.9305669, -30.0350606], [-67.9302468, -30.0356496], [-67.9297346, -30.0359653], [-67.9293, -30.0363], [-67.9290717, -30.0370943], [-67.9285376, -30.0377929], [-67.9281688, -30.0383058], [-67.9278, -30.0385], [-67.9273358, -30.0385703], [-67.9270401, -30.0386852], [-67.9269708, -30.0388858], [-67.9265601, -30.0391098], [-67.9262344, -30.0396936], [-67.9257177, -30.0402123], [-67.9252009, -30.0406696], [-67.9248433, -30.041048], [-67.9245394, -30.0411401], [-67.9239485, -30.0411616], [-67.9236248, -30.041344], [-67.9232374, -30.0415692], [-67.9228056, -30.0417559], [-67.9223207, -30.0418615], [-67.9219704, -30.0420897], [-67.9216353, -30.0423796], [-67.9212719, -30.0426572], [-67.9205383, -30.0433867], [-67.9196932, -30.0443243], [-67.9188429, -30.0452127], [-67.9186251, -30.0456735], [-67.9188869, -30.0461059], [-67.9188174, -30.0463914], [-67.9184995, -30.0465955], [-67.9180362, -30.0468078], [-67.9176437, -30.0472713], [-67.9172032, -30.0475899], [-67.9164686, -30.0477928], [-67.9159456, -30.0480903], [-67.9152314, -30.048253], [-67.9145471, -30.0483207], [-67.9137075, -30.0485608], [-67.9132144, -30.0488733], [-67.9129958, -30.0492465], [-67.9129164, -30.049655], [-67.9130027, -30.0499449], [-67.9127425, -30.0502692], [-67.9124499, -30.050619], [-67.9121761, -30.0507265], [-67.91165, -30.0507251], [-67.9112937, -30.0508217], [-67.9109559, -30.0509497], [-67.9104581, -30.050942], [-67.9096983, -30.0509711], [-67.9081736, -30.0511751], [-67.9069464, -30.0513913], [-67.9067278, -30.0515665], [-67.9068739, -30.051656], [-67.9101274, -30.0528814], [-67.9109521, -30.0532893], [-67.9113318, -30.0537873], [-67.9117211, -30.0547939], [-67.9118839, -30.055802], [-67.9117587, -30.0566482], [-67.9112714, -30.0571387], [-67.910508, -30.0577518], [-67.9101221, -30.0582049], [-67.9094018, -30.0588111], [-67.9085442, -30.059323], [-67.9075505, -30.0597867], [-67.9067628, -30.0600988], [-67.9057271, -30.0607887], [-67.9050505, -30.0611561], [-67.9043991, -30.061562], [-67.9040477, -30.0618431], [-67.903992, -30.062004], [-67.9043849, -30.0622712], [-67.9045725, -30.0627954], [-67.9044771, -30.0634306], [-67.9041132, -30.0639847], [-67.9042861, -30.0645685], [-67.9042648, -30.0649399], [-67.9033972, -30.0653931], [-67.9025331, -30.065754], [-67.9022811, -30.0661148], [-67.9015493, -30.066832], [-67.9008131, -30.0671064], [-67.8996728, -30.0672871], [-67.8986961, -30.0672773], [-67.8975817, -30.0670486], [-67.8969387, -30.0668957], [-67.8965681, -30.0666872], [-67.896232, -30.0666664], [-67.8958732, -30.0667685], [-67.8957064, -30.0669819], [-67.8954376, -30.0671833], [-67.8950772, -30.0671384], [-67.894359, -30.0670672], [-67.8935108, -30.0669195], [-67.8929163, -30.0667917], [-67.8921996, -30.0667719], [-67.8915034, -30.0666769], [-67.8908021, -30.066533], [-67.890432, -30.0663822], [-67.8901292, -30.0663542], [-67.8898113, -30.0666089], [-67.8893712, -30.0671967], [-67.8888184, -30.0677034], [-67.8884064, -30.0679234], [-67.8876857, -30.0680728], [-67.8870383, -30.0682935], [-67.8862023, -30.068648], [-67.8851138, -30.0690025], [-67.8844095, -30.0698834], [-67.8837473, -30.0705357], [-67.8828008, -30.0714008], [-67.8824084, -30.071685], [-67.8816352, -30.0722976], [-67.8807626, -30.0726175], [-67.8802461, -30.0732148], [-67.8796405, -30.0737575], [-67.8791648, -30.0740881], [-67.8787545, -30.07442], [-67.8784743, -30.0746573], [-67.8782454, -30.0748467], [-67.878, -30.075], [-67.8777044, -30.0753205], [-67.8771912, -30.0753987], [-67.8765033, -30.0756484], [-67.8760594, -30.0758101], [-67.875556, -30.0760574], [-67.8750572, -30.0765125], [-67.8744443, -30.0770822], [-67.8741593, -30.0776615], [-67.8737303, -30.0781734], [-67.8731388, -30.0789621], [-67.872633, -30.0795069], [-67.872165, -30.0796757], [-67.8717016, -30.0797033], [-67.8713241, -30.0798516], [-67.8710083, -30.0801412], [-67.8709606, -30.0804123], [-67.8711023, -30.0812568], [-67.8715015, -30.0819062], [-67.8716942, -30.082323], [-67.8716091, -30.0830321], [-67.8713488, -30.083801], [-67.8711611, -30.0843862], [-67.8710639, -30.0846635], [-67.8709937, -30.0849455], [-67.8708569, -30.0852284], [-67.8707397, -30.0853337], [-67.8705138, -30.0856135], [-67.8704198, -30.0857444], [-67.8702264, -30.0861545], [-67.8700396, -30.0865474], [-67.8698655, -30.0870923], [-67.8692747, -30.0876674], [-67.868837, -30.0879181], [-67.8680532, -30.0879752], [-67.8674822, -30.088259], [-67.8664779, -30.0888746], [-67.8656813, -30.089246], [-67.8649273, -30.0901131], [-67.8642526, -30.0913671], [-67.863777, -30.0921345], [-67.8635928, -30.092496], [-67.8632857, -30.093003], [-67.862874, -30.0935296], [-67.862546, -30.0939145], [-67.8622066, -30.0941588], [-67.8616011, -30.094498], [-67.8611706, -30.0947004], [-67.8606465, -30.0948739], [-67.8603087, -30.0948669], [-67.8599287, -30.0948165], [-67.8596, -30.0948], [-67.8589889, -30.0948515], [-67.8587045, -30.0949226], [-67.8586563, -30.0951979], [-67.8582773, -30.0956144], [-67.857988, -30.0958152], [-67.8577211, -30.0963639], [-67.8571051, -30.097597], [-67.8565011, -30.0986111], [-67.8561401, -30.0991941], [-67.8557899, -30.0995443], [-67.855455, -30.0996089], [-67.8550912, -30.0996979], [-67.854584, -30.1000848], [-67.8542144, -30.1001972], [-67.8533325, -30.1000276], [-67.8520107, -30.0998766], [-67.8509387, -30.0997587], [-67.8500124, -30.0995963], [-67.8494079, -30.0996567], [-67.8484899, -30.0996289], [-67.8480293, -30.0996846], [-67.8477306, -30.0997807], [-67.8475451, -30.0999912], [-67.8471846, -30.100273], [-67.8467528, -30.1007114], [-67.8454751, -30.1017144], [-67.8439395, -30.1026037], [-67.8437441, -30.1028838], [-67.8427925, -30.1035586], [-67.8415245, -30.1042485], [-67.8401168, -30.1048536], [-67.8389004, -30.1051728], [-67.8381806, -30.1053254], [-67.8372694, -30.1053739], [-67.8367, -30.1055], [-67.8358, -30.1059], [-67.8347893, -30.1066473], [-67.8339103, -30.1080021], [-67.8336, -30.109], [-67.832956, -30.1105152], [-67.8318129, -30.1121225], [-67.830838, -30.1134596], [-67.8303347, -30.1146968], [-67.8300352, -30.1155531], [-67.8298103, -30.1158328], [-67.8293494, -30.1159454], [-67.8281, -30.1162], [-67.8267, -30.1166], [-67.8265289, -30.1166306], [-67.8239, -30.1171], [-67.8207781, -30.1182], [-67.8183979, -30.119917], [-67.8174, -30.1214], [-67.8167927, -30.124168], [-67.8163013, -30.1253131], [-67.8161452, -30.1261814], [-67.8162621, -30.1266723], [-67.8165717, -30.1272441], [-67.8163965, -30.1275498]]]}, "properties": {"osm_id": 3290015, "name": "Parque Provincial Ischigualasto", "match": "Parque Provincial Ischigualasto", "protect_class": "2", "boundary": "protected_area"}}, {"type": "Feature", "geometry": {"type": "Polygon", "coordinates": [[[-67.57192, -45.95083], [-67.5711833, -45.9509648], [-67.5704242, -45.9510375], [-67.5700701, -45.9512016], [-67.5696195, -45.9515131], [-67.5693499, -45.951642], [-67.5690429, -45.9517443], [-67.5680718, -45.9520858], [-67.5671358, -45.9524753], [-67.5662399, -45.9529359], [-67.5656229, -45.9530891], [-67.5650088, -45.9531989], [-67.5643596, -45.9532402], [-67.5642816, -45.9532462], [-67.5642175, -45.9532252], [-67.5641477, -45.9531805], [-67.5640941, -45.953132], [-67.5640431, -45.9530798], [-67.5640002, -45.9530332], [-67.5639787, -45.9529996], [-67.5639492, -45.9529474], [-67.5639278, -45.9528094], [-67.5638366, -45.9525781], [-67.5637186, -45.9522798], [-67.5636274, -45.952153], [-67.5634986, -45.9519851], [-67.5633216, -45.9518583], [-67.5629568, -45.9516756], [-67.5626779, -45.9515413], [-67.5624579, -45.9513996], [-67.5622165, -45.9512467], [-67.5619161, -45.9510676], [-67.5615889, -45.9508811], [-67.5614193, -45.9508207], [-67.5609666, -45.9506947], [-67.5607971, -45.9506007], [-67.5607574, -45.9505231], [-67.5605267, -45.9501986], [-67.5605042, -45.9501673], [-67.5603819, -45.9499972], [-67.560221, -45.9498293], [-67.5598455, -45.9495858], [-67.559588, -45.9494489], [-67.5591803, -45.9493333], [-67.5583005, -45.9492698], [-67.5570345, -45.9491766], [-67.5561333, -45.949061], [-67.5545883, -45.9487029], [-67.5540841, -45.9486432], [-67.5538856, -45.9485948], [-67.55071, -45.948], [-67.51675, -45.948], [-67.51675, -45.97644], [-67.5725, -45.97644], [-67.56429, -45.96211], [-67.57312, -45.96211], [-67.5729317, -45.9614043], [-67.5723386, -45.9593915], [-67.5719374, -45.958005], [-67.5716818, -45.9571195], [-67.5712534, -45.9555754], [-67.5712386, -45.955522], [-67.5711717, -45.9552811], [-67.5711422, -45.9551748], [-67.5711167, -45.9549728], [-67.5711123, -45.954827], [-67.5711326, -45.954524], [-67.5711845, -45.9542975], [-67.5713, -45.9539563], [-67.5714182, -45.9537592], [-67.571494, -45.9536474], [-67.5716496, -45.9534423], [-67.571798, -45.9532741], [-67.5720419, -45.9530569], [-67.572297, -45.9528824], [-67.57261, -45.95269], [-67.57192, -45.95083]]]}, "properties": {"osm_id": 4510022, "name": "Área Natural Protegida Punta Marqués", "match": "Punta Marqués", "protect_class": "4", "boundary": "protected_area"}}, {"type": "Feature", "geometry": {"type": "MultiPolygon", "coordinates": [[[[-68.7193545, -31.5467308], [-68.719465, -31.5469008], [-68.719532, -31.547088], [-68.7198192, -31.5488886], [-68.7198254, -31.5489275], [-68.7220064, -31.5625799], [-68.7215122, -31.5633432], [-68.7197633, -31.5633364], [-68.7198128, -31.5637355], [-68.7184603, -31.5639104], [-68.7185713, -31.5653552], [-68.7154225, -31.5657946], [-68.7155304, -31.5664169], [-68.7149534, -31.5664949], [-68.7153079, -31.5680275], [-68.7144975, -31.5681453], [-68.714188, -31.5681858], [-68.7140629, -31.5680802], [-68.7139758, -31.5679899], [-68.7137737, -31.5678446], [-68.7134687, -31.567643], [-68.7128569, -31.5672655], [-68.7124416, -31.5670266], [-68.7122067, -31.5668396], [-68.7119721, -31.5667072], [-68.7116759, -31.5665588], [-68.7115055, -31.5664319], [-68.711291, -31.5662548], [-68.7110697, -31.5660114], [-68.7107344, -31.5657052], [-68.7104541, -31.5653361], [-68.7102409, -31.5651099], [-68.7100679, -31.5649213], [-68.7098493, -31.5647499], [-68.709628, -31.5645922], [-68.709337, -31.564438], [-68.7091264, -31.5643431], [-68.7088126, -31.5642734], [-68.7085283, -31.5642197], [-68.708189, -31.5641752], [-68.7077612, -31.5641717], [-68.7076981, -31.564118], [-68.7075426, -31.5636815], [-68.7075748, -31.5636175], [-68.7076378, -31.563573], [-68.7077411, -31.563501], [-68.7078443, -31.5633981], [-68.707957, -31.5633181], [-68.7080227, -31.5632553], [-68.7080361, -31.5631867], [-68.7080053, -31.5631124], [-68.7079637, -31.5630267], [-68.7079194, -31.5629079], [-68.7078993, -31.5628005], [-68.7078765, -31.5626679], [-68.7078564, -31.5626051], [-68.7078014, -31.5625148], [-68.7076083, -31.5621046], [-68.7075131, -31.5618875], [-68.7074031, -31.5616521], [-68.7072784, -31.5614829], [-68.7071805, -31.5613355], [-68.7070759, -31.5611721], [-68.7070128, -31.5610327], [-68.7069109, -31.5608453], [-68.7068197, -31.560635], [-68.7067191, -31.5604602], [-68.7066105, -31.5603048], [-68.7064978, -31.5601665], [-68.7064482, -31.5600374], [-68.706404, -31.559882], [-68.7063544, -31.5597654], [-68.7062699, -31.5595951], [-68.7062095, -31.5595197], [-68.706127, -31.5595058], [-68.7059104, -31.5592316], [-68.7057978, -31.5591014], [-68.7056905, -31.5588843], [-68.7055672, -31.5586809], [-68.7054464, -31.5584889], [-68.7053016, -31.5583357], [-68.7052158, -31.5581849], [-68.7050656, -31.5581141], [-68.704965, -31.5579449], [-68.7048778, -31.5577849], [-68.7048081, -31.5576227], [-68.7047276, -31.5574535], [-68.704631, -31.5573255], [-68.7044583, -31.557225], [-68.7043923, -31.557106], [-68.704336, -31.5569918], [-68.704336, -31.5568775], [-68.7043334, -31.5567861], [-68.7042836, -31.5566901], [-68.7041617, -31.5566101], [-68.7040812, -31.5565461], [-68.7040047, -31.5564433], [-68.7039604, -31.556297], [-68.7038881, -31.5561553], [-68.7038317, -31.5560433], [-68.7037244, -31.5559518], [-68.7035313, -31.5558147], [-68.703416, -31.5556708], [-68.7033073, -31.5555656], [-68.7032738, -31.5554559], [-68.7032739, -31.5553348], [-68.7032873, -31.5551336], [-68.7032471, -31.5549805], [-68.703231, -31.5548937], [-68.7031639, -31.5548159], [-68.7030687, -31.5547382], [-68.7029654, -31.5546262], [-68.7029171, -31.5545394], [-68.7029063, -31.5544913], [-68.7029225, -31.5544434], [-68.7029117, -31.55432], [-68.7028742, -31.5542651], [-68.7028232, -31.5542149], [-68.7027562, -31.5541554], [-68.7026891, -31.5541028], [-68.7026596, -31.5540297], [-68.702673, -31.5539474], [-68.7026623, -31.5538628], [-68.7025925, -31.5537531], [-68.7025068, -31.5536228], [-68.7024209, -31.5534423], [-68.7023458, -31.553264], [-68.7022894, -31.5530948], [-68.7022546, -31.5529051], [-68.7021956, -31.5528365], [-68.7020776, -31.552752], [-68.7019971, -31.552688], [-68.7018657, -31.5526286], [-68.7017584, -31.5525577], [-68.7017128, -31.5524891], [-68.7017181, -31.5523611], [-68.7017316, -31.5522309], [-68.7016819, -31.5521737], [-68.7015894, -31.5521051], [-68.7015358, -31.552032], [-68.7015063, -31.5519086], [-68.7014312, -31.5518149], [-68.7013855, -31.5517326], [-68.7013238, -31.5515795], [-68.7012756, -31.5514263], [-68.7012729, -31.5512915], [-68.7012327, -31.5511772], [-68.701171, -31.5510309], [-68.7010819, -31.5509032], [-68.7010396, -31.5507475], [-68.7008786, -31.5506309], [-68.7007338, -31.5504343], [-68.7006292, -31.5502263], [-68.7005943, -31.5500892], [-68.7005596, -31.5499359], [-68.700412, -31.549639], [-68.7002684, -31.5493878], [-68.7001793, -31.5491147], [-68.7001716, -31.5489638], [-68.7002783, -31.5488128], [-68.7002803, -31.5486729], [-68.7001727, -31.5485505], [-68.7001313, -31.548367], [-68.7000711, -31.5481018], [-68.7000867, -31.5478962], [-68.6999792, -31.5476372], [-68.6998532, -31.5473909], [-68.6997389, -31.5471747], [-68.6997146, -31.5468945], [-68.6996833, -31.5468016], [-68.6995126, -31.5467209], [-68.6994163, -31.5466249], [-68.6993731, -31.5464582], [-68.6993566, -31.5463463], [-68.6994353, -31.5461886], [-68.6994743, -31.5459848], [-68.6994594, -31.5459095], [-68.6993441, -31.5458027], [-68.6992566, -31.5458114], [-68.6991877, -31.5457682], [-68.6992949, -31.5456838], [-68.6993471, -31.5456192], [-68.6993342, -31.5455458], [-68.6992547, -31.5454774], [-68.6991193, -31.5453173], [-68.698974, -31.5451271], [-68.6989182, -31.5449201], [-68.6988913, -31.5447654], [-68.6987684, -31.5447182], [-68.6986933, -31.5446548], [-68.6987134, -31.5445746], [-68.6986948, -31.5444597], [-68.6987316, -31.5444016], [-68.6987003, -31.5443568], [-68.6986182, -31.5443436], [-68.698586, -31.5443022], [-68.6986248, -31.5442139], [-68.6986698, -31.544137], [-68.698607, -31.5441125], [-68.6984677, -31.5441216], [-68.6983561, -31.5440646], [-68.6982164, -31.5439891], [-68.6981506, -31.543806], [-68.6981574, -31.5436553], [-68.6980714, -31.5435665], [-68.6979915, -31.5433653], [-68.6979995, -31.5430934], [-68.6979905, -31.5428252], [-68.6979716, -31.5424951], [-68.697999, -31.5422117], [-68.6981041, -31.5419898], [-68.6980732, -31.5418304], [-68.6980076, -31.5417108], [-68.6979013, -31.5416026], [-68.6978618, -31.5412653], [-68.6976625, -31.5410005], [-68.6975559, -31.5408091], [-68.697443, -31.5405228], [-68.697325, -31.540173], [-68.6971419, -31.5397876], [-68.6969076, -31.5395483], [-68.6966977, -31.5393723], [-68.6965564, -31.5391658], [-68.6963527, -31.538733], [-68.7053416, -31.5369112], [-68.7059823, -31.5395777], [-68.7052682, -31.53973], [-68.7056963, -31.541406], [-68.7078109, -31.5408371], [-68.7082236, -31.5425059], [-68.709419, -31.5473301], [-68.7115585, -31.5469875], [-68.7127613, -31.5467412], [-68.7130104, -31.5466901], [-68.7138668, -31.5468066], [-68.7169376, -31.547224], [-68.7171142, -31.547248], [-68.7168613, -31.5450614], [-68.7171761, -31.5450355], [-68.7175745, -31.5453349], [-68.7180609, -31.5457036], [-68.7181652, -31.5457796], [-68.7186613, -31.5461387], [-68.718958, -31.5463686], [-68.7191971, -31.546582], [-68.7193545, -31.5467308]]], [[[-68.7310282, -31.5439071], [-68.7313567, -31.5399138], [-68.7290608, -31.5357212], [-68.7162961, -31.5389226], [-68.7162345, -31.5389721], [-68.7165483, -31.5417473], [-68.7167066, -31.5430845], [-68.7167843, -31.5435874], [-68.7168434, -31.5439532], [-68.7169136, -31.5442833], [-68.7170579, -31.5445704], [-68.7171916, -31.5447594], [-68.7174978, -31.545007], [-68.7177687, -31.5451853], [-68.718273, -31.5455464], [-68.7187129, -31.5458413], [-68.7189945, -31.5460402], [-68.7193244, -31.5462665], [-68.7194424, -31.5463739], [-68.7196543, -31.5465865], [-68.7199232, -31.5466472], [-68.7290329, -31.5454252], [-68.7303343, -31.5439151], [-68.7310282, -31.5439071]]]]}, "properties": {"osm_id": 6116527, "name": "Área Natural Protegida Parque Presidente Sarmiento", "match": null, "protect_class": "2", "boundary": "protected_area"}}, {"type": "Feature", "geometry": {"type": "Polygon", "coordinates": [[[-65.299385, -43.2313275], [-65.2991583, -43.2315123], [-65.2989906, -43.2316198], [-65.2988775, -43.2316846], [-65.2987451, -43.2317461], [-65.2986054, -43.2318049], [-65.2984678, -43.2318513], [-65.2983196, -43.2318864], [-65.2981808, -43.2319045], [-65.298019, -43.2319144], [-65.2978263, -43.2319194], [-65.2974871, -43.2318933], [-65.2970875, -43.2318626], [-65.2965974, -43.231875], [-65.296398, -43.2319059], [-65.2962127, -43.2319575], [-65.2960292, -43.2320413], [-65.2958687, -43.2321432], [-65.2951483, -43.2327092], [-65.2945291, -43.2332711], [-65.2936711, -43.2340496], [-65.2934982, -43.2342065], [-65.2929468, -43.2346558], [-65.2923609, -43.2351052], [-65.29081, -43.2362007], [-65.2906871, -43.2362891], [-65.2896899, -43.2370065], [-65.2893818, -43.2372257], [-65.2862078, -43.2394945], [-65.2856823, -43.239855], [-65.284529, -43.2406576], [-65.2833022, -43.2415113], [-65.2820729, -43.2423778], [-65.2807449, -43.2433139], [-65.2792319, -43.2443803], [-65.2791072, -43.2444682], [-65.2789649, -43.2445685], [-65.2776221, -43.245515], [-65.2774331, -43.2456482], [-65.2772055, -43.2458108], [-65.2754485, -43.24705], [-65.2740819, -43.2480044], [-65.2692966, -43.2513577], [-65.2690564, -43.251526], [-65.2672158, -43.2528127], [-65.2662288, -43.2535023], [-65.2651352, -43.2542686], [-65.2607363, -43.2573387], [-65.2566547, -43.260174], [-65.2566076, -43.2602109], [-65.2549407, -43.2613731], [-65.2544997, -43.2616854], [-65.2523992, -43.263173], [-65.2519936, -43.2634912], [-65.2516496, -43.2638093], [-65.2513239, -43.264143], [-65.2510474, -43.2644767], [-65.2509079, -43.2646752], [-65.2507838, -43.2648783], [-65.2506299, -43.2651667], [-65.2504777, -43.2655173], [-65.2503533, -43.2658805], [-65.2502631, -43.2662791], [-65.2501988, -43.2666912], [-65.2501953, -43.2668049], [-65.2500878, -43.2668845], [-65.2500135, -43.2669592], [-65.2499285, -43.2670777], [-65.2498719, -43.2671344], [-65.249787, -43.2671705], [-65.2496854, -43.267183], [-65.2491114, -43.2672026], [-65.2482142, -43.2672723], [-65.2477596, -43.2672846], [-65.2475933, -43.2672963], [-65.2472607, -43.2675307], [-65.246175, -43.2682825], [-65.2446994, -43.2693034], [-65.2446242, -43.2693619], [-65.2441958, -43.2696851], [-65.2440429, -43.2697925], [-65.2438658, -43.269898], [-65.2434742, -43.2700855], [-65.2427564, -43.2703281], [-65.2424056, -43.2704487], [-65.2407641, -43.2709721], [-65.2404913, -43.2710885], [-65.2403521, -43.2711479], [-65.2398844, -43.2714018], [-65.2393106, -43.2718586], [-65.2391216, -43.2719752], [-65.2382592, -43.2721984], [-65.2368803, -43.2725731], [-65.237758, -43.2732288], [-65.2385301, -43.2737783], [-65.2394222, -43.2744256], [-65.2402819, -43.2750495], [-65.2412706, -43.2757669], [-65.2419476, -43.2762581], [-65.2420337, -43.2763206], [-65.2432912, -43.2772265], [-65.2434115, -43.2773131], [-65.2447688, -43.2782823], [-65.2452902, -43.2786596], [-65.2467027, -43.2796817], [-65.2480721, -43.2806726], [-65.2486638, -43.2811007], [-65.2492316, -43.2815115], [-65.2497803, -43.2819086], [-65.2506994, -43.2825737], [-65.2508389, -43.282649], [-65.2509093, -43.2826861], [-65.251012, -43.2827232], [-65.2511341, -43.2827817], [-65.2511731, -43.2828168], [-65.2511988, -43.2828596], [-65.2512036, -43.2829369], [-65.2512372, -43.2829867], [-65.2512922, -43.2830228], [-65.2514129, -43.2830872], [-65.2516328, -43.2832083], [-65.2533226, -43.2843603], [-65.2553348, -43.2858568], [-65.2555316, -43.286021], [-65.2557016, -43.2861852], [-65.2558235, -43.2863536], [-65.2608733, -43.2898502], [-65.2617045, -43.290496], [-65.2633717, -43.2917503], [-65.2644291, -43.2925979], [-65.2660317, -43.2938764], [-65.2859041, -43.3104052], [-65.2870666, -43.3116446], [-65.2957149, -43.3208641], [-65.298348, -43.3236709], [-65.298524, -43.3239237], [-65.298756, -43.3242472], [-65.2989456, -43.3245707], [-65.2990984, -43.3249129], [-65.299237, -43.3252449], [-65.3006596, -43.3299904], [-65.2987699, -43.3314505], [-65.2990408, -43.3352582], [-65.265735, -43.3354234], [-65.2536025, -43.3325834], [-65.210039, -43.3315076], [-65.2098642, -43.3357199], [-65.2096286, -43.3354244], [-65.1719512, -43.336008], [-65.1656695, -43.3360441], [-65.1644625, -43.3360519], [-65.1587145, -43.3361885], [-65.1542781, -43.3362236], [-65.1523105, -43.3362317], [-65.1514296, -43.3362353], [-65.151038, -43.3362743], [-65.148223, -43.3363455], [-65.1440663, -43.339202], [-65.1343179, -43.3461611], [-65.1199725, -43.356396], [-65.1198825, -43.3564104], [-65.1295705, -43.3793652], [-65.0645451, -43.4044221], [-65.0591915, -43.4065417], [-65.0584615, -43.4068181], [-65.0584483, -43.4068232], [-65.0586158, -43.4069942], [-65.0588626, -43.407228], [-65.0593078, -43.40753], [-65.0598711, -43.4079412], [-65.0603271, -43.4083192], [-65.0607133, -43.4087459], [-65.061003, -43.4090363], [-65.0615099, -43.4093909], [-65.0619042, -43.4096929], [-65.0623602, -43.4099384], [-65.0629154, -43.4101761], [-65.0636181, -43.4105269], [-65.0642914, -43.4109029], [-65.0651979, -43.4114349], [-65.0660509, -43.411998], [-65.0672901, -43.4128806], [-65.068363, -43.4135684], [-65.0695592, -43.4143653], [-65.0706214, -43.4150745], [-65.0713241, -43.4156083], [-65.072102, -43.4161694], [-65.0733277, -43.4169877], [-65.074532, -43.4177183], [-65.0754896, -43.4182775], [-65.0762647, -43.4187411], [-65.0774208, -43.419575], [-65.0785714, -43.420475], [-65.079191, -43.4209231], [-65.0799367, -43.42149], [-65.0806501, -43.4222322], [-65.0810364, -43.4226764], [-65.0812429, -43.4228946], [-65.0815809, -43.4232531], [-65.0818786, -43.4234557], [-65.0822863, -43.4236777], [-65.0830346, -43.424118], [-65.0836274, -43.4244764], [-65.08396, -43.4246225], [-65.0844964, -43.4248349], [-65.0856498, -43.4252907], [-65.0862533, -43.4256355], [-65.0866315, -43.4259102], [-65.0872377, -43.426292], [-65.0875193, -43.426516], [-65.0881952, -43.4269718], [-65.0885922, -43.427227], [-65.0891018, -43.4276594], [-65.0893834, -43.4279399], [-65.0896543, -43.4283042], [-65.0898394, -43.4286159], [-65.090003, -43.4290678], [-65.0902364, -43.4297456], [-65.0903222, -43.4300787], [-65.0904053, -43.4303826], [-65.0905153, -43.4306241], [-65.0906897, -43.4308637], [-65.0908721, -43.4310819], [-65.0911322, -43.4313078], [-65.0915077, -43.431674], [-65.0917706, -43.4319038], [-65.0920147, -43.432046], [-65.0922534, -43.432196], [-65.0925162, -43.4324609], [-65.0927147, -43.4326674], [-65.0929856, -43.4328563], [-65.093286, -43.4330433], [-65.0941765, -43.433503], [-65.0944555, -43.4336452], [-65.0946513, -43.4337562], [-65.0947747, -43.4338652], [-65.0949544, -43.4340464], [-65.0954855, -43.4345781], [-65.095802, -43.4348157], [-65.095928, -43.4348975], [-65.0960943, -43.4349657], [-65.0962767, -43.4350222], [-65.0966495, -43.4351468], [-65.0968266, -43.4352325], [-65.0970519, -43.4353669], [-65.0973496, -43.435624], [-65.0978968, -43.4360155], [-65.0983581, -43.4363135], [-65.0992459, -43.4368335], [-65.1002276, -43.4373652], [-65.1008821, -43.4377645], [-65.1017028, -43.4383585], [-65.1027623, -43.4391668], [-65.1032692, -43.4395757], [-65.1038271, -43.4400042], [-65.1043743, -43.4403995], [-65.1051548, -43.4409059], [-65.1054123, -43.4410831], [-65.1056054, -43.4412526], [-65.1059836, -43.4415914], [-65.1062036, -43.4417492], [-65.1064557, -43.441905], [-65.106689, -43.4420082], [-65.107137, -43.4422205], [-65.1076654, -43.4424873], [-65.108293, -43.4428475], [-65.1090118, -43.4433383], [-65.1097333, -43.4438349], [-65.1099908, -43.4440394], [-65.1102778, -43.4442984], [-65.1107043, -43.4446917], [-65.1109993, -43.4449254], [-65.1113668, -43.4451474], [-65.1125336, -43.4457472], [-65.1131156, -43.4461523], [-65.1138586, -43.4467267], [-65.1149717, -43.4476283], [-65.1159078, -43.448452], [-65.1168439, -43.4491842], [-65.1177049, -43.4498579], [-65.1180267, -43.4501228], [-65.1186222, -43.4506758], [-65.1188582, -43.4509016], [-65.1191586, -43.4511314], [-65.1197031, -43.4514702], [-65.1199847, -43.4516766], [-65.1201752, -43.4518402], [-65.1205963, -43.4522647], [-65.1210845, -43.452769], [-65.1213634, -43.4530299], [-65.1218221, -43.4534135], [-65.1235521, -43.4547141], [-65.1249254, -43.4558629], [-65.1267654, -43.4573854], [-65.1284176, -43.4586587], [-65.1298499, -43.4597879], [-65.1311052, -43.4608548], [-65.1327092, -43.4622021], [-65.1342487, -43.4634285], [-65.1359501, -43.4648585], [-65.1362175, -43.4650833], [-65.1373279, -43.4660138], [-65.1384383, -43.4669949], [-65.1391143, -43.4676646], [-65.1395917, -43.4682058], [-65.1398975, -43.4686418], [-65.1402247, -43.469109], [-65.1405412, -43.4694788], [-65.140965, -43.4699694], [-65.1414746, -43.4704093], [-65.1418126, -43.4707597], [-65.141995, -43.4709232], [-65.1422846, -43.4711646], [-65.1426762, -43.4715656], [-65.1429123, -43.4719665], [-65.1431912, -43.4722079], [-65.1435077, -43.4725193], [-65.1439261, -43.4727957], [-65.1442748, -43.4730916], [-65.1446235, -43.4734264], [-65.1448327, -43.4736366], [-65.145117, -43.4739247], [-65.1454604, -43.4743763], [-65.1461685, -43.4750731], [-65.1465064, -43.4754351], [-65.1467317, -43.4756726], [-65.1470268, -43.475984], [-65.1472414, -43.4762487], [-65.1473862, -43.4764278], [-65.1475042, -43.4765796], [-65.1477349, -43.4768988], [-65.1480675, -43.4773036], [-65.1484752, -43.4776695], [-65.1487488, -43.4779771], [-65.1491833, -43.4783546], [-65.1496071, -43.4788179], [-65.1500362, -43.4792733], [-65.1504493, -43.479647], [-65.1508677, -43.4801141], [-65.1510072, -43.4802581], [-65.1511413, -43.4804216], [-65.151313, -43.4806629], [-65.1515114, -43.4809548], [-65.1515973, -43.4811456], [-65.1516885, -43.4813441], [-65.151785, -43.4815543], [-65.1518387, -43.4817489], [-65.1519889, -43.4819591], [-65.1521552, -43.4822393], [-65.1522088, -43.4824145], [-65.1524395, -43.482722], [-65.1528043, -43.4831462], [-65.1529598, -43.4834343], [-65.1531422, -43.4836873], [-65.1533032, -43.4840376], [-65.1535338, -43.4843606], [-65.153684, -43.4846487], [-65.153904, -43.4847654], [-65.154022, -43.4848939], [-65.1542419, -43.4850729], [-65.1543975, -43.4852325], [-65.1546925, -43.4854855], [-65.1549447, -43.4856956], [-65.1550841, -43.4858085], [-65.1551914, -43.4859292], [-65.1553738, -43.4861004], [-65.1554489, -43.4862211], [-65.1556152, -43.486369], [-65.155744, -43.4864235], [-65.1559478, -43.4865324], [-65.1561463, -43.4866414], [-65.1563716, -43.4867504], [-65.1566452, -43.4869567], [-65.15677, -43.4871099], [-65.1569295, -43.4871591], [-65.1571387, -43.4872992], [-65.1573372, -43.4874977], [-65.1574981, -43.4876144], [-65.1576537, -43.4877779], [-65.1578736, -43.4879608], [-65.1580721, -43.4881788], [-65.1583403, -43.4884318], [-65.1584906, -43.488603], [-65.1585979, -43.4887315], [-65.1587587, -43.4888443], [-65.1588768, -43.4889844], [-65.1590324, -43.48907], [-65.1592523, -43.4891985], [-65.1593971, -43.489323], [-65.1595259, -43.4894553], [-65.1597619, -43.4896538], [-65.1598692, -43.4897978], [-65.160014, -43.489934], [-65.1601106, -43.490043], [-65.1602286, -43.4901559], [-65.1603788, -43.4903232], [-65.1606148, -43.4904672], [-65.1608187, -43.4906346], [-65.1610226, -43.490837], [-65.1611138, -43.4909849], [-65.1612908, -43.4911794], [-65.1614195, -43.4913818], [-65.1615697, -43.4916037], [-65.1617414, -43.4918293], [-65.1619345, -43.4920083], [-65.1620204, -43.4921017], [-65.1621437, -43.492273], [-65.1622886, -43.4924053], [-65.162412, -43.4925921], [-65.1625139, -43.4927517], [-65.1625729, -43.4928256], [-65.1626533, -43.4929151], [-65.1628089, -43.4930591], [-65.1630235, -43.4932225], [-65.1632327, -43.4933666], [-65.1633883, -43.49353], [-65.1635063, -43.4936195], [-65.1636833, -43.493744], [-65.1638818, -43.4939348], [-65.1639998, -43.4940515], [-65.1641339, -43.4941799], [-65.1643056, -43.4944095], [-65.164488, -43.4945885], [-65.1646221, -43.4947676], [-65.1647508, -43.4949621], [-65.1647938, -43.4950711], [-65.1648635, -43.4952112], [-65.1649011, -43.4952812], [-65.164944, -43.4953669], [-65.1650244, -43.4954797], [-65.16518, -43.4955944], [-65.1652121, -43.4957112], [-65.1652497, -43.4958124], [-65.1653463, -43.4959486], [-65.1654455, -43.4960926], [-65.1655286, -43.4962755], [-65.1656681, -43.4964311], [-65.165754, -43.4965926], [-65.1658424, -43.4967405], [-65.1659068, -43.4968884], [-65.1659819, -43.4970499], [-65.1660463, -43.497225], [-65.1661054, -43.4972912], [-65.1662287, -43.4973748], [-65.1664245, -43.4975811], [-65.1666015, -43.4977328], [-65.1667464, -43.4979196], [-65.1668644, -43.4980986], [-65.1669341, -43.4982076], [-65.1671112, -43.4983866], [-65.1672614, -43.4985617], [-65.1673955, -43.4988224], [-65.1675403, -43.4990753], [-65.1676154, -43.4992854], [-65.1676744, -43.4994606], [-65.1677173, -43.4996668], [-65.1678246, -43.4999508], [-65.1679373, -43.5002116], [-65.1680607, -43.5004723], [-65.168227, -43.500733], [-65.1684469, -43.5009314], [-65.1685488, -43.5010443], [-65.1686776, -43.5011921], [-65.1687741, -43.5013906], [-65.1690048, -43.5015812], [-65.1691818, -43.5017836], [-65.169332, -43.5019548], [-65.1694071, -43.5020754], [-65.169552, -43.5021883], [-65.1698095, -43.5024023], [-65.1700777, -43.5025735], [-65.1702654, -43.5027991], [-65.1705819, -43.5030015], [-65.1707375, -43.5031026], [-65.170995, -43.5032544], [-65.171231, -43.5033984], [-65.171451, -43.5035423], [-65.1716709, -43.5036902], [-65.1718962, -43.5038497], [-65.1720303, -43.5039236], [-65.1722235, -43.5040015], [-65.1723737, -43.5041143], [-65.17254, -43.5043011], [-65.1726794, -43.5044645], [-65.172835, -43.5046162], [-65.1730013, -43.5047174], [-65.1732373, -43.504873], [-65.1734573, -43.5050715], [-65.1736021, -43.5052076], [-65.1737309, -43.505375], [-65.1738328, -43.5055072], [-65.1738703, -43.5055928], [-65.1738972, -43.5057524], [-65.1739508, -43.5058535], [-65.1739776, -43.505943], [-65.1740152, -43.5060831], [-65.1741278, -43.5062504], [-65.1742727, -43.5064333], [-65.1743692, -43.5066122], [-65.1745409, -43.5067912], [-65.1747018, -43.5069935], [-65.174793, -43.5071569], [-65.1748413, -43.5072659], [-65.1749218, -43.5074488], [-65.174911, -43.5076394], [-65.1749754, -43.5078378], [-65.175013, -43.5080362], [-65.1750612, -43.5081997], [-65.1751739, -43.5083475], [-65.1752705, -43.5084992], [-65.1753026, -43.5086588], [-65.1753402, -43.5088999], [-65.1753884, -43.509079], [-65.1754152, -43.5093474], [-65.1753455, -43.5097909], [-65.175305, -43.5102825], [-65.1322, -43.5103], [-65.1102, -43.5103], [-64.8875, -43.5103], [-64.8667, -43.4792], [-64.8644, -43.4701], [-64.8587, -43.4597], [-64.8585, -43.4585], [-64.8581, -43.4579], [-64.857, -43.4526], [-64.8544, -43.4485], [-64.8538, -43.4467], [-64.8482, -43.4132], [-64.8456, -43.4118], [-64.8388, -43.4086], [-64.8371, -43.4077], [-64.8347, -43.4059], [-64.8329, -43.4051], [-64.832, -43.4046], [-64.8318, -43.4045], [-64.8299, -43.4034], [-64.828, -43.402], [-64.823, -43.3994], [-64.8214, -43.3984], [-64.8161, -43.3957], [-64.8154, -43.3951], [-64.8107, -43.3929], [-64.809, -43.392], [-64.808, -43.3915], [-64.8077, -43.3913], [-64.807, -43.3909], [-64.804, -43.3895], [-64.8014, -43.3881], [-64.7996, -43.3867], [-64.7977, -43.3858], [-64.7964, -43.3849], [-64.7951, -43.3846], [-64.7936, -43.3839], [-64.7932, -43.3838], [-64.7746, -43.375], [-64.7729, -43.3741], [-64.7725, -43.374], [-64.7708, -43.3731], [-64.7674, -43.3719], [-64.7668, -43.3716], [-64.7589, -43.3689], [-64.7526, -43.3657], [-64.7493, -43.3641], [-64.7447, -43.3625], [-64.7435, -43.3617], [-64.7427, -43.3615], [-64.7385, -43.3593], [-64.7374, -43.3591], [-64.7338, -43.3577], [-64.7332, -43.3573], [-64.7319, -43.3567], [-64.7312, -43.3562], [-64.729, -43.3557], [-64.7209, -43.3523], [-64.719, -43.351], [-64.7183, -43.3509], [-64.7149, -43.3495], [-64.7147, -43.3494], [-64.7142, -43.3493], [-64.7118, -43.3482], [-64.7103, -43.3476], [-64.7093, -43.3474], [-64.7066, -43.3463], [-64.7058, -43.3457], [-64.7049, -43.3456], [-64.7032, -43.3448], [-64.7023, -43.3446], [-64.701, -43.3441], [-64.7009, -43.344], [-64.7008, -43.344], [-64.6994, -43.3435], [-64.6931, -43.3413], [-64.6927, -43.341], [-64.6921, -43.3408], [-64.6916, -43.3406], [-64.6913, -43.3405], [-64.6912, -43.3405], [-64.687, -43.3392], [-64.6797, -43.3365], [-64.6787, -43.3363], [-64.676, -43.3354], [-64.6733, -43.3344], [-64.6724, -43.3339], [-64.6707, -43.3332], [-64.6693, -43.3323], [-64.6649, -43.3307], [-64.662, -43.3297], [-64.6609, -43.3295], [-64.6608, -43.3294], [-64.6552, -43.3284], [-64.6391, -43.3226], [-64.6386, -43.3223], [-64.6379, -43.3221], [-64.6347, -43.3209], [-64.6345, -43.3209], [-64.632, -43.3199], [-64.6291, -43.319], [-64.6271, -43.3183], [-64.6269, -43.3183], [-64.6236, -43.317], [-64.6222, -43.3167], [-64.6198, -43.3162], [-64.619, -43.316], [-64.6177, -43.3158], [-64.6129, -43.3143], [-64.6125, -43.3141], [-64.6124, -43.3141], [-64.6082, -43.3128], [-64.6071, -43.3124], [-64.605, -43.3122], [-64.6019, -43.3114], [-64.5997, -43.3109], [-64.5983, -43.3106], [-64.5974, -43.3104], [-64.5958, -43.31], [-64.5928, -43.309], [-64.5886, -43.3085], [-64.5845, -43.3075], [-64.5831, -43.307], [-64.5811, -43.3066], [-64.5808, -43.3066], [-64.5803, -43.3064], [-64.5801, -43.3064], [-64.5741, -43.3051], [-64.5702, -43.3039], [-64.5674, -43.3035], [-64.5625, -43.3023], [-64.5623, -43.3022], [-64.557, -43.3009], [-64.5537, -43.3004], [-64.5448, -43.2982], [-64.5386, -43.2962], [-64.536, -43.2958], [-64.5317, -43.2945], [-64.5305, -43.2941], [-64.5301, -43.294], [-64.5263, -43.2928], [-64.5234, -43.2918], [-64.5216, -43.2913], [-64.519, -43.2904], [-64.5175, -43.2902], [-64.5141, -43.2894], [-64.5104, -43.2882], [-64.5054, -43.2876], [-64.4971, -43.2854], [-64.4956, -43.2849], [-64.4952, -43.2849], [-64.4924, -43.2841], [-64.4923, -43.2841], [-64.4899, -43.2834], [-64.4825, -43.2808], [-64.4748, -43.2782], [-64.4735, -43.278], [-64.4704, -43.277], [-64.4703, -43.2769], [-64.4701, -43.2769], [-64.4646, -43.2749], [-64.4637, -43.2744], [-64.4621, -43.2737], [-64.4602, -43.2733], [-64.4572, -43.2722], [-64.4553, -43.2716], [-64.4535, -43.271], [-64.453, -43.2709], [-64.4492, -43.2697], [-64.4439, -43.2678], [-64.4433, -43.2676], [-64.4431, -43.2675], [-64.4421, -43.2671], [-64.4417, -43.267], [-64.4395, -43.2667], [-64.4259, -43.2629], [-64.4244, -43.2626], [-64.4242, -43.2624], [-64.4006, -43.2558], [-64.3982, -43.2552], [-64.3979, -43.255], [-64.3937, -43.2539], [-64.3789, -43.2452], [-64.3776, -43.2447], [-64.3744, -43.2426], [-64.3716, -43.242], [-64.3636, -43.2376], [-64.3599, -43.2368], [-64.3575, -43.2355], [-64.3507, -43.2306], [-64.3477, -43.229], [-64.3458, -43.2281], [-64.3433, -43.2268], [-64.3424, -43.2261], [-64.3377, -43.2235], [-64.3314, -43.2204], [-64.329, -43.219], [-64.3207, -43.2127], [-64.3177, -43.2117], [-64.312, -43.2105], [-64.2901, -43.1998], [-64.2883, -43.1988], [-64.287, -43.1978], [-64.2852, -43.1972], [-64.2655, -43.1909], [-64.2652, -43.1907], [-64.265, -43.1906], [-64.2626, -43.1897], [-64.2602, -43.188], [-64.2601, -43.188], [-64.2587, -43.1871], [-64.2552, -43.186], [-64.2537, -43.185], [-64.2507, -43.1844], [-64.1919, -43.1469], [-64.1896, -43.1447], [-64.1879, -43.1424], [-64.1858, -43.1411], [-64.1851, -43.14], [-64.1835, -43.1389], [-64.1812, -43.1355], [-64.1726, -43.1276], [-64.1721, -43.1273], [-64.172, -43.127], [-64.169, -43.1242], [-64.1664, -43.1204], [-64.1642, -43.1189], [-64.163, -43.1175], [-64.1403, -43.0813], [-64.1379, -43.0777], [-64.1315, -43.0782], [-64.1305, -43.0783], [-64.1292, -43.0785], [-64.1285, -43.0784], [-64.1174, -43.0789], [-64.1105, -43.0797], [-64.0799, -43.0773], [-64.0744, -43.0765], [-64.0445, -43.0681], [-64.0345, -43.0663], [-64.0339, -43.0663], [-64.0282, -43.0654], [-64.0281, -43.0654], [-64.0235, -43.065], [-64.0198, -43.0645], [-64.0138, -43.0636], [-64.0129, -43.0634], [-64.0083, -43.0631], [-64.0003, -43.0623], [-63.9925, -43.0603], [-63.9885, -43.0601], [-63.9859, -43.0598], [-63.9689, -43.0553], [-63.9678, -43.0552], [-63.9425, -43.0485], [-63.9328, -43.0476], [-63.9308, -43.0472], [-63.9256, -43.0456], [-63.9203, -43.0461], [-63.8632, -43.0354], [-63.8576, -43.0351], [-63.8495, -43.0341], [-63.8309, -43.0293], [-63.829, -43.0291], [-63.8202, -43.0272], [-63.814, -43.0253], [-63.8056, -43.0236], [-63.802, -43.0234], [-63.7989, -43.023], [-63.7893, -43.0204], [-63.7847, -43.0195], [-63.7533, -43.014], [-63.7458, -43.0156], [-63.7426, -43.0157], [-63.7414, -43.0155], [-63.7404, -43.0157], [-63.739, -43.0154], [-63.7372, -43.0158], [-63.7233, -43.0138], [-63.711, -43.0132], [-63.7083, -43.0129], [-63.7044, -43.012], [-63.6958, -43.0111], [-63.6926, -43.0105], [-63.6859, -43.0085], [-63.6816, -43.0079], [-63.6782, -43.0069], [-63.6772, -43.0066], [-63.6763, -43.0065], [-63.6729, -43.0056], [-63.6544, -42.9995], [-63.6513, -42.9987], [-63.6496, -42.9979], [-63.6455, -42.9965], [-63.645, -42.9962], [-63.6315, -42.9916], [-63.6221, -42.9866], [-63.6131, -42.9843], [-63.6065, -42.9808], [-63.6059, -42.9807], [-63.6035, -42.9796], [-63.5941, -42.9754], [-63.586, -42.9699], [-63.579, -42.9662], [-63.5783, -42.9657], [-63.5743, -42.9644], [-63.5555, -42.9518], [-63.5548, -42.9514], [-63.5524, -42.9509], [-63.5414, -42.9436], [-63.5143, -42.9277], [-63.5126, -42.9264], [-63.5103, -42.9243], [-63.4992, -42.9177], [-63.4952, -42.9144], [-63.4881, -42.908], [-63.4876, -42.9076], [-63.4873, -42.9073], [-63.4807, -42.9013], [-63.4374, -42.8364], [-63.4234, -42.7818], [-63.4231, -42.7789], [-63.4219, -42.7571], [-63.4271, -42.7305], [-63.4209, -42.7229], [-63.4193, -42.7206], [-63.413, -42.7091], [-63.4013, -42.6915], [-63.3996, -42.6844], [-63.3993, -42.6839], [-63.3983, -42.679], [-63.3865, -42.6279], [-63.3861, -42.6225], [-63.3866, -42.6198], [-63.3841, -42.6074], [-63.3861, -42.5971], [-63.3859, -42.5931], [-63.3922, -42.5617], [-63.3935, -42.5488], [-63.394, -42.5462], [-63.3969, -42.5369], [-63.4001, -42.5187], [-63.399, -42.5132], [-63.4005, -42.4891], [-63.401, -42.4847], [-63.4043, -42.4721], [-63.4046, -42.4684], [-63.405, -42.4656], [-63.4058, -42.4628], [-63.4058571, -42.4612901], [-63.4059986, -42.4605958], [-63.4061, -42.4568], [-63.4062, -42.4562], [-63.4064, -42.4511], [-63.4065, -42.4498], [-63.4066, -42.4484], [-63.4067, -42.4476], [-63.4072, -42.4396], [-63.4073, -42.4388], [-63.4074, -42.4368], [-63.4076, -42.4344], [-63.4079, -42.4333], [-63.408, -42.4301], [-63.4082, -42.4291], [-63.4082, -42.4286], [-63.4083, -42.4279], [-63.4084, -42.427], [-63.4086, -42.4262], [-63.4086, -42.4245], [-63.4085, -42.4241], [-63.4079, -42.4161], [-63.408, -42.4154], [-63.4066, -42.4111], [-63.4061, -42.4092], [-63.4051, -42.4014], [-63.4027, -42.393], [-63.4025, -42.3917], [-63.4022, -42.3874], [-63.4011, -42.3833], [-63.4005, -42.3786], [-63.3989, -42.3537], [-63.399, -42.3536], [-63.3989, -42.3534], [-63.399, -42.3409], [-63.3981, -42.3368], [-63.3981, -42.3301], [-63.4017, -42.3125], [-63.4072, -42.2732], [-63.4091, -42.2664], [-63.4097, -42.2648], [-63.4098, -42.2642], [-63.4112, -42.2593], [-63.4133, -42.2535], [-63.4134, -42.2528], [-63.4154, -42.2467], [-63.421, -42.2313], [-63.4251, -42.2252], [-63.4264, -42.2193], [-63.4328, -42.2063], [-63.4363, -42.2014], [-63.445, -42.185], [-63.4487, -42.1795], [-63.4523, -42.175], [-63.4538, -42.1722], [-63.4556, -42.1696], [-63.458, -42.1661], [-63.462, -42.1613], [-63.4634, -42.1588], [-63.465, -42.1564], [-63.4652, -42.1562], [-63.4656, -42.1556], [-63.4707, -42.1484], [-63.4779, -42.1399], [-63.478, -42.1397], [-63.479, -42.1384], [-63.4833, -42.1334], [-63.4855, -42.1309], [-63.4869, -42.1286], [-63.4907, -42.1242], [-63.4962, -42.1181], [-63.4969, -42.1172], [-63.4976, -42.1167], [-63.4992, -42.1149], [-63.5013, -42.1118], [-63.5059, -42.1076], [-63.5148, -42.0989], [-63.5152, -42.0985], [-63.5182, -42.0897], [-63.5339, -42.0595], [-63.5352, -42.0574], [-63.5357, -42.0568], [-63.5375, -42.0531], [-63.5377, -42.0523], [-63.5386, -42.0503], [-63.539, -42.0497], [-63.5406, -42.0464], [-63.541, -42.0448], [-63.5425, -42.0417], [-63.5427, -42.0414], [-63.5439, -42.0386], [-63.5445, -42.0377], [-63.5447, -42.0368], [-63.5458, -42.0345], [-63.5476, -42.0318], [-63.5542, -42.0182], [-63.5553429, -42.01621], [-63.5563678, -42.0148681], [-63.5569215, -42.013702], [-63.5594027, -42.0092399], [-63.5598188, -42.00869], [-63.5600785, -42.008198], [-63.5612483, -42.006308], [-63.5617688, -42.0052782], [-63.5622732, -42.0042621], [-63.5688687, -41.9920467], [-64.2908335, -41.9920477], [-64.80059, -41.9920484], [-65.0687809, -41.9920488], [-65.0834004, -41.9920488], [-65.2972571, -41.9920491], [-65.2965728, -41.9926484], [-65.2956913, -41.9934723], [-65.2953704, -41.9937939], [-65.2950455, -41.9941465], [-65.294496, -41.9947089], [-65.2939743, -41.9952611], [-65.2936479, -41.9956302], [-65.2935237, -41.9957734], [-65.2933618, -41.99599], [-65.2931884, -41.9962349], [-65.2930878, -41.9964053], [-65.2929613, -41.9966359], [-65.2924615, -41.9976755], [-65.2922054, -41.9981754], [-65.2917772, -41.9989697], [-65.2914579, -41.9997105], [-65.2913592, -42.0002927], [-65.2913419, -42.0004575], [-65.2913544, -42.0011777], [-65.291485, -42.001714], [-65.29181, -42.0024568], [-65.2920973, -42.0028893], [-65.2924004, -42.0032783], [-65.2951798, -42.0059142], [-65.2977411, -42.0082841], [-65.2988732, -42.0094175], [-65.2991771, -42.0098157], [-65.2994812, -42.0103532], [-65.2996756, -42.0108869], [-65.2998329, -42.0114106], [-65.2999106, -42.0120075], [-65.299891, -42.0126895], [-65.2997742, -42.01328], [-65.29943, -42.014359], [-65.296361, -42.0240194], [-65.2956575, -42.0262041], [-65.2952559, -42.0275278], [-65.2951652, -42.0279736], [-65.2951013, -42.0284368], [-65.2936566, -42.0710106], [-65.2936542, -42.0710669], [-65.2936047, -42.0722402], [-65.2935378, -42.073808], [-65.2920921, -42.1050792], [-65.2918438, -42.1111422], [-65.2917437, -42.1129215], [-65.291482, -42.1144584], [-65.2912896, -42.1151323], [-65.2910574, -42.1157663], [-65.2905874, -42.1166354], [-65.2898139, -42.1176209], [-65.288523, -42.1188525], [-65.2870656, -42.1201737], [-65.2601387, -42.144847], [-65.2467336, -42.1571266], [-65.2457078, -42.1579349], [-65.2375122, -42.1640377], [-65.2343596, -42.1663559], [-65.2338361, -42.1667664], [-65.2335554, -42.1670363], [-65.233214, -42.1674187], [-65.2329409, -42.1677898], [-65.2326299, -42.1682678], [-65.2233182, -42.1830385], [-65.204807, -42.2123916], [-65.2044266, -42.2130144], [-65.2041964, -42.2136001], [-65.2040663, -42.2140672], [-65.2039562, -42.2146603], [-65.19841, -42.2492026], [-65.1980638, -42.2513922], [-65.1977473, -42.2535537], [-65.1975939, -42.2551955], [-65.1974812, -42.2580014], [-65.1969669, -42.2708285], [-65.1967484, -42.2764897], [-65.1951479, -42.317936], [-65.1949922, -42.3218247], [-65.1949285, -42.3227144], [-65.1948081, -42.323625], [-65.1946383, -42.3246384], [-65.1944118, -42.3256537], [-65.1940437, -42.3268887], [-65.1935482, -42.328197], [-65.1916516, -42.3330656], [-65.182412, -42.3562443], [-65.1818998, -42.357529], [-65.1628166, -42.4053949], [-65.1459728, -42.4474977], [-65.1355948, -42.4734245], [-65.1092225, -42.539252], [-65.1058851, -42.5475774], [-65.0938185, -42.5774474], [-65.0938022, -42.5774884], [-65.0917019, -42.5827609], [-65.0913711, -42.5835914], [-65.0904306, -42.5859522], [-65.0821765, -42.6066677], [-65.0819877, -42.6071892], [-65.0818606, -42.6076834], [-65.0816591, -42.6085038], [-65.0816225, -42.6090854], [-65.0815839, -42.6093194], [-65.0815476, -42.6095772], [-65.0814977, -42.6101504], [-65.0814688, -42.6110082], [-65.081467, -42.6113602], [-65.081503, -42.6123504], [-65.0815782, -42.6131864], [-65.0816503, -42.6138876], [-65.0818271, -42.6148034], [-65.0847726, -42.6268605], [-65.0905977, -42.6506987], [-65.0960508, -42.6730061], [-65.0960946, -42.6731854], [-65.1147241, -42.673639], [-65.1150522, -42.6736483], [-65.208718, -42.6764145], [-65.2032305, -42.7678487], [-65.1996406, -42.8444698], [-65.1655824, -42.8169771], [-65.1355626, -42.8327054], [-65.135276, -42.8328543], [-65.1362738, -42.8367871], [-65.1367496, -42.8387618], [-65.1372662, -42.8408977], [-65.1378003, -42.84305], [-65.1384925, -42.8457385], [-65.1387136, -42.8467679], [-65.138779, -42.8471181], [-65.1388702, -42.847708], [-65.1389056, -42.8480312], [-65.1389265, -42.8484199], [-65.1389506, -42.8488211], [-65.1389413, -42.8494361], [-65.1389104, -42.8498869], [-65.1387689, -42.8512551], [-65.1386196, -42.8526921], [-65.1385403, -42.8533241], [-65.1385108, -42.8536368], [-65.1384956, -42.8539268], [-65.1384839, -42.8542601], [-65.1384893, -42.8546474], [-65.1385041, -42.8551459], [-65.1385487, -42.8557327], [-65.1385966, -42.856073], [-65.1386852, -42.8565103], [-65.138838, -42.8571819], [-65.1390132, -42.8579739], [-65.1396049, -42.8602652], [-65.1404517, -42.8636666], [-65.1411849, -42.8666209], [-65.1420479, -42.8701956], [-65.1425998, -42.8725587], [-65.1434149, -42.8758425], [-65.1440438, -42.878376], [-65.1442857, -42.8793507], [-65.1448365, -42.8815044], [-65.1469697, -42.8901453], [-65.148057, -42.8945728], [-65.1485206, -42.8964469], [-65.1486184, -42.8968426], [-65.1490563, -42.8986125], [-65.1495883, -42.900763], [-65.1497605, -42.9014833], [-65.1505539, -42.9046866], [-65.1510445, -42.9066941], [-65.1514842, -42.9085269], [-65.1521197, -42.9110728], [-65.1531284, -42.915144], [-65.1537398, -42.9176101], [-65.1546633, -42.9213672], [-65.1563191, -42.9280909], [-65.1583909, -42.9364804], [-65.16073, -42.9459106], [-65.1627991, -42.9543234], [-65.1648403, -42.9625742], [-65.1669832, -42.9712405], [-65.1671997, -42.9720796], [-65.1672271, -42.9721843], [-65.1674062, -42.9728666], [-65.1676616, -42.9739589], [-65.1676914, -42.9740798], [-65.1680854, -42.9756798], [-65.1691998, -42.980205], [-65.1697715, -42.9825905], [-65.1706678, -42.9862204], [-65.1731178, -42.9960472], [-65.1733856, -42.9972173], [-65.17425, -43.0006571], [-65.1746732, -43.002458], [-65.1750467, -43.003974], [-65.1755199, -43.0058024], [-65.1762965, -43.0089562], [-65.1768843, -43.0113327], [-65.1776165, -43.0143234], [-65.1782906, -43.0170857], [-65.1788163, -43.0191781], [-65.1790126, -43.0199786], [-65.1795779, -43.0222452], [-65.1796317, -43.022449], [-65.1797041, -43.0227], [-65.1798168, -43.0230452], [-65.1799911, -43.0235275], [-65.1801588, -43.0239522], [-65.1803313, -43.0243913], [-65.1805437, -43.0248296], [-65.1807801, -43.025293], [-65.1809809, -43.0256649], [-65.1812089, -43.0260512], [-65.1814261, -43.0264139], [-65.1816756, -43.0268021], [-65.1820688, -43.0273502], [-65.183301, -43.0289198], [-65.1846263, -43.0305623], [-65.1849963, -43.0310425], [-65.1880015, -43.0347918], [-65.1910338, -43.0385824], [-65.1945276, -43.0429514], [-65.1966809, -43.0456256], [-65.1971063, -43.0461619], [-65.1974362, -43.0465676], [-65.1981872, -43.0475202], [-65.1987398, -43.0482063], [-65.1990273, -43.0485682], [-65.199867, -43.0496229], [-65.2003065, -43.0501744], [-65.2004137, -43.0503089], [-65.2012986, -43.0513953], [-65.2021545, -43.0524822], [-65.2033023, -43.0539171], [-65.2046801, -43.0556337], [-65.2056668, -43.0568704], [-65.2074276, -43.0590622], [-65.2094632, -43.0615982], [-65.2103859, -43.0627642], [-65.2108848, -43.0633776], [-65.2114767, -43.0641238], [-65.2127404, -43.0657187], [-65.2135148, -43.0666851], [-65.2155438, -43.0692072], [-65.2168098, -43.0707806], [-65.2185048, -43.0728951], [-65.2195257, -43.0741719], [-65.2217813, -43.0769876], [-65.2242656, -43.0800939], [-65.225507, -43.0816336], [-65.2270827, -43.0835857], [-65.2284157, -43.0852998], [-65.2312142, -43.0887554], [-65.2316922, -43.0893246], [-65.2332848, -43.0913664], [-65.235518, -43.0941249], [-65.237869, -43.0970497], [-65.2387359, -43.0981337], [-65.240018, -43.0997421], [-65.2404347, -43.1002818], [-65.2408682, -43.1008086], [-65.2417167, -43.1018665], [-65.2420038, -43.1022245], [-65.243133, -43.1036404], [-65.2434012, -43.1039518], [-65.2439216, -43.1046039], [-65.2444723, -43.1052702], [-65.24515, -43.1061372], [-65.2455148, -43.1066072], [-65.2458689, -43.1070341], [-65.2470181, -43.1084781], [-65.2502508, -43.1124942], [-65.2526946, -43.11556], [-65.255105, -43.1185629], [-65.2577672, -43.1218664], [-65.2604168, -43.125175], [-65.2608755, -43.1257477], [-65.2618834, -43.1269967], [-65.2628876, -43.1282632], [-65.2636933, -43.1292648], [-65.2653984, -43.1313753], [-65.2666002, -43.1328629], [-65.2670693, -43.1334435], [-65.2672474, -43.1336704], [-65.2675921, -43.1341103], [-65.2679247, -43.1345253], [-65.2684376, -43.1351858], [-65.2694603, -43.1364616], [-65.2702169, -43.1373964], [-65.2713713, -43.1388215], [-65.2720901, -43.1397335], [-65.2728496, -43.1406727], [-65.2730021, -43.1408687], [-65.2731996, -43.1411434], [-65.2733615, -43.1413658], [-65.2735459, -43.1416271], [-65.2737853, -43.1419999], [-65.2740852, -43.1425002], [-65.2743834, -43.1430332], [-65.2746581, -43.1435894], [-65.2750502, -43.1444752], [-65.2754094, -43.1454379], [-65.2757965, -43.1467881], [-65.2762046, -43.1482564], [-65.2767069, -43.1500027], [-65.2784631, -43.1561266], [-65.2789691, -43.157874], [-65.2795879, -43.1600107], [-65.2804205, -43.1629179], [-65.2810878, -43.1652072], [-65.2813825, -43.166264], [-65.2819454, -43.1681794], [-65.2820498, -43.1685226], [-65.2823124, -43.1694635], [-65.2825366, -43.1702219], [-65.2831305, -43.172314], [-65.2842459, -43.1762122], [-65.2851844, -43.1794487], [-65.2857644, -43.1814651], [-65.2861412, -43.1827389], [-65.286346, -43.183458], [-65.2865639, -43.1842379], [-65.2870032, -43.1858057], [-65.2874032, -43.18722], [-65.287661, -43.1880636], [-65.2880407, -43.1893482], [-65.2889588, -43.1925582], [-65.2894532, -43.1943012], [-65.2898747, -43.1957713], [-65.290423, -43.1976346], [-65.2906886, -43.1985888], [-65.2910795, -43.1999252], [-65.2911526, -43.2003759], [-65.2912331, -43.201113], [-65.291284, -43.2015686], [-65.2913564, -43.2019362], [-65.2914858, -43.2023428], [-65.2917689, -43.2032954], [-65.2922013, -43.2048278], [-65.2928129, -43.2069315], [-65.2933064, -43.2086694], [-65.293572, -43.2095726], [-65.293876, -43.210654], [-65.2941128, -43.2114322], [-65.2941945, -43.2117326], [-65.2942449, -43.2119181], [-65.2948833, -43.2141483], [-65.295766, -43.2172668], [-65.2962032, -43.2188305], [-65.2966684, -43.2203703], [-65.2975089, -43.2231619], [-65.2980468, -43.2250953], [-65.2984204, -43.2264448], [-65.2987966, -43.2277306], [-65.2988774, -43.2280069], [-65.2990878, -43.2287438], [-65.299167, -43.2290212], [-65.2994499, -43.2299634], [-65.299513, -43.2301684], [-65.2995506, -43.230354], [-65.2995747, -43.2305455], [-65.2995586, -43.2307585], [-65.2995238, -43.2309442], [-65.2994674, -43.2311142], [-65.299385, -43.2313275]]]}, "properties": {"osm_id": 6652633, "name": "Reserva de Biósfera Península Valdés", "match": "Península Valdés", "protect_class": "6", "boundary": "protected_area"}}, {"type": "Feature", "geometry": {"type": "Polygon", "coordinates": [[[-53.9264761, -27.1599357], [-53.9263031, -27.1600993], [-53.9261127, -27.1603212], [-53.9255306, -27.1610037], [-53.92508, -27.161481], [-53.9246455, -27.1618676], [-53.9241305, -27.1622733], [-53.92405, -27.1623664], [-53.9239937, -27.162469], [-53.9239937, -27.162648], [-53.9240178, -27.1627673], [-53.9240018, -27.1628747], [-53.9239427, -27.1629606], [-53.923822, -27.1630632], [-53.9236021, -27.1632756], [-53.9234814, -27.1634713], [-53.9232883, -27.1639008], [-53.9231649, -27.1641132], [-53.9228645, -27.1644974], [-53.9224729, -27.1649317], [-53.9223844, -27.1650606], [-53.9221457, -27.1654185], [-53.9217567, -27.1659746], [-53.9213571, -27.1665019], [-53.9211398, -27.1668265], [-53.9207295, -27.1674994], [-53.9203513, -27.1681127], [-53.9199328, -27.1686854], [-53.9196083, -27.1691245], [-53.9191228, -27.1697687], [-53.9187741, -27.1703128], [-53.9183825, -27.1708927], [-53.9180393, -27.171347], [-53.9175671, -27.1719999], [-53.9171729, -27.1724485], [-53.9167866, -27.1728016], [-53.9162931, -27.1731643], [-53.9159122, -27.1733791], [-53.9150459, -27.17378], [-53.9145952, -27.1739804], [-53.9142063, -27.1741092], [-53.9138791, -27.1741832], [-53.9134312, -27.17425], [-53.9126855, -27.1742906], [-53.9115778, -27.1743097], [-53.9104995, -27.1743168], [-53.9101616, -27.1743502], [-53.909888, -27.1744409], [-53.9096841, -27.1745626], [-53.9094749, -27.1747511], [-53.9093381, -27.1748418], [-53.9091665, -27.1748871], [-53.9089438, -27.1749086], [-53.9076859, -27.1749325], [-53.9072755, -27.1748919], [-53.9069241, -27.1748155], [-53.9064574, -27.1746748], [-53.9058754, -27.1744194], [-53.9047542, -27.1738134], [-53.904309, -27.1735843], [-53.9039013, -27.1734053], [-53.9034185, -27.1732335], [-53.9027828, -27.173045], [-53.9024261, -27.1728851], [-53.9020613, -27.1726919], [-53.9017206, -27.1724747], [-53.9013156, -27.1721788], [-53.9009106, -27.1718304], [-53.9004895, -27.1714033], [-53.9001006, -27.1710645], [-53.8996848, -27.1707567], [-53.8994944, -27.1706039], [-53.8991296, -27.1701887], [-53.8986495, -27.1697425], [-53.8982096, -27.1693416], [-53.8979843, -27.1691006], [-53.8976517, -27.1687236], [-53.8974372, -27.1684062], [-53.8970482, -27.1677022], [-53.8966996, -27.167015], [-53.8960934, -27.1658457], [-53.8956535, -27.1648267], [-53.8954175, -27.1642301], [-53.8953075, -27.1640344], [-53.8951975, -27.1639032], [-53.8949373, -27.1636288], [-53.8948542, -27.1634951], [-53.894704, -27.1632016], [-53.8944626, -27.1627076], [-53.8943365, -27.1624905], [-53.8939852, -27.1618986], [-53.8936687, -27.1612853], [-53.8933575, -27.1606243], [-53.8931993, -27.1602424], [-53.8931027, -27.1599943], [-53.8930061, -27.1598439], [-53.8929257, -27.1597461], [-53.8924617, -27.1592712], [-53.8916409, -27.1583309], [-53.8914961, -27.158097], [-53.8914022, -27.1577891], [-53.891378, -27.1575577], [-53.8913633, -27.1574383], [-53.8913378, -27.1573799], [-53.8912842, -27.1573214], [-53.8912024, -27.1572904], [-53.8910294, -27.1572558], [-53.8909636, -27.1572188], [-53.8908966, -27.1571424], [-53.890572, -27.1565422], [-53.8903441, -27.1561615], [-53.8902341, -27.1559515], [-53.8899793, -27.1557153], [-53.8898894, -27.1556174], [-53.8897513, -27.1554205], [-53.8896467, -27.1552952], [-53.8896158, -27.1552057], [-53.8896172, -27.1550339], [-53.8896091, -27.1549349], [-53.889593, -27.1548823], [-53.8894281, -27.1546389], [-53.8893946, -27.1545673], [-53.8893597, -27.1544707], [-53.8890365, -27.1534409], [-53.8889533, -27.1532189], [-53.8889453, -27.1530852], [-53.8889614, -27.1530005], [-53.889019, -27.1529122], [-53.8891304, -27.1528132], [-53.8892671, -27.1526915], [-53.889349, -27.1525888], [-53.8893825, -27.1524922], [-53.8893999, -27.151982], [-53.8893919, -27.1519116], [-53.8893684, -27.1518418], [-53.8893174, -27.1517458], [-53.8892993, -27.1516807], [-53.8893074, -27.1515972], [-53.8893422, -27.151528], [-53.8893932, -27.1514743], [-53.8895488, -27.151343], [-53.8896427, -27.1512452], [-53.8897043, -27.1511091], [-53.8897392, -27.1509707], [-53.8897446, -27.1503788], [-53.8897714, -27.1501449], [-53.8898331, -27.1498609], [-53.8898546, -27.1496819], [-53.8898304, -27.1484766], [-53.889809, -27.1464956], [-53.8898224, -27.1449108], [-53.8898212, -27.1435005], [-53.8894871, -27.1412399], [-53.8892779, -27.1398627], [-53.8891282, -27.1391649], [-53.8971508, -27.1367221], [-53.8979764, -27.1378884], [-53.8981997, -27.1382124], [-53.8995695, -27.1397073], [-53.9003409, -27.1404312], [-53.9004742, -27.1405563], [-53.9008336, -27.1407854], [-53.9015549, -27.1412857], [-53.9024966, -27.1417593], [-53.9065715, -27.1445488], [-53.9076594, -27.1451664], [-53.9081055, -27.1454197], [-53.9085476, -27.1457214], [-53.9091178, -27.1462781], [-53.909854, -27.1466521], [-53.9106837, -27.1471016], [-53.9120221, -27.1477172], [-53.9124231, -27.1479829], [-53.9128506, -27.1480446], [-53.9140555, -27.1481321], [-53.9151992, -27.1480126], [-53.9165121, -27.1477871], [-53.9192645, -27.1470031], [-53.9217947, -27.1459025], [-53.9226494, -27.1454835], [-53.9252305, -27.144218], [-53.9264761, -27.1599357]]]}, "properties": {"osm_id": 7972503, "name": "Parque Provincial Moconá", "match": "Parque Provincial Moconá", "protect_class": "2", "boundary": "protected_area"}}, {"type": "Feature", "geometry": {"type": "Polygon", "coordinates": [[[-68.2584888, -29.7468842], [-68.2750102, -29.6666682], [-68.2692292, -29.6690504], [-68.2690195, -29.6689713], [-68.2673243, -29.6690272], [-68.2662944, -29.6694747], [-68.2642559, -29.6701272], [-68.2628826, -29.6702391], [-68.2624857, -29.670245], [-68.261638, -29.6702577], [-68.2603077, -29.670556], [-68.2582906, -29.6723086], [-68.2567028, -29.6732408], [-68.2544068, -29.6740052], [-68.2527331, -29.6742848], [-68.2514456, -29.6746577], [-68.250244, -29.6746018], [-68.2492355, -29.6740984], [-68.2469181, -29.6733526], [-68.2455877, -29.6731662], [-68.2438711, -29.6729611], [-68.2417468, -29.6729798], [-68.2403306, -29.6728679], [-68.2394079, -29.6727747], [-68.2381204, -29.6727933], [-68.2366613, -29.672812], [-68.2353524, -29.6726442], [-68.2347301, -29.6724391], [-68.2338718, -29.6725137], [-68.232756, -29.6727001], [-68.2299236, -29.6725696], [-68.2283572, -29.6726442], [-68.2254389, -29.6721221], [-68.2243446, -29.6719543], [-68.2197741, -29.6704255], [-68.2144312, -29.6679458], [-68.2129935, -29.6671814], [-68.2113198, -29.6670322], [-68.2102255, -29.6672559], [-68.2093028, -29.6675356], [-68.2074574, -29.6684119], [-68.2040456, -29.6708171], [-68.2026509, -29.6708171], [-68.2010416, -29.6705747], [-68.2001833, -29.670612], [-68.1991104, -29.6707238], [-68.1979731, -29.6707425], [-68.1964282, -29.670612], [-68.1948403, -29.6702764], [-68.1938103, -29.6703323], [-68.1930164, -29.670873], [-68.1921152, -29.6708916], [-68.191214, -29.6708357], [-68.1900767, -29.6711154], [-68.1892184, -29.6713018], [-68.1880597, -29.6711899], [-68.1870512, -29.6713391], [-68.1857637, -29.6719916], [-68.1836823, -29.6732221], [-68.1830386, -29.6737069], [-68.1819657, -29.6749933], [-68.180056, -29.677827], [-68.1782321, -29.6798405], [-68.1764725, -29.682003], [-68.1749061, -29.6828978], [-68.1730608, -29.683979], [-68.1722668, -29.684967], [-68.1720093, -29.6857127], [-68.1710867, -29.6861228], [-68.1696705, -29.6860855], [-68.1678895, -29.6859737], [-68.1664733, -29.6863651], [-68.1657437, -29.6869803], [-68.1649283, -29.6877819], [-68.1641344, -29.6880242], [-68.1636409, -29.688192], [-68.1626323, -29.6887139], [-68.1612376, -29.6907271], [-68.1598643, -29.6914355], [-68.1587485, -29.6915846], [-68.1583408, -29.6917523], [-68.1574825, -29.6924607], [-68.155723, -29.6932249], [-68.1545643, -29.6932249], [-68.1531051, -29.6928708], [-68.152397, -29.6924048], [-68.1517962, -29.6914914], [-68.1509808, -29.6912118], [-68.1503586, -29.6911372], [-68.1496075, -29.6915846], [-68.1494359, -29.6926657], [-68.14935, -29.6936164], [-68.1488136, -29.6938587], [-68.1484274, -29.6936164], [-68.1475691, -29.6931317], [-68.1466678, -29.6930944], [-68.1457452, -29.6932622], [-68.1447152, -29.6938028], [-68.1438783, -29.6946602], [-68.1428698, -29.6949771], [-68.1413678, -29.6952753], [-68.1401447, -29.6953312], [-68.1395868, -29.6955176], [-68.1369475, -29.6972697], [-68.1347159, -29.6985931], [-68.1342546, -29.6984953], [-68.1329457, -29.6981598], [-68.1324307, -29.6980899], [-68.1323287, -29.6981504], [-68.1323019, -29.6983461], [-68.1322107, -29.6984487], [-68.1320176, -29.6984953], [-68.1316582, -29.6984393], [-68.1314061, -29.698211], [-68.1307248, -29.6976845], [-68.1299362, -29.6971952], [-68.1295553, -29.697074], [-68.1292335, -29.6969575], [-68.1287453, -29.6969296], [-68.128461, -29.6969529], [-68.1279675, -29.6970507], [-68.1274203, -29.6971765], [-68.1272165, -29.6971905], [-68.1270287, -29.6972138], [-68.1269375, -29.6973117], [-68.1267337, -29.6973629], [-68.1265888, -29.6973443], [-68.1264225, -29.6972511], [-68.1263635, -29.6970833], [-68.126106, -29.6969435], [-68.1260416, -29.6968736], [-68.1259075, -29.6967944], [-68.1255428, -29.6967292], [-68.1250278, -29.6967571], [-68.1246093, -29.6969296], [-68.1241426, -29.6973909], [-68.1240461, -29.6974794], [-68.1240139, -29.6977264], [-68.1239495, -29.6978522], [-68.1237671, -29.6978848], [-68.1235955, -29.6978103], [-68.1234882, -29.6976751], [-68.1234077, -29.6976891], [-68.1233916, -29.697787], [-68.1235096, -29.6980526], [-68.1237296, -29.6985046], [-68.1237671, -29.698649], [-68.1237671, -29.6987609], [-68.123692, -29.6989706], [-68.1235687, -29.6991197], [-68.1232736, -29.6992315], [-68.1227854, -29.6994878], [-68.122544, -29.6996416], [-68.1224207, -29.6998699], [-68.1223026, -29.699991], [-68.1221632, -29.7001308], [-68.1218252, -29.7002846], [-68.1217555, -29.7003824], [-68.1217287, -29.7005222], [-68.1216589, -29.7006853], [-68.1215892, -29.7007506], [-68.1215141, -29.7007506], [-68.1214122, -29.7006946], [-68.1213639, -29.7005222], [-68.1213692, -29.7002846], [-68.121498, -29.7002054], [-68.1215194, -29.7001355], [-68.1214014, -29.7001075], [-68.1212512, -29.7001401], [-68.1211708, -29.7002007], [-68.1211064, -29.7003265], [-68.121042, -29.7004104], [-68.1208972, -29.7005036], [-68.1205538, -29.7007412], [-68.1204734, -29.7008065], [-68.1203983, -29.7010162], [-68.1203768, -29.7012025], [-68.1202695, -29.701375], [-68.119953, -29.701594], [-68.1195668, -29.7017291], [-68.1189767, -29.7019062], [-68.1187085, -29.7019201], [-68.1182311, -29.7018409], [-68.1181345, -29.7016965], [-68.1179843, -29.7016033], [-68.1176463, -29.701538], [-68.1173835, -29.7014029], [-68.1172601, -29.7012398], [-68.1171474, -29.7011793], [-68.1169919, -29.7012119], [-68.1168739, -29.701375], [-68.1166164, -29.7015846], [-68.1161175, -29.7019807], [-68.1158761, -29.7020739], [-68.1156347, -29.7021252], [-68.115404, -29.7021578], [-68.1151787, -29.7022696], [-68.1150392, -29.7024234], [-68.1148086, -29.7025445], [-68.1145672, -29.7025771], [-68.1141434, -29.7025259], [-68.1137591, -29.702452], [-68.1136813, -29.7024543], [-68.1135846, -29.7024583], [-68.1134694, -29.7024916], [-68.1133782, -29.7025382], [-68.1131449, -29.7026593], [-68.1130322, -29.7027106], [-68.1127533, -29.7027339], [-68.1125735, -29.7027269], [-68.1123724, -29.7027013], [-68.11219, -29.7027013], [-68.111903, -29.702678], [-68.1118198, -29.702678], [-68.1116991, -29.702678], [-68.111557, -29.7027106], [-68.1114229, -29.7027642], [-68.1113505, -29.7028271], [-68.1112754, -29.7029622], [-68.1112271, -29.7031509], [-68.1112164, -29.7032325], [-68.1111867, -29.7033389], [-68.1110955, -29.7034601], [-68.1110313, -29.7034981], [-68.1108999, -29.7035563], [-68.1107334, -29.7035859], [-68.110645, -29.7036076], [-68.1105162, -29.7036395], [-68.1103983, -29.7036658], [-68.1102964, -29.7036938], [-68.110181, -29.7037031], [-68.1100791, -29.7037124], [-68.1099638, -29.7037217], [-68.1097948, -29.7037357], [-68.1096097, -29.7037753], [-68.1094193, -29.7037939], [-68.1093013, -29.7037753], [-68.1091859, -29.7037753], [-68.1090652, -29.7037404], [-68.1088319, -29.7037031], [-68.1086656, -29.7036728], [-68.1085368, -29.7036751], [-68.1084537, -29.7036868], [-68.1083623, -29.703728], [-68.108215, -29.7037963], [-68.1080753, -29.7038422], [-68.1079977, -29.7039244], [-68.1079306, -29.7040036], [-68.1078502, -29.7041224], [-68.1078205, -29.7041613], [-68.1077857, -29.7042336], [-68.1077188, -29.7043461], [-68.1076919, -29.7044113], [-68.1076436, -29.7044742], [-68.1075873, -29.7045441], [-68.1075042, -29.704607], [-68.1073888, -29.7046862], [-68.1072681, -29.7047886], [-68.1071609, -29.7048562], [-68.1070831, -29.7049098], [-68.1070133, -29.704954], [-68.1069408, -29.7050117], [-68.1068684, -29.7050839], [-68.1068283, -29.7051311], [-68.1067852, -29.7051771], [-68.1067076, -29.7052196], [-68.1066539, -29.7052196], [-68.1065976, -29.705215], [-68.1065493, -29.705208], [-68.1064072, -29.7051963], [-68.1062622, -29.7052167], [-68.1061148, -29.7052779], [-68.1059673, -29.7053198], [-68.1058278, -29.7053594], [-68.1055702, -29.7054543], [-68.1054791, -29.7054945], [-68.1053745, -29.7055528], [-68.1052136, -29.7056599], [-68.1051304, -29.7057345], [-68.1050553, -29.7058044], [-68.1050392, -29.705844], [-68.1049614, -29.7060164], [-68.1049614, -29.7060909], [-68.104948, -29.7062167], [-68.1049346, -29.7063053], [-68.1049345, -29.7063559], [-68.1048487, -29.7064025], [-68.1047737, -29.7064241], [-68.1046852, -29.7064427], [-68.1046449, -29.706452], [-68.1046101, -29.7064707], [-68.1045108, -29.7065033], [-68.1044196, -29.7065499], [-68.1043015, -29.7065982], [-68.1041541, -29.7066827], [-68.1039744, -29.7067083], [-68.1038161, -29.7067339], [-68.1036901, -29.7067409], [-68.1035104, -29.7067083], [-68.1033897, -29.7066827], [-68.1033107, -29.7066604], [-68.1032125, -29.7066285], [-68.1030757, -29.7065516], [-68.1029578, -29.7064963], [-68.1028264, -29.7064124], [-68.1027406, -29.7063542], [-68.1026063, -29.7062814], [-68.1024036, -29.7061623], [-68.1022926, -29.7061259], [-68.10218, -29.7061259], [-68.1020565, -29.7061276], [-68.1019681, -29.7061399], [-68.1018849, -29.7061608], [-68.1017884, -29.7061981], [-68.101716, -29.706261], [-68.1016059, -29.7063303], [-68.1015148, -29.7063868], [-68.1014236, -29.7063868], [-68.1013431, -29.7063868], [-68.1012466, -29.7063938], [-68.1011634, -29.7064031], [-68.1010535, -29.7064031], [-68.1009594, -29.7063932], [-68.1008979, -29.7063658], [-68.1008335, -29.7063356], [-68.1008121, -29.7063356], [-68.1007476, -29.7063466], [-68.1006887, -29.7063798], [-68.100635, -29.7064287], [-68.1005412, -29.7064963], [-68.1004419, -29.7065965], [-68.1003883, -29.7066268], [-68.1003293, -29.7066477], [-68.1002756, -29.706678], [-68.1001496, -29.7067852], [-68.1000235, -29.70689], [-68.0999323, -29.7069553], [-68.0998518, -29.7070205], [-68.0997311, -29.7070927], [-68.0996183, -29.7071527], [-68.0994629, -29.7072278], [-68.0993664, -29.7073117], [-68.0992832, -29.7074305], [-68.0991838, -29.7074812], [-68.099074, -29.7075307], [-68.0989318, -29.7075913], [-68.098787, -29.7076309], [-68.0986019, -29.7076635], [-68.0984274, -29.7076769], [-68.0983015, -29.7077124], [-68.0981299, -29.707752], [-68.0980519, -29.7077771], [-68.0979125, -29.7078143], [-68.0978079, -29.7078516], [-68.0976874, -29.7078662], [-68.097607, -29.7078662], [-68.0975614, -29.7078662], [-68.0974889, -29.7078522], [-68.0974219, -29.7078335], [-68.0973521, -29.7078312], [-68.09721, -29.7078522], [-68.0970866, -29.7078592], [-68.0969656, -29.7078842], [-68.0967835, -29.7078825], [-68.0967004, -29.7078732], [-68.0965207, -29.7077963], [-68.0964161, -29.707752], [-68.09629, -29.7077427], [-68.0961073, -29.7076955], [-68.0960379, -29.7076658], [-68.0959547, -29.7076448], [-68.0959225, -29.7076169], [-68.0958769, -29.7075633], [-68.0958313, -29.7075214], [-68.0957643, -29.7074934], [-68.0956731, -29.7074841], [-68.0955658, -29.7074818], [-68.0954639, -29.7074841], [-68.0953271, -29.7074911], [-68.0952571, -29.7075161], [-68.0950666, -29.7075557], [-68.0949703, -29.7075866], [-68.0948255, -29.7076076], [-68.0945466, -29.7076588], [-68.0943266, -29.7077008], [-68.0941332, -29.7077491], [-68.0938814, -29.7078405], [-68.0937926, -29.7079192], [-68.0937094, -29.7079495], [-68.0936346, -29.7079663], [-68.0935056, -29.7079448], [-68.0934359, -29.7079145], [-68.093361, -29.7078475], [-68.0933235, -29.7077893], [-68.0932676, -29.7077169], [-68.0931979, -29.7076936], [-68.0931523, -29.707682], [-68.0930933, -29.7076447], [-68.0930208, -29.7076284], [-68.0929296, -29.7076004], [-68.0928089, -29.7075771], [-68.0927473, -29.7075701], [-68.0926936, -29.7075841], [-68.0926319, -29.7076167], [-68.0925515, -29.7076913], [-68.0925193, -29.7077495], [-68.0924576, -29.7077961], [-68.0923986, -29.7078334], [-68.0923154, -29.707859], [-68.0921706, -29.7079266], [-68.0920955, -29.7079336], [-68.0920177, -29.7079336], [-68.0919345, -29.7079266], [-68.091846, -29.7079219], [-68.0918004, -29.7079056], [-68.0917495, -29.7078707], [-68.0916771, -29.707852], [-68.0915966, -29.7078544], [-68.0915564, -29.707873], [-68.0915269, -29.7079126], [-68.0914893, -29.7079848], [-68.0914571, -29.708085], [-68.091441, -29.7081386], [-68.0914169, -29.7081875], [-68.0914062, -29.7082504], [-68.0914169, -29.708297], [-68.0914383, -29.7083436], [-68.0914518, -29.7083948], [-68.091441, -29.7084414], [-68.0914249, -29.7084787], [-68.0913901, -29.708523], [-68.0913311, -29.7085789], [-68.0913123, -29.7085649], [-68.0912908, -29.7085276], [-68.0912774, -29.7084904], [-68.0912694, -29.7084577], [-68.0912104, -29.7084391], [-68.0911835, -29.7084414], [-68.0911031, -29.7084484], [-68.0910548, -29.7084484], [-68.0909824, -29.7084391], [-68.090926, -29.7084321], [-68.0908322, -29.7083925], [-68.0907758, -29.7083785], [-68.0907249, -29.7083669], [-68.0906578, -29.7083576], [-68.0905988, -29.7083483], [-68.0905425, -29.7083413], [-68.090454, -29.7083273], [-68.0903681, -29.7083273], [-68.0903279, -29.7083063], [-68.0903091, -29.7082714], [-68.0903091, -29.7082434], [-68.0903199, -29.7081945], [-68.0903306, -29.7081665], [-68.0903279, -29.7081432], [-68.0902957, -29.708106], [-68.0902689, -29.7080757], [-68.0902367, -29.7080501], [-68.0901857, -29.7080221], [-68.0900811, -29.7079941], [-68.0899148, -29.7079825], [-68.0898156, -29.7079825], [-68.0897485, -29.7079825], [-68.0896895, -29.7079988], [-68.089593, -29.7080314], [-68.089483, -29.7080524], [-68.0893838, -29.7080687], [-68.0893087, -29.7080734], [-68.0892121, -29.708057], [-68.0891746, -29.7080244], [-68.0891692, -29.7079872], [-68.0891477, -29.7079522], [-68.0891021, -29.7079499], [-68.0890324, -29.7079499], [-68.0889439, -29.7079615], [-68.0888688, -29.7079755], [-68.0887776, -29.7080361], [-68.0887239, -29.7080873], [-68.0886542, -29.7081293], [-68.0885603, -29.7081689], [-68.088496, -29.7081782], [-68.0884343, -29.7081549], [-68.0883618, -29.7081689], [-68.088327, -29.7082131], [-68.0882707, -29.7083739], [-68.088209, -29.7084438], [-68.0881392, -29.7084554], [-68.0880909, -29.7084694], [-68.0880614, -29.7084647], [-68.0880293, -29.7084368], [-68.0879917, -29.7083669], [-68.0879622, -29.7082714], [-68.0879407, -29.7081828], [-68.0879032, -29.7081083], [-68.0879166, -29.7080547], [-68.0879193, -29.7080151], [-68.0879676, -29.7079592], [-68.0880078, -29.7079243], [-68.0880829, -29.70788], [-68.0881848, -29.7078404], [-68.0882465, -29.7078101], [-68.0882707, -29.7077705], [-68.0882519, -29.7077379], [-68.0881902, -29.7077076], [-68.0881231, -29.7076866], [-68.0880319, -29.7076703], [-68.0879488, -29.707661], [-68.0878093, -29.707661], [-68.0876672, -29.707647], [-68.087533, -29.7076447], [-68.0874204, -29.7076517], [-68.0873211, -29.707675], [-68.0872568, -29.7077029], [-68.0871522, -29.7077449], [-68.0870771, -29.7077565], [-68.0870234, -29.7077542], [-68.0869751, -29.7077286], [-68.0869564, -29.7077099], [-68.0869376, -29.7076866], [-68.0869135, -29.7076773], [-68.0868571, -29.7076796], [-68.086774, -29.7077169], [-68.0867042, -29.7078124], [-68.0866452, -29.7078777], [-68.0865353, -29.7079499], [-68.0864709, -29.7080104], [-68.0864012, -29.7080617], [-68.0863556, -29.7081013], [-68.0863019, -29.7081386], [-68.0862375, -29.7081642], [-68.0861598, -29.7081642], [-68.08609, -29.7081759], [-68.0860498, -29.7081945], [-68.0859774, -29.7082248], [-68.085921, -29.7082411], [-68.0858781, -29.7082481], [-68.0858433, -29.7082481], [-68.0857601, -29.7082271], [-68.0856984, -29.7082271], [-68.0856662, -29.7082411], [-68.085634, -29.7082993], [-68.085626, -29.7083576], [-68.0855992, -29.7084508], [-68.085575, -29.7085952], [-68.0855294, -29.7086744], [-68.0854946, -29.7087396], [-68.0854758, -29.7088421], [-68.0854919, -29.7089097], [-68.0854758, -29.70894], [-68.0854704, -29.7089889], [-68.0854168, -29.7090425], [-68.0853765, -29.7090565], [-68.0852934, -29.7090425], [-68.0852183, -29.7090238], [-68.0851271, -29.7089773], [-68.0850547, -29.708933], [-68.0848911, -29.7089027], [-68.0847087, -29.7088608], [-68.0845424, -29.7088398], [-68.0844619, -29.7088328], [-68.0844163, -29.7088142], [-68.0843654, -29.7088025], [-68.0842634, -29.7087862], [-68.0841937, -29.7087769], [-68.0841374, -29.7087746], [-68.0841025, -29.7087746], [-68.0840757, -29.7088165], [-68.0840381, -29.7088724], [-68.0840328, -29.708919], [-68.0840086, -29.7089982], [-68.0839818, -29.7090518], [-68.083955, -29.7090961], [-68.0839174, -29.7091636], [-68.0838933, -29.7092452], [-68.0838933, -29.7092941], [-68.0839121, -29.7093267], [-68.0839416, -29.7093826], [-68.0839308, -29.7094711], [-68.083896, -29.7095434], [-68.0838209, -29.7096132], [-68.0836975, -29.7096925], [-68.0836304, -29.7097507], [-68.0833971, -29.7099184], [-68.0832871, -29.709951], [-68.0832174, -29.709951], [-68.0831476, -29.7099394], [-68.0829304, -29.7098881], [-68.0828848, -29.7098672], [-68.0828097, -29.7098509], [-68.0827158, -29.7098509], [-68.0826246, -29.7098485], [-68.082528, -29.7098439], [-68.0824556, -29.7098206], [-68.0823805, -29.7097623], [-68.082343, -29.7097437], [-68.0823027, -29.7097251], [-68.0822357, -29.7097041], [-68.0821686, -29.7096925], [-68.082005, -29.7096925], [-68.0818441, -29.7097018], [-68.0817958, -29.7097251], [-68.081777, -29.709746], [-68.0817207, -29.7098043], [-68.0816402, -29.7098509], [-68.0815705, -29.7098928], [-68.0815061, -29.7099277], [-68.0814122, -29.7099534], [-68.0813023, -29.7099883], [-68.0811172, -29.7100955], [-68.0809482, -29.7101607], [-68.0808302, -29.7101957], [-68.0807471, -29.7102143], [-68.0806398, -29.7102376], [-68.0805486, -29.7102562], [-68.0804681, -29.7102632], [-68.0803742, -29.7102795], [-68.080342, -29.7103028], [-68.0802911, -29.7103494], [-68.0802267, -29.7103844], [-68.0801462, -29.7103867], [-68.0800685, -29.7103937], [-68.0800202, -29.710396], [-68.0799504, -29.710417], [-68.0798592, -29.7104775], [-68.0798539, -29.7105055], [-68.0798619, -29.7105288], [-68.0798807, -29.7106429], [-68.079878, -29.7106919], [-68.07987, -29.7107524], [-68.0798673, -29.7107967], [-68.0798646, -29.7108549], [-68.0798297, -29.7108759], [-68.0797546, -29.7108852], [-68.0796849, -29.7108736], [-68.0796527, -29.7108666], [-68.0796018, -29.710834], [-68.0795776, -29.7107967], [-68.0795588, -29.7107408], [-68.0795186, -29.7106429], [-68.0794837, -29.7106103], [-68.0794408, -29.710573], [-68.0793764, -29.7105591], [-68.0792397, -29.7105591], [-68.0791136, -29.7105684], [-68.0790224, -29.710573], [-68.0788427, -29.7106266], [-68.0787649, -29.7106499], [-68.0786442, -29.7106895], [-68.0785235, -29.7107408], [-68.078384, -29.710792], [-68.0782097, -29.7108316], [-68.0780407, -29.7108712], [-68.0778556, -29.7109365], [-68.0776679, -29.7109761], [-68.0776142, -29.7110017], [-68.0775767, -29.7110227], [-68.0775177, -29.7110623], [-68.0774479, -29.7110786], [-68.0773889, -29.7110786], [-68.077346, -29.7110529], [-68.0773272, -29.7110064], [-68.0771744, -29.7109365], [-68.0770912, -29.7109085], [-68.0770027, -29.7108689], [-68.0769356, -29.7108642], [-68.0768927, -29.7108875], [-68.0768203, -29.7109644], [-68.0767747, -29.7110227], [-68.0767506, -29.7110576], [-68.0766111, -29.7111857], [-68.076544, -29.7111997], [-68.0764636, -29.7112183], [-68.0763804, -29.7112393], [-68.0762865, -29.7112347], [-68.0761953, -29.7112323], [-68.076139, -29.7111694], [-68.0761229, -29.7111135], [-68.076139, -29.711039], [-68.0761551, -29.7109807], [-68.0761766, -29.7109574], [-68.0762409, -29.7109202], [-68.0762865, -29.7108806], [-68.076316, -29.710834], [-68.076359, -29.7107571], [-68.0763831, -29.7106779], [-68.0763804, -29.7106336], [-68.0763429, -29.710594], [-68.0762946, -29.7105684], [-68.0762249, -29.7105614], [-68.0761417, -29.710622], [-68.0760907, -29.7106592], [-68.0759539, -29.7107408], [-68.0759137, -29.7107524], [-68.0757957, -29.7107524], [-68.0756643, -29.7107291], [-68.0755838, -29.7107035], [-68.0755167, -29.7106825], [-68.0754899, -29.7106313], [-68.0755033, -29.7105847], [-68.0755409, -29.7105498], [-68.075616, -29.7104985], [-68.0756214, -29.7104636], [-68.0755758, -29.7104216], [-68.0754899, -29.7104007], [-68.0753209, -29.7103937], [-68.0751251, -29.7104496], [-68.0748194, -29.7105241], [-68.0746236, -29.7105707], [-68.074409, -29.7106103], [-68.0742695, -29.7106523], [-68.0741971, -29.7107012], [-68.0741354, -29.7107944], [-68.0741247, -29.7108806], [-68.0741247, -29.7109528], [-68.0740952, -29.711039], [-68.0740469, -29.7110972], [-68.0739879, -29.7111042], [-68.0738779, -29.7111042], [-68.0737706, -29.7111089], [-68.0736553, -29.7111252], [-68.0735265, -29.7111508], [-68.0733898, -29.7111764], [-68.073253, -29.7111927], [-68.073143, -29.7112114], [-68.0730223, -29.7112207], [-68.0728748, -29.7112114], [-68.0728479, -29.7111927], [-68.0728131, -29.7111648], [-68.0727541, -29.7111182], [-68.0726897, -29.7110832], [-68.07262, -29.7110343], [-68.0725717, -29.710997], [-68.07251, -29.7109714], [-68.0722605, -29.7108596], [-68.0721854, -29.7108223], [-68.0720808, -29.7107687], [-68.0719628, -29.7107221], [-68.0717965, -29.7106872], [-68.0717, -29.7106872], [-68.0715819, -29.7106779], [-68.0714478, -29.7106686], [-68.0713459, -29.7106499], [-68.0712896, -29.7106359], [-68.0712225, -29.7106359], [-68.0711501, -29.7106406], [-68.0710857, -29.7106523], [-68.0710428, -29.7107035], [-68.0709919, -29.710792], [-68.0709731, -29.7108479], [-68.0709168, -29.7110273], [-68.0709168, -29.7111368], [-68.0709168, -29.7111624], [-68.0709141, -29.71123], [-68.070906, -29.7113302], [-68.0708953, -29.7114257], [-68.0708524, -29.7115212], [-68.0708363, -29.7115585], [-68.0707478, -29.7115585], [-68.0706968, -29.7115375], [-68.0706298, -29.7114769], [-68.0705949, -29.7114373], [-68.0705815, -29.7114117], [-68.0704983, -29.711414], [-68.0703991, -29.7114164], [-68.0703106, -29.7114327], [-68.0702221, -29.7114676], [-68.070104, -29.7114746], [-68.0700504, -29.711449], [-68.0700048, -29.7114024], [-68.0699699, -29.7113605], [-68.0699217, -29.7112812], [-68.0698895, -29.7112207], [-68.0698573, -29.7111624], [-68.0698573, -29.7111112], [-68.0698707, -29.7109435], [-68.0699378, -29.7107734], [-68.0699619, -29.7107058], [-68.069986, -29.7106429], [-68.0699941, -29.7105917], [-68.0699941, -29.7105451], [-68.0699914, -29.7105171], [-68.0699646, -29.7104892], [-68.0698841, -29.7104892], [-68.0696964, -29.7104752], [-68.0695086, -29.7104915], [-68.0693799, -29.7105288], [-68.0692216, -29.7105847], [-68.0690741, -29.7106359], [-68.068999, -29.7106825], [-68.0689507, -29.7107361], [-68.0689078, -29.710799], [-68.0688783, -29.7108619], [-68.0688032, -29.7109108], [-68.0687388, -29.7109644], [-68.0686744, -29.7109761], [-68.0685511, -29.7109924], [-68.0684947, -29.7110693], [-68.0684786, -29.7111345], [-68.0684652, -29.7111694], [-68.0683848, -29.7112044], [-68.0683338, -29.7112137], [-68.0682801, -29.7112114], [-68.068189, -29.7111834], [-68.0681139, -29.7111438], [-68.0680414, -29.7110972], [-68.0679556, -29.7110599], [-68.0678751, -29.7110203], [-68.0678269, -29.7109924], [-68.0677249, -29.7109551], [-68.0676337, -29.7109551], [-68.0675855, -29.7109761], [-68.0675023, -29.7110203], [-68.0674862, -29.711046], [-68.0674808, -29.7110716], [-68.0674835, -29.7111112], [-68.0674889, -29.7111554], [-68.0674916, -29.711202], [-68.0674916, -29.7112463], [-68.0674916, -29.7112859], [-68.0674379, -29.7113651], [-68.0674594, -29.7114257], [-68.0674487, -29.7115328], [-68.0674594, -29.7116027], [-68.0674755, -29.7116656], [-68.0674943, -29.7117122], [-68.0675318, -29.7117518], [-68.0675747, -29.7118007], [-68.0675774, -29.7118334], [-68.0675313, -29.7118965], [-68.0673945, -29.7119501], [-68.0672979, -29.711985], [-68.0672175, -29.712006], [-68.0670646, -29.7120456], [-68.0668339, -29.7121201], [-68.0666887, -29.7121368], [-68.0666435, -29.7121481], [-68.066571, -29.7122529], [-68.0665415, -29.7122995], [-68.0665287, -29.7123435], [-68.0665201, -29.7123717], [-68.0664852, -29.712409], [-68.0664396, -29.712409], [-68.0664074, -29.7124043], [-68.066335, -29.7123904], [-68.0662444, -29.7123668], [-68.0661902, -29.7123484], [-68.0661526, -29.7123181], [-68.0660298, -29.712234], [-68.0659836, -29.7122017], [-68.0659568, -29.712169], [-68.0658924, -29.7121737], [-68.0658683, -29.7121947], [-68.0658554, -29.7122364], [-68.0658501, -29.7122876], [-68.0658415, -29.7123368], [-68.0657878, -29.7124253], [-68.065753, -29.7125208], [-68.0657181, -29.7125581], [-68.0656591, -29.7125627], [-68.0656242, -29.7125255], [-68.0656028, -29.7124905], [-68.0655679, -29.7124486], [-68.0655357, -29.7124276], [-68.0654847, -29.7124067], [-68.065415, -29.7123904], [-68.0653614, -29.7123741], [-68.0652916, -29.7123717], [-68.0652004, -29.7123787], [-68.0651629, -29.712402], [-68.0651178, -29.712439], [-68.065083, -29.7124903], [-68.0650046, -29.7124998], [-68.0649456, -29.7125208], [-68.0648437, -29.7125255], [-68.0647927, -29.7125441], [-68.0647879, -29.7125811], [-68.0647954, -29.7126373], [-68.0648544, -29.7127025], [-68.0648839, -29.7127491], [-68.0648872, -29.7128048], [-68.0648657, -29.7128723], [-68.0648094, -29.7129189], [-68.0647793, -29.7129495], [-68.064672, -29.7129611], [-68.0645782, -29.7129658], [-68.0644896, -29.7129658], [-68.0643829, -29.7129772], [-68.0642778, -29.7130147], [-68.064208, -29.7130356], [-68.0641007, -29.7130659], [-68.0639747, -29.7130869], [-68.0638566, -29.7131032], [-68.0637413, -29.7131125], [-68.0636287, -29.7131009], [-68.0633792, -29.713024], [-68.0631512, -29.7129797], [-68.0629796, -29.7129611], [-68.0628508, -29.7129401], [-68.0625987, -29.7128167], [-68.0624217, -29.7127584], [-68.0621588, -29.7126792], [-68.0620837, -29.7126536], [-68.0619335, -29.7126536], [-68.0617833, -29.7126536], [-68.0615955, -29.7126699], [-68.0614588, -29.7127002], [-68.0613252, -29.7127559], [-68.061212, -29.7128004], [-68.0611369, -29.712847], [-68.0610537, -29.7129308], [-68.0609438, -29.7130566], [-68.0608043, -29.7130589], [-68.0606595, -29.713052], [-68.060579, -29.7130287], [-68.0604476, -29.7129704], [-68.0603537, -29.7129495], [-68.0601686, -29.7129658], [-68.0600506, -29.7129984], [-68.0598816, -29.7130636], [-68.0598414, -29.7130962], [-68.0597502, -29.7131405], [-68.0596375, -29.7131964], [-68.0595597, -29.713243], [-68.0594766, -29.7132989], [-68.0594256, -29.7133431], [-68.0591977, -29.7133455], [-68.0591279, -29.7133222], [-68.0590507, -29.7132963], [-68.058975, -29.7132523], [-68.0588141, -29.713229], [-68.0587256, -29.713229], [-68.0586451, -29.7132406], [-68.0584252, -29.7132686], [-67.8756387, -29.7418455], [-67.8761555, -29.7414256], [-67.8762566, -29.7413045], [-67.8763384, -29.7411206], [-67.8765019, -29.7408616], [-67.8766655, -29.7406611], [-67.8767473, -29.7405358], [-67.8767762, -29.7404439], [-67.876781, -29.7403311], [-67.8766992, -29.7400888], [-67.8766463, -29.7400512], [-67.8765837, -29.7399342], [-67.8761267, -29.739341], [-67.8760737, -29.7391781], [-67.8759438, -29.7389943], [-67.8757706, -29.7388439], [-67.875429, -29.7386768], [-67.8752991, -29.7386267], [-67.8750008, -29.7385515], [-67.874972, -29.7385013], [-67.8749672, -29.7383551], [-67.8751259, -29.7382172], [-67.8756552, -29.737883], [-67.8756985, -29.7377452], [-67.8756888, -29.7376324], [-67.8755782, -29.737436], [-67.8755686, -29.7373817], [-67.8756648, -29.7371227], [-67.87566, -29.7370141], [-67.8756022, -29.7369055], [-67.8755974, -29.7367885], [-67.8756311, -29.7366465], [-67.8756648, -29.736588], [-67.8757418, -29.7365086], [-67.8758428, -29.7364543], [-67.8760737, -29.7363833], [-67.8765068, -29.7362746], [-67.8767185, -29.7362454], [-67.8769446, -29.7362412], [-67.8771418, -29.7362162], [-67.8772525, -29.7361577], [-67.87757, -29.7358193], [-67.8776711, -29.7355227], [-67.8776663, -29.7354057], [-67.8775556, -29.735226], [-67.8774546, -29.7350213], [-67.8773439, -29.7348793], [-67.87757, -29.7347707], [-67.8777769, -29.7345534], [-67.8779934, -29.7342651], [-67.8780656, -29.7342025], [-67.8782196, -29.7341273], [-67.8783976, -29.7339936], [-67.8785227, -29.7338181], [-67.8786093, -29.733768], [-67.8787296, -29.733463], [-67.8788835, -29.7332583], [-67.8789316, -29.733158], [-67.8789316, -29.7329241], [-67.878999, -29.7326525], [-67.878999, -29.7324436], [-67.8789749, -29.7322222], [-67.8790327, -29.7320217], [-67.8790327, -29.7319172], [-67.8790952, -29.7316665], [-67.8791145, -29.7314451], [-67.8792011, -29.7312028], [-67.8791578, -29.7310775], [-67.8791578, -29.7309772], [-67.8792492, -29.7306346], [-67.8792588, -29.7304341], [-67.8791962, -29.7303588], [-67.8789605, -29.7301959], [-67.8788546, -29.7301332], [-67.8786285, -29.7300664], [-67.878489, -29.7299536], [-67.878412, -29.7298659], [-67.8783591, -29.7297739], [-67.8783447, -29.7296737], [-67.8783735, -29.7296277], [-67.8787584, -29.7292308], [-67.8788306, -29.7290762], [-67.8789412, -29.7290344], [-67.8790423, -29.7289634], [-67.8794272, -29.7285581], [-67.8795763, -29.7285038], [-67.8799949, -29.7284495], [-67.8801344, -29.7283576], [-67.8802451, -29.7282573], [-67.8803269, -29.728132], [-67.8803702, -29.727827], [-67.8804664, -29.7275847], [-67.8806252, -29.7274259], [-67.8808224, -29.7273214], [-67.8808994, -29.7272964], [-67.8810245, -29.7272212], [-67.8811881, -29.7270206], [-67.8812314, -29.7268827], [-67.8813228, -29.726724], [-67.8814623, -29.7265694], [-67.8816789, -29.7262602], [-67.8818569, -29.7260847], [-67.8819579, -29.7259092], [-67.8820253, -29.7257547], [-67.8820926, -29.7254914], [-67.8821455, -29.7251279], [-67.8821215, -29.725082], [-67.8820108, -29.7249608], [-67.8819579, -29.7248689], [-67.8818857, -29.7246767], [-67.8819338, -29.7244845], [-67.8819194, -29.7243341], [-67.8819531, -29.7241377], [-67.8819338, -29.7239831], [-67.8819146, -29.7239371], [-67.8818713, -29.7239037], [-67.8817414, -29.7239037], [-67.8815489, -29.7239748], [-67.8815105, -29.7240082], [-67.8813757, -29.7240416], [-67.8811304, -29.7241419], [-67.8808946, -29.7242505], [-67.8805771, -29.7243341], [-67.8804327, -29.7244511], [-67.8803076, -29.7245012], [-67.8800719, -29.7244678], [-67.8798794, -29.7245137], [-67.8796581, -29.7246433], [-67.8793598, -29.7247686], [-67.8793021, -29.7247561], [-67.879254, -29.7247226], [-67.8792347, -29.7246725], [-67.8792299, -29.7245639], [-67.8792684, -29.7244511], [-67.8793454, -29.7243717], [-67.8797592, -29.7240583], [-67.8798891, -29.723841], [-67.8800478, -29.7236447], [-67.8802066, -29.7235528], [-67.8802788, -29.7235402], [-67.8804905, -29.7235486], [-67.8806541, -29.7235277], [-67.8807551, -29.7234943], [-67.8809187, -29.7234065], [-67.8810534, -29.7233104], [-67.881241, -29.7232477], [-67.8814527, -29.7231349], [-67.8817462, -29.7228717], [-67.8819338, -29.7226419], [-67.8820638, -29.7223828], [-67.8822899, -29.7221113], [-67.8823043, -29.7220611], [-67.8823861, -29.7219274], [-67.8823909, -29.7218773], [-67.8825064, -29.7216391], [-67.8826603, -29.7214177], [-67.8826603, -29.7212213], [-67.8827373, -29.7211502], [-67.8827951, -29.7210667], [-67.8829009, -29.720841], [-67.8830116, -29.7207408], [-67.8831174, -29.7206864], [-67.8831992, -29.7206196], [-67.8832329, -29.7205277], [-67.8832906, -29.7204483], [-67.8833435, -29.7204232], [-67.8834542, -29.7204149], [-67.8835601, -29.7203731], [-67.8838583, -29.7200931], [-67.8838632, -29.720043], [-67.8837188, -29.7198926], [-67.88369, -29.7197923], [-67.8837092, -29.7196962], [-67.8837862, -29.7195708], [-67.883815, -29.7194705], [-67.8837958, -29.7193703], [-67.8837333, -29.7192616], [-67.88369, -29.7191446], [-67.8835023, -29.7189524], [-67.8833676, -29.7188521], [-67.8829538, -29.7184677], [-67.8828287, -29.7182421], [-67.882848, -29.7180081], [-67.8829057, -29.7177198], [-67.8828913, -29.7176195], [-67.8828287, -29.7174732], [-67.8828336, -29.7174231], [-67.8829971, -29.7171515], [-67.8831463, -29.7170136], [-67.8833147, -29.7167504], [-67.8833387, -29.7167044], [-67.8833484, -29.716554], [-67.8834398, -29.71632], [-67.8837092, -29.7160776], [-67.8837236, -29.7160317], [-67.8837188, -29.7156305], [-67.8837381, -29.7154717], [-67.8838102, -29.7153338], [-67.8838728, -29.7152586], [-67.8839161, -29.7151625], [-67.8839257, -29.7150539], [-67.8839883, -29.7148575], [-67.8840989, -29.7145984], [-67.8840845, -29.7145023], [-67.884123, -29.7144731], [-67.8843828, -29.7143686], [-67.8845993, -29.7143226], [-67.8846859, -29.7142641], [-67.8847292, -29.7142307], [-67.8848543, -29.7140677], [-67.8853258, -29.7137167], [-67.885422, -29.7135955], [-67.8855134, -29.71342], [-67.885499, -29.7132571], [-67.885523, -29.7130941], [-67.8855279, -29.7127932], [-67.8854557, -29.712367], [-67.8854557, -29.7119909], [-67.8855038, -29.7118656], [-67.8855856, -29.7117611], [-67.8856385, -29.7117277], [-67.8858646, -29.7116483], [-67.8859945, -29.7115564], [-67.8860234, -29.7115146], [-67.8860523, -29.7112513], [-67.8859512, -29.7110549], [-67.8856145, -29.7107373], [-67.8855038, -29.7106078], [-67.8854653, -29.7105117], [-67.8854701, -29.7104156], [-67.885523, -29.7103362], [-67.8855519, -29.7102317], [-67.8855519, -29.7100729], [-67.8855712, -29.7099768], [-67.8857395, -29.7097219], [-67.8857684, -29.7096216], [-67.8857347, -29.7093667], [-67.885778, -29.7091786], [-67.8857829, -29.708978], [-67.8858213, -29.708836], [-67.8859464, -29.7086187], [-67.8859705, -29.70851], [-67.8859705, -29.7084097], [-67.8859368, -29.7083094], [-67.8858454, -29.7081757], [-67.8858069, -29.7081423], [-67.8858839, -29.7079709], [-67.8857877, -29.7078498], [-67.8857444, -29.7077495], [-67.8857251, -29.707436], [-67.8857011, -29.7073357], [-67.8856337, -29.7072396], [-67.8854461, -29.7070599], [-67.8854461, -29.7070098], [-67.8856289, -29.7068134], [-67.8857155, -29.7067591], [-67.8859705, -29.706642], [-67.8860523, -29.7065794], [-67.8861148, -29.7065], [-67.8861533, -29.7064164], [-67.8861726, -29.7063119], [-67.8861389, -29.7060445], [-67.8861822, -29.7059107], [-67.886264, -29.705777], [-67.8863698, -29.7056684], [-67.8864276, -29.7055722], [-67.8866729, -29.705309], [-67.8868317, -29.7049203], [-67.8868991, -29.7046445], [-67.8869039, -29.7044941], [-67.8868606, -29.704143], [-67.8868702, -29.7040427], [-67.8868894, -29.7039424], [-67.8869953, -29.7037335], [-67.8869905, -29.7035329], [-67.8870097, -29.7033239], [-67.8870386, -29.703232], [-67.8871108, -29.7031568], [-67.8874427, -29.7029311], [-67.8875101, -29.7027974], [-67.8875053, -29.7027012], [-67.8874427, -29.7025466], [-67.8872936, -29.7023042], [-67.8872118, -29.7022374], [-67.8868942, -29.7021412], [-67.8867066, -29.7020075], [-67.8865719, -29.7018111], [-67.8864901, -29.7016565], [-67.8863987, -29.7015353], [-67.886365, -29.7014935], [-67.8861822, -29.7013597], [-67.8861196, -29.7012636], [-67.8861485, -29.701155], [-67.8862495, -29.7009753], [-67.8863025, -29.7008206], [-67.8862977, -29.7007162], [-67.8861196, -29.7002815], [-67.8859994, -29.7001018], [-67.8858743, -29.6999932], [-67.8856481, -29.6999305], [-67.8854364, -29.6999179], [-67.8852584, -29.6999346], [-67.885066, -29.6999054], [-67.8849794, -29.6998343], [-67.884888, -29.6997006], [-67.8846715, -29.6995836], [-67.8846474, -29.6995376], [-67.8846378, -29.6993872], [-67.8846715, -29.6993287], [-67.8847677, -29.6992869], [-67.8851526, -29.6991949], [-67.885244, -29.6991448], [-67.8853065, -29.6990695], [-67.8853065, -29.6989275], [-67.8852344, -29.6987895], [-67.8851911, -29.6987519], [-67.8851766, -29.6986976], [-67.8851622, -29.6985513], [-67.8851333, -29.6984552], [-67.8851333, -29.6983507], [-67.8852488, -29.6980373], [-67.8852921, -29.697728], [-67.8853498, -29.6974814], [-67.8853498, -29.6973769], [-67.8852632, -29.6970092], [-67.8853162, -29.696424], [-67.8852103, -29.6962861], [-67.8851574, -29.6962569], [-67.8851237, -29.6961482], [-67.8851237, -29.6956759], [-67.8851478, -29.695467], [-67.885143, -29.695304], [-67.8851285, -29.6951493], [-67.8850515, -29.6949487], [-67.8850275, -29.6947899], [-67.8849601, -29.6947063], [-67.8848687, -29.6946436], [-67.8846378, -29.6945642], [-67.8844694, -29.694489], [-67.8843347, -29.6943887], [-67.8842336, -29.6943302], [-67.884123, -29.6942884], [-67.8840941, -29.6942466], [-67.8841182, -29.6942006], [-67.8841566, -29.6941714], [-67.8843202, -29.6941337], [-67.8844886, -29.6941463], [-67.8847629, -29.6942382], [-67.8849505, -29.6940752], [-67.8850852, -29.6938746], [-67.8850467, -29.69372], [-67.8850515, -29.693511], [-67.8849842, -29.6933689], [-67.8849216, -29.6931181], [-67.8847965, -29.692767], [-67.8847773, -29.6923407], [-67.8847292, -29.6921903], [-67.8846618, -29.6920523], [-67.8846378, -29.6918392], [-67.8846137, -29.6917932], [-67.8845752, -29.6915592], [-67.8845704, -29.6913585], [-67.8845367, -29.6912582], [-67.8845319, -29.6909573], [-67.8845464, -29.6908027], [-67.8844742, -29.6904975], [-67.884479, -29.6902927], [-67.8844213, -29.6902092], [-67.8843154, -29.690159], [-67.8840556, -29.6901339], [-67.8838872, -29.6900921], [-67.8837236, -29.6900085], [-67.8834975, -29.6899375], [-67.883358, -29.6898455], [-67.8831944, -29.6897703], [-67.8830212, -29.6896491], [-67.8828143, -29.6895446], [-67.8828287, -29.6894986], [-67.8830308, -29.6893356], [-67.8832377, -29.6891183], [-67.8832088, -29.6890472], [-67.8831367, -29.6889762], [-67.883026, -29.6889344], [-67.8829394, -29.6888717], [-67.8828528, -29.6886376], [-67.8827951, -29.6885582], [-67.8826796, -29.6884453], [-67.8825978, -29.6883826], [-67.8823813, -29.6882782], [-67.882184, -29.6880984], [-67.8821311, -29.6880107], [-67.8820205, -29.6878853], [-67.8817895, -29.6877181], [-67.8816644, -29.6875467], [-67.8815826, -29.6873879], [-67.8815393, -29.6871873], [-67.8816019, -29.6870493], [-67.8817173, -29.686949], [-67.881828, -29.6867776], [-67.8820445, -29.6866188], [-67.8821119, -29.6865394], [-67.8821937, -29.6864098], [-67.8822225, -29.6863095], [-67.8822899, -29.6861757], [-67.8823909, -29.6860462], [-67.8825016, -29.6859333], [-67.8827518, -29.6857369], [-67.8827999, -29.6857243], [-67.8829346, -29.6858288], [-67.8829875, -29.6858163], [-67.8830645, -29.6857578], [-67.8831703, -29.6857703], [-67.8833868, -29.6860002], [-67.8834398, -29.6860253], [-67.8834975, -29.6860295], [-67.8835456, -29.6860086], [-67.8836226, -29.6858915], [-67.8836082, -29.6857452], [-67.8836178, -29.6857034], [-67.8836467, -29.6856658], [-67.8837333, -29.6856115], [-67.8838487, -29.685624], [-67.8840123, -29.6857076], [-67.884123, -29.6857327], [-67.8841759, -29.6857369], [-67.884224, -29.685716], [-67.8842577, -29.6856784], [-67.884301, -29.6855739], [-67.8843395, -29.6852395], [-67.8843924, -29.6851266], [-67.8844838, -29.6850012], [-67.8845223, -29.6849093], [-67.8846955, -29.6843283], [-67.8848495, -29.6841318], [-67.8848687, -29.6840858], [-67.884835, -29.6839354], [-67.8848447, -29.6838392], [-67.8850082, -29.6835341], [-67.8850323, -29.683438], [-67.8850323, -29.6832833], [-67.8851285, -29.6830576], [-67.8853113, -29.6828235], [-67.8854316, -29.6827274], [-67.8855712, -29.6826563], [-67.8857251, -29.6825309], [-67.8858069, -29.6824055], [-67.8858021, -29.682301], [-67.8857684, -29.6821965], [-67.8857684, -29.6821422], [-67.8858165, -29.6820377], [-67.8858839, -29.681812], [-67.8858791, -29.6816155], [-67.8859128, -29.6815235], [-67.8859176, -29.6814232], [-67.8858695, -29.6812393], [-67.8859031, -29.681093], [-67.8859849, -29.6809007], [-67.8861437, -29.6807711], [-67.8861966, -29.6807461], [-67.8864901, -29.6804953], [-67.8864997, -29.6804033], [-67.8865623, -29.6803072], [-67.8865671, -29.680211], [-67.8866008, -29.6801274], [-67.8868654, -29.6796843], [-67.8869664, -29.6793834], [-67.8869953, -29.6792454], [-67.8870049, -29.6790866], [-67.8869183, -29.6789068], [-67.8869183, -29.6788107], [-67.8870482, -29.6785892], [-67.8871396, -29.6783133], [-67.8871541, -29.6781168], [-67.8872214, -29.6779329], [-67.8872503, -29.6776695], [-67.8872455, -29.6775191], [-67.8872022, -29.6773686], [-67.8870338, -29.6771596], [-67.8870578, -29.6771136], [-67.8873128, -29.67703], [-67.8873273, -29.676984], [-67.8872118, -29.6767415], [-67.8871974, -29.6766454], [-67.8872407, -29.6765576], [-67.8874475, -29.6764029], [-67.8874812, -29.6763611], [-67.8874668, -29.676265], [-67.8873128, -29.6761145], [-67.8872599, -29.6759013], [-67.8872599, -29.675847], [-67.8873898, -29.6751949], [-67.8873898, -29.6749942], [-67.8874908, -29.6746891], [-67.8875197, -29.6744424], [-67.8875149, -29.6742501], [-67.887539, -29.6741582], [-67.8876448, -29.6739784], [-67.8876737, -29.6737819], [-67.8876689, -29.6736858], [-67.8875871, -29.673552], [-67.8875197, -29.6731423], [-67.8875149, -29.672716], [-67.8875534, -29.6724568], [-67.8874908, -29.6722101], [-67.8874812, -29.6720429], [-67.8875197, -29.6719593], [-67.8876785, -29.6717545], [-67.8877314, -29.6716165], [-67.887741, -29.6715078], [-67.8876785, -29.6713699], [-67.88764, -29.6712194], [-67.8876689, -29.6710814], [-67.8877651, -29.6709769], [-67.8880201, -29.6708557], [-67.8881211, -29.670793], [-67.888227, -29.6706801], [-67.8883328, -29.6704293], [-67.888429, -29.6702871], [-67.8884627, -29.6701994], [-67.8884531, -29.670145], [-67.8883761, -29.6700656], [-67.8883617, -29.6700238], [-67.8883905, -29.6699276], [-67.8886215, -29.6696852], [-67.8887706, -29.6695472], [-67.8888572, -29.6694929], [-67.8890208, -29.6694845], [-67.8891315, -29.6695054], [-67.8893672, -29.6695054], [-67.8895452, -29.6694803], [-67.8897136, -29.6694218], [-67.8898147, -29.6693047], [-67.8898676, -29.6691626], [-67.8899494, -29.669033], [-67.8900312, -29.6689703], [-67.8900841, -29.6689578], [-67.8903102, -29.6689661], [-67.8904786, -29.6689243], [-67.8905893, -29.6688742], [-67.8907914, -29.6687278], [-67.8909886, -29.6686359], [-67.8911811, -29.6687237], [-67.89159, -29.6687529], [-67.891643, -29.6687446], [-67.8920375, -29.6685815], [-67.8923839, -29.668339], [-67.8925282, -29.6682011], [-67.8926389, -29.668013], [-67.8927736, -29.6677078], [-67.8927784, -29.6675573], [-67.8931489, -29.667181], [-67.8933461, -29.6670138], [-67.8934279, -29.6668675], [-67.8935001, -29.6666668], [-67.8936011, -29.6664787], [-67.8936396, -29.6664453], [-67.8939283, -29.6663867], [-67.894294, -29.6662488], [-67.8945826, -29.6662153], [-67.8947895, -29.6661568], [-67.894982, -29.6660648], [-67.8950974, -29.6659561], [-67.8951022, -29.6658098], [-67.8951311, -29.6656635], [-67.8952129, -29.6654085], [-67.8951455, -29.665258], [-67.8951648, -29.6651576], [-67.8951792, -29.6651116], [-67.8954679, -29.6647814], [-67.8955401, -29.6645849], [-67.8955112, -29.6644887], [-67.8954438, -29.6644051], [-67.8954294, -29.6643507], [-67.8954342, -29.6642504], [-67.895593, -29.6639327], [-67.8957277, -29.6637278], [-67.8958528, -29.6633934], [-67.8958095, -29.663247], [-67.8958287, -29.6629377], [-67.8959346, -29.6627119], [-67.8959683, -29.6626743], [-67.8961319, -29.6627161], [-67.8963002, -29.6627286], [-67.8965023, -29.6625154], [-67.8966082, -29.6623524], [-67.8968439, -29.6620681], [-67.8968968, -29.661951], [-67.8969738, -29.6614577], [-67.8969642, -29.6612068], [-67.8969786, -29.6609476], [-67.896945, -29.6608473], [-67.8968535, -29.6606968], [-67.8967718, -29.6604961], [-67.8967092, -29.6602661], [-67.8967044, -29.660032], [-67.8967333, -29.6598857], [-67.8967188, -29.6596515], [-67.8967429, -29.6594258], [-67.8967766, -29.6592335], [-67.8968343, -29.6590913], [-67.8968872, -29.6589993], [-67.8969883, -29.6588948], [-67.8971711, -29.6584767], [-67.8972914, -29.6581506], [-67.8972769, -29.6579374], [-67.8972144, -29.6576949], [-67.8972192, -29.6575903], [-67.897301, -29.6572308], [-67.8974165, -29.656959], [-67.8974982, -29.6565326], [-67.8974598, -29.6564406], [-67.8974261, -29.6562357], [-67.8974742, -29.655872], [-67.897479, -29.6554037], [-67.8972817, -29.6550023], [-67.8971903, -29.654881], [-67.897147, -29.6548476], [-67.8969305, -29.6547431], [-67.8968102, -29.6547013], [-67.8967525, -29.6547263], [-67.8966851, -29.6548685], [-67.8965937, -29.6549396], [-67.8964638, -29.6549647], [-67.8964013, -29.6549605], [-67.8963099, -29.6548978], [-67.8962473, -29.6548058], [-67.8962521, -29.6545884], [-67.8962666, -29.6545424], [-67.8963869, -29.654396], [-67.8964302, -29.6543668], [-67.8967525, -29.6542413], [-67.8967814, -29.6542037], [-67.8967814, -29.6541535], [-67.8968632, -29.6540072], [-67.8970412, -29.6538316], [-67.897123, -29.6537772], [-67.8973683, -29.6536685], [-67.897479, -29.6536351], [-67.8977003, -29.653656], [-67.8978158, -29.6536351], [-67.8980948, -29.6535389], [-67.8983691, -29.6534218], [-67.8987588, -29.6532964], [-67.8989224, -29.6531793], [-67.8991581, -29.6529661], [-67.8992928, -29.6527445], [-67.899341, -29.6526065], [-67.8993891, -29.6522971], [-67.8995094, -29.6520839], [-67.8995815, -29.6520044], [-67.8996296, -29.6518706], [-67.8996826, -29.651557], [-67.8996681, -29.6514023], [-67.8997307, -29.6512142], [-67.8997547, -29.6509591], [-67.8997451, -29.6508629], [-67.8996441, -29.6507375], [-67.8996248, -29.6506873], [-67.8996585, -29.6504992], [-67.8996585, -29.6503487], [-67.8996056, -29.6500894], [-67.899543, -29.6499013], [-67.8995623, -29.6497424], [-67.8996729, -29.6493953], [-67.8996633, -29.649249], [-67.8996152, -29.6491653], [-67.8995719, -29.6491277], [-67.8995142, -29.6491068], [-67.8993891, -29.649111], [-67.8993313, -29.6490859], [-67.8992495, -29.6487932], [-67.8992495, -29.6484838], [-67.8993939, -29.6480447], [-67.8994516, -29.6479151], [-67.8994468, -29.647752], [-67.8994805, -29.6476015], [-67.8994805, -29.6475012], [-67.8994083, -29.6470914], [-67.8993506, -29.6468949], [-67.8993458, -29.646736], [-67.8993794, -29.6464976], [-67.8994949, -29.6463304], [-67.899519, -29.64623], [-67.8994997, -29.6461297], [-67.8994612, -29.6460377], [-67.8994228, -29.646], [-67.8993698, -29.6459708], [-67.8991966, -29.6459331], [-67.8990282, -29.6457951], [-67.8987396, -29.6457157], [-67.8986481, -29.645653], [-67.8985808, -29.6455777], [-67.898398, -29.6451888], [-67.8983595, -29.6450299], [-67.898345, -29.644917], [-67.898345, -29.644478], [-67.8983114, -29.644386], [-67.8983114, -29.6440682], [-67.8982296, -29.6437671], [-67.8977869, -29.6433573], [-67.8977099, -29.6431692], [-67.897734, -29.643073], [-67.8978014, -29.6429852], [-67.8980179, -29.6427719], [-67.898167, -29.6426715], [-67.8982103, -29.6425879], [-67.8982151, -29.6424917], [-67.898244, -29.6424457], [-67.8983162, -29.6423788], [-67.8984461, -29.6422952], [-67.8985134, -29.6422241], [-67.898523, -29.6421781], [-67.8985182, -29.6420819], [-67.8984894, -29.6420401], [-67.8983595, -29.6419356], [-67.8983017, -29.6419105], [-67.8981141, -29.6419105], [-67.8980756, -29.641877], [-67.8980179, -29.641785], [-67.8980227, -29.6415843], [-67.8979746, -29.6414923], [-67.8979265, -29.6414589], [-67.897811, -29.6414422], [-67.8976859, -29.641346], [-67.8976666, -29.6412958], [-67.8976811, -29.6412498], [-67.897811, -29.6411118], [-67.8981622, -29.6407982], [-67.8982199, -29.6407145], [-67.8982536, -29.6405891], [-67.8982199, -29.6405473], [-67.8981863, -29.6403926], [-67.8981381, -29.6402922], [-67.8980419, -29.6401667], [-67.8980034, -29.6400747], [-67.897989, -29.639874], [-67.8979649, -29.6397778], [-67.8978158, -29.6396231], [-67.8977629, -29.639598], [-67.8975849, -29.6396022], [-67.8975223, -29.6395813], [-67.8974838, -29.6394893], [-67.8975656, -29.639], [-67.8975752, -29.6388495], [-67.8975945, -29.6388035], [-67.8977003, -29.6386864], [-67.8978014, -29.6385233], [-67.8978687, -29.6383895], [-67.8979072, -29.6382222], [-67.8979313, -29.6380257], [-67.8979216, -29.6379755], [-67.8977677, -29.637825], [-67.8977677, -29.637733], [-67.8978831, -29.6375699], [-67.8980804, -29.6371475], [-67.8981141, -29.6370513], [-67.8981141, -29.6369008], [-67.8982488, -29.6365955], [-67.898268, -29.6364533], [-67.8982536, -29.6363572], [-67.8982296, -29.6363153], [-67.8981141, -29.6362108], [-67.8980564, -29.6361941], [-67.8978591, -29.6361857], [-67.8978062, -29.636169], [-67.8976666, -29.6360728], [-67.8976185, -29.6359808], [-67.8976378, -29.6357257], [-67.8976233, -29.6356713], [-67.8975656, -29.6355793], [-67.8974549, -29.6354664], [-67.8973395, -29.6354037], [-67.8972096, -29.6354079], [-67.897147, -29.6354288], [-67.8968968, -29.6356421], [-67.8967958, -29.6357048], [-67.8966851, -29.6357173], [-67.8965119, -29.6356797], [-67.896382, -29.6356797], [-67.8961896, -29.6357173], [-67.896026, -29.6357926], [-67.8959346, -29.6358637], [-67.895872, -29.6359473], [-67.8957758, -29.6362568], [-67.8957277, -29.6362902], [-67.89567, -29.6363028], [-67.8955449, -29.6362986], [-67.8954968, -29.6362693], [-67.8954294, -29.6361857], [-67.8953139, -29.6359641], [-67.8951937, -29.6357842], [-67.8950205, -29.6353702], [-67.8949579, -29.6350817], [-67.8948184, -29.6349186], [-67.8948232, -29.6348684], [-67.8948761, -29.6347388], [-67.8949098, -29.6347011], [-67.8949627, -29.6345422], [-67.8954631, -29.6339776], [-67.8956796, -29.6336138], [-67.8957037, -29.6335595], [-67.8957325, -29.6333629], [-67.8957325, -29.6333085], [-67.8956748, -29.6332207], [-67.8956652, -29.6331705], [-67.8956652, -29.6331245], [-67.8957085, -29.6330367], [-67.8957903, -29.6329782], [-67.8959635, -29.6329782], [-67.8962521, -29.6330242], [-67.8965985, -29.6330033], [-67.8968295, -29.6328736], [-67.897046, -29.6328234], [-67.8971615, -29.6328234], [-67.8972144, -29.6328402], [-67.8974165, -29.6329405], [-67.8975993, -29.6329322], [-67.8976522, -29.6329112], [-67.8977244, -29.6328485], [-67.8977917, -29.6326896], [-67.8978014, -29.6324805], [-67.8978447, -29.6323801], [-67.8978398, -29.6321543], [-67.8977965, -29.6320623], [-67.8976474, -29.6319159], [-67.897556, -29.6317194], [-67.897556, -29.6315688], [-67.8975175, -29.6314183], [-67.8975319, -29.6312092], [-67.8975175, -29.6311088], [-67.8975223, -29.6308077], [-67.8974357, -29.6305233], [-67.8972914, -29.6302473], [-67.8972577, -29.6299713], [-67.8972625, -29.629758], [-67.8971951, -29.6294736], [-67.8972, -29.6292645], [-67.8972481, -29.6290596], [-67.8975031, -29.6286957], [-67.8975945, -29.6284908], [-67.8976089, -29.6283946], [-67.8975175, -29.6281646], [-67.8972721, -29.6278091], [-67.8969594, -29.6275163], [-67.8965889, -29.6273658], [-67.8965504, -29.6272236], [-67.8964638, -29.6270772], [-67.8966082, -29.6267175], [-67.8967573, -29.6265251], [-67.8969113, -29.6263829], [-67.8971903, -29.6263035], [-67.8972433, -29.6262993], [-67.8973635, -29.6263202], [-67.8976185, -29.626316], [-67.8976715, -29.6263035], [-67.8977051, -29.6262617], [-67.8976282, -29.6260191], [-67.897633, -29.6257096], [-67.8975512, -29.6253165], [-67.8975849, -29.6251743], [-67.8976041, -29.6249066], [-67.8976282, -29.6248104], [-67.8976233, -29.6247142], [-67.8975608, -29.6244549], [-67.8976378, -29.6242541], [-67.8976282, -29.624204], [-67.897479, -29.6240576], [-67.8974261, -29.6239697], [-67.8973732, -29.6238192], [-67.8973539, -29.6236184], [-67.8973299, -29.6235682], [-67.8972866, -29.6235264], [-67.897224, -29.6235181], [-67.8970412, -29.6235473], [-67.8967284, -29.6236226], [-67.8965119, -29.623723], [-67.8963869, -29.6237648], [-67.8961752, -29.6238777], [-67.8961126, -29.6238777], [-67.8959394, -29.6238317], [-67.8957662, -29.6237564], [-67.8951937, -29.6231542], [-67.8952466, -29.6230664], [-67.8952995, -29.6229242], [-67.8952755, -29.6227736], [-67.8951888, -29.6225352], [-67.8951985, -29.6222842], [-67.8953284, -29.6220918], [-67.8954535, -29.6219538], [-67.8954727, -29.6218576], [-67.8954535, -29.6218116], [-67.8954005, -29.6217865], [-67.89516, -29.6218033], [-67.8950253, -29.6217029], [-67.8949531, -29.6216192], [-67.8946837, -29.6213766], [-67.8944912, -29.621017], [-67.8942699, -29.6209124], [-67.8939764, -29.6208287], [-67.8938898, -29.6207618], [-67.8938706, -29.6207116], [-67.8938802, -29.6206614], [-67.8940197, -29.6204481], [-67.8942122, -29.6202139], [-67.8942843, -29.6200675], [-67.8942843, -29.619963], [-67.8943084, -29.6199128], [-67.8943469, -29.6198835], [-67.8944575, -29.6199044], [-67.89465, -29.6200759], [-67.8947751, -29.6202641], [-67.8948954, -29.6203603], [-67.8949964, -29.6206154], [-67.8950974, -29.6207409], [-67.8951455, -29.620766], [-67.895261, -29.6207618], [-67.8954246, -29.6207033], [-67.8955545, -29.6206196], [-67.8956315, -29.6205443], [-67.8956988, -29.6204063], [-67.8956988, -29.6202516], [-67.895617, -29.6201177], [-67.8956026, -29.6200633], [-67.8956074, -29.6200132], [-67.8956363, -29.6199671], [-67.8956604, -29.6198082], [-67.8954535, -29.6194485], [-67.8954054, -29.6192101], [-67.8954246, -29.6191599], [-67.8954583, -29.6191306], [-67.8955064, -29.6191139], [-67.8957951, -29.619093], [-67.8959346, -29.6190177], [-67.8960549, -29.6186538], [-67.896002, -29.6185032], [-67.8959105, -29.618382], [-67.8958672, -29.6182899], [-67.8958384, -29.6181519], [-67.8957181, -29.6179888], [-67.8953909, -29.6177755], [-67.8953284, -29.6176918], [-67.8952851, -29.6175914], [-67.8951359, -29.6174325], [-67.8950156, -29.6173865], [-67.8949579, -29.6173823], [-67.894573, -29.6174074], [-67.8945201, -29.6173907], [-67.8944816, -29.6173572], [-67.8943709, -29.6172443], [-67.8943517, -29.6171941], [-67.8943421, -29.6170937], [-67.894294, -29.6169515], [-67.8942843, -29.6167926], [-67.8943084, -29.6167005], [-67.8944527, -29.6164998], [-67.8945682, -29.6163994], [-67.8947173, -29.6161902], [-67.894751, -29.6160982], [-67.8947895, -29.6159016], [-67.8947895, -29.6156967], [-67.8947077, -29.6155127], [-67.8945874, -29.6153286], [-67.8945297, -29.6151362], [-67.8944864, -29.6148392], [-67.894496, -29.6144251], [-67.8945441, -29.6143373], [-67.8946692, -29.6141909], [-67.894751, -29.6139609], [-67.8947222, -29.6138312], [-67.8946644, -29.6137517], [-67.894573, -29.6136848], [-67.8943806, -29.6136555], [-67.894241, -29.6135551], [-67.8940341, -29.6134506], [-67.8939283, -29.6133292], [-67.8938417, -29.6131829], [-67.8934857, -29.6128524], [-67.8934953, -29.6128064], [-67.8937359, -29.6125722], [-67.8937599, -29.6125303], [-67.8937551, -29.6124299], [-67.8938128, -29.6123463], [-67.8938994, -29.6122877], [-67.8940486, -29.6122543], [-67.8941304, -29.6121915], [-67.8941592, -29.6121497], [-67.8941256, -29.6120535], [-67.8940293, -29.6119322], [-67.8939716, -29.6118276], [-67.8939716, -29.6117774], [-67.8940245, -29.6116896], [-67.8941544, -29.6115474], [-67.8942025, -29.6114637], [-67.8941881, -29.6113633], [-67.8941063, -29.61115], [-67.8939572, -29.610945], [-67.8937359, -29.610715], [-67.8937262, -29.6105184], [-67.8937551, -29.6103176], [-67.8936589, -29.610008], [-67.893476, -29.6098282], [-67.8933943, -29.6096901], [-67.8933702, -29.6095898], [-67.8933365, -29.6095479], [-67.8930142, -29.6092718], [-67.8928698, -29.6091798], [-67.8927495, -29.6090627], [-67.8926581, -29.6089372], [-67.8924801, -29.6088075], [-67.8923117, -29.6087322], [-67.8922396, -29.6087239], [-67.8921, -29.6086486], [-67.8919797, -29.6086277], [-67.8918595, -29.6086318], [-67.8916141, -29.6086862], [-67.891489, -29.6086904], [-67.8913447, -29.6086779], [-67.8911763, -29.6086277], [-67.8911137, -29.6086277], [-67.890878, -29.6086779], [-67.8906326, -29.6086695], [-67.8904498, -29.6087281], [-67.8903391, -29.6088494], [-67.8902862, -29.6088786], [-67.8901611, -29.6088996], [-67.8900408, -29.6088996], [-67.8895068, -29.6088494], [-67.8893865, -29.6088159], [-67.8892566, -29.6087071], [-67.889117, -29.6083265], [-67.8891363, -29.6081759], [-67.8891652, -29.6081383], [-67.8892903, -29.6080546], [-67.8893817, -29.6080169], [-67.8896559, -29.6077743], [-67.889704, -29.6077492], [-67.8897521, -29.6077367], [-67.8898965, -29.6078036], [-67.8901322, -29.6078664], [-67.8903054, -29.607858], [-67.8904546, -29.6078036], [-67.8905075, -29.6077785], [-67.8907144, -29.6076237], [-67.8909598, -29.6075694], [-67.8912292, -29.6073728], [-67.8915708, -29.6071887], [-67.8920182, -29.6067997], [-67.8921818, -29.6067411], [-67.8922732, -29.6066826], [-67.8923839, -29.6064232], [-67.8925619, -29.6062517], [-67.8925763, -29.6062057], [-67.8925619, -29.6060593], [-67.8925763, -29.6059547], [-67.8926678, -29.605733], [-67.8926533, -29.6056368], [-67.8925475, -29.6055196], [-67.892533, -29.6054778], [-67.8924945, -29.6052728], [-67.8924897, -29.605139], [-67.8924561, -29.605093], [-67.8923454, -29.6049758], [-67.8922588, -29.6049089], [-67.8920904, -29.6048503], [-67.8919653, -29.6048294], [-67.8919172, -29.6048001], [-67.8916766, -29.6045659], [-67.8915275, -29.6043944], [-67.8914794, -29.6043609], [-67.8914216, -29.6043358], [-67.8912436, -29.6043358], [-67.8905219, -29.6045073], [-67.8901467, -29.6045073], [-67.8900312, -29.6045241], [-67.8898532, -29.6044948], [-67.8898002, -29.6044655], [-67.8897088, -29.6043358], [-67.8897088, -29.6042814], [-67.8897618, -29.604202], [-67.889858, -29.6041016], [-67.8899783, -29.6038882], [-67.8900504, -29.6038171], [-67.8901563, -29.6036456], [-67.8902477, -29.6034741], [-67.8902766, -29.6033277], [-67.8903872, -29.6031687], [-67.8904113, -29.6031101], [-67.8903632, -29.6029177], [-67.8903102, -29.6028257], [-67.8903199, -29.6027755], [-67.8904546, -29.6026374], [-67.8905797, -29.6024283], [-67.890724, -29.6023572], [-67.8908828, -29.602102], [-67.8909261, -29.6020058], [-67.8909453, -29.601805], [-67.8908202, -29.6015205], [-67.8907384, -29.6011816], [-67.8907914, -29.6010018], [-67.8909261, -29.6008553], [-67.8912677, -29.600688], [-67.8914409, -29.6005165], [-67.8915131, -29.6003784], [-67.8915371, -29.600232], [-67.8915275, -29.6000229], [-67.891566, -29.5999057], [-67.8915708, -29.5998053], [-67.8916093, -29.5997133], [-67.891667, -29.5996296], [-67.8916911, -29.599479], [-67.8916863, -29.5993786], [-67.891667, -29.5993284], [-67.8915756, -29.5992071], [-67.891566, -29.5991569], [-67.8915756, -29.5991067], [-67.8916237, -29.599023], [-67.8916333, -29.5988724], [-67.891566, -29.5986214], [-67.8915419, -29.5984248], [-67.8914746, -29.5982156], [-67.8914505, -29.598019], [-67.8914264, -29.597973], [-67.8913158, -29.59786], [-67.8911907, -29.5976718], [-67.8910223, -29.5974752], [-67.8908972, -29.5973664], [-67.8908202, -29.5973329], [-67.8905123, -29.5968811], [-67.8904738, -29.5967891], [-67.8904209, -29.596446], [-67.8903535, -29.5962954], [-67.8902621, -29.5961616], [-67.8902284, -29.596057], [-67.8902862, -29.5957097], [-67.8902766, -29.5956093], [-67.8902284, -29.5955173], [-67.8901034, -29.5954169], [-67.8895934, -29.5952663], [-67.8895549, -29.5952328], [-67.8895789, -29.5951366], [-67.8896367, -29.5950529], [-67.8898532, -29.5948563], [-67.8899783, -29.5946848], [-67.8900119, -29.5945425], [-67.8900168, -29.5942078], [-67.8899831, -29.5937434], [-67.889935, -29.5936054], [-67.8899205, -29.593346], [-67.8899013, -29.5933], [-67.8899109, -29.5932289], [-67.8897714, -29.5930699], [-67.8896848, -29.5929235], [-67.8895741, -29.5928063], [-67.889526, -29.5927143], [-67.8895356, -29.5923628], [-67.8894635, -29.5922248], [-67.8894153, -29.5920156], [-67.8893624, -29.5919236], [-67.8893576, -29.5918734], [-67.8894009, -29.5917855], [-67.8894442, -29.591752], [-67.8895019, -29.5917395], [-67.8899638, -29.591752], [-67.8900119, -29.5917311], [-67.8902044, -29.5915721], [-67.8903102, -29.5915261], [-67.8904353, -29.5915052], [-67.890469, -29.5914717], [-67.8904594, -29.5913211], [-67.8904786, -29.5912709], [-67.89057, -29.5911454], [-67.8905604, -29.5910994], [-67.8905075, -29.5910115], [-67.8904546, -29.5909864], [-67.8903968, -29.590999], [-67.8902573, -29.5910994], [-67.8901948, -29.5910952], [-67.8901082, -29.5909906], [-67.8899446, -29.5906726], [-67.8897329, -29.5904927], [-67.8895934, -29.590409], [-67.8892518, -29.5900869], [-67.8891507, -29.5899488], [-67.8890256, -29.5897062], [-67.888915, -29.5895974], [-67.8887562, -29.5895472], [-67.8885445, -29.5895221], [-67.8883569, -29.5895305], [-67.888049, -29.5894928], [-67.887996, -29.5894677], [-67.8878902, -29.5893547], [-67.887818, -29.5892334], [-67.8876977, -29.5892376], [-67.8876352, -29.589225], [-67.8875967, -29.5891874], [-67.8876063, -29.5891455], [-67.8877025, -29.5890995], [-67.8880393, -29.58902], [-67.8882751, -29.5889949], [-67.8883569, -29.5889364], [-67.8884242, -29.5888108], [-67.8884675, -29.58861], [-67.8885349, -29.5884259], [-67.8885445, -29.5883297], [-67.8884627, -29.5880201], [-67.8883761, -29.587882], [-67.8882366, -29.5877272], [-67.8881548, -29.587585], [-67.8880056, -29.5875055], [-67.8878998, -29.5874678], [-67.8877122, -29.5874511], [-67.8874427, -29.5874511], [-67.8873128, -29.587472], [-67.887207, -29.5875097], [-67.8871492, -29.5875097], [-67.8871348, -29.5874678], [-67.8872407, -29.5873716], [-67.8872936, -29.587359], [-67.8873802, -29.5873088], [-67.8877747, -29.5870578], [-67.8878517, -29.5869992], [-67.8878902, -29.5869072], [-67.8878709, -29.5867649], [-67.8877555, -29.5865934], [-67.8877362, -29.5864972], [-67.8877266, -29.586288], [-67.887794, -29.5860997], [-67.8877843, -29.5858152], [-67.8876544, -29.5855851], [-67.8875534, -29.5853508], [-67.8875245, -29.5853006], [-67.8871589, -29.5848905], [-67.8870434, -29.5848529], [-67.8869231, -29.585037], [-67.8868702, -29.5850662], [-67.8868221, -29.585037], [-67.8868028, -29.5849909], [-67.8867932, -29.5848612], [-67.8868413, -29.5845935], [-67.8868317, -29.5843801], [-67.8868798, -29.5840328], [-67.8868028, -29.5837901], [-67.8868076, -29.5836855], [-67.8868317, -29.5836353], [-67.887029, -29.5834094], [-67.887029, -29.5833592], [-67.8870001, -29.5833131], [-67.8869183, -29.5832504], [-67.886798, -29.5832295], [-67.8867066, -29.5831667], [-67.88662, -29.5829784], [-67.8866152, -29.582924], [-67.8866344, -29.5828822], [-67.8867162, -29.5828236], [-67.8869712, -29.5827316], [-67.887053, -29.5826604], [-67.8871011, -29.5825726], [-67.88713, -29.5824763], [-67.8871396, -29.5823341], [-67.8871059, -29.5821165], [-67.8871108, -29.5819073], [-67.887053, -29.5813885], [-67.8870193, -29.581288], [-67.8868365, -29.5809157], [-67.8866922, -29.5807023], [-67.8864468, -29.580468], [-67.8863506, -29.5803382], [-67.8863121, -29.5801332], [-67.8863458, -29.5798947], [-67.8863121, -29.5797525], [-67.8863083, -29.5794983], [-67.8862417, -29.5793389], [-67.8860417, -29.5791577], [-67.885925, -29.5790127], [-67.885675, -29.5788533], [-67.885575, -29.5787083], [-67.8854917, -29.5784619], [-67.88545, -29.5783822], [-67.885175, -29.578143], [-67.8849917, -29.5779474], [-67.8848333, -29.5778459], [-67.8846167, -29.5778604], [-67.88445, -29.5777589], [-67.8843833, -29.577701], [-67.8843917, -29.577614], [-67.8845083, -29.5774835], [-67.8847083, -29.5773168], [-67.8847583, -29.5772444], [-67.8847667, -29.5771574], [-67.8847417, -29.5770777], [-67.8846917, -29.5770125], [-67.884475, -29.576824], [-67.8844417, -29.576737], [-67.884525, -29.5765849], [-67.8845583, -29.5764254], [-67.8844083, -29.5760993], [-67.884275, -29.5759761], [-67.884, -29.5758456], [-67.8838917, -29.5758239], [-67.8836833, -29.5758311], [-67.8835833, -29.5758384], [-67.883475, -29.5758746], [-67.883375, -29.5758673], [-67.8832833, -29.5758384], [-67.883225, -29.5757659], [-67.8832167, -29.5756862], [-67.88325, -29.5755267], [-67.883325, -29.5753745], [-67.8834333, -29.5752513], [-67.883825, -29.5748889], [-67.8839917, -29.574686], [-67.884, -29.5744323], [-67.883925, -29.5739033], [-67.8838917, -29.5738308], [-67.8838333, -29.5737583], [-67.88375, -29.5737076], [-67.8836583, -29.5736786], [-67.8835583, -29.5736568], [-67.8834583, -29.5736786], [-67.883275, -29.5737511], [-67.8831667, -29.5737655], [-67.8830833, -29.5737148], [-67.8828583, -29.5734249], [-67.8828167, -29.5733452], [-67.8826917, -29.5732002], [-67.88265, -29.5731205], [-67.8826833, -29.5724537], [-67.882775, -29.5719609], [-67.8827833, -29.5717144], [-67.88275, -29.5714535], [-67.8827417, -29.5711998], [-67.8827167, -29.5711201], [-67.8827, -29.5709462], [-67.8825667, -29.5705185], [-67.88255, -29.5698227], [-67.8825167, -29.569656], [-67.8825167, -29.5694893], [-67.882475, -29.5691559], [-67.8824167, -29.5689965], [-67.8823417, -29.5688515], [-67.8822667, -29.5685978], [-67.8821667, -29.5684384], [-67.881625, -29.5679382], [-67.8814083, -29.5676411], [-67.8811917, -29.5672424], [-67.8810919, -29.5670903], [-67.8807936, -29.5671279], [-67.8803798, -29.5672158], [-67.88012, -29.5673874], [-67.8799468, -29.5674711], [-67.8797495, -29.5676427], [-67.8795378, -29.5678728], [-67.8794128, -29.5680737], [-67.8792877, -29.5681909], [-67.8791048, -29.568216], [-67.8789797, -29.568216], [-67.8788306, -29.568195], [-67.8786814, -29.5681323], [-67.8784697, -29.5680904], [-67.8779742, -29.5679147], [-67.8776085, -29.5678142], [-67.8773247, -29.567764], [-67.8770264, -29.5676636], [-67.8765934, -29.5675464], [-67.8764875, -29.5675213], [-67.8761315, -29.5674878], [-67.8758284, -29.5675046], [-67.8755541, -29.5675673], [-67.8754387, -29.5676343], [-67.8753232, -29.5677389], [-67.8752029, -29.5679398], [-67.8750201, -29.5681323], [-67.8749431, -29.5681783], [-67.8746977, -29.5681699], [-67.8746063, -29.5681406], [-67.874385, -29.5680067], [-67.8739087, -29.5678226], [-67.8737355, -29.567718], [-67.8732832, -29.5673497], [-67.8731774, -29.5673163], [-67.8727684, -29.5671279], [-67.8723402, -29.5670735], [-67.8721093, -29.5670108], [-67.8717773, -29.566902], [-67.871633, -29.5668225], [-67.8714405, -29.5667471], [-67.8712721, -29.5667053], [-67.8709305, -29.5666885], [-67.8708535, -29.5666969], [-67.8707092, -29.5667471], [-67.8705841, -29.5668183], [-67.8703051, -29.5670735], [-67.8701559, -29.5672535], [-67.8701174, -29.5673079], [-67.8699875, -29.5676259], [-67.8699298, -29.5680695], [-67.8698624, -29.5683792], [-67.8698239, -29.5687642], [-67.8699057, -29.5692621], [-67.8700019, -29.5695299], [-67.8702954, -29.5699358], [-67.8705056, -29.5700909], [-67.8708528, -29.5702455], [-67.8712667, -29.5704074], [-67.8713722, -29.5704654], [-67.8716861, -29.5705644], [-67.8718861, -29.570649], [-67.8721, -29.5707191], [-67.8721694, -29.5707746], [-67.8722083, -29.5708713], [-67.8722, -29.5709244], [-67.87215, -29.5710138], [-67.8720583, -29.5710911], [-67.8717194, -29.5713448], [-67.8715917, -29.5714004], [-67.8712861, -29.5716081], [-67.8710722, -29.5718183], [-67.8707194, -29.5720382], [-67.8703694, -29.5723281], [-67.8701972, -29.5725165], [-67.87, -29.5727678], [-67.8699694, -29.5728765], [-67.8699889, -29.5729756], [-67.8701528, -29.5731809], [-67.8703306, -29.5733669], [-67.8705056, -29.5736641], [-67.8705222, -29.5737607], [-67.8705139, -29.5738356], [-67.8703944, -29.5740434], [-67.8703361, -29.5740917], [-67.8702556, -29.5741159], [-67.8696361, -29.5742463], [-67.8691611, -29.5742342], [-67.8687583, -29.5742487], [-67.8685944, -29.5742729], [-67.8683278, -29.5743816], [-67.8681, -29.5745096], [-67.8678917, -29.5746739], [-67.8678278, -29.5747416], [-67.8677944, -29.574814], [-67.8677806, -29.5749566], [-67.8677472, -29.5750435], [-67.867725, -29.5752755], [-67.8676694, -29.5753914], [-67.8676361, -29.5754228], [-67.8674056, -29.5755146], [-67.8673417, -29.5755823], [-67.867225, -29.5757586], [-67.8671889, -29.5758794], [-67.8671889, -29.5759881], [-67.8672139, -29.5761258], [-67.8671833, -29.5762201], [-67.8670778, -29.5764157], [-67.8669722, -29.5766887], [-67.8669167, -29.5767685], [-67.866875, -29.5767902], [-67.8665972, -29.5767733], [-67.8663528, -29.5767201], [-67.8661167, -29.5766428], [-67.8656139, -29.5764423], [-67.8646361, -29.5761959], [-67.8638667, -29.5759471], [-67.8632056, -29.5758311], [-67.8630222, -29.5758287], [-67.8628694, -29.575848], [-67.8627944, -29.5758625], [-67.86265, -29.5759253], [-67.8625861, -29.5759978], [-67.8625194, -29.5761138], [-67.8623944, -29.5764641], [-67.8622778, -29.5767081], [-67.8621167, -29.5769641], [-67.862, -29.5772758], [-67.8619528, -29.577498], [-67.8620028, -29.5779353], [-67.8619833, -29.578015], [-67.8617389, -29.5782808], [-67.8616528, -29.5784015], [-67.8609361, -29.5788799], [-67.8607694, -29.5789644], [-67.8604056, -29.5791142], [-67.8600222, -29.5793002], [-67.8591611, -29.5795418], [-67.8589556, -29.5796215], [-67.8588806, -29.5796843], [-67.858775, -29.5800636], [-67.8587611, -29.5803027], [-67.8587778, -29.5805975], [-67.8588111, -29.5807038], [-67.8588528, -29.5809864], [-67.85885, -29.581083], [-67.8588194, -29.5813125], [-67.8587167, -29.5815348], [-67.8586722, -29.5815734], [-67.8585389, -29.5816338], [-67.8578389, -29.5818343], [-67.8570194, -29.5818802], [-67.8566361, -29.5819599], [-67.8564778, -29.5820082], [-67.8564444, -29.5820324], [-67.8563833, -29.5821194], [-67.8562, -29.5825638], [-67.8561667, -29.5828392], [-67.8561083, -29.5830639], [-67.8560917, -29.5833538], [-67.8561333, -29.5834963], [-67.8561833, -29.5835615], [-67.8562583, -29.5838079], [-67.8562722, -29.5838828], [-67.8562694, -29.584064], [-67.8562111, -29.5841654], [-67.8560861, -29.5842983], [-67.8559472, -29.5843659], [-67.8557361, -29.5843973], [-67.8553139, -29.5843708], [-67.8549278, -29.5844867], [-67.8544972, -29.5846002], [-67.8543194, -29.5846292], [-67.8540222, -29.5847041], [-67.8537333, -29.5847935], [-67.8535222, -29.5848297], [-67.8532389, -29.5848539], [-67.8528, -29.584936], [-67.8525583, -29.584965], [-67.8524167, -29.5850278], [-67.8522722, -29.5851196], [-67.8521667, -29.5851486], [-67.8520778, -29.5851486], [-67.8519806, -29.5851293], [-67.8518917, -29.585081], [-67.8516611, -29.5850109], [-67.8514472, -29.5848829], [-67.8508778, -29.5847089], [-67.8507083, -29.5846365], [-67.8505583, -29.5845036], [-67.8503722, -29.584291], [-67.8500722, -29.5838272], [-67.8497722, -29.5835374], [-67.8496722, -29.5834866], [-67.8492833, -29.5833755], [-67.8489472, -29.5833489], [-67.8488056, -29.5833683], [-67.8487472, -29.58339], [-67.8486583, -29.5834528], [-67.848625, -29.583506], [-67.8485861, -29.5836267], [-67.8485889, -29.583663], [-67.8484056, -29.5839625], [-67.8483306, -29.5840567], [-67.8481556, -29.5842041], [-67.8481167, -29.5842596], [-67.8480139, -29.5843514], [-67.8477, -29.5845302], [-67.8475889, -29.5845495], [-67.8474278, -29.5845423], [-67.8472944, -29.5844843], [-67.8471056, -29.5844456], [-67.8469417, -29.5843804], [-67.8466778, -29.5842331], [-67.8465611, -29.5842041], [-67.8463917, -29.5841292], [-67.8462944, -29.5840446], [-67.8462, -29.5838876], [-67.8461972, -29.5835663], [-67.8463, -29.5831001], [-67.8462778, -29.582989], [-67.8462389, -29.5829141], [-67.8461528, -29.5828344], [-67.8460722, -29.5828078], [-67.8459306, -29.5828127], [-67.8458889, -29.5828296], [-67.8457639, -29.5829286], [-67.8454417, -29.5833634], [-67.8453472, -29.5834383], [-67.845225, -29.5834939], [-67.8450861, -29.583489], [-67.8449417, -29.5834287], [-67.8445528, -29.5831992], [-67.8443972, -29.583047], [-67.844325, -29.5829359], [-67.8440111, -29.5825783], [-67.8438722, -29.5823996], [-67.8435944, -29.5819841], [-67.8434111, -29.5818077], [-67.8430167, -29.5813415], [-67.8428778, -29.5811482], [-67.8427889, -29.581083], [-67.842725, -29.5809864], [-67.8425583, -29.5807931], [-67.8423611, -29.5806772], [-67.8421417, -29.5806047], [-67.8418861, -29.5805757], [-67.8415056, -29.5806047], [-67.8411611, -29.580682], [-67.841, -29.5806868], [-67.8407389, -29.5806675], [-67.8405333, -29.5806264], [-67.8398972, -29.5804598], [-67.839725, -29.5804404], [-67.8395472, -29.5804477], [-67.8394111, -29.5804187], [-67.8392917, -29.5804139], [-67.838975, -29.5804549], [-67.8388694, -29.580409], [-67.8382917, -29.580281], [-67.8382056, -29.5802786], [-67.8380833, -29.5803172], [-67.8379, -29.5804743], [-67.8377667, -29.5805322], [-67.8376278, -29.580583], [-67.8373639, -29.5806313], [-67.8372278, -29.5806868], [-67.8370111, -29.5807158], [-67.8367389, -29.5807013], [-67.8365167, -29.5807352], [-67.8361861, -29.5807182], [-67.83605, -29.5806675], [-67.8358222, -29.5805153], [-67.8357194, -29.58038], [-67.835675, -29.5802568], [-67.8356833, -29.5800732], [-67.835725, -29.5799597], [-67.8357722, -29.5798872], [-67.8360139, -29.5796674], [-67.8360389, -29.5796143], [-67.8360333, -29.5795539], [-67.8359556, -29.5794814], [-67.8358083, -29.5794162], [-67.8356, -29.5793799], [-67.8347028, -29.5793219], [-67.8342389, -29.579334], [-67.8339389, -29.5793896], [-67.8338306, -29.579421], [-67.8337361, -29.5794669], [-67.8335778, -29.5795998], [-67.8335139, -29.5796771], [-67.8334472, -29.5798317], [-67.8334389, -29.5799404], [-67.8334611, -29.5800322], [-67.8334528, -29.5801191], [-67.8334667, -29.5802641], [-67.8334861, -29.5803849], [-67.833525, -29.5804839], [-67.8335444, -29.5806313], [-67.8335111, -29.5809453], [-67.8334889, -29.5810226], [-67.8334694, -29.5810613], [-67.8333972, -29.5811313], [-67.8332056, -29.5812763], [-67.8331139, -29.5812884], [-67.833025, -29.5812811], [-67.8329278, -29.5812545], [-67.8328583, -29.5812111], [-67.8325556, -29.5811048], [-67.8320778, -29.5809743], [-67.8319222, -29.5809622], [-67.8313778, -29.5808487], [-67.8313028, -29.5808221], [-67.8309833, -29.5808197], [-67.8309, -29.5808414], [-67.8306278, -29.5809647], [-67.8305361, -29.581025], [-67.8305, -29.5811434], [-67.8304806, -29.5813753], [-67.8305028, -29.5814889], [-67.8304583, -29.5816869], [-67.8304194, -29.5817449], [-67.8303389, -29.5818198], [-67.8302278, -29.5818585], [-67.8299583, -29.5818367], [-67.8298222, -29.5817981], [-67.8296417, -29.5817111], [-67.8295528, -29.5816435], [-67.8294528, -29.5816096], [-67.8293889, -29.5815589], [-67.8293056, -29.5815251], [-67.829225, -29.5814333], [-67.8291472, -29.5813101], [-67.8290167, -29.5811869], [-67.8289556, -29.5810564], [-67.8288111, -29.5808922], [-67.8287083, -29.5807376], [-67.8283722, -29.5805081], [-67.8282972, -29.5804404], [-67.8282444, -29.58038], [-67.8282083, -29.5802568], [-67.8281611, -29.5802013], [-67.8280444, -29.5801095], [-67.8273083, -29.5798848], [-67.8271611, -29.5798268], [-67.8268361, -29.5797399], [-67.8265278, -29.5796988], [-67.8258806, -29.5796577], [-67.8250917, -29.5796336], [-67.8249306, -29.5796529], [-67.8247, -29.5796553], [-67.8245556, -29.5796795], [-67.8242722, -29.5796916], [-67.8240389, -29.5797181], [-67.8238028, -29.5797737], [-67.8237111, -29.5798293], [-67.8235667, -29.5798776], [-67.8233528, -29.5799186], [-67.8231111, -29.5799959], [-67.8229083, -29.5800998], [-67.8228, -29.5801288], [-67.8226861, -29.5802109], [-67.8225472, -29.5802762], [-67.8223889, -29.5803752], [-67.8223139, -29.5804066], [-67.8222306, -29.580409], [-67.8220194, -29.5803849], [-67.8218861, -29.5803076], [-67.8217306, -29.5801892], [-67.8215917, -29.5800539], [-67.8215444, -29.5799863], [-67.8215028, -29.5798679], [-67.8214611, -29.5798172], [-67.8213306, -29.5797568], [-67.8212167, -29.5796698], [-67.8210472, -29.579578], [-67.8208667, -29.5795321], [-67.8206667, -29.5795345], [-67.8202583, -29.5795901], [-67.8201861, -29.5795901], [-67.8199194, -29.5795466], [-67.8197806, -29.5795635], [-67.8197222, -29.5795949], [-67.8195333, -29.5798317], [-67.8193917, -29.5800708], [-67.819225, -29.5802472], [-67.8190389, -29.5805564], [-67.8189722, -29.5806313], [-67.8189028, -29.5807666], [-67.8187361, -29.5809284], [-67.8185806, -29.5810371], [-67.8183417, -29.5811144], [-67.8181472, -29.5811265], [-67.8180694, -29.5811072], [-67.8178083, -29.5809864], [-67.8177167, -29.5809671], [-67.8174833, -29.5809864], [-67.8172306, -29.5809695], [-67.8170917, -29.5810371], [-67.8169667, -29.5811193], [-67.8168028, -29.5811338], [-67.8167361, -29.5811748], [-67.8166972, -29.5812304], [-67.8165889, -29.581327], [-67.8162917, -29.5814889], [-67.8161306, -29.5816072], [-67.8159056, -29.58167], [-67.8156944, -29.5817812], [-67.8155944, -29.5818512], [-67.8154, -29.5820493], [-67.8152778, -29.5822112], [-67.8151028, -29.5825107], [-67.8148694, -29.5827668], [-67.8143556, -29.583146], [-67.8142556, -29.5832741], [-67.8139889, -29.583506], [-67.8135167, -29.5840036], [-67.8132694, -29.5841944], [-67.8131333, -29.5844118], [-67.8130306, -29.5845374], [-67.8128778, -29.5847983], [-67.8127333, -29.5849046], [-67.8126528, -29.5849892], [-67.8124611, -29.5852863], [-67.812225, -29.5855834], [-67.8121472, -29.5857187], [-67.8119583, -29.585924], [-67.8118528, -29.5861511], [-67.8117167, -29.5863008], [-67.811525, -29.5867236], [-67.8114333, -29.5868709], [-67.8108944, -29.5875086], [-67.8108444, -29.5875835], [-67.8104861, -29.5879627], [-67.8104444, -29.5880449], [-67.8103417, -29.5881777], [-67.810125, -29.588371], [-67.8100333, -29.5884748], [-67.80975, -29.5887019], [-67.8094083, -29.5891198], [-67.8092833, -29.5892333], [-67.8092139, -29.5893299], [-67.8091111, -29.5894193], [-67.8089028, -29.5897068], [-67.8087361, -29.5899048], [-67.8086806, -29.589999], [-67.808275, -29.5904676], [-67.8082056, -29.5905691], [-67.80805, -29.590714], [-67.8079361, -29.5908831], [-67.8078167, -29.5909701], [-67.8072861, -29.5915111], [-67.8068139, -29.592086], [-67.8066583, -29.5923348], [-67.8065278, -29.5924242], [-67.8062306, -29.592685], [-67.8057639, -29.5931754], [-67.8054917, -29.5932986], [-67.8053861, -29.5933759], [-67.8053111, -29.5934531], [-67.80525, -29.5936029], [-67.8052722, -29.5937213], [-67.8053556, -29.5938541], [-67.8054694, -29.5939652], [-67.8055667, -29.5940884], [-67.8055944, -29.5941488], [-67.8055917, -29.5942092], [-67.80555, -29.594284], [-67.8051083, -29.5947043], [-67.8050194, -29.5947671], [-67.8048944, -29.5948154], [-67.8047278, -29.5949555], [-67.80455, -29.5952985], [-67.8045417, -29.5953855], [-67.8045111, -29.5954628], [-67.8044278, -29.5956246], [-67.8043639, -29.5957043], [-67.8040972, -29.5959748], [-67.8038056, -29.5961656], [-67.8034194, -29.5964506], [-67.8032472, -29.5965497], [-67.8030111, -29.5967308], [-67.8027194, -29.5968588], [-67.8026111, -29.5969313], [-67.8024833, -29.5970327], [-67.8023778, -29.5971487], [-67.8021528, -29.5972984], [-67.8019556, -29.597453], [-67.8018389, -29.5975738], [-67.8016028, -29.5977525], [-67.8015278, -29.5978274], [-67.8014333, -29.5979626], [-67.8012722, -29.5981196], [-67.8012361, -29.5981897], [-67.8012278, -29.5986365], [-67.8011778, -29.5988394], [-67.8011139, -29.5989819], [-67.8009, -29.5992113], [-67.8006306, -29.5993997], [-67.8004167, -29.5994988], [-67.8002583, -29.599605], [-67.8000944, -29.599663], [-67.7998361, -29.5997065], [-67.7995694, -29.599791], [-67.7994972, -29.5998345], [-67.7993639, -29.6001147], [-67.7992167, -29.6002668], [-67.7991917, -29.6004552], [-67.7990917, -29.600617], [-67.7990417, -29.6007547], [-67.7988278, -29.6009841], [-67.7987111, -29.6011677], [-67.7986278, -29.6012691], [-67.7984528, -29.6014068], [-67.7983028, -29.6016338], [-67.79825, -29.6016749], [-67.7981639, -29.601786], [-67.7981333, -29.6018512], [-67.7980444, -29.601914], [-67.7979472, -29.6020154], [-67.7977778, -29.6021169], [-67.7975944, -29.602385], [-67.7974222, -29.6025323], [-67.7972528, -29.6026434], [-67.7971861, -29.6027255], [-67.7969889, -29.603054], [-67.7968278, -29.6033776], [-67.7966917, -29.6036071], [-67.7966194, -29.6037665], [-67.7965722, -29.6039307], [-67.7964389, -29.6041988], [-67.7962611, -29.6044113], [-67.7961222, -29.6045345], [-67.7959861, -29.6047591], [-67.7959194, -29.6048388], [-67.7955722, -29.6051552], [-67.7954722, -29.6052953], [-67.7953917, -29.6053677], [-67.7951972, -29.6054933], [-67.7950722, -29.6056189], [-67.7950444, -29.6057082], [-67.7949222, -29.6059015], [-67.7948556, -29.6062058], [-67.7947167, -29.6064135], [-67.7944056, -29.606795], [-67.7941806, -29.6072515], [-67.7940917, -29.6073578], [-67.7939806, -29.6074495], [-67.7937556, -29.6075655], [-67.7936194, -29.6077442], [-67.7933528, -29.6080219], [-67.7932556, -29.6080775], [-67.7931222, -29.6081934], [-67.7929083, -29.6083045], [-67.7928389, -29.6083624], [-67.7927111, -29.6085315], [-67.7923944, -29.608802], [-67.7921806, -29.6090507], [-67.7921028, -29.6091739], [-67.792, -29.6092633], [-67.7918583, -29.6093405], [-67.7917028, -29.6093937], [-67.7916083, -29.6094565], [-67.7914694, -29.609512], [-67.7911667, -29.6095048], [-67.7909444, -29.6095434], [-67.7908778, -29.60957], [-67.7907, -29.6097221], [-67.7906389, -29.6098211], [-67.7904972, -29.6098791], [-67.7904167, -29.6098743], [-67.7902722, -29.6098332], [-67.7901472, -29.6097607], [-67.7900389, -29.6097294], [-67.7899556, -29.6096714], [-67.7897944, -29.6096086], [-67.7897556, -29.6096207], [-67.7897333, -29.6096835], [-67.7897389, -29.6097777], [-67.7897889, -29.6098598], [-67.7897833, -29.6099515], [-67.7897222, -29.6099902], [-67.7896111, -29.6100047], [-67.7893194, -29.610094], [-67.7891667, -29.6101785], [-67.7890306, -29.6102172], [-67.7889167, -29.6102099], [-67.7888556, -29.6101761], [-67.7887306, -29.6100699], [-67.7886556, -29.6100433], [-67.7886167, -29.6100506], [-67.7884333, -29.6101979], [-67.7882889, -29.610379], [-67.7881028, -29.6104949], [-67.7878389, -29.6105456], [-67.7876417, -29.6106205], [-67.7875472, -29.6106809], [-67.7873028, -29.6107895], [-67.7871917, -29.6108765], [-67.787025, -29.6109562], [-67.7868611, -29.6110673], [-67.7866389, -29.6111615], [-67.7864, -29.6112363], [-67.7862028, -29.6112387], [-67.7861333, -29.6112194], [-67.7860472, -29.6111663], [-67.7858861, -29.6111421], [-67.7857944, -29.6111446], [-67.7856333, -29.6112315], [-67.7855611, -29.6112508], [-67.7854306, -29.6112484], [-67.7852194, -29.6111953], [-67.7851056, -29.6111904], [-67.7849889, -29.6112098], [-67.7848278, -29.6112025], [-67.7847194, -29.6112315], [-67.7845861, -29.6113064], [-67.7844889, -29.6113402], [-67.7842917, -29.6113595], [-67.784175, -29.611386], [-67.7840111, -29.6113836], [-67.7839194, -29.611444], [-67.7835667, -29.6118038], [-67.7834722, -29.6118449], [-67.7832083, -29.6117821], [-67.7830778, -29.6117676], [-67.7829417, -29.6117169], [-67.7827111, -29.6116903], [-67.7822917, -29.6117362], [-67.7820806, -29.6118111], [-67.7818639, -29.6118014], [-67.7816139, -29.6117555], [-67.7813083, -29.6115865], [-67.7812111, -29.6115479], [-67.7811306, -29.6115382], [-67.7809111, -29.6115237], [-67.7807639, -29.6115551], [-67.7805667, -29.611572], [-67.7802167, -29.6115479], [-67.7801389, -29.6115551], [-67.77995, -29.6116445], [-67.779875, -29.6116589], [-67.7798083, -29.6116903], [-67.7791833, -29.6121709], [-67.7791417, -29.6122192], [-67.77905, -29.6123931], [-67.7789833, -29.6124655], [-67.7789222, -29.6126104], [-67.7787, -29.6127867], [-67.7785333, -29.6128544], [-67.7784194, -29.6129244], [-67.7781556, -29.6129896], [-67.7780389, -29.6130717], [-67.7777111, -29.6133687], [-67.7776556, -29.6134412], [-67.7775583, -29.6136223], [-67.7775472, -29.6137575], [-67.7775222, -29.6138348], [-67.7774111, -29.6139218], [-67.7772778, -29.6139507], [-67.7771139, -29.6140159], [-67.7769889, -29.6140401], [-67.7768056, -29.6140425], [-67.7765389, -29.6140739], [-67.7762583, -29.614115], [-67.7761361, -29.6141536], [-67.7760389, -29.6141657], [-67.7759222, -29.6142502], [-67.7757333, -29.6143468], [-67.7755028, -29.6144047], [-67.7753028, -29.6144893], [-67.7749361, -29.6144941], [-67.7745944, -29.6145762], [-67.7744472, -29.6146631], [-67.774375, -29.6147549], [-67.7742417, -29.6149867], [-67.7742, -29.6151703], [-67.7741222, -29.6152451], [-67.7739083, -29.6153997], [-67.7737194, -29.6153852], [-67.7731667, -29.6152645], [-67.7729583, -29.6152403], [-67.7728, -29.6152524], [-67.7727361, -29.6152838], [-67.7723361, -29.6155977], [-67.772225, -29.6156412], [-67.7720972, -29.6156388], [-67.7720167, -29.6155808], [-67.7718056, -29.6154987], [-67.7717056, -29.615448], [-67.7716389, -29.6153924], [-67.7716056, -29.6153852], [-67.7712472, -29.6154093], [-67.7711833, -29.6154407], [-67.7709694, -29.6154987], [-67.7707778, -29.6154963], [-67.7704944, -29.61539], [-67.7702833, -29.6152741], [-67.7699917, -29.6151558], [-67.7698444, -29.6150326], [-67.7696778, -29.6149553], [-67.7695667, -29.6149529], [-67.7693417, -29.615064], [-67.7691444, -29.6150954], [-67.7688972, -29.6150882], [-67.7686139, -29.6149771], [-67.7684944, -29.6149698], [-67.7683167, -29.6150181], [-67.7680556, -29.6151292], [-67.7679833, -29.6151413], [-67.7678472, -29.6152113], [-67.7676472, -29.6152089], [-67.7676167, -29.6152234], [-67.7675667, -29.6152669], [-67.7675417, -29.6153635], [-67.7675111, -29.6155615], [-67.7675139, -29.6157981], [-67.7674583, -29.6158923], [-67.7673278, -29.6160445], [-67.7673, -29.6160638], [-67.7672278, -29.6160734], [-67.7671417, -29.6160276], [-67.7670667, -29.6160324], [-67.7669194, -29.6160759], [-67.7668, -29.6161459], [-67.7667306, -29.6162087], [-67.7665694, -29.6164526], [-67.7665056, -29.6165033], [-67.766425, -29.6165323], [-67.7662167, -29.6165999], [-67.7660611, -29.616583], [-67.7659472, -29.6165516], [-67.7658, -29.6164526], [-67.7655833, -29.6163898], [-67.76535, -29.6162739], [-67.7650694, -29.6162618], [-67.7649972, -29.616269], [-67.7648556, -29.6163656], [-67.7644694, -29.6165468], [-67.7644, -29.616554], [-67.7642611, -29.6165323], [-67.7640056, -29.6165202], [-67.7637889, -29.6165492], [-67.76365, -29.6166192], [-67.7635833, -29.6166506], [-67.7633417, -29.6167327], [-67.7632194, -29.6167907], [-67.7629611, -29.6169573], [-67.7627583, -29.6170635], [-67.7623583, -29.6171964], [-67.7623, -29.6172326], [-67.762125, -29.6174378], [-67.7618306, -29.6177059], [-67.7612667, -29.6179136], [-67.7611917, -29.6179957], [-67.7610306, -29.6180657], [-67.7607972, -29.6180464], [-67.7606056, -29.6179643], [-67.7602611, -29.6178508], [-67.7601278, -29.6178266], [-67.76, -29.6177807], [-67.7598889, -29.6177735], [-67.759825, -29.6178001], [-67.7596889, -29.6178918], [-67.7595, -29.6179594], [-67.7592028, -29.6182154], [-67.7591139, -29.6183337], [-67.7590306, -29.6183941], [-67.7588111, -29.6184738], [-67.7580167, -29.6184786], [-67.7577056, -29.6184955], [-67.7575028, -29.6185631], [-67.7572333, -29.6186066], [-67.757075, -29.6186791], [-67.7567833, -29.6187781], [-67.7566389, -29.6188626], [-67.7564222, -29.619022], [-67.7562861, -29.6190799], [-67.755925, -29.619162], [-67.7558, -29.6191596], [-67.7551222, -29.6190099], [-67.7549167, -29.6189423], [-67.7547722, -29.6188336], [-67.7546, -29.6187418], [-67.7541889, -29.6185921], [-67.7538167, -29.6184786], [-67.7536583, -29.61844], [-67.7535778, -29.6184424], [-67.7534667, -29.6185004], [-67.7534111, -29.6185535], [-67.7533361, -29.6186332], [-67.7532806, -29.6187346], [-67.7532, -29.618836], [-67.7531333, -29.6189012], [-67.7531056, -29.618923], [-67.7529889, -29.6189519], [-67.7525083, -29.6189254], [-67.7520722, -29.6188336], [-67.7516917, -29.6188578], [-67.7513833, -29.6189423], [-67.7511528, -29.6189882], [-67.750775, -29.6191669], [-67.7507056, -29.6191789], [-67.7504417, -29.6192779], [-67.7503056, -29.6193721], [-67.7500667, -29.6194639], [-67.7498389, -29.6196136], [-67.7493361, -29.6197343], [-67.7491778, -29.6197947], [-67.7489306, -29.6198019], [-67.7487056, -29.6198357], [-67.7482944, -29.6198188], [-67.7481778, -29.6198333], [-67.7479, -29.6199009], [-67.7474222, -29.6198792], [-67.747225, -29.6199082], [-67.7471583, -29.6199323], [-67.7470917, -29.6199975], [-67.7470972, -29.6200313], [-67.7472139, -29.6201207], [-67.7473056, -29.6201424], [-67.7474056, -29.6201448], [-67.7477583, -29.6200941], [-67.7479222, -29.6201231], [-67.7480722, -29.6201811], [-67.7481806, -29.6202825], [-67.7482306, -29.6203887], [-67.7482167, -29.6204757], [-67.7481222, -29.6205698], [-67.7476694, -29.6208258], [-67.747175, -29.6209804], [-67.7468139, -29.6210359], [-67.7462722, -29.6210769], [-67.7461389, -29.6210745], [-67.7458389, -29.6210262], [-67.7456639, -29.6210214], [-67.7455944, -29.6210383], [-67.7454528, -29.6211687], [-67.7454722, -29.6212339], [-67.7455583, -29.6213546], [-67.7455667, -29.6213981], [-67.7455056, -29.6215068], [-67.7454528, -29.6215502], [-67.7453361, -29.6215913], [-67.7452083, -29.6216661], [-67.7451556, -29.6216806], [-67.7450528, -29.6216734], [-67.7449944, -29.621642], [-67.7448667, -29.6213088], [-67.7448611, -29.6211856], [-67.7448389, -29.6210963], [-67.74485, -29.6209514], [-67.7448389, -29.6208017], [-67.7448611, -29.6206906], [-67.744825, -29.6204636], [-67.7447778, -29.6203911], [-67.7446694, -29.6203235], [-67.7445667, -29.620326], [-67.7444056, -29.6204008], [-67.7439, -29.6207848], [-67.7434222, -29.6210866], [-67.7432472, -29.6212411], [-67.7430278, -29.621386], [-67.7429167, -29.6214295], [-67.7428056, -29.6214512], [-67.7425611, -29.6215816], [-67.7423611, -29.6215889], [-67.7422889, -29.6216106], [-67.7422278, -29.6216806], [-67.7422389, -29.6217362], [-67.7423333, -29.621869], [-67.7425667, -29.6220766], [-67.7426111, -29.6221443], [-67.7426028, -29.6222312], [-67.7425083, -29.6223181], [-67.7422722, -29.6224485], [-67.7420194, -29.6226465], [-67.7418722, -29.6226876], [-67.7416361, -29.6226924], [-67.7413667, -29.6227383], [-67.7410639, -29.6226924], [-67.7409139, -29.6226031], [-67.7407917, -29.6224558], [-67.7405944, -29.6222626], [-67.7404417, -29.6221539], [-67.7402722, -29.6220549], [-67.7401083, -29.6219897], [-67.7399639, -29.6219704], [-67.7398861, -29.6220187], [-67.7397917, -29.6221394], [-67.7397472, -29.6222264], [-67.7396639, -29.6223278], [-67.7396194, -29.6224485], [-67.7395722, -29.6224968], [-67.7393167, -29.6226852], [-67.739225, -29.6227286], [-67.7391528, -29.6227238], [-67.7390583, -29.6226779], [-67.7390167, -29.6226369], [-67.7389667, -29.6224147], [-67.7389417, -29.6221901], [-67.7388806, -29.6220839], [-67.7388472, -29.6219776], [-67.7387694, -29.6218762], [-67.7385889, -29.6218014], [-67.7384833, -29.6217869], [-67.738225, -29.6217965], [-67.7381083, -29.621782], [-67.7379778, -29.621741], [-67.7378944, -29.6216927], [-67.7378917, -29.6215502], [-67.7379528, -29.6214174], [-67.7380639, -29.621287], [-67.738075, -29.6212315], [-67.7379472, -29.6209683], [-67.7378306, -29.6207751], [-67.7377583, -29.6206785], [-67.7376917, -29.6206181], [-67.737575, -29.6205505], [-67.7374417, -29.620524], [-67.7373694, -29.6205264], [-67.7371667, -29.6205988], [-67.7367306, -29.6206206], [-67.7366694, -29.6206061], [-67.73665, -29.6205481], [-67.7366611, -29.6204394], [-67.7367861, -29.6202414], [-67.7367917, -29.6201859], [-67.7367722, -29.6201279], [-67.7366556, -29.6200265], [-67.7364861, -29.6199831], [-67.7362139, -29.6197223], [-67.7359722, -29.6194132], [-67.7358611, -29.6193335], [-67.7357028, -29.6192514], [-67.7354278, -29.6191572], [-67.735225, -29.6191113], [-67.7349861, -29.6190992], [-67.7346944, -29.6191451], [-67.7345778, -29.6191451], [-67.73425, -29.6190654], [-67.7341361, -29.6190775], [-67.7339722, -29.6191524], [-67.7339278, -29.6191958], [-67.7338222, -29.6194276], [-67.7335444, -29.6197343], [-67.7334944, -29.6198164], [-67.7334806, -29.6198768], [-67.7334917, -29.6199082], [-67.7335667, -29.6199806], [-67.7336611, -29.62], [-67.7339361, -29.6199927], [-67.7340917, -29.6200338], [-67.73415, -29.6200627], [-67.7343333, -29.6202245], [-67.7343667, -29.620309], [-67.7343583, -29.620367], [-67.7342361, -29.6205578], [-67.7341, -29.6206471], [-67.734, -29.6206737], [-67.733825, -29.6206471], [-67.7337083, -29.6206495], [-67.7335694, -29.6206761], [-67.7334833, -29.6207268], [-67.7334639, -29.6207896], [-67.7334778, -29.6208475], [-67.7335139, -29.6209031], [-67.7336139, -29.6209852], [-67.7336444, -29.6210383], [-67.7336528, -29.6210987], [-67.7335917, -29.6216227], [-67.733575, -29.6216806], [-67.7335139, -29.6217531], [-67.7334306, -29.6218038], [-67.7333583, -29.6218014], [-67.7331056, -29.6217048], [-67.7329667, -29.6216686], [-67.7328222, -29.6216565], [-67.73275, -29.6216637], [-67.7326861, -29.6217265], [-67.7326778, -29.6217531], [-67.7326972, -29.6218424], [-67.7328056, -29.6220573], [-67.7328194, -29.6222674], [-67.7329028, -29.6224268], [-67.7329472, -29.6225499], [-67.7329306, -29.6226055], [-67.7327611, -29.6227842], [-67.7327083, -29.6228204], [-67.7326611, -29.6228252], [-67.732625, -29.6226296], [-67.7325778, -29.6225475], [-67.7325306, -29.6225113], [-67.7322583, -29.6223809], [-67.7321944, -29.6223036], [-67.732175, -29.6221298], [-67.7321917, -29.6219559], [-67.7321806, -29.6218134], [-67.7322056, -29.6216999], [-67.7322, -29.6215816], [-67.7321778, -29.6214947], [-67.7321444, -29.621444], [-67.7319222, -29.6212218], [-67.7317944, -29.6211132], [-67.7316806, -29.6210431], [-67.7316139, -29.621019], [-67.7314778, -29.6209369], [-67.73135, -29.6208813], [-67.7313139, -29.6208838], [-67.7312889, -29.6209031], [-67.7312528, -29.6212122], [-67.731175, -29.6214488], [-67.7311111, -29.6216178], [-67.7310278, -29.6217169], [-67.7309417, -29.6216299], [-67.7308639, -29.6214923], [-67.730775, -29.6212991], [-67.7307722, -29.6212411], [-67.7307417, -29.6211542], [-67.730625, -29.6209103], [-67.7305444, -29.6208113], [-67.7304694, -29.6207509], [-67.7304361, -29.6207534], [-67.7303833, -29.620792], [-67.7303306, -29.6209007], [-67.7303444, -29.6210866], [-67.7303, -29.6212943], [-67.7303139, -29.6213208], [-67.7303194, -29.6214657], [-67.7302833, -29.621514], [-67.7300778, -29.621572], [-67.7298333, -29.6215865], [-67.7296639, -29.621572], [-67.7294944, -29.6214585], [-67.7294056, -29.621415], [-67.7293722, -29.6214126], [-67.7289389, -29.6214367], [-67.7288389, -29.6214561], [-67.7286889, -29.6215237], [-67.7286528, -29.6215188], [-67.7285278, -29.6214705], [-67.7281861, -29.6212339], [-67.7281194, -29.6212315], [-67.7280972, -29.6212532], [-67.7280194, -29.6214899], [-67.7280444, -29.6217579], [-67.7281083, -29.6218497], [-67.7282972, -29.6220042], [-67.7283583, -29.6220742], [-67.7284306, -29.6222384], [-67.7284306, -29.6223881], [-67.7283639, -29.6224558], [-67.7283083, -29.6224872], [-67.7282417, -29.6224896], [-67.7280333, -29.6223809], [-67.7279611, -29.6222819], [-67.7278694, -29.6220936], [-67.7277861, -29.6220332], [-67.7277139, -29.6220115], [-67.7276167, -29.6220501], [-67.7273917, -29.622195], [-67.7271639, -29.6222867], [-67.7270333, -29.6223737], [-67.7269, -29.6224316], [-67.7268333, -29.6224413], [-67.7263306, -29.6224364], [-67.7261833, -29.6223737], [-67.7259833, -29.6222095], [-67.7258528, -29.6221491], [-67.7257778, -29.6220863], [-67.7255583, -29.621968], [-67.7253083, -29.6217893], [-67.7250639, -29.6216589], [-67.7247722, -29.6214416], [-67.724625, -29.6213546], [-67.7245111, -29.6212122], [-67.7244111, -29.6211421], [-67.7240444, -29.6211349], [-67.7237944, -29.6211929], [-67.7236417, -29.6211904], [-67.7235722, -29.6211663], [-67.7234556, -29.6210649], [-67.7233417, -29.6209176], [-67.723225, -29.6208017], [-67.7231667, -29.6207727], [-67.7230639, -29.6207679], [-67.7228556, -29.6208186], [-67.7227556, -29.620891], [-67.72255, -29.620961], [-67.722475, -29.6210262], [-67.7224167, -29.6211349], [-67.7223722, -29.6211832], [-67.722225, -29.6211711], [-67.7221278, -29.6211252], [-67.7219833, -29.620961], [-67.72195, -29.6209079], [-67.7218639, -29.6206471], [-67.7216917, -29.6204998], [-67.7214944, -29.6203815], [-67.721425, -29.6203622], [-67.7213528, -29.6203525], [-67.7211944, -29.6204153], [-67.7211194, -29.6204081], [-67.7210972, -29.6203863], [-67.7210528, -29.620309], [-67.7210222, -29.6201328], [-67.7210472, -29.6199903], [-67.7210333, -29.6198478], [-67.7210556, -29.6196957], [-67.7210583, -29.6195436], [-67.7210222, -29.619459], [-67.7210444, -29.6193262], [-67.7211, -29.619261], [-67.7212, -29.6192055], [-67.7215667, -29.6192272], [-67.7216611, -29.619162], [-67.7216389, -29.6190751], [-67.7216028, -29.6190292], [-67.7213361, -29.6187805], [-67.7213028, -29.6187249], [-67.7213194, -29.6186404], [-67.7213917, -29.6185414], [-67.7216083, -29.6183724], [-67.7216528, -29.6182999], [-67.7217167, -29.6182347], [-67.7217694, -29.6182033], [-67.7218861, -29.6181744], [-67.7219861, -29.6181888], [-67.7221056, -29.6181864], [-67.7221722, -29.6181695], [-67.7222083, -29.6181478], [-67.7222972, -29.6179884], [-67.7222944, -29.6179594], [-67.7222667, -29.6178991], [-67.7222167, -29.6178508], [-67.7221833, -29.6178387], [-67.7220278, -29.6178725], [-67.7219583, -29.6178653], [-67.7218861, -29.6178049], [-67.7217972, -29.6176455], [-67.7216667, -29.6175127], [-67.7214139, -29.617404], [-67.7212972, -29.6173726], [-67.7211056, -29.6172712], [-67.7210389, -29.6172736], [-67.72095, -29.6173268], [-67.720875, -29.6173412], [-67.7205694, -29.6171239], [-67.7203722, -29.6169283], [-67.7201111, -29.616822], [-67.7199056, -29.6167738], [-67.7198694, -29.6167786], [-67.7197944, -29.6168414], [-67.7197722, -29.6169911], [-67.7197806, -29.6171408], [-67.7197056, -29.6172422], [-67.7195861, -29.6173412], [-67.7194389, -29.6174209], [-67.7193472, -29.6175103], [-67.7191806, -29.6175682], [-67.7191111, -29.6175537], [-67.7190472, -29.6174885], [-67.719025, -29.617433], [-67.7190778, -29.61688], [-67.7192806, -29.6165999], [-67.7193222, -29.6165202], [-67.7194194, -29.6164115], [-67.7194944, -29.6163656], [-67.7198306, -29.6163101], [-67.71995, -29.6162207], [-67.7199861, -29.6161483], [-67.7199833, -29.6161193], [-67.7199417, -29.6160759], [-67.7198778, -29.6160517], [-67.7195639, -29.6160107], [-67.719325, -29.615943], [-67.719175, -29.6159334], [-67.7190333, -29.6158972], [-67.7188111, -29.6158658], [-67.7187417, -29.615873], [-67.7186639, -29.6159358], [-67.7186556, -29.6159672], [-67.7186639, -29.6160855], [-67.7186278, -29.616327], [-67.7183944, -29.6167351], [-67.7183194, -29.616839], [-67.7182222, -29.6169283], [-67.7181861, -29.6169283], [-67.7181611, -29.616909], [-67.7181111, -29.6168341], [-67.7180556, -29.6163149], [-67.7180083, -29.6162401], [-67.7179639, -29.6161966], [-67.7179028, -29.6161797], [-67.717725, -29.6161628], [-67.7175861, -29.6161749], [-67.7174639, -29.616269], [-67.7174472, -29.616327], [-67.7175306, -29.6164164], [-67.7176194, -29.6164477], [-67.7176667, -29.6164864], [-67.7176889, -29.6165757], [-67.7176861, -29.6166385], [-67.7173778, -29.6171215], [-67.7173167, -29.6174209], [-67.7172694, -29.617503], [-67.7172, -29.6175707], [-67.7171361, -29.6175972], [-67.7170722, -29.6175827], [-67.7168611, -29.6174354], [-67.716675, -29.6172422], [-67.7166611, -29.6171601], [-67.7166806, -29.6170201], [-67.7167278, -29.6169452], [-67.7167889, -29.6167544], [-67.7167861, -29.6166989], [-67.7167139, -29.6165999], [-67.7166222, -29.6165178], [-67.7165333, -29.6164743], [-67.7163667, -29.6164308], [-67.7162222, -29.6164429], [-67.7160833, -29.616426], [-67.7159194, -29.6162787], [-67.7157389, -29.6161918], [-67.7155083, -29.6159913], [-67.7153111, -29.615873], [-67.7152389, -29.6158851], [-67.7151667, -29.615943], [-67.7151028, -29.6160251], [-67.7150778, -29.6161217], [-67.7150861, -29.6163391], [-67.7152083, -29.6165057], [-67.7152417, -29.6166144], [-67.7152389, -29.6167085], [-67.715175, -29.6168776], [-67.7150083, -29.6170249], [-67.7149028, -29.6170973], [-67.7146972, -29.6171553], [-67.7145889, -29.6171336], [-67.7145083, -29.6170756], [-67.7144806, -29.6170225], [-67.7144861, -29.6168196], [-67.7145472, -29.6167303], [-67.714575, -29.6165009], [-67.7146417, -29.6163149], [-67.7146028, -29.6162352], [-67.7145389, -29.6161749], [-67.71435, -29.6160517], [-67.713975, -29.6159841], [-67.7139278, -29.6159479], [-67.7138667, -29.6158126], [-67.7137333, -29.6156919], [-67.7136444, -29.6156484], [-67.7135361, -29.6156436], [-67.7135, -29.6156557], [-67.713425, -29.6157257], [-67.7133944, -29.6157812], [-67.7133806, -29.6159334], [-67.7134056, -29.6159913], [-67.7134972, -29.6160734], [-67.7136889, -29.616071], [-67.7137556, -29.6161048], [-67.7138222, -29.6161797], [-67.7138417, -29.6162401], [-67.7138083, -29.6162908], [-67.7137444, -29.6163198], [-67.7136056, -29.6163463], [-67.7134028, -29.6162908], [-67.7133333, -29.6163101], [-67.7132583, -29.6163705], [-67.7132083, -29.6164477], [-67.7131222, -29.6166965], [-67.7130472, -29.6167955], [-67.7129556, -29.6170539], [-67.7128556, -29.6172157], [-67.7127667, -29.6172785], [-67.7127333, -29.6172857], [-67.7126722, -29.6172567], [-67.7126222, -29.6172181], [-67.7125444, -29.6171191], [-67.7124306, -29.6170442], [-67.7122, -29.6170466], [-67.7121333, -29.6170732], [-67.7121, -29.6173871], [-67.7121111, -29.6176359], [-67.7120917, -29.6178484], [-67.71205, -29.6180319], [-67.7119972, -29.6181236], [-67.7119167, -29.6181816], [-67.7117583, -29.6180295], [-67.7116667, -29.6178991], [-67.7116167, -29.617858], [-67.7114611, -29.6177518], [-67.7111472, -29.6175972], [-67.710875, -29.6175127], [-67.7107667, -29.617491], [-67.7106611, -29.6174958], [-67.7105861, -29.6175537], [-67.7105778, -29.6175827], [-67.7106278, -29.6176552], [-67.7106861, -29.6176841], [-67.7107444, -29.6177397], [-67.7107222, -29.6178967], [-67.7107417, -29.6180198], [-67.710725, -29.618143], [-67.7107611, -29.6182541], [-67.7107722, -29.6183748], [-67.710825, -29.618481], [-67.7108, -29.618539], [-67.7107417, -29.6185704], [-67.7106056, -29.6185269], [-67.7105361, -29.6184641], [-67.7104417, -29.6183289], [-67.7103111, -29.6182033], [-67.7101528, -29.6181067], [-67.7097694, -29.6179739], [-67.7096972, -29.6179739], [-67.70965, -29.618015], [-67.7096444, -29.618044], [-67.7097, -29.6183144], [-67.7097472, -29.6184279], [-67.7097444, -29.6187829], [-67.7097139, -29.6188384], [-67.70955, -29.6190268], [-67.7093806, -29.6190775], [-67.70935, -29.6190727], [-67.7092306, -29.6189785], [-67.7091139, -29.6188433], [-67.7090444, -29.6187105], [-67.7090194, -29.6185631], [-67.7088944, -29.6183193], [-67.7086444, -29.6181719], [-67.7085722, -29.6181526], [-67.7085, -29.6181526], [-67.7083861, -29.6182154], [-67.7083361, -29.6182613], [-67.7083222, -29.6182879], [-67.7083611, -29.6184424], [-67.7083583, -29.6185052], [-67.7083306, -29.6185583], [-67.70825, -29.6186163], [-67.7082028, -29.618609], [-67.7081528, -29.6185656], [-67.7080917, -29.6184955], [-67.7080056, -29.618341], [-67.7078333, -29.6181671], [-67.7077556, -29.6181116], [-67.7076278, -29.618056], [-67.7074083, -29.6180343], [-67.7073, -29.6180464], [-67.7072, -29.6181236], [-67.7071194, -29.6182227], [-67.7070417, -29.6182806], [-67.7070083, -29.6182879], [-67.7068944, -29.6182685], [-67.7067583, -29.6182082], [-67.7066917, -29.6181454], [-67.7066889, -29.6180874], [-67.7067444, -29.617957], [-67.7067528, -29.6178387], [-67.7068, -29.6177035], [-67.7068806, -29.6172567], [-67.7069306, -29.6171529], [-67.706925, -29.6170949], [-67.7068444, -29.6170056], [-67.7067972, -29.6169694], [-67.7067278, -29.6169597], [-67.7066389, -29.6170515], [-67.7066056, -29.6171456], [-67.7065944, -29.6172688], [-67.7065639, -29.6173678], [-67.7064667, -29.6174813], [-67.7062833, -29.6175127], [-67.7062167, -29.6175006], [-67.7061639, -29.6174644], [-67.7061528, -29.6174378], [-67.7060111, -29.6168559], [-67.7059444, -29.6166675], [-67.7058472, -29.6165902], [-67.7057806, -29.6165661], [-67.7055361, -29.6165298], [-67.7054472, -29.6165757], [-67.7054306, -29.6165999], [-67.7052139, -29.6170756], [-67.7051361, -29.6171336], [-67.7050361, -29.617136], [-67.7049528, -29.6170877], [-67.7049167, -29.6170418], [-67.7048972, -29.6169597], [-67.7047444, -29.6167303], [-67.7045972, -29.6166168], [-67.7046, -29.6165057], [-67.7044889, -29.6162835], [-67.7043361, -29.6161266], [-67.7042556, -29.6160855], [-67.7041472, -29.6160928], [-67.7040333, -29.6161628], [-67.7039472, -29.6163029], [-67.7039, -29.6164526], [-67.7037917, -29.6165854], [-67.7035306, -29.6166603], [-67.7034139, -29.6167351], [-67.7031861, -29.6168317], [-67.702975, -29.6169766], [-67.7027472, -29.6170587], [-67.7024611, -29.6171046], [-67.7022222, -29.617177], [-67.7020972, -29.6171215], [-67.7019639, -29.6169983], [-67.7018833, -29.6168559], [-67.701775, -29.616525], [-67.7017611, -29.6163656], [-67.7017194, -29.6162859], [-67.7015528, -29.6161531], [-67.7015083, -29.6160445], [-67.7014389, -29.6159817], [-67.7013, -29.6159479], [-67.7009917, -29.6158102], [-67.7008778, -29.6156919], [-67.7008028, -29.6155567], [-67.7008, -29.6155011], [-67.7008361, -29.615361], [-67.7008806, -29.6153224], [-67.7010028, -29.6152717], [-67.7011917, -29.6151075], [-67.7012806, -29.6149819], [-67.7012861, -29.614895], [-67.7012056, -29.6147308], [-67.7010972, -29.6146197], [-67.7008889, -29.6144603], [-67.7002861, -29.6138976], [-67.7002472, -29.6136006], [-67.700175, -29.6134025], [-67.7001333, -29.613318], [-67.6998722, -29.612951], [-67.6998111, -29.6128133], [-67.6998111, -29.6127264], [-67.6997028, -29.6124728], [-67.6997222, -29.6123907], [-67.6998972, -29.6121951], [-67.6999278, -29.6121419], [-67.6999139, -29.6120864], [-67.6998583, -29.6120188], [-67.6997444, -29.6119487], [-67.6996417, -29.6119149], [-67.6995, -29.6118884], [-67.6993417, -29.6118884], [-67.6990861, -29.6119343], [-67.6987333, -29.6120526], [-67.6985556, -29.6121806], [-67.6983944, -29.6121757], [-67.6983667, -29.6121613], [-67.6982972, -29.6120961], [-67.6982278, -29.6119777], [-67.6981806, -29.6118546], [-67.6980889, -29.6117724], [-67.6980472, -29.6117241], [-67.6980417, -29.6116952], [-67.6980444, -29.6116372], [-67.6980667, -29.6115865], [-67.6982139, -29.6114464], [-67.69825, -29.6112146], [-67.6981889, -29.6111059], [-67.6979222, -29.6109103], [-67.6977917, -29.6107823], [-67.6976944, -29.6105674], [-67.6976694, -29.610548], [-67.6976, -29.6105649], [-67.6972778, -29.6107726], [-67.6971694, -29.6107751], [-67.6968972, -29.6106833], [-67.6965, -29.6105239], [-67.6963139, -29.6103862], [-67.6962611, -29.6103065], [-67.6961028, -29.6101568], [-67.69585, -29.6100288], [-67.6957722, -29.6100071], [-67.6955278, -29.6100385], [-67.6952972, -29.6099515], [-67.6951333, -29.6098115], [-67.694875, -29.6094975], [-67.6948944, -29.6092995], [-67.6948889, -29.6092681], [-67.6948472, -29.6092222], [-67.6946194, -29.6090411], [-67.6945361, -29.6089928], [-67.6943083, -29.608971], [-67.6942444, -29.6089517], [-67.6942, -29.6089107], [-67.6941222, -29.608773], [-67.6939556, -29.6086691], [-67.6937556, -29.6086015], [-67.6934889, -29.6086257], [-67.6931583, -29.6087561], [-67.6930111, -29.608843], [-67.6929417, -29.6088672], [-67.6926639, -29.6091039], [-67.6926139, -29.6091618], [-67.6925972, -29.6092174], [-67.6925583, -29.6092705], [-67.6924333, -29.609355], [-67.6922556, -29.609442], [-67.6921083, -29.6095627], [-67.6920694, -29.609611], [-67.6919944, -29.6097825], [-67.6918972, -29.6098912], [-67.6918417, -29.6099274], [-67.6916306, -29.6099274], [-67.6914972, -29.6099515], [-67.6911806, -29.6101302], [-67.6910917, -29.6102196], [-67.6909861, -29.6102945], [-67.6906389, -29.6104442], [-67.6905056, -29.6105432], [-67.6904, -29.6106881], [-67.6902361, -29.6108016], [-67.6900611, -29.6108451], [-67.6898167, -29.6109779], [-67.6896833, -29.6110238], [-67.6893639, -29.6110286], [-67.6892639, -29.6110504], [-67.6890472, -29.6111446], [-67.6888694, -29.6111735], [-67.6888056, -29.6111542], [-67.6887528, -29.611118], [-67.6886833, -29.611118], [-67.6884528, -29.6112315], [-67.6882861, -29.6112846], [-67.6880722, -29.6112315], [-67.6879028, -29.611275], [-67.6878306, -29.6112774], [-67.687725, -29.6112532], [-67.6877028, -29.6112339], [-67.6876389, -29.6110697], [-67.6875667, -29.6110141], [-67.6873806, -29.6110286], [-67.6873194, -29.6110649], [-67.6872556, -29.6111397], [-67.687225, -29.6111566], [-67.6871556, -29.611159], [-67.6870917, -29.6111373], [-67.6868944, -29.6110166], [-67.686675, -29.6108427], [-67.6865833, -29.6107582], [-67.6865056, -29.6106277], [-67.6863806, -29.6104756], [-67.6862861, -29.6103283], [-67.6860556, -29.6101834], [-67.6859861, -29.6101182], [-67.6859278, -29.6098767], [-67.685825, -29.6096641], [-67.6857722, -29.6095893], [-67.685725, -29.6094468], [-67.6853083, -29.6091522], [-67.6851972, -29.609128], [-67.6850889, -29.6091256], [-67.6849167, -29.6091811], [-67.6847028, -29.609198], [-67.6844111, -29.6090918], [-67.6841889, -29.6090628], [-67.6840639, -29.6090097], [-67.6839167, -29.6089831], [-67.6838444, -29.609], [-67.6837278, -29.609058], [-67.6834972, -29.6090411], [-67.6834139, -29.6089952], [-67.6833139, -29.6089831], [-67.6832389, -29.609], [-67.6830861, -29.60907], [-67.6829778, -29.60907], [-67.6827361, -29.6089034], [-67.6826778, -29.6088044], [-67.6826417, -29.6085242], [-67.6826, -29.6084784], [-67.6825167, -29.6084301], [-67.6824444, -29.6084156], [-67.6824167, -29.6084325], [-67.6823972, -29.608459], [-67.6823917, -29.608517], [-67.6823389, -29.6086015], [-67.6822472, -29.6086547], [-67.682175, -29.6086522], [-67.68205, -29.6085967], [-67.6819083, -29.6086305], [-67.6818333, -29.6086305], [-67.6817028, -29.6085895], [-67.6816306, -29.6085484], [-67.6815278, -29.6084759], [-67.6813444, -29.6082972], [-67.6811389, -29.608261], [-67.6809639, -29.6082586], [-67.6808972, -29.6082779], [-67.6807639, -29.6083697], [-67.6806083, -29.6084421], [-67.6803583, -29.6086378], [-67.6801556, -29.6087054], [-67.6800917, -29.6087005], [-67.6800139, -29.6086426], [-67.6799167, -29.608488], [-67.6798528, -29.6084204], [-67.6797778, -29.6083962], [-67.6794944, -29.6083673], [-67.6793639, -29.6083117], [-67.6793139, -29.6082682], [-67.6792139, -29.6081451], [-67.6791361, -29.6079495], [-67.6790167, -29.6077732], [-67.6790111, -29.607691], [-67.6789583, -29.6075196], [-67.6788194, -29.6074037], [-67.6785917, -29.607365], [-67.678325, -29.6073457], [-67.6781222, -29.6072877], [-67.6780028, -29.6072853], [-67.6778667, -29.607307], [-67.6777639, -29.6072974], [-67.6776583, -29.6072298], [-67.6776333, -29.6070873], [-67.6775917, -29.6070341], [-67.6774667, -29.6069858], [-67.6773222, -29.6069762], [-67.6771472, -29.6069375], [-67.6767472, -29.6068892], [-67.6767083, -29.6068917], [-67.6765333, -29.6069883], [-67.6764639, -29.606981], [-67.6763944, -29.6069448], [-67.6762472, -29.6068264], [-67.6760028, -29.6067757], [-67.6759528, -29.6067395], [-67.6758111, -29.6063917], [-67.6756611, -29.6061816], [-67.6755538, -29.6061162], [-67.675561, -29.8819719], [-67.6755669, -30.2004333], [-67.6743499, -30.2012417], [-67.6742649, -30.2012979], [-67.6703239, -30.203877], [-67.6716671, -30.2049013], [-67.6720961, -30.2052284], [-67.672308, -30.2053899], [-67.6727537, -30.2057132], [-67.6747871, -30.2072399], [-67.6748967, -30.2073218], [-67.6750074, -30.2074045], [-67.6760324, -30.2081702], [-67.6764998, -30.2085257], [-67.6769966, -30.2088828], [-67.6781723, -30.2096823], [-67.6801092, -30.210989], [-67.6860392, -30.2150916], [-67.7487765, -30.1728943], [-67.9096156, -30.2545172], [-67.9295743, -30.2431121], [-67.9618884, -30.226955], [-67.9789979, -30.2174501], [-68.0113125, -30.2003426], [-68.0246115, -30.1775392], [-68.0360286, -30.1556594], [-68.0559809, -30.119568], [-68.0997014, -30.0444715], [-68.1291649, -29.9893469], [-68.1434194, -29.9636875], [-68.150075, -29.9513306], [-68.1516858, -29.9397462], [-68.1502261, -29.9174033], [-68.1477391, -29.8902292], [-68.1479276, -29.8903113], [-68.1484389, -29.8902533], [-68.1492385, -29.8895627], [-68.1500335, -29.8891083], [-68.1508037, -29.888693], [-68.1511418, -29.8883271], [-68.1515553, -29.8880721], [-68.1517579, -29.8874628], [-68.15182, -29.8870501], [-68.152, -29.8869], [-68.1528474, -29.8866068], [-68.1537138, -29.8863682], [-68.154949, -29.8861742], [-68.1557931, -29.886], [-68.1564208, -29.8859461], [-68.1566732, -29.8859926], [-68.1571166, -29.886108], [-68.1575599, -29.8862541], [-68.1579865, -29.8863437], [-68.1584574, -29.8863082], [-68.1587622, -29.8862556], [-68.158947, -29.8861198], [-68.1591539, -29.8858664], [-68.1593304, -29.8855929], [-68.1594785, -29.8851843], [-68.1597845, -29.8846213], [-68.1598866, -29.8842954], [-68.1598843, -29.8839419], [-68.1598215, -29.8836605], [-68.159664, -29.8833279], [-68.1596301, -29.8829558], [-68.1596667, -29.8824349], [-68.1596283, -29.8819558], [-68.1595118, -29.8814911], [-68.1592758, -29.881193], [-68.1591784, -29.8808233], [-68.1591863, -29.8803244], [-68.1592117, -29.8797727], [-68.159396, -29.8791433], [-68.1596813, -29.8787216], [-68.1598669, -29.8782968], [-68.1600026, -29.8781914], [-68.1601919, -29.8781278], [-68.1605134, -29.8780209], [-68.1608913, -29.877886], [-68.1611688, -29.8777906], [-68.1614187, -29.8777861], [-68.1619288, -29.8777699], [-68.1623303, -29.8779804], [-68.162684, -29.8778655], [-68.1629718, -29.8774513], [-68.1633801, -29.8770053], [-68.1636877, -29.8764825], [-68.1638605, -29.8759154], [-68.1640398, -29.8754733], [-68.1642236, -29.8751387], [-68.1644509, -29.8748285], [-68.1647151, -29.8746733], [-68.1649948, -29.8742435], [-68.1650896, -29.8737817], [-68.1650762, -29.8729138], [-68.1649767, -29.8722703], [-68.1648407, -29.8717412], [-68.1648858, -29.8714258], [-68.1648019, -29.8710308], [-68.1644776, -29.8704863], [-68.1642891, -29.8697909], [-68.1641703, -29.8692455], [-68.1642094, -29.8687377], [-68.164267, -29.8684383], [-68.1642113, -29.8680656], [-68.164132, -29.8675223], [-68.163988, -29.8670679], [-68.163731, -29.866725], [-68.1629533, -29.8662145], [-68.1625536, -29.8658224], [-68.1621035, -29.8653946], [-68.1615873, -29.8647159], [-68.1613788, -29.8640633], [-68.1614376, -29.8633269], [-68.1617405, -29.8626572], [-68.1622653, -29.8624555], [-68.1635273, -29.8624297], [-68.1640979, -29.8624641], [-68.1650785, -29.8622435], [-68.1663767, -29.8617602], [-68.1673261, -29.8613343], [-68.1684022, -29.8609202], [-68.1694437, -29.8604533], [-68.1705289, -29.8600015], [-68.1723623, -29.8596744], [-68.1742915, -29.8592], [-68.1755923, -29.8587632], [-68.1767859, -29.8586428], [-68.1775008, -29.8586279], [-68.1782422, -29.8582412], [-68.1789789, -29.8576443], [-68.1798222, -29.8567718], [-68.1804862, -29.8561932], [-68.1809541, -29.8553022], [-68.1813111, -29.8541906], [-68.1818, -29.8528], [-68.1818176, -29.8516407], [-68.1819015, -29.850726], [-68.1821678, -29.8500533], [-68.1828356, -29.8494533], [-68.1832332, -29.8490551], [-68.1839721, -29.8487162], [-68.184282, -29.8481744], [-68.1844381, -29.8475268], [-68.1841387, -29.8468464], [-68.183915, -29.846206], [-68.183864, -29.8452812], [-68.183585, -29.844144], [-68.1837459, -29.8434418], [-68.1835797, -29.8427298], [-68.1831529, -29.8421604], [-68.1830455, -29.8418885], [-68.1831975, -29.8412804], [-68.1833172, -29.8404303], [-68.1835582, -29.8398058], [-68.1840138, -29.8392745], [-68.1846024, -29.838756], [-68.1847785, -29.8382584], [-68.1849826, -29.8373636], [-68.1850892, -29.8366573], [-68.1853092, -29.8356735], [-68.1856366, -29.8345944], [-68.1855229, -29.8340572], [-68.1850001, -29.8336443], [-68.1847387, -29.833534], [-68.1844724, -29.8334468], [-68.1843171, -29.8331244], [-68.1840275, -29.8325855], [-68.1837677, -29.8321439], [-68.1836658, -29.8314107], [-68.1834687, -29.8307276], [-68.1835303, -29.8300241], [-68.1836165, -29.8294044], [-68.1836905, -29.8285258], [-68.1838704, -29.8281772], [-68.184, -29.8278], [-68.1841913, -29.8273743], [-68.1841, -29.8265], [-68.183909, -29.8260225], [-68.1835, -29.825], [-68.1831712, -29.824145], [-68.183, -29.8237], [-68.1823234, -29.8227696], [-68.1822, -29.8226], [-68.1818, -29.8206], [-68.1821, -29.8192], [-68.1826151, -29.8179789], [-68.1830726, -29.8172684], [-68.1833036, -29.8165789], [-68.1835461, -29.8159578], [-68.1834602, -29.8150455], [-68.1831753, -29.8141211], [-68.1831611, -29.8132194], [-68.183489, -29.8123254], [-68.1840434, -29.8115789], [-68.1847, -29.8112], [-68.1850539, -29.8105313], [-68.1851601, -29.8096341], [-68.1856343, -29.8084054], [-68.1859175, -29.8073089], [-68.1859316, -29.8066133], [-68.1856839, -29.805553], [-68.1855494, -29.804763], [-68.1856295, -29.8034884], [-68.1857946, -29.8021647], [-68.1863813, -29.801144], [-68.1867991, -29.8003317], [-68.1873018, -29.7992737], [-68.1875629, -29.7988228], [-68.1886372, -29.7980763], [-68.1895982, -29.7976491], [-68.1901237, -29.79719], [-68.1905522, -29.7965183], [-68.1908813, -29.7956226], [-68.1915229, -29.7944857], [-68.1917415, -29.793395], [-68.1916389, -29.7926066], [-68.1917521, -29.7916714], [-68.1921211, -29.791184], [-68.1922332, -29.7907072], [-68.1923247, -29.7898526], [-68.1923638, -29.7890937], [-68.1926211, -29.7884789], [-68.1930519, -29.7876584], [-68.1934741, -29.7869819], [-68.1934223, -29.7866876], [-68.1933924, -29.7863917], [-68.1933078, -29.7860717], [-68.1934183, -29.7857788], [-68.1938393, -29.7854551], [-68.1943187, -29.7853793], [-68.1946708, -29.7853034], [-68.1947607, -29.785259], [-68.1951699, -29.7848017], [-68.1956576, -29.7842837], [-68.1971531, -29.7828559], [-68.1984413, -29.7815247], [-68.1989701, -29.7810774], [-68.2005228, -29.7809434], [-68.2023263, -29.7817237], [-68.2050856, -29.7839956], [-68.2059644, -29.7841384], [-68.2071434, -29.7837034], [-68.2086, -29.7837], [-68.2089437, -29.7833673], [-68.20913, -29.7831212], [-68.2101718, -29.7831], [-68.2116583, -29.7831794], [-68.21225, -29.7832734], [-68.2127223, -29.7834686], [-68.2151667, -29.7835651], [-68.2171389, -29.783999], [-68.2187223, -29.7848187], [-68.2220834, -29.7842642], [-68.2241667, -29.7834204], [-68.2261667, -29.7823355], [-68.2286389, -29.7802139], [-68.2323889, -29.7788156], [-68.2365556, -29.7790567], [-68.2451111, -29.7814917], [-68.2477778, -29.7820703], [-68.2498611, -29.7821427], [-68.2515556, -29.7817569], [-68.2519723, -29.7813471], [-68.2538611, -29.7806961], [-68.2550278, -29.7782369], [-68.2550834, -29.77409], [-68.2554445, -29.7724022], [-68.2563056, -29.7702804], [-68.2566389, -29.7681826], [-68.2573056, -29.7666877], [-68.2585834, -29.7647586], [-68.2598611, -29.7636253], [-68.2611945, -29.7627331], [-68.2654723, -29.7610693], [-68.2664723, -29.760177], [-68.2678056, -29.7585614], [-68.2678962, -29.7570566], [-68.2665573, -29.7543884], [-68.2663595, -29.7531732], [-68.2623124, -29.7491841], [-68.2609917, -29.7485148], [-68.26005, -29.7476538], [-68.2585451, -29.7469194], [-68.2584888, -29.7468842]]]}, "properties": {"osm_id": 8785216, "name": "Parques Naturales de Ischigualasto / Talampaya", "match": "Parque Provincial Ischigualasto", "protect_class": "98", "boundary": "protected_area"}}, {"type": "Feature", "geometry": {"type": "Polygon", "coordinates": [[[-68.277331, -47.835231], [-68.277459, -47.790262], [-68.304151, -47.790294], [-68.304339, -47.709348], [-68.291013, -47.709334], [-68.291048, -47.695843], [-68.277726, -47.695826], [-68.277764, -47.682335], [-68.264445, -47.682318], [-68.26449, -47.667478], [-68.1579788, -47.66728], [-68.1575765, -47.7450823], [-67.9969476, -47.7445689], [-67.9575611, -47.744443], [-67.9580846, -47.685385], [-67.9580893, -47.6852077], [-67.9583648, -47.6545506], [-68.0909953, -47.6549703], [-68.1447301, -47.6551403], [-68.14485, -47.632665], [-68.124883, -47.6326156], [-68.125416, -47.538632], [-68.092211, -47.538541], [-68.092256, -47.531346], [-68.025856, -47.531135], [-68.02589, -47.526638], [-67.994168, -47.508536], [-67.959656, -47.508402], [-67.959557, -47.519644], [-67.942961, -47.519576], [-67.942551, -47.564545], [-67.925941, -47.564474], [-67.925728, -47.586958], [-67.901893, -47.586853], [-67.901763, -47.599902], [-67.892362, -47.599859], [-67.892039, -47.6317795], [-67.859333, -47.631129], [-67.847304, -47.638973], [-67.862613, -47.657896], [-67.863106, -47.658019], [-67.854233, -47.687017], [-67.855326, -47.688081], [-67.856873, -47.694782], [-67.854252, -47.700775], [-67.865806, -47.726088], [-67.867828, -47.727361], [-67.87696, -47.773874], [-67.809468, -47.788868], [-67.92384, -47.789246], [-67.944554, -47.789336], [-67.945036, -47.765491], [-67.971712, -47.765733], [-67.971268, -47.788215], [-67.976643, -47.78947], [-68.057252, -47.7897639], [-68.057093, -47.812251], [-68.088469, -47.812347], [-68.08834, -47.832133], [-68.090344, -47.832139], [-68.090326, -47.834837], [-68.277331, -47.835231]]]}, "properties": {"osm_id": 9946782, "name": "Parque Nacional Bosques Petrificados de Jaramillo", "match": null, "protect_class": "2", "boundary": "protected_area"}}, {"type": "Feature", "geometry": {"type": "MultiPolygon", "coordinates": [[[[-64.4970972, -42.464048], [-64.4946127, -42.4643864], [-64.4942233, -42.4644139], [-64.4937432, -42.4644423], [-64.4725359, -42.4658666], [-64.4594776, -42.4667267], [-64.4306008, -42.4685492], [-64.4302796, -42.4685695], [-64.4147708, -42.4694649], [-64.4129163, -42.4695569], [-64.41145, -42.469496], [-64.410048, -42.4693721], [-64.3880557, -42.4672035], [-64.3869123, -42.4671279], [-64.3858335, -42.4671174], [-64.384836, -42.4671675], [-64.3723176, -42.4683487], [-64.3711339, -42.4684872], [-64.3701434, -42.4686795], [-64.3692827, -42.4689677], [-64.3683868, -42.4693656], [-64.3676177, -42.4698328], [-64.1075978, -42.464374], [-64.1030446, -42.4611538], [-64.1025913, -42.4608332], [-64.1014574, -42.4600694], [-64.100225, -42.459333], [-64.0978802, -42.4579081], [-64.097227, -42.4574808], [-64.0965492, -42.4570262], [-64.0960193, -42.4566716], [-64.0750462, -42.4400544], [-64.0748242, -42.4398785], [-64.0747289, -42.4398031], [-64.0719202, -42.4375814], [-64.0670548, -42.4337325], [-64.0648493, -42.4319878], [-64.0539531, -42.4233724], [-64.053896, -42.4233295], [-64.0498714, -42.4201095], [-64.04941, -42.419687], [-64.0488321, -42.4191578], [-64.0480446, -42.4183896], [-64.0466384, -42.4167701], [-64.0443743, -42.4141642], [-64.0419009, -42.4113662], [-64.0384005, -42.4074388], [-64.0378072, -42.4066315], [-64.0374697, -42.4059358], [-64.0372046, -42.4053165], [-64.0360212, -42.401938], [-64.0348055, -42.3986486], [-64.0343478, -42.3974986], [-64.034165, -42.3969794], [-64.0340384, -42.3966367], [-64.0338206, -42.3962424], [-64.0335322, -42.3959097], [-64.0328946, -42.3953125], [-64.0305789, -42.3932496], [-64.0304747, -42.3931567], [-64.0094699, -42.3757983], [-63.9931, -42.3633261], [-63.992008, -42.3625391], [-63.9913806, -42.3621628], [-63.998706, -42.2873439], [-64.0032095, -42.241517], [-64.1017088, -42.2415281], [-64.1022393, -42.2510654], [-64.101609, -42.2509046], [-64.100984, -42.2507259], [-64.1004261, -42.2505731], [-64.0999782, -42.2505433], [-64.0994015, -42.2506148], [-64.0981758, -42.250853], [-64.0968078, -42.251266], [-64.095102, -42.2518616], [-64.0940183, -42.2523023], [-64.0930796, -42.2527232], [-64.0925646, -42.2529436], [-64.0923581, -42.253017], [-64.0921408, -42.2530309], [-64.0907058, -42.253017], [-64.0904644, -42.253025], [-64.0901721, -42.2531044], [-64.088324, -42.2541487], [-64.0869319, -42.25505], [-64.086138, -42.2556456], [-64.0858242, -42.2558719], [-64.0855345, -42.2560724], [-64.0849283, -42.2564595], [-64.084526, -42.2567295], [-64.0831473, -42.2577003], [-64.0818089, -42.2588258], [-64.0812913, -42.2593142], [-64.0807119, -42.2598283], [-64.0802023, -42.260275], [-64.0794137, -42.2609519], [-64.0789792, -42.261208], [-64.0786359, -42.2612834], [-64.0781933, -42.2612119], [-64.0777588, -42.2610214], [-64.0773672, -42.2609122], [-64.0769488, -42.2608904], [-64.0764874, -42.2609618], [-64.0756238, -42.261202], [-64.0747547, -42.2615712], [-64.0740332, -42.2620238], [-64.0730918, -42.2627642], [-64.0719974, -42.263856], [-64.0708441, -42.2651422], [-64.0700716, -42.2660752], [-64.0685669, -42.2679211], [-64.0674672, -42.2694077], [-64.0671507, -42.2698206], [-64.0667108, -42.2703088], [-64.0659249, -42.2711285], [-64.0645033, -42.2727858], [-64.0640795, -42.2731708], [-64.0636316, -42.2734923], [-64.0632829, -42.2737285], [-64.0630361, -42.27379], [-64.0627894, -42.2737801], [-64.0612364, -42.2733475], [-64.0607107, -42.2734904], [-64.0599918, -42.2739746], [-64.0568161, -42.2788329], [-64.0537691, -42.2834685], [-64.0516234, -42.2878102], [-64.049542, -42.2919452], [-64.0480507, -42.2959053], [-64.0464521, -42.3012777], [-64.0452397, -42.3060704], [-64.0444136, -42.3110849], [-64.0444136, -42.3137506], [-64.0447033, -42.315734], [-64.0448374, -42.3160117], [-64.0450251, -42.3162893], [-64.0456206, -42.3168447], [-64.0467954, -42.3173405], [-64.0476751, -42.3173802], [-64.048056, -42.3176578], [-64.0483564, -42.3180267], [-64.0482116, -42.3185582], [-64.0482062, -42.3187843], [-64.0483511, -42.3191056], [-64.0484369, -42.3193753], [-64.048512, -42.3197204], [-64.0484852, -42.3201845], [-64.0485013, -42.3203431], [-64.0486997, -42.3206129], [-64.048807, -42.3208905], [-64.0486461, -42.3211523], [-64.0485066, -42.3216203], [-64.0486193, -42.3222827], [-64.0487373, -42.3226436], [-64.048925, -42.3229887], [-64.0488392, -42.323536], [-64.0490431, -42.3239445], [-64.049601, -42.3243015], [-64.0509499, -42.3248799], [-64.0515429, -42.3253604], [-64.0523797, -42.3257729], [-64.0526104, -42.3262013], [-64.0538603, -42.3264551], [-64.0548044, -42.3261775], [-64.0560114, -42.3259038], [-64.0569234, -42.3260783], [-64.0577817, -42.3262964], [-64.0580338, -42.3265066], [-64.0581948, -42.326816], [-64.0581411, -42.3268675], [-64.0580714, -42.3274109], [-64.0585649, -42.3279265], [-64.0588439, -42.3282834], [-64.0593696, -42.3290329], [-64.05967, -42.3292907], [-64.060024, -42.3298023], [-64.0609038, -42.330306], [-64.0620786, -42.330766], [-64.0625399, -42.3307581], [-64.0632802, -42.3306748], [-64.0640634, -42.3307739], [-64.0645301, -42.3307581], [-64.065131, -42.3307065], [-64.0657586, -42.3305558], [-64.0665418, -42.3301196], [-64.0674484, -42.3296556], [-64.0683228, -42.3295009], [-64.0684247, -42.3299134], [-64.0681458, -42.3303853], [-64.0679151, -42.3306748], [-64.0681082, -42.3308493], [-64.0684354, -42.3312815], [-64.0686822, -42.3315512], [-64.0690148, -42.3317098], [-64.0692079, -42.331924], [-64.0690684, -42.332154], [-64.0691865, -42.3325585], [-64.0695834, -42.3328202], [-64.0699589, -42.3332644], [-64.0697765, -42.3333913], [-64.0690799, -42.3334399], [-64.0675771, -42.3334547], [-64.0674698, -42.3334706], [-64.0665364, -42.333542], [-64.066, -42.3337164], [-64.0650773, -42.3338989], [-64.0642727, -42.3336213], [-64.0638328, -42.333423], [-64.0629315, -42.3333992], [-64.0622664, -42.3335102], [-64.0615261, -42.3337958], [-64.0604639, -42.3343351], [-64.0598631, -42.3345333], [-64.0585435, -42.3348268], [-64.057771, -42.3355168], [-64.0576315, -42.3358182], [-64.0572667, -42.3360085], [-64.0561187, -42.3362226], [-64.056108, -42.3367064], [-64.0561509, -42.3373091], [-64.056226, -42.3378167], [-64.0560651, -42.3385305], [-64.05568, -42.3392099], [-64.0551424, -42.3392283], [-64.0544987, -42.3399579], [-64.0541017, -42.340069], [-64.0527392, -42.3403862], [-64.0525782, -42.3406161], [-64.0522885, -42.3411792], [-64.0515804, -42.3414964], [-64.0513229, -42.3413933], [-64.0510118, -42.3414409], [-64.0505934, -42.3416867], [-64.05019, -42.34183], [-64.0490592, -42.3415281], [-64.0487802, -42.3414567], [-64.0477932, -42.3413457], [-64.0472245, -42.3414805], [-64.0466452, -42.3416312], [-64.0461731, -42.3416867], [-64.0453577, -42.3415598], [-64.044714, -42.3421149], [-64.0444887, -42.342559], [-64.0440059, -42.3430586], [-64.0435445, -42.3441609], [-64.0430296, -42.344827], [-64.0421927, -42.3465477], [-64.0419352, -42.3481732], [-64.0419781, -42.3489424], [-64.0420425, -42.3496005], [-64.0424073, -42.3505599], [-64.0430725, -42.351781], [-64.0431798, -42.3527324], [-64.0435231, -42.3530179], [-64.0440166, -42.3534222], [-64.044199, -42.3544609], [-64.0441668, -42.3551506], [-64.0438771, -42.3558166], [-64.0439308, -42.3562051], [-64.0441775, -42.356768], [-64.0447998, -42.3572437], [-64.0452799, -42.3584301], [-64.0459478, -42.3588927], [-64.04668, -42.3595599], [-64.0471816, -42.3600026], [-64.0475249, -42.3609064], [-64.047482, -42.3614851], [-64.0474284, -42.3629359], [-64.048233, -42.3637524], [-64.0488768, -42.364553], [-64.0491557, -42.364886], [-64.0493167, -42.3652506], [-64.0492737, -42.3656549], [-64.049145, -42.3661068], [-64.0493059, -42.3666141], [-64.049542, -42.3670342], [-64.0497244, -42.3676367], [-64.050014, -42.3689763], [-64.0503359, -42.3695708], [-64.0505076, -42.3716237], [-64.0510599, -42.37352], [-64.0525675, -42.377164], [-64.0535438, -42.3787412], [-64.0541339, -42.3800013], [-64.05465, -42.3807999], [-64.0552497, -42.3814675], [-64.0559793, -42.3823868], [-64.0565801, -42.3827672], [-64.0573526, -42.3830129], [-64.0583503, -42.3837499], [-64.05957, -42.38473], [-64.0603352, -42.3848594], [-64.0610325, -42.3848911], [-64.062717, -42.3849624], [-64.0637577, -42.3850099], [-64.064616, -42.384899], [-64.0650022, -42.3848435], [-64.0661824, -42.3852714], [-64.0670943, -42.3851684], [-64.0676844, -42.3853111], [-64.0679526, -42.3854458], [-64.0681887, -42.3858658], [-64.0689182, -42.3867216], [-64.0695727, -42.3872288], [-64.0706349, -42.3878548], [-64.0720403, -42.3893366], [-64.0731501, -42.3899901], [-64.0738106, -42.3903271], [-64.074465, -42.3905569], [-64.0746474, -42.3909452], [-64.0753234, -42.3911195], [-64.0760958, -42.3912463], [-64.0769863, -42.3912542], [-64.0772116, -42.3917059], [-64.0772867, -42.3920229], [-64.0789712, -42.3937106], [-64.0814281, -42.3962302], [-64.08246, -42.3974799], [-64.0833056, -42.3977832], [-64.0842283, -42.3986468], [-64.0848506, -42.3988369], [-64.08578, -42.3991201], [-64.0863633, -42.3992806], [-64.0867818, -42.3994153], [-64.0876079, -42.3996371], [-64.0883589, -42.3996768], [-64.0903759, -42.4000412], [-64.0909767, -42.4001125], [-64.0916956, -42.4005562], [-64.0923901, -42.40098], [-64.0929723, -42.4015148], [-64.0940559, -42.4025685], [-64.0945602, -42.4028537], [-64.0956223, -42.4032815], [-64.0969401, -42.4038901], [-64.0975535, -42.4039153], [-64.0983689, -42.4043273], [-64.0987229, -42.4045887], [-64.099431, -42.4054047], [-64.0999353, -42.4061969], [-64.1002464, -42.4066088], [-64.1006649, -42.407298], [-64.1015768, -42.4087952], [-64.1025317, -42.4098805], [-64.1032505, -42.4104429], [-64.1036399, -42.41088], [-64.1044843, -42.4116787], [-64.1050315, -42.4119955], [-64.1054607, -42.4123995], [-64.1058898, -42.4130966], [-64.1059005, -42.4134134], [-64.10613, -42.4142], [-64.1067159, -42.4147045], [-64.1071701, -42.41521], [-64.1075742, -42.4157184], [-64.1078425, -42.4158768], [-64.108454, -42.4163362], [-64.1089153, -42.4170253], [-64.1101062, -42.4183876], [-64.1110182, -42.4190925], [-64.1118336, -42.4205182], [-64.1128099, -42.421326], [-64.113282, -42.4222448], [-64.1133463, -42.4227437], [-64.1139364, -42.4229892], [-64.1144621, -42.4234011], [-64.1148806, -42.4239396], [-64.1154814, -42.4246524], [-64.1157818, -42.4247949], [-64.1167045, -42.4250959], [-64.1173482, -42.4253968], [-64.1180349, -42.4256582], [-64.1182602, -42.4258878], [-64.1180563, -42.4263947], [-64.1183138, -42.4269411], [-64.1187859, -42.4271787], [-64.1198802, -42.4282003], [-64.1206205, -42.428723], [-64.1214466, -42.4292456], [-64.1225088, -42.4297445], [-64.1238767, -42.4299979], [-64.1246867, -42.4299623], [-64.125309, -42.4299187], [-64.1258562, -42.4298079], [-64.1265214, -42.4295941], [-64.1269237, -42.4294159], [-64.127031, -42.4292219], [-64.126972, -42.4290397], [-64.1268003, -42.4288972], [-64.1267, -42.4287099], [-64.12647, -42.4283699], [-64.1263282, -42.4281607], [-64.1265053, -42.4281171], [-64.1267145, -42.4281488], [-64.1269988, -42.4282795], [-64.1277713, -42.4286161], [-64.1281253, -42.4287467], [-64.1288924, -42.4289447], [-64.1299063, -42.4290952], [-64.1310436, -42.4291387], [-64.1313332, -42.4291823], [-64.1318429, -42.4292575], [-64.1323632, -42.4292456], [-64.1327977, -42.4291546], [-64.1332644, -42.4289962], [-64.1342729, -42.4288259], [-64.1345948, -42.4287507], [-64.135142, -42.4286438], [-64.1356301, -42.42862], [-64.1360539, -42.42862], [-64.1366118, -42.4286002], [-64.1382372, -42.4285171], [-64.1396803, -42.4283745], [-64.140265, -42.4282161], [-64.1405761, -42.4280498], [-64.1408551, -42.4277925], [-64.1409892, -42.4275549], [-64.1410911, -42.4272341], [-64.1413164, -42.4267431], [-64.1414613, -42.4265887], [-64.1415632, -42.4263155], [-64.141472, -42.4260304], [-64.1413325, -42.4258799], [-64.141252, -42.4255671], [-64.1414988, -42.4253493], [-64.1418368, -42.4254602], [-64.1422445, -42.4255513], [-64.1429955, -42.4255275], [-64.14343, -42.4254602], [-64.1441381, -42.4251197], [-64.1444814, -42.4248662], [-64.144873, -42.4245534], [-64.1451573, -42.4244108], [-64.145447, -42.4244465], [-64.1457045, -42.4244623], [-64.1463161, -42.4243396], [-64.1465575, -42.4243], [-64.1471475, -42.4241337], [-64.1475391, -42.4239475], [-64.1481614, -42.4237218], [-64.148553, -42.4235436], [-64.1491914, -42.4231476], [-64.1495991, -42.423009], [-64.1500014, -42.4229496], [-64.1504198, -42.4229694], [-64.1508597, -42.4230526], [-64.1516268, -42.4230447], [-64.1526943, -42.4230249], [-64.1535527, -42.4230882], [-64.15528, -42.4230922], [-64.1572326, -42.4231318], [-64.1589493, -42.4230447], [-64.1599792, -42.4228586], [-64.160564, -42.4226645], [-64.1614759, -42.422225], [-64.1619372, -42.421726], [-64.1621518, -42.4216864], [-64.162522, -42.4216151], [-64.1628921, -42.4215914], [-64.1633642, -42.421631], [-64.1643888, -42.4218646], [-64.1655, -42.42195], [-64.1667491, -42.4218369], [-64.1673875, -42.4216983], [-64.1685516, -42.4213934], [-64.1693777, -42.4210092], [-64.1699249, -42.4206014], [-64.1703433, -42.420245], [-64.170472, -42.4200588], [-64.1704989, -42.4198054], [-64.1705149, -42.4195915], [-64.1703755, -42.4193341], [-64.1701502, -42.4190886], [-64.1701341, -42.4189143], [-64.1708368, -42.4189856], [-64.1711158, -42.4189975], [-64.1715503, -42.4189579], [-64.1718453, -42.4190886], [-64.1721457, -42.4191995], [-64.1728699, -42.4193618], [-64.1743022, -42.4195757], [-64.1760188, -42.4196707], [-64.1772299, -42.41952], [-64.178406, -42.4191876], [-64.1795647, -42.4188153], [-64.1802567, -42.4183837], [-64.1803801, -42.4183401], [-64.1809595, -42.4186609], [-64.1811526, -42.4188233], [-64.1813135, -42.4189658], [-64.1823113, -42.4190094], [-64.1827029, -42.4190292], [-64.182896, -42.4191124], [-64.1830516, -42.4192826], [-64.1832179, -42.4194886], [-64.1836309, -42.4195638], [-64.1840601, -42.4195638], [-64.1849774, -42.4196905], [-64.1852295, -42.4196589], [-64.1856426, -42.4198093], [-64.1859216, -42.4199361], [-64.1862273, -42.4199559], [-64.1864687, -42.4198489], [-64.1868603, -42.4199598], [-64.1870534, -42.41994], [-64.1874343, -42.4197301], [-64.1877025, -42.4197024], [-64.1879922, -42.4196589], [-64.1883409, -42.4194846], [-64.188636, -42.4193618], [-64.1890115, -42.4192787], [-64.1896981, -42.4190609], [-64.1902185, -42.4186886], [-64.1904974, -42.4184035], [-64.1906101, -42.4178966], [-64.1906208, -42.4174728], [-64.1904867, -42.4170649], [-64.1906315, -42.4168075], [-64.1905725, -42.4165897], [-64.1903848, -42.416455], [-64.1902667, -42.4160154], [-64.1903311, -42.4159798], [-64.1905993, -42.4159441], [-64.1908193, -42.415956], [-64.1911197, -42.4158649], [-64.1917259, -42.4159956], [-64.1918385, -42.4160471], [-64.1922677, -42.4161738], [-64.1924822, -42.4163718], [-64.1930455, -42.4165857], [-64.1934103, -42.4166412], [-64.1935927, -42.4168194], [-64.1939628, -42.417354], [-64.1944939, -42.4176471], [-64.1949499, -42.4177896], [-64.1952932, -42.4178886], [-64.1953898, -42.4180787], [-64.1959316, -42.4181183], [-64.1965377, -42.4180114], [-64.1970366, -42.4178728], [-64.197337, -42.4177184], [-64.1978574, -42.4176431], [-64.1982329, -42.4177976], [-64.1983455, -42.4179441], [-64.1984904, -42.4181975], [-64.1985709, -42.4183837], [-64.1989034, -42.4184668], [-64.1990912, -42.418653], [-64.1992039, -42.4189183], [-64.1995311, -42.4192351], [-64.2011243, -42.4196113], [-64.2013013, -42.4196866], [-64.2021489, -42.4199044], [-64.2032647, -42.4204073], [-64.207567, -42.4214211], [-64.2095974, -42.4218092], [-64.211129, -42.4220606], [-64.2122903, -42.422223], [-64.2129985, -42.4223062], [-64.2138997, -42.4222903], [-64.2146668, -42.4222428], [-64.2155948, -42.422122], [-64.2164263, -42.4219953], [-64.2175394, -42.4217518], [-64.2181499, -42.42153], [-64.218733, -42.4212924], [-64.2189422, -42.4211993], [-64.2194036, -42.4209795], [-64.2199373, -42.4206033], [-64.219999, -42.4204826], [-64.2201278, -42.4202964], [-64.2201626, -42.4200588], [-64.2201358, -42.4199301], [-64.2200822, -42.4197282], [-64.2201975, -42.4194787], [-64.2202914, -42.4194113], [-64.2204604, -42.4193282], [-64.2207018, -42.4192272], [-64.2208841, -42.4190846], [-64.2212275, -42.4187163], [-64.2212248, -42.4184728], [-64.2213428, -42.4184391], [-64.2214581, -42.4183817], [-64.2216191, -42.4182985], [-64.2217827, -42.4181956], [-64.2222279, -42.4180649], [-64.2222896, -42.4181005], [-64.2224935, -42.4181698], [-64.2226839, -42.4181896], [-64.2228717, -42.4181639], [-64.2231426, -42.4180906], [-64.2233384, -42.4180015], [-64.2235181, -42.4178946], [-64.2237836, -42.4177679], [-64.2242825, -42.4177184], [-64.2243844, -42.4177362], [-64.2246151, -42.4177936], [-64.2248994, -42.4178411], [-64.2251864, -42.4178688], [-64.2257336, -42.4178391], [-64.2258516, -42.4178094], [-64.2259938, -42.4177085], [-64.226152, -42.4176035], [-64.2263022, -42.4175421], [-64.2266026, -42.4175342], [-64.2269003, -42.4175461], [-64.2272222, -42.4175698], [-64.2280296, -42.4177659], [-64.2284024, -42.4179124], [-64.2288449, -42.4180094], [-64.2293036, -42.4180985], [-64.2303953, -42.4184352], [-64.2309183, -42.4185856], [-64.2317578, -42.4187064], [-64.2325062, -42.4187183], [-64.2328227, -42.4186866], [-64.2334476, -42.4185599], [-64.2340109, -42.4183401], [-64.2346519, -42.4181401], [-64.2349577, -42.4180926], [-64.235242, -42.4180431], [-64.2355102, -42.418053], [-64.235816, -42.4180886], [-64.2368889, -42.4181619], [-64.2372108, -42.4182154], [-64.2378679, -42.418255], [-64.2390025, -42.4184431], [-64.2394745, -42.418449], [-64.2395201, -42.418455], [-64.2398474, -42.4184589], [-64.2403784, -42.41835], [-64.2404428, -42.4182649], [-64.2406467, -42.4182312], [-64.2408559, -42.4181401], [-64.2409739, -42.4180431], [-64.2411509, -42.4179797], [-64.2413306, -42.417952], [-64.2416149, -42.4178827], [-64.2421004, -42.417659], [-64.2423096, -42.4175877], [-64.2426449, -42.4174847], [-64.2430714, -42.4173916], [-64.2441604, -42.4171263], [-64.2445251, -42.4169065], [-64.2446753, -42.4168194], [-64.2448604, -42.4166907], [-64.2450294, -42.4165362], [-64.245185, -42.4163798], [-64.2455363, -42.416156], [-64.2456007, -42.4160392], [-64.245826, -42.4159105], [-64.2459333, -42.4158095], [-64.2461452, -42.415661], [-64.246392, -42.4155184], [-64.2466199, -42.4154075], [-64.2467192, -42.4153798], [-64.2468721, -42.4153223], [-64.2469069, -42.4152075], [-64.2469364, -42.4151144], [-64.2470008, -42.4149461], [-64.2471778, -42.4148491], [-64.2473951, -42.4148887], [-64.2475131, -42.414954], [-64.2475292, -42.4150689], [-64.2476258, -42.4152808], [-64.2477492, -42.4154134], [-64.2478833, -42.4154827], [-64.2482883, -42.4155164], [-64.2486316, -42.4156016], [-64.2488945, -42.415659], [-64.2501014, -42.4158887], [-64.2508632, -42.4160788], [-64.2512253, -42.4161006], [-64.2515525, -42.4161184], [-64.2521694, -42.4161223], [-64.2523813, -42.4160867], [-64.2525476, -42.4160134], [-64.25273, -42.4159897], [-64.252899, -42.4159897], [-64.2530412, -42.4159204], [-64.2530787, -42.4158115], [-64.2531538, -42.4157045], [-64.2532557, -42.4156273], [-64.2534006, -42.4156293], [-64.2536902, -42.4157818], [-64.2538297, -42.4158649], [-64.2541006, -42.4159778], [-64.2545378, -42.4160392], [-64.2549294, -42.4161322], [-64.255482, -42.4162471], [-64.2557475, -42.4162966], [-64.2562625, -42.4163441], [-64.2567694, -42.4164174], [-64.2577055, -42.4165758], [-64.2578048, -42.4165679], [-64.2581105, -42.4166293], [-64.2584619, -42.4166689], [-64.2599699, -42.41684], [-64.2604467, -42.4168154], [-64.2608812, -42.4167362], [-64.2610234, -42.416653], [-64.2611763, -42.4165659], [-64.261364, -42.4165877], [-64.2615464, -42.4165263], [-64.2617744, -42.4163996], [-64.2620426, -42.416356], [-64.262225, -42.4163362], [-64.2625952, -42.4161461], [-64.2629573, -42.416055], [-64.2631397, -42.4160313], [-64.2633542, -42.4159006], [-64.2635661, -42.4157699], [-64.2636788, -42.4156511], [-64.2638129, -42.4155243], [-64.2640168, -42.4154491], [-64.2644754, -42.4153857], [-64.2648777, -42.4151976], [-64.2650226, -42.4151322], [-64.2651594, -42.4150748], [-64.2653498, -42.4149679], [-64.2655563, -42.4147481], [-64.2657441, -42.4145837], [-64.2659023, -42.4145164], [-64.2660686, -42.4145144], [-64.2663717, -42.4145897], [-64.2664254, -42.4146253], [-64.2666051, -42.4146966], [-64.2668062, -42.4147837], [-64.2670476, -42.4147877], [-64.2672408, -42.4148431], [-64.2675009, -42.414954], [-64.2679998, -42.414962], [-64.2681849, -42.4149719], [-64.2682895, -42.4150511], [-64.2683619, -42.4151303], [-64.2686006, -42.4151501], [-64.2689386, -42.4151679], [-64.269467, -42.4151976], [-64.2695716, -42.4152313], [-64.2699364, -42.4153184], [-64.270615, -42.4153936], [-64.271881, -42.4155224], [-64.2720848, -42.4155105], [-64.2725167, -42.4155758], [-64.2731711, -42.4157006], [-64.2738551, -42.4157085], [-64.2740616, -42.4157719], [-64.2747912, -42.4158035], [-64.2757809, -42.4158709], [-64.2761081, -42.4159936], [-64.2765158, -42.4158827], [-64.2768565, -42.4158827], [-64.2770228, -42.4158392], [-64.2773044, -42.4157936], [-64.2774439, -42.4158313], [-64.277629, -42.4158649], [-64.2778248, -42.4158233], [-64.2779991, -42.4158709], [-64.2781922, -42.415859], [-64.2784631, -42.4157837], [-64.2786965, -42.41576], [-64.2788842, -42.4158055], [-64.279182, -42.415754], [-64.2794582, -42.4157679], [-64.279536, -42.4157679], [-64.2798391, -42.4156649], [-64.2799893, -42.4156748], [-64.2801744, -42.4158016], [-64.2802978, -42.4158709], [-64.2805177, -42.4159481], [-64.2808127, -42.4159402], [-64.2811078, -42.4158709], [-64.2814484, -42.4155738], [-64.2814564, -42.415405], [-64.2817011, -42.4152846], [-64.2820036, -42.4151357], [-64.2827975, -42.4151674], [-64.2836129, -42.4154288], [-64.2844391, -42.4153971], [-64.2859411, -42.4153654], [-64.2873895, -42.415405], [-64.2890739, -42.415302], [-64.2905116, -42.4152387], [-64.291445, -42.4150882], [-64.2923999, -42.4147793], [-64.2925286, -42.4145619], [-64.2926788, -42.414352], [-64.2928237, -42.414158], [-64.2929685, -42.4140273], [-64.29316, -42.4137801], [-64.2934138, -42.4138372], [-64.2937088, -42.4137337], [-64.2941701, -42.4131555], [-64.2943525, -42.4125772], [-64.2944061, -42.412197], [-64.2943847, -42.411793], [-64.2944598, -42.4117381], [-64.2946208, -42.411441], [-64.2950016, -42.411136], [-64.2952001, -42.4110529], [-64.2953664, -42.4108192], [-64.2955327, -42.4106014], [-64.2956454, -42.4103479], [-64.2958599, -42.40973], [-64.2959887, -42.4094607], [-64.2962354, -42.4091002], [-64.2966539, -42.40872], [-64.2970616, -42.4084665], [-64.2972279, -42.4081377], [-64.2974049, -42.407508], [-64.2974961, -42.4071396], [-64.2977053, -42.4067673], [-64.2981988, -42.4064108], [-64.298467, -42.4061137], [-64.2989123, -42.4058087], [-64.2991376, -42.4055433], [-64.2994273, -42.4049056], [-64.2995828, -42.4045689], [-64.3000066, -42.4042837], [-64.3003285, -42.4041451], [-64.3011332, -42.4041728], [-64.3012404, -42.4042124], [-64.3014175, -42.4044025], [-64.3016911, -42.4046244], [-64.3020612, -42.4046085], [-64.3027639, -42.4045808], [-64.3034077, -42.4048224], [-64.3039548, -42.4048977], [-64.3044537, -42.4049175], [-64.3047434, -42.4049927], [-64.3051243, -42.4051116], [-64.305355, -42.4052542], [-64.3056929, -42.4053453], [-64.3062186, -42.405674], [-64.3064708, -42.4059632], [-64.3066746, -42.4061058], [-64.3071574, -42.4066841], [-64.3074524, -42.4070525], [-64.307844, -42.4077535], [-64.3087184, -42.4086527], [-64.3090296, -42.4090369], [-64.309271, -42.4094725], [-64.309566, -42.4099201], [-64.3115777, -42.4112153], [-64.3136108, -42.412043], [-64.3166685, -42.4130371], [-64.3178165, -42.413255], [-64.3189806, -42.4132629], [-64.3197155, -42.4131876], [-64.3199194, -42.4129777], [-64.3199462, -42.4127203], [-64.3201017, -42.4123163], [-64.3206114, -42.4121658], [-64.3211103, -42.4118292], [-64.3216682, -42.4117896], [-64.3227518, -42.4118173], [-64.3227947, -42.411841], [-64.3232185, -42.4119836], [-64.3236423, -42.4121302], [-64.3240607, -42.4122767], [-64.3248278, -42.412249], [-64.3254769, -42.4121698], [-64.3256003, -42.412245], [-64.3259651, -42.4123322], [-64.326421, -42.4123361], [-64.3268824, -42.4123322], [-64.327569, -42.412348], [-64.3277997, -42.4123084], [-64.3280304, -42.4123638], [-64.3280679, -42.4125183], [-64.3280196, -42.4126609], [-64.3279445, -42.4128272], [-64.3278265, -42.4130094], [-64.327746, -42.4132669], [-64.3278855, -42.4134451], [-64.3281698, -42.4135995], [-64.3281913, -42.4137342], [-64.3280518, -42.4139639], [-64.3282342, -42.4141223], [-64.3285453, -42.4142649], [-64.3290603, -42.4145065], [-64.329527, -42.4145778], [-64.3301117, -42.4146412], [-64.3306053, -42.414653], [-64.3312973, -42.4146491], [-64.3318391, -42.4148471], [-64.3321985, -42.4152273], [-64.3321717, -42.415259], [-64.331941, -42.4154016], [-64.3317103, -42.4155204], [-64.3315226, -42.415659], [-64.3313402, -42.4159521], [-64.3312383, -42.4160629], [-64.3310076, -42.4161897], [-64.3309379, -42.4162887], [-64.3308467, -42.4167045], [-64.3306965, -42.4170689], [-64.3308681, -42.4178847], [-64.3319035, -42.4187084], [-64.332751, -42.4192866], [-64.334473, -42.4202727], [-64.3357551, -42.4208588], [-64.3370909, -42.4214647], [-64.3382978, -42.4218646], [-64.3395639, -42.4222646], [-64.3416131, -42.4228546], [-64.3430185, -42.4233773], [-64.3449122, -42.4239], [-64.3452823, -42.4239594], [-64.3458456, -42.4239911], [-64.3463874, -42.4239911], [-64.3472618, -42.4239753], [-64.3476695, -42.4241495], [-64.3480611, -42.424292], [-64.34847, -42.42456], [-64.3490481, -42.4248781], [-64.349708, -42.4251988], [-64.3504804, -42.4257651], [-64.350872, -42.4259829], [-64.3514139, -42.4261967], [-64.3525082, -42.4264264], [-64.353978, -42.4267075], [-64.356274, -42.4270678], [-64.3573147, -42.4271035], [-64.3579531, -42.4270243], [-64.3587631, -42.4269491], [-64.3589616, -42.4269213], [-64.3593746, -42.4269055], [-64.3595892, -42.4269649], [-64.3600559, -42.4270718], [-64.3603724, -42.4270599], [-64.3606836, -42.4269372], [-64.360823, -42.4267788], [-64.3609572, -42.4266283], [-64.3614185, -42.4264858], [-64.3617404, -42.4264501], [-64.3620944, -42.4264541], [-64.3630278, -42.4265095], [-64.3631619, -42.4265135], [-64.3637735, -42.4264541], [-64.3643314, -42.4263115], [-64.365018, -42.426066], [-64.3651575, -42.4259987], [-64.3653667, -42.4259156], [-64.3655974, -42.4258839], [-64.3665683, -42.4254721], [-64.3669814, -42.4252464], [-64.3672603, -42.4249929], [-64.3677753, -42.4246445], [-64.3679953, -42.4244544], [-64.3681186, -42.4242485], [-64.3684298, -42.4236505], [-64.3685532, -42.4232862], [-64.3686014, -42.4232348], [-64.3686605, -42.4228942], [-64.368816, -42.4226685], [-64.3694919, -42.4226368], [-64.3698299, -42.4227239], [-64.3700552, -42.4228308], [-64.3701893, -42.4229457], [-64.3703932, -42.4233773], [-64.3715358, -42.4237971], [-64.3718523, -42.423706], [-64.372083, -42.423706], [-64.3726409, -42.4238446], [-64.3729305, -42.424003], [-64.3737191, -42.4243158], [-64.3741053, -42.4243712], [-64.3746579, -42.424399], [-64.3758541, -42.4246445], [-64.3769109, -42.4249058], [-64.3772221, -42.4247355], [-64.3774742, -42.4247553], [-64.3776995, -42.4249058], [-64.3777639, -42.4251672], [-64.3778712, -42.4253216], [-64.377898, -42.4255829], [-64.3779892, -42.4258997], [-64.3783164, -42.4266046], [-64.37865, -42.42677], [-64.3792176, -42.426953], [-64.3796039, -42.4270916], [-64.3797004, -42.4272025], [-64.3798292, -42.4274678], [-64.3798667, -42.4276974], [-64.3799365, -42.4281132], [-64.3807036, -42.4285171], [-64.3810576, -42.4286438], [-64.3813366, -42.4287428], [-64.3820286, -42.4288259], [-64.3825543, -42.4289447], [-64.3830586, -42.4290754], [-64.3835735, -42.4291823], [-64.3842499, -42.4292699], [-64.3853921, -42.4293129], [-64.3859392, -42.4293525], [-64.3863201, -42.4293802], [-64.3869585, -42.429503], [-64.3881655, -42.429507], [-64.3890184, -42.429499], [-64.3901074, -42.4295386], [-64.39153, -42.42944], [-64.3918777, -42.4294317], [-64.3921673, -42.4294476], [-64.3926501, -42.4297287], [-64.3927467, -42.429994], [-64.3926609, -42.4299742], [-64.3931222, -42.4301167], [-64.3937953, -42.4303142], [-64.3947824, -42.4303538], [-64.3954986, -42.430283], [-64.3971723, -42.4304018], [-64.3985939, -42.4303384], [-64.3998706, -42.4301128], [-64.4005867, -42.4299262], [-64.4010133, -42.429994], [-64.4016302, -42.4301524], [-64.4017857, -42.4302751], [-64.4021505, -42.4305325], [-64.4035049, -42.4312724], [-64.404586, -42.4313956], [-64.4060691, -42.431415], [-64.4068605, -42.4313481], [-64.4076677, -42.4312566], [-64.4087917, -42.4310868], [-64.4093227, -42.4308413], [-64.4098753, -42.4306235], [-64.4104546, -42.4302989], [-64.4105887, -42.4299148], [-64.4105485, -42.4296272], [-64.4104885, -42.4292905], [-64.4104285, -42.4292037], [-64.4104658, -42.4290834], [-64.4105426, -42.4291862], [-64.4105967, -42.4293006], [-64.4107934, -42.4293472], [-64.410851, -42.4294057], [-64.4106974, -42.4294446], [-64.4108342, -42.4295084], [-64.410875, -42.4294358], [-64.4109543, -42.4295882], [-64.4110839, -42.429737], [-64.4108542, -42.4298945], [-64.4109543, -42.4300046], [-64.4109086, -42.430102], [-64.4109735, -42.4301658], [-64.4108942, -42.430343], [-64.4107694, -42.4304865], [-64.4107262, -42.4306212], [-64.4107694, -42.4306744], [-64.4107454, -42.430848], [-64.4106446, -42.4310589], [-64.4107469, -42.4315258], [-64.4109829, -42.4318347], [-64.4109507, -42.4321989], [-64.4117768, -42.432674], [-64.4123107, -42.4328131], [-64.4126755, -42.4329002], [-64.4136411, -42.4329794], [-64.4140542, -42.4330071], [-64.4148105, -42.4330981], [-64.41586, -42.43312], [-64.416275, -42.4331338], [-64.416436, -42.4330704], [-64.4165969, -42.43311], [-64.4167203, -42.433205], [-64.4168007, -42.4333832], [-64.4167739, -42.4335772], [-64.4166988, -42.4337791], [-64.4170153, -42.4341671], [-64.4173157, -42.4345195], [-64.4175035, -42.4347491], [-64.4175357, -42.4350342], [-64.4176161, -42.4353153], [-64.4182599, -42.4354816], [-64.4184852, -42.4356241], [-64.4185549, -42.4358221], [-64.4187212, -42.4359171], [-64.4189358, -42.435925], [-64.4189143, -42.4360992], [-64.4190002, -42.4361982], [-64.419263, -42.4362338], [-64.4194078, -42.4364041], [-64.4194186, -42.4365505], [-64.4196063, -42.4366812], [-64.419837, -42.4367168], [-64.4200784, -42.4367327], [-64.4202393, -42.4368593], [-64.4204485, -42.4371642], [-64.420985, -42.4372434], [-64.421044, -42.4373978], [-64.421162, -42.4376789], [-64.4212103, -42.437952], [-64.4212318, -42.438344], [-64.4214517, -42.4386686], [-64.4216716, -42.4386924], [-64.4219613, -42.4388111], [-64.4227552, -42.439496], [-64.4237584, -42.4398642], [-64.4251907, -42.4399988], [-64.4285113, -42.4400701], [-64.4303888, -42.4400701], [-64.4320625, -42.4400226], [-64.43416, -42.4400701], [-64.4373518, -42.4400701], [-64.4405598, -42.4400859], [-64.4428343, -42.4399157], [-64.4440466, -42.4398602], [-64.4460958, -42.4396108], [-64.447614, -42.4393693], [-64.4496042, -42.4388309], [-64.4504356, -42.4385459], [-64.4507468, -42.4383875], [-64.4512028, -42.43815], [-64.4515675, -42.4379441], [-64.4520503, -42.4375403], [-64.452104, -42.4371959], [-64.4522595, -42.4371127], [-64.4524151, -42.4369781], [-64.4524849, -42.4367168], [-64.4524258, -42.4364318], [-64.4522971, -42.4361784], [-64.4523937, -42.4360042], [-64.45301, -42.43612], [-64.4536436, -42.4359369], [-64.4541955, -42.4364318], [-64.4554836, -42.4371879], [-64.456594, -42.4374532], [-64.4570768, -42.4374968], [-64.4575113, -42.4375601], [-64.4579405, -42.4377303], [-64.459936, -42.4379402], [-64.4606227, -42.4379164], [-64.4619852, -42.4376353], [-64.4625378, -42.4376036], [-64.4625914, -42.4376591], [-64.462747, -42.4377541], [-64.4631869, -42.4378412], [-64.4643188, -42.4377976], [-64.4649635, -42.4379795], [-64.4654453, -42.4381896], [-64.4657832, -42.4383677], [-64.4661856, -42.4387438], [-64.4669376, -42.4389534], [-64.4672531, -42.4389774], [-64.4681811, -42.4388864], [-64.4689536, -42.4387834], [-64.4697046, -42.4386251], [-64.4703913, -42.4385578], [-64.4720821, -42.4384308], [-64.4729434, -42.4384082], [-64.4737783, -42.4383786], [-64.4742868, -42.4383674], [-64.4747237, -42.4383598], [-64.474538, -42.438633], [-64.4740015, -42.4386488], [-64.4735885, -42.4386924], [-64.4733095, -42.4387478], [-64.4730896, -42.4388943], [-64.4730949, -42.4390526], [-64.4733149, -42.439116], [-64.4737601, -42.4390803], [-64.4743502, -42.439013], [-64.4744629, -42.4390012], [-64.4747794, -42.4390566], [-64.4738031, -42.4394525], [-64.4737387, -42.4396267], [-64.473846, -42.4398167], [-64.4741893, -42.4400226], [-64.4748116, -42.4401255], [-64.4755626, -42.4400463], [-64.4763243, -42.4397375], [-64.4768715, -42.4394604], [-64.4773865, -42.4392229], [-64.478631, -42.4388428], [-64.4798434, -42.4383281], [-64.4808626, -42.4378927], [-64.4814205, -42.4376076], [-64.4826758, -42.4369108], [-64.4833946, -42.4364595], [-64.4836414, -42.4362457], [-64.4840276, -42.4357944], [-64.4838667, -42.4353588], [-64.4834805, -42.4354301], [-64.4828689, -42.4357152], [-64.4823539, -42.435826], [-64.4818175, -42.4361507], [-64.4814742, -42.4363645], [-64.4810772, -42.4364912], [-64.4804442, -42.4366574], [-64.4798112, -42.4367445], [-64.4800365, -42.4362694], [-64.4800687, -42.4361269], [-64.4806159, -42.435826], [-64.4822252, -42.4348837], [-64.483738, -42.4338623], [-64.4839847, -42.4335297], [-64.4847357, -42.4330467], [-64.4852615, -42.4323894], [-64.485594, -42.431748], [-64.4856799, -42.4311224], [-64.4857657, -42.4307027], [-64.4859481, -42.4301325], [-64.4862163, -42.4291348], [-64.4861949, -42.4285963], [-64.4861627, -42.4278994], [-64.4858837, -42.4274163], [-64.485637, -42.4269886], [-64.4852615, -42.4266798], [-64.4852829, -42.4261175], [-64.4847786, -42.4252384], [-64.4844353, -42.4249375], [-64.484387, -42.4248227], [-64.4841778, -42.4246286], [-64.4839847, -42.4244623], [-64.4834805, -42.4241376], [-64.4829869, -42.4235436], [-64.4828099, -42.4232268], [-64.4826973, -42.4228586], [-64.4826222, -42.4226012], [-64.4825041, -42.422324], [-64.4824076, -42.4220824], [-64.482252, -42.4219359], [-64.4819731, -42.4210528], [-64.4819194, -42.420542], [-64.4820267, -42.4203519], [-64.4821018, -42.4200271], [-64.4821072, -42.4198291], [-64.4821554, -42.4196311], [-64.4822466, -42.4194846], [-64.4824183, -42.4191718], [-64.4824505, -42.4189539], [-64.4823539, -42.4187678], [-64.4823003, -42.4184352], [-64.4823378, -42.418154], [-64.4826329, -42.4179599], [-64.4828957, -42.4178015], [-64.4829547, -42.4176669], [-64.4829494, -42.4175362], [-64.4834912, -42.417354], [-64.4839364, -42.4170491], [-64.4843173, -42.4165025], [-64.4850999, -42.4158199], [-64.4853419, -42.4156352], [-64.4855762, -42.4156822], [-64.4858998, -42.4158491], [-64.486124, -42.4160605], [-64.4861519, -42.4160669], [-64.4862485, -42.416261], [-64.4864068, -42.4168694], [-64.4868309, -42.4171304], [-64.4869834, -42.4174768], [-64.487096, -42.4177696], [-64.4872356, -42.4180431], [-64.4877852, -42.4183306], [-64.4880348, -42.4184035], [-64.4884157, -42.418554], [-64.488743, -42.4186094], [-64.4891614, -42.4188074], [-64.4898176, -42.4192569], [-64.4901645, -42.4195321], [-64.4907719, -42.4200397], [-64.4911462, -42.4205816], [-64.491173, -42.420831], [-64.4913983, -42.4211756], [-64.4917685, -42.4214845], [-64.4916505, -42.4217933], [-64.4914573, -42.422122], [-64.4914842, -42.4222963], [-64.4915754, -42.4224903], [-64.4914144, -42.4226883], [-64.4914949, -42.4229813], [-64.4914788, -42.4232981], [-64.4914198, -42.4235476], [-64.4915056, -42.4236307], [-64.4914949, -42.4238644], [-64.4915271, -42.4240822], [-64.4915539, -42.4250167], [-64.4914895, -42.4254721], [-64.4914466, -42.4256859], [-64.4913822, -42.4260779], [-64.4910657, -42.4266798], [-64.4909585, -42.4270758], [-64.4910014, -42.4272817], [-64.4911033, -42.4275034], [-64.4912159, -42.4278479], [-64.4914359, -42.4283112], [-64.492, -42.42907], [-64.4923157, -42.4292337], [-64.4926982, -42.42938], [-64.4937319, -42.429792], [-64.4951558, -42.430103], [-64.4958347, -42.4302513], [-64.4984955, -42.4305245], [-64.5010221, -42.4307067], [-64.5025724, -42.4307344], [-64.5050722, -42.4306314], [-64.5058716, -42.4305562], [-64.5069927, -42.4304453], [-64.5078242, -42.4303622], [-64.5085966, -42.4301801], [-64.5095998, -42.4299346], [-64.5106121, -42.4296998], [-64.5114023, -42.4295782], [-64.5117402, -42.4295149], [-64.511987, -42.4293644], [-64.513076, -42.4290674], [-64.5142669, -42.4287111], [-64.5145083, -42.4286556], [-64.5154256, -42.4284102], [-64.5158225, -42.4283468], [-64.5160265, -42.4283497], [-64.5166487, -42.4283587], [-64.5188963, -42.4283072], [-64.5191324, -42.4283112], [-64.5208812, -42.4282755], [-64.5230161, -42.4282809], [-64.5240301, -42.4282834], [-64.52528, -42.428327], [-64.5266104, -42.428323], [-64.5275223, -42.4282993], [-64.5292443, -42.4279746], [-64.5306927, -42.4276341], [-64.5331711, -42.4269332], [-64.5346195, -42.4264937], [-64.5357353, -42.4261413], [-64.5369208, -42.4256107], [-64.5378327, -42.4250603], [-64.5380795, -42.4248029], [-64.5383102, -42.4245851], [-64.5386052, -42.4242049], [-64.5387876, -42.4238367], [-64.5388842, -42.4235674], [-64.5389807, -42.4229615], [-64.5394152, -42.4224982], [-64.5399088, -42.4222685], [-64.5401287, -42.4221418], [-64.5401824, -42.4219478], [-64.5403916, -42.4217973], [-64.5405632, -42.421631], [-64.5406812, -42.4213459], [-64.5407242, -42.4210766], [-64.5404989, -42.4205182], [-64.540177, -42.4202014], [-64.5398176, -42.4199598], [-64.5396674, -42.4197618], [-64.5399302, -42.4194886], [-64.5401931, -42.4194014], [-64.54061, -42.4194501], [-64.5409924, -42.4193896], [-64.541266, -42.4194569], [-64.5414645, -42.4195678], [-64.5416361, -42.4198093], [-64.54162, -42.4203994], [-64.5414805, -42.4206726], [-64.5412552, -42.4209102], [-64.5411909, -42.4211241], [-64.5413733, -42.421924], [-64.5417219, -42.4227833], [-64.5419848, -42.4230407], [-64.5419151, -42.4232862], [-64.5419687, -42.423706], [-64.542076, -42.4240149], [-64.542194, -42.4247039], [-64.5421189, -42.4251315], [-64.542253, -42.4253097], [-64.542473, -42.4256186], [-64.5427734, -42.4260304], [-64.5442808, -42.426462], [-64.5449728, -42.4266046], [-64.5459801, -42.4266999], [-64.5468557, -42.4269055], [-64.5471668, -42.4270164], [-64.54773, -42.42744], [-64.5481539, -42.4275509], [-64.5486689, -42.4276855], [-64.5489585, -42.4278439], [-64.5492697, -42.428228], [-64.5495647, -42.4284418], [-64.55019, -42.4288101], [-64.550761, -42.4290754], [-64.5516139, -42.4293842], [-64.5519573, -42.4294674], [-64.5522845, -42.429598], [-64.5527351, -42.4298396], [-64.5535934, -42.4304295], [-64.5540226, -42.4309442], [-64.5543069, -42.431166], [-64.554677, -42.4314867], [-64.5554763, -42.4319697], [-64.5571929, -42.4322508], [-64.5586842, -42.4321954], [-64.5599932, -42.4320093], [-64.5622408, -42.4316767], [-64.5652396, -42.4311026], [-64.5661086, -42.4308571], [-64.567278, -42.4305087], [-64.569279, -42.429792], [-64.5702338, -42.4293169], [-64.5707864, -42.4290595], [-64.5716071, -42.4285765], [-64.5722991, -42.4281963], [-64.5724708, -42.4280221], [-64.5726103, -42.4277608], [-64.5728356, -42.42744], [-64.5729268, -42.4272302], [-64.5728946, -42.4268976], [-64.5730662, -42.4262442], [-64.5733345, -42.4254562], [-64.5735383, -42.4247078], [-64.5737475, -42.4241059], [-64.5737797, -42.423904], [-64.5737422, -42.4237575], [-64.5735705, -42.4236189], [-64.5733507, -42.4233336], [-64.5732084, -42.4226622], [-64.5728525, -42.4223119], [-64.5728209, -42.422055], [-64.5729237, -42.4218565], [-64.5729079, -42.4216347], [-64.5729158, -42.4214595], [-64.5731135, -42.4213545], [-64.57324, -42.4213953], [-64.5733507, -42.4217923], [-64.5739123, -42.4221835], [-64.5742365, -42.4223469], [-64.574798, -42.422487], [-64.5762634, -42.4223873], [-64.5774651, -42.4221893], [-64.5777816, -42.4220547], [-64.5780873, -42.4219399], [-64.5782644, -42.4221735], [-64.5785862, -42.4221854], [-64.5790845, -42.4222594], [-64.5790608, -42.4224053], [-64.578863, -42.4227614], [-64.5790528, -42.4235846], [-64.5792031, -42.4239198], [-64.5796776, -42.4242034], [-64.5804799, -42.4245376], [-64.58162, -42.42466], [-64.5823507, -42.4246121], [-64.5825564, -42.4247347], [-64.5826578, -42.4248227], [-64.5827276, -42.4248741], [-64.5827597, -42.4250603], [-64.5831732, -42.4255403], [-64.5835805, -42.4260542], [-64.5841599, -42.4263234], [-64.5845085, -42.4265254], [-64.5849484, -42.4268065], [-64.5854044, -42.4270639], [-64.5875071, -42.4271048], [-64.5878935, -42.427052], [-64.5882636, -42.4270124], [-64.5891758, -42.4267662], [-64.5893097, -42.4267867], [-64.5895404, -42.426759], [-64.5897549, -42.4267986], [-64.5898247, -42.4267986], [-64.5900285, -42.4268699], [-64.59005, -42.4269768], [-64.5899159, -42.427147], [-64.5897174, -42.4272737], [-64.5890889, -42.4273791], [-64.5886776, -42.4273383], [-64.5880686, -42.4275309], [-64.5870835, -42.4275311], [-64.58619, -42.42755], [-64.5859623, -42.4274598], [-64.5857424, -42.4274005], [-64.585399, -42.4274955], [-64.5851898, -42.4273609], [-64.5851523, -42.427349], [-64.584927, -42.4273292], [-64.5846051, -42.4270084], [-64.5844334, -42.4268144], [-64.5841867, -42.4266283], [-64.5838863, -42.4264937], [-64.5836127, -42.4264105], [-64.5834196, -42.4264501], [-64.5833337, -42.4265412], [-64.5830226, -42.4266046], [-64.5829421, -42.4263789], [-64.582969, -42.4259591], [-64.5827168, -42.4259354], [-64.5825023, -42.4260225], [-64.5824754, -42.4262442], [-64.5826471, -42.4266917], [-64.5828724, -42.4269728], [-64.5836181, -42.4275509], [-64.5839238, -42.4277053], [-64.5843422, -42.4279192], [-64.584986, -42.428133], [-64.5857585, -42.4282122], [-64.5866056, -42.4284824], [-64.5873356, -42.4284695], [-64.5881456, -42.42843], [-64.5897925, -42.4282082], [-64.5905328, -42.4279469], [-64.5905542, -42.4278162], [-64.5905328, -42.4276024], [-64.5904738, -42.4273173], [-64.5907022, -42.4273091], [-64.5907635, -42.4274915], [-64.5914693, -42.4275893], [-64.5938099, -42.42719], [-64.5947277, -42.4268771], [-64.5969342, -42.4263926], [-64.6004219, -42.4249156], [-64.6014737, -42.4245946], [-64.6021414, -42.4250246], [-64.6032035, -42.4251117], [-64.6046055, -42.4253418], [-64.6058788, -42.4255403], [-64.6066143, -42.4256162], [-64.6075475, -42.4258497], [-64.6077311, -42.4258086], [-64.60798, -42.42597], [-64.6077927, -42.4262058], [-64.6080537, -42.4263225], [-64.6099913, -42.4264276], [-64.6113682, -42.4261492], [-64.6125484, -42.4256423], [-64.612999, -42.4253968], [-64.6135247, -42.4250484], [-64.6140182, -42.4248345], [-64.6148014, -42.4243594], [-64.6152735, -42.4234248], [-64.6151018, -42.4227437], [-64.6154451, -42.4225695], [-64.6158743, -42.4221656], [-64.6173871, -42.4209538], [-64.6180952, -42.419845], [-64.6178377, -42.4191797], [-64.6177089, -42.4186728], [-64.6183097, -42.4182451], [-64.618932, -42.4179599], [-64.6196509, -42.4172154], [-64.6193075, -42.4157897], [-64.619329, -42.4155441], [-64.6191788, -42.4149897], [-64.6187389, -42.4145936], [-64.6188569, -42.4139362], [-64.6191466, -42.4120747], [-64.6190071, -42.4114885], [-64.6185243, -42.4111717], [-64.6182795, -42.4108274], [-64.6186531, -42.4098805], [-64.6187282, -42.4093101], [-64.6184921, -42.4081853], [-64.6186423, -42.4071634], [-64.6195114, -42.4053175], [-64.6201229, -42.4036935], [-64.6203482, -42.4028775], [-64.6202624, -42.4024814], [-64.6198691, -42.4018812], [-64.6192127, -42.4015892], [-64.6190393, -42.3999461], [-64.6188252, -42.3980792], [-64.6186745, -42.3965075], [-64.6184492, -42.3957786], [-64.6182132, -42.3953904], [-64.6179128, -42.3948833], [-64.6176767, -42.3946297], [-64.61722, -42.39452], [-64.6168006, -42.3944173], [-64.6161425, -42.3939087], [-64.61511, -42.39353], [-64.614776, -42.3934127], [-64.6143508, -42.393457], [-64.6139324, -42.393148], [-64.6133101, -42.3924587], [-64.6125591, -42.3917297], [-64.611454, -42.3911671], [-64.610585, -42.3907154], [-64.6095979, -42.3905015], [-64.608568, -42.3902083], [-64.608053, -42.3899864], [-64.6075273, -42.3898359], [-64.6069694, -42.3898359], [-64.6058107, -42.3897328], [-64.6051562, -42.3895902], [-64.6047378, -42.3894159], [-64.6033859, -42.389194], [-64.6027637, -42.3889167], [-64.6019324, -42.3883485], [-64.601562, -42.3880529], [-64.60058, -42.387227], [-64.5994055, -42.3863175], [-64.5985258, -42.386048], [-64.5978928, -42.3858975], [-64.5968735, -42.3855963], [-64.5960474, -42.3851367], [-64.5955002, -42.3849227], [-64.5952749, -42.3843839], [-64.595114, -42.3836389], [-64.5948458, -42.3827751], [-64.5944917, -42.3822521], [-64.5937407, -42.3816815], [-64.5934832, -42.3811426], [-64.5935047, -42.3807305], [-64.5934832, -42.3804293], [-64.5931614, -42.3800727], [-64.5931614, -42.3793911], [-64.5930648, -42.3790186], [-64.5927429, -42.3788363], [-64.5924747, -42.3784955], [-64.5932686, -42.3769659], [-64.5936656, -42.3762843], [-64.5939446, -42.3753411], [-64.5941377, -42.3744138], [-64.5944381, -42.3731931], [-64.5946741, -42.3719804], [-64.5945239, -42.3709024], [-64.5941913, -42.3698165], [-64.5939124, -42.3692775], [-64.5937279, -42.3691043], [-64.5966035, -42.3693052], [-64.6092099, -42.3696064], [-64.6100575, -42.3697332], [-64.6438104, -42.3707795], [-64.6659762, -42.3714374], [-64.6662659, -42.3714849], [-64.6760398, -42.3717861], [-64.6761471, -42.3718892], [-64.6761793, -42.3720953], [-64.6751306, -42.389895], [-64.674688, -42.3974067], [-64.6747309, -42.3976603], [-64.6748167, -42.397795], [-64.6747416, -42.3979772], [-64.6746773, -42.3982228], [-64.6744447, -42.4021649], [-64.673803, -42.4130394], [-64.6727995, -42.4306036], [-64.6728374, -42.4306968], [-64.6709119, -42.46349], [-64.6706988, -42.4676963], [-64.6706986, -42.4678522], [-64.6708956, -42.4680432], [-64.6706289, -42.4680537], [-64.6553768, -42.4689102], [-64.6467626, -42.4693939], [-64.6094989, -42.4714729], [-64.5725685, -42.4735333], [-64.5710079, -42.4735302], [-64.5694146, -42.4733807], [-64.5680607, -42.4731531], [-64.5578447, -42.4712384], [-64.55626, -42.4709866], [-64.5545624, -42.4708012], [-64.5155848, -42.4683791], [-64.514321, -42.4682776], [-64.5132847, -42.4681116], [-64.5118847, -42.4678127], [-64.5032021, -42.4657258], [-64.5025778, -42.465555], [-64.5022826, -42.4654625], [-64.4993964, -42.4643303], [-64.4982716, -42.4639186], [-64.4970972, -42.464048]]], [[[-64.1599277, -42.6050051], [-64.1601413, -42.6049206], [-64.1603475, -42.6048562], [-64.1607859, -42.6047193], [-64.1615331, -42.6045455], [-64.178475, -42.600438], [-64.1952131, -42.5963501], [-64.1962945, -42.5960375], [-64.1967688, -42.5958656], [-64.1971864, -42.595678], [-64.1976748, -42.5953862], [-64.1981137, -42.5951621], [-64.1987154, -42.5948911], [-64.1993595, -42.594654], [-64.2027285, -42.5937933], [-64.2134694, -42.5909792], [-64.2168525, -42.5900928], [-64.2173821, -42.5899271], [-64.221728, -42.5887233], [-64.2219487, -42.588718], [-64.2332355, -42.585686], [-64.241638, -42.5834287], [-64.2417923, -42.5834036], [-64.2419446, -42.5834107], [-64.2420702, -42.5834467], [-64.2421692, -42.5835008], [-64.242266, -42.583598], [-64.2423746, -42.5837939], [-64.2428335, -42.5847997], [-64.2438666, -42.5866957], [-64.2441628, -42.5872393], [-64.2466095, -42.5941273], [-64.2468155, -42.5948966], [-64.2469641, -42.5952086], [-64.24714, -42.5953559], [-64.2474383, -42.5954507], [-64.2508404, -42.5972076], [-64.2568632, -42.5961748], [-64.2568794, -42.5964056], [-64.2570725, -42.5964786], [-64.2572361, -42.59653], [-64.2573166, -42.5965912], [-64.2573327, -42.5966464], [-64.2572871, -42.5967471], [-64.2573246, -42.596832], [-64.2573756, -42.5968636], [-64.2574051, -42.596913], [-64.2574453, -42.5970611], [-64.2574883, -42.5972072], [-64.2575258, -42.5972723], [-64.2575231, -42.5973296], [-64.2575258, -42.5973849], [-64.2575902, -42.5974283], [-64.257617, -42.5974856], [-64.2576331, -42.5975132], [-64.2576411, -42.5976021], [-64.2577511, -42.5976297], [-64.2578745, -42.5976495], [-64.2579898, -42.597687], [-64.258081, -42.5977205], [-64.2581105, -42.597764], [-64.2580804, -42.597814], [-64.2579389, -42.5979772], [-64.2581883, -42.5979555], [-64.2583841, -42.5979377], [-64.2584968, -42.5979101], [-64.2585531, -42.5979002], [-64.2586228, -42.5979081], [-64.2586899, -42.5979516], [-64.2587543, -42.5979693], [-64.2588106, -42.5979989], [-64.2587784, -42.5980523], [-64.2586792, -42.5980799], [-64.2584592, -42.5981707], [-64.2583186, -42.5982442], [-64.2581615, -42.5983405], [-64.2581695, -42.5984136], [-64.258301, -42.5985518], [-64.2583412, -42.5987157], [-64.2583653, -42.5987729], [-64.2583868, -42.5988539], [-64.2584351, -42.5988934], [-64.2585048, -42.5990434], [-64.2586094, -42.5991204], [-64.2586792, -42.5991836], [-64.258875, -42.5992803], [-64.2589769, -42.5993415], [-64.2591432, -42.599385], [-64.2592397, -42.5994304], [-64.2593899, -42.5994817], [-64.2595911, -42.5994936], [-64.2597708, -42.5995173], [-64.2598942, -42.5995469], [-64.2599881, -42.5995666], [-64.2600819, -42.5995311], [-64.2601892, -42.5996041], [-64.2602322, -42.5996653], [-64.260267, -42.5997285], [-64.2603877, -42.5998272], [-64.2604762, -42.5998924], [-64.2605996, -42.5999339], [-64.2607203, -42.5999496], [-64.2608035, -42.5999457], [-64.2608437, -42.5999753], [-64.2608678, -42.6000266], [-64.2608705, -42.600078], [-64.2609268, -42.6001451], [-64.2610154, -42.6001747], [-64.2611441, -42.6001767], [-64.2612165, -42.6002004], [-64.2612729, -42.6002478], [-64.2613184, -42.6002991], [-64.2613292, -42.6003386], [-64.2613523, -42.6004639], [-64.2611379, -42.60071], [-64.2613425, -42.6009387], [-64.2615901, -42.60099], [-64.2621589, -42.6014376], [-64.26336, -42.6025], [-64.2645586, -42.6035113], [-64.2646873, -42.6037087], [-64.2648107, -42.6039851], [-64.2648161, -42.6042181], [-64.2649072, -42.6046169], [-64.2650628, -42.6050788], [-64.2654705, -42.6057974], [-64.2654383, -42.6060067], [-64.2655617, -42.6063739], [-64.2656636, -42.6066187], [-64.2658299, -42.6071043], [-64.2659426, -42.6074557], [-64.266023, -42.6079098], [-64.2660177, -42.6081467], [-64.2661089, -42.6084704], [-64.2661518, -42.6087626], [-64.2662376, -42.6090982], [-64.2663395, -42.6094496], [-64.2665166, -42.6096509], [-64.2667204, -42.6101444], [-64.2670637, -42.6105748], [-64.2677, -42.61117], [-64.2679328, -42.6112894], [-64.2683244, -42.6114078], [-64.2685443, -42.6114513], [-64.2686677, -42.6114355], [-64.2687589, -42.6114868], [-64.2688662, -42.6116723], [-64.268952, -42.6118224], [-64.2691773, -42.6118776], [-64.2694187, -42.6119684], [-64.2696655, -42.6120513], [-64.2699337, -42.6121066], [-64.2701215, -42.6121579], [-64.2702341, -42.6122211], [-64.2704487, -42.6123001], [-64.2707169, -42.6124264], [-64.2710549, -42.6126041], [-64.2712909, -42.6127541], [-64.2712694, -42.6128686], [-64.2712158, -42.6129515], [-64.2713767, -42.6131173], [-64.2715055, -42.6132397], [-64.2716235, -42.6133423], [-64.2717576, -42.6135239], [-64.271881, -42.6136187], [-64.2721599, -42.6137134], [-64.2724389, -42.6138161], [-64.2726696, -42.6139306], [-64.2727661, -42.6139937], [-64.27275, -42.6140727], [-64.2726964, -42.6141161], [-64.272691, -42.6141832], [-64.2727232, -42.614274], [-64.2726535, -42.6143016], [-64.2725354, -42.6143293], [-64.2724389, -42.6143648], [-64.2725247, -42.6144635], [-64.2725247, -42.614503], [-64.2724067, -42.614574], [-64.272337, -42.614653], [-64.2724603, -42.6148938], [-64.2726427, -42.6151228], [-64.2727983, -42.6152531], [-64.272911, -42.6154149], [-64.2729861, -42.615561], [-64.2728788, -42.615715], [-64.272809, -42.6159558], [-64.2728627, -42.6161847], [-64.2729861, -42.616319], [-64.2730612, -42.6164216], [-64.2731792, -42.6165874], [-64.2733026, -42.6168006], [-64.273383, -42.6169545], [-64.2734259, -42.617073], [-64.2734635, -42.6172585], [-64.2735064, -42.6174164], [-64.2735601, -42.6175625], [-64.2736942, -42.6176888], [-64.2737746, -42.6178664], [-64.27378, -42.6180164], [-64.2737532, -42.6181349], [-64.2733176, -42.6184179], [-64.2731738, -42.6183875], [-64.2729324, -42.618352], [-64.2727715, -42.6183441], [-64.2725837, -42.618352], [-64.2723906, -42.6182612], [-64.272176, -42.6181862], [-64.2718971, -42.6182454], [-64.271645, -42.6183086], [-64.2714357, -42.6183204], [-64.2711783, -42.6183441], [-64.2710602, -42.6183244], [-64.270851, -42.6183165], [-64.2706955, -42.6183678], [-64.2701805, -42.6184704], [-64.2700517, -42.6184704], [-64.2698371, -42.6185059], [-64.2696226, -42.6185415], [-64.269526, -42.6186283], [-64.2694831, -42.6186836], [-64.2695475, -42.6188217], [-64.2694187, -42.6188967], [-64.2693275, -42.6189796], [-64.2692792, -42.6190823], [-64.269231, -42.6191336], [-64.2689842, -42.6191849], [-64.2689681, -42.6192876], [-64.2689145, -42.6193547], [-64.2690378, -42.6194889], [-64.2690861, -42.6196863], [-64.2691237, -42.6197928], [-64.2692524, -42.6198441], [-64.2693704, -42.6199428], [-64.2694885, -42.6200099], [-64.2692685, -42.6200336], [-64.2690539, -42.6200178], [-64.2687964, -42.6200376], [-64.2686409, -42.6200573], [-64.2684907, -42.6201047], [-64.2683941, -42.6201757], [-64.2683458, -42.620231], [-64.2684263, -42.6203257], [-64.2683995, -42.6204047], [-64.2683995, -42.6205428], [-64.2684853, -42.6206534], [-64.2685711, -42.6207165], [-64.2685121, -42.6207955], [-64.2684209, -42.6208586], [-64.2684692, -42.6209415], [-64.2685336, -42.6210284], [-64.2685658, -42.6211271], [-64.2685551, -42.6212534], [-64.2685068, -42.6214271], [-64.2684585, -42.6215455], [-64.2684048, -42.6216126], [-64.268437, -42.6216836], [-64.2684585, -42.6218731], [-64.2685773, -42.6220855], [-64.2687106, -42.6222205], [-64.2687321, -42.6223626], [-64.2688125, -42.622481], [-64.2687964, -42.6226784], [-64.2685175, -42.6227376], [-64.2682868, -42.6223705], [-64.2680615, -42.6222047], [-64.268024, -42.6220034], [-64.2679006, -42.6216639], [-64.267863, -42.6214192], [-64.2677343, -42.6212455], [-64.267627, -42.6212021], [-64.2674875, -42.6211981], [-64.2674017, -42.6211823], [-64.2672247, -42.6210481], [-64.2671603, -42.6209257], [-64.2671228, -42.6205902], [-64.2671979, -42.6203257], [-64.2672837, -42.620081], [-64.2673588, -42.6198955], [-64.2674232, -42.6197336], [-64.2674071, -42.6195599], [-64.2674017, -42.6193626], [-64.2672944, -42.6190586], [-64.2671657, -42.6188139], [-64.266935, -42.6186283], [-64.2667043, -42.6184151], [-64.2662484, -42.6182336], [-64.2658943, -42.6181072], [-64.26539, -42.6180322], [-64.2648536, -42.6180204], [-64.2643923, -42.6180046], [-64.2640543, -42.6180046], [-64.2637646, -42.6180322], [-64.263314, -42.6181033], [-64.2628956, -42.6181783], [-64.2624772, -42.6182651], [-64.2621821, -42.6183086], [-64.2618924, -42.6184033], [-64.2614794, -42.6184704], [-64.2612004, -42.6185375], [-64.2610395, -42.6185494], [-64.2609134, -42.6185454], [-64.2607981, -42.6185652], [-64.2607954, -42.6186086], [-64.2608115, -42.6186638], [-64.2608196, -42.6187013], [-64.2607874, -42.6187369], [-64.2607096, -42.6186994], [-64.2605741, -42.6186569], [-64.2604695, -42.6186175], [-64.260381, -42.618576], [-64.2602804, -42.6185661], [-64.2601329, -42.618577], [-64.2600028, -42.6185958], [-64.2598553, -42.6185809], [-64.259681, -42.6185533], [-64.2594825, -42.6185592], [-64.2593685, -42.6185711], [-64.2592719, -42.6185711], [-64.2591633, -42.6185622], [-64.2590238, -42.6185661], [-64.2588991, -42.6185819], [-64.2588079, -42.6185958], [-64.2586362, -42.6186086], [-64.2584539, -42.6186165], [-64.2581883, -42.6186263], [-64.2579576, -42.6186106], [-64.2576948, -42.6186165], [-64.257507, -42.6185691], [-64.25733, -42.6185336], [-64.2571691, -42.6185217], [-64.2569491, -42.6184902], [-64.2567426, -42.6184744], [-64.2564717, -42.6184527], [-64.2560506, -42.6184625], [-64.2557421, -42.6184487], [-64.2554659, -42.6184408], [-64.2551869, -42.6184566], [-64.254908, -42.6184941], [-64.2545539, -42.6184605], [-64.2542267, -42.618425], [-64.2540792, -42.6183737], [-64.2539504, -42.6183303], [-64.2538136, -42.6182671], [-64.2536768, -42.6182], [-64.2535025, -42.6180599], [-64.2533818, -42.6179118], [-64.2533174, -42.6177559], [-64.2531458, -42.6175348], [-64.2530143, -42.6173986], [-64.2528453, -42.617296], [-64.252663, -42.6171953], [-64.2525476, -42.6170986], [-64.2524591, -42.6169999], [-64.2523116, -42.6168677], [-64.2520487, -42.6166742], [-64.2516571, -42.6164532], [-64.251008, -42.6162637], [-64.2501926, -42.6160466], [-64.2493451, -42.6157702], [-64.2486531, -42.6155531], [-64.2482346, -42.615411], [-64.2478001, -42.6152373], [-64.2474246, -42.6150399], [-64.2470598, -42.6148662], [-64.2467809, -42.6147004], [-64.2464751, -42.6145425], [-64.2459065, -42.6143964], [-64.2453003, -42.6142859], [-64.2447048, -42.6141516], [-64.2440611, -42.6140529], [-64.2438465, -42.6139621], [-64.2433208, -42.6138792], [-64.2428541, -42.6137805], [-64.2424196, -42.6137568], [-64.2420763, -42.6138358], [-64.2417491, -42.6139661], [-64.2415184, -42.6140648], [-64.241159, -42.6142108], [-64.2393458, -42.6142543], [-64.2379618, -42.6143016], [-64.2363954, -42.6143016], [-64.234668, -42.6143095], [-64.2330265, -42.6143332], [-64.2316961, -42.6143569], [-64.2295504, -42.6145622], [-64.2275012, -42.6148307], [-64.2255807, -42.615257], [-64.2245937, -42.6155491], [-64.223671, -42.6159518], [-64.2227161, -42.616394], [-64.2217076, -42.6168677], [-64.2211604, -42.6170966], [-64.2205274, -42.6174519], [-64.220409, -42.6175243], [-64.21983, -42.6178783], [-64.2178199, -42.6191599], [-64.2175126, -42.6194099], [-64.2164501, -42.62021], [-64.2161501, -42.6204915], [-64.2148733, -42.6217468], [-64.2138004, -42.622181], [-64.2131353, -42.6227336], [-64.2124593, -42.6234599], [-64.2113221, -42.6248336], [-64.2107427, -42.6259782], [-64.2105174, -42.6270676], [-64.210453, -42.6281175], [-64.2104423, -42.6288437], [-64.2105389, -42.6294279], [-64.210732, -42.6299725], [-64.2129529, -42.6333194], [-64.2135899, -42.6337099], [-64.2140687, -42.6339745], [-64.21463, -42.63434], [-64.2150128, -42.6345586], [-64.2153501, -42.63485], [-64.215796, -42.635119], [-64.2163861, -42.6355136], [-64.2170191, -42.6360188], [-64.2175233, -42.636516], [-64.2179954, -42.6369423], [-64.2182958, -42.6375105], [-64.2185962, -42.637992], [-64.2188645, -42.6383235], [-64.2194224, -42.6388049], [-64.2197442, -42.6391285], [-64.2202592, -42.6403361], [-64.2208493, -42.6416462], [-64.2211604, -42.6420408], [-64.2215681, -42.6424196], [-64.2217612, -42.6428379], [-64.2219758, -42.6434614], [-64.2221797, -42.6441085], [-64.2223084, -42.6446215], [-64.2225552, -42.6453002], [-64.2226625, -42.6456], [-64.2230809, -42.6459631], [-64.2231667, -42.646255], [-64.2233813, -42.6467285], [-64.2233598, -42.6472573], [-64.2235315, -42.6478965], [-64.2237783, -42.648733], [-64.2238855, -42.6493169], [-64.2241001, -42.6497588], [-64.2243147, -42.6499245], [-64.2245937, -42.6500271], [-64.2248941, -42.6500824], [-64.2251515, -42.6501613], [-64.225409, -42.6502638], [-64.2257202, -42.6503033], [-64.2257846, -42.6504138], [-64.2260206, -42.650469], [-64.2263639, -42.6504848], [-64.2265678, -42.650832], [-64.2268038, -42.6510135], [-64.2272651, -42.6512423], [-64.2275119, -42.651337], [-64.2277694, -42.6514475], [-64.2279035, -42.651775], [-64.2281342, -42.6521064], [-64.2282468, -42.6523273], [-64.2283166, -42.6525759], [-64.2283326, -42.6528521], [-64.2284399, -42.6530296], [-64.2285204, -42.6533255], [-64.2286867, -42.6536411], [-64.2288047, -42.6538345], [-64.2289764, -42.6540554], [-64.2290139, -42.6542842], [-64.2290032, -42.6544342], [-64.2288852, -42.6546038], [-64.2288584, -42.6548011], [-64.2289603, -42.6551838], [-64.2290568, -42.6555546], [-64.2292124, -42.6558544], [-64.2292553, -42.6561109], [-64.2294002, -42.6564383], [-64.229486, -42.6567224], [-64.2295718, -42.6569433], [-64.2298025, -42.6573457], [-64.2299956, -42.6577836], [-64.2302156, -42.6580913], [-64.2303765, -42.6583241], [-64.2305535, -42.6585016], [-64.2306233, -42.6585844], [-64.2306662, -42.6586712], [-64.230693, -42.6588724], [-64.2307144, -42.6590973], [-64.2307627, -42.659259], [-64.2308486, -42.6594721], [-64.2309076, -42.6595983], [-64.230988, -42.6597601], [-64.231047, -42.6599257], [-64.2311168, -42.6600875], [-64.2311329, -42.66019], [-64.2312831, -42.6604465], [-64.2315459, -42.6607502], [-64.2317712, -42.6610066], [-64.2320609, -42.6612709], [-64.2323935, -42.6615708], [-64.2327154, -42.6618311], [-64.2330909, -42.662123], [-64.2339492, -42.6625648], [-64.2346197, -42.6628883], [-64.2356443, -42.6632276], [-64.236685, -42.6634682], [-64.2373502, -42.6635786], [-64.2378169, -42.6637009], [-64.2382568, -42.6638863], [-64.238466, -42.664052], [-64.2386699, -42.6642098], [-64.2387879, -42.6644701], [-64.2388898, -42.6647423], [-64.2388898, -42.6649277], [-64.2389166, -42.6650737], [-64.2389381, -42.6654326], [-64.2396033, -42.6693574], [-64.2398715, -42.6704618], [-64.2401826, -42.6716766], [-64.2404831, -42.6723944], [-64.2407513, -42.6730965], [-64.2411268, -42.6736565], [-64.2415881, -42.6743191], [-64.2418885, -42.6747293], [-64.2420495, -42.6750369], [-64.2422533, -42.6751868], [-64.2425054, -42.6753564], [-64.2427737, -42.675522], [-64.2430687, -42.6756285], [-64.2433852, -42.6757153], [-64.2437178, -42.6757311], [-64.2440987, -42.6757153], [-64.2443401, -42.6757153], [-64.2445386, -42.6757192], [-64.2446673, -42.6757232], [-64.2447692, -42.6757469], [-64.2448872, -42.6758415], [-64.2448926, -42.6759717], [-64.2449248, -42.6761689], [-64.2448819, -42.6763621], [-64.2449355, -42.6764922], [-64.2450321, -42.6766145], [-64.2451608, -42.6767723], [-64.2451823, -42.6769892], [-64.2452681, -42.6772771], [-64.2453003, -42.6776241], [-64.2454398, -42.6777582], [-64.2455202, -42.6778371], [-64.2458314, -42.6779396], [-64.2461693, -42.6781053], [-64.2465341, -42.6782354], [-64.2467648, -42.6785036], [-64.2470276, -42.6790833], [-64.247269, -42.6794619], [-64.2475694, -42.680018], [-64.2477948, -42.6802309], [-64.2479235, -42.6804202], [-64.247961, -42.6806332], [-64.2481488, -42.6808501], [-64.2482668, -42.6809526], [-64.2484868, -42.6810354], [-64.2486584, -42.6810985], [-64.2488462, -42.6811616], [-64.2489213, -42.6812366], [-64.2489803, -42.6813233], [-64.2489481, -42.6814377], [-64.2488462, -42.6815599], [-64.2487818, -42.6817295], [-64.2486852, -42.6819227], [-64.2486423, -42.6822146], [-64.2486799, -42.682325], [-64.2486906, -42.6825222], [-64.2488515, -42.6826365], [-64.2490608, -42.6827785], [-64.2492002, -42.6828573], [-64.249211, -42.6829638], [-64.2490876, -42.6831216], [-64.2488623, -42.6831689], [-64.2486692, -42.6831768], [-64.2484117, -42.683303], [-64.2481971, -42.6834765], [-64.2480254, -42.6836421], [-64.2479599, -42.68377], [-64.2477948, -42.6842297], [-64.2476392, -42.684904], [-64.2475212, -42.6854166], [-64.2472905, -42.6863157], [-64.24624, -42.69355], [-64.2458797, -42.6955895], [-64.2455149, -42.6983336], [-64.244957, -42.705335], [-64.2450643, -42.7091824], [-64.2452896, -42.7108221], [-64.2453754, -42.7117208], [-64.2455578, -42.7129033], [-64.1616583, -42.7125249], [-64.1599277, -42.6050051]]]]}, "properties": {"osm_id": 10245670, "name": "Sitio Ramsar Humedales Valdés", "match": "Península Valdés", "protect_class": "6", "boundary": "protected_area"}}, {"type": "Feature", "geometry": {"type": "Polygon", "coordinates": [[[-63.604711, -42.4915674], [-63.6046305, -42.4915457], [-63.6045085, -42.4914665], [-63.6044428, -42.4913993], [-63.6043958, -42.4913004], [-63.604424, -42.4911184], [-63.6044669, -42.4908475], [-63.6045662, -42.4904717], [-63.6048478, -42.4899673], [-63.605234, -42.4893898], [-63.6055881, -42.48884], [-63.6057302, -42.4885255], [-63.6058778, -42.4879835], [-63.6059609, -42.4873051], [-63.6059555, -42.4865179], [-63.605918, -42.4858276], [-63.6057651, -42.4840889], [-63.6054969, -42.4808013], [-63.6052716, -42.4779211], [-63.6052126, -42.4718081], [-63.6052609, -42.468595], [-63.6053467, -42.4670161], [-63.6055398, -42.4628135], [-63.6057544, -42.4603599], [-63.6061674, -42.4567069], [-63.6064464, -42.4543282], [-63.6067736, -42.4515061], [-63.6070794, -42.4487116], [-63.6073262, -42.4465702], [-63.6075139, -42.444195], [-63.607766, -42.4420099], [-63.6079592, -42.4387715], [-63.6080986, -42.4348758], [-63.6082166, -42.4317876], [-63.6082703, -42.4305879], [-63.6083347, -42.4274836], [-63.6084098, -42.422423], [-63.6083508, -42.4201618], [-63.6082703, -42.4166095], [-63.6081469, -42.4138055], [-63.6080611, -42.411144], [-63.6077553, -42.4077298], [-63.6076695, -42.4065692], [-63.6073691, -42.4034558], [-63.607074, -42.4008335], [-63.6069667, -42.3996768], [-63.6066985, -42.3972404], [-63.6064249, -42.3941543], [-63.6062425, -42.3925577], [-63.6056739, -42.3887621], [-63.6052877, -42.3858499], [-63.6048532, -42.3825374], [-63.60466, -42.3808573], [-63.6042523, -42.378127], [-63.6039573, -42.3763279], [-63.6036623, -42.374814], [-63.6031687, -42.3724362], [-63.6028254, -42.3707935], [-63.6024499, -42.3693627], [-63.602289, -42.3687088], [-63.6021334, -42.36814], [-63.6017579, -42.3668797], [-63.6015004, -42.3661742], [-63.6010578, -42.3646799], [-63.6006099, -42.3632173], [-63.5998938, -42.3607657], [-63.5995477, -42.3593962], [-63.599301, -42.3581792], [-63.5991079, -42.3569583], [-63.5989684, -42.35322], [-63.5988987, -42.3481693], [-63.5986894, -42.3405527], [-63.5985661, -42.3366033], [-63.5982442, -42.3345333], [-63.5981369, -42.3336887], [-63.5981798, -42.3321143], [-63.5983247, -42.3302584], [-63.5985822, -42.329144], [-63.5991776, -42.3275378], [-63.6003792, -42.3236272], [-63.6022192, -42.3162536], [-63.6025143, -42.3152223], [-63.6028737, -42.3142941], [-63.603732, -42.3122194], [-63.6047137, -42.3091965], [-63.6053735, -42.3075303], [-63.6068219, -42.3044596], [-63.6074925, -42.3030155], [-63.6090857, -42.3001906], [-63.6105073, -42.2976869], [-63.6122239, -42.2947467], [-63.6127657, -42.2938737], [-63.6147827, -42.2907031], [-63.6160111, -42.2888777], [-63.6182749, -42.2853179], [-63.6206943, -42.2819088], [-63.6225879, -42.2791822], [-63.624326, -42.276765], [-63.6261982, -42.2742882], [-63.6279577, -42.2719086], [-63.6288053, -42.2708388], [-63.6299264, -42.2694216], [-63.6311013, -42.2678893], [-63.6335126, -42.2647949], [-63.6345157, -42.2636595], [-63.6363021, -42.2617717], [-63.6388743, -42.2587663], [-63.6405587, -42.2568248], [-63.6433321, -42.2536047], [-63.6469048, -42.2496419], [-63.6487931, -42.2475413], [-63.65125, -42.2449402], [-63.6534709, -42.2427402], [-63.6548013, -42.2415011], [-63.6571616, -42.2392056], [-63.6604366, -42.2360104], [-63.6625689, -42.2339352], [-63.6648542, -42.2314726], [-63.6669892, -42.2290576], [-63.6682981, -42.2275998], [-63.6696929, -42.2260426], [-63.671903, -42.2234645], [-63.6730403, -42.2222251], [-63.6747515, -42.2202864], [-63.6759853, -42.2187092], [-63.6771441, -42.2172393], [-63.6785978, -42.2151734], [-63.6795044, -42.2138821], [-63.6805961, -42.2122889], [-63.6824548, -42.2093605], [-63.6841473, -42.20675], [-63.6852416, -42.2050652], [-63.6863226, -42.203273], [-63.6886239, -42.1998475], [-63.6903083, -42.1969703], [-63.6918318, -42.1945857], [-63.693409, -42.1918752], [-63.6948574, -42.1893791], [-63.6961663, -42.1869705], [-63.697089, -42.1853328], [-63.6978722, -42.1836872], [-63.6984086, -42.1820972], [-63.6992133, -42.1795928], [-63.7001547, -42.1761799], [-63.7008494, -42.1740888], [-63.7014636, -42.172421], [-63.7019196, -42.1710414], [-63.7022576, -42.1696976], [-63.7024802, -42.1684452], [-63.7026572, -42.1678169], [-63.7028503, -42.1671728], [-63.70314, -42.1665287], [-63.7034512, -42.1658607], [-63.7037408, -42.1653398], [-63.704347, -42.1644889], [-63.70498, -42.1635664], [-63.7054896, -42.1627871], [-63.7060529, -42.1618526], [-63.706702, -42.1608546], [-63.7073296, -42.1599161], [-63.7079734, -42.1591208], [-63.7085393, -42.1584329], [-63.7089658, -42.1578881], [-63.7094003, -42.1572876], [-63.7098777, -42.1565837], [-63.710331, -42.1559097], [-63.710787, -42.1552515], [-63.7111598, -42.1547107], [-63.71153, -42.1541698], [-63.7119591, -42.153442], [-63.7125546, -42.1523802], [-63.7131876, -42.151211], [-63.7136328, -42.1501729], [-63.7143999, -42.1484289], [-63.7148935, -42.1472218], [-63.7156016, -42.1452431], [-63.7160978, -42.143857], [-63.7171519, -42.1410329], [-63.7179995, -42.138686], [-63.718493, -42.1373613], [-63.718949, -42.1360665], [-63.7191314, -42.1356369], [-63.7193674, -42.1351854], [-63.7195686, -42.1347995], [-63.7200192, -42.1337692], [-63.7206495, -42.1324703], [-63.7210599, -42.1317124], [-63.7221837, -42.129407], [-63.7227926, -42.1280464], [-63.7232351, -42.1270457], [-63.7236133, -42.1262142], [-63.7239218, -42.1255717], [-63.7241524, -42.1250564], [-63.7243831, -42.1245273], [-63.7247372, -42.1237574], [-63.7253916, -42.1223588], [-63.7263733, -42.1201903], [-63.7269929, -42.1187678], [-63.7274382, -42.1178566], [-63.7281007, -42.1166409], [-63.7289026, -42.1152382], [-63.7294766, -42.1142912], [-63.7301257, -42.1130894], [-63.7310457, -42.1114478], [-63.7315795, -42.1105385], [-63.7321803, -42.1094859], [-63.7326604, -42.108678], [-63.7331969, -42.1077189], [-63.7336797, -42.1067836], [-63.7340042, -42.1061031], [-63.7342376, -42.1055081], [-63.7344736, -42.1048295], [-63.7346479, -42.1042405], [-63.7347499, -42.10394], [-63.7349215, -42.1036216], [-63.7352353, -42.1032017], [-63.7360775, -42.1021649], [-63.736732, -42.1014305], [-63.7369412, -42.1011579], [-63.7370807, -42.1009031], [-63.7372148, -42.1006166], [-63.7373409, -42.1003041], [-63.7375152, -42.0998862], [-63.7378532, -42.0991478], [-63.7382609, -42.098314], [-63.7384245, -42.0979299], [-63.7385693, -42.0976811], [-63.7387893, -42.0974283], [-63.7391728, -42.0971039], [-63.7398702, -42.0965506], [-63.7403101, -42.0961486], [-63.7409404, -42.0954799], [-63.7418389, -42.0945803], [-63.7426597, -42.0937184], [-63.7439203, -42.0922914], [-63.7443844, -42.0917599], [-63.7448457, -42.0912265], [-63.745417, -42.0906473], [-63.7463424, -42.0897635], [-63.7470907, -42.0889892], [-63.7475708, -42.0884777], [-63.7480858, -42.0879024], [-63.748574, -42.0874167], [-63.7489763, -42.0870107], [-63.749392, -42.0865966], [-63.7496468, -42.0863239], [-63.7497944, -42.0860672], [-63.7498614, -42.0858343], [-63.7499231, -42.0856073], [-63.7500036, -42.0853983], [-63.7501457, -42.0851953], [-63.7507412, -42.084624], [-63.7512669, -42.0840507], [-63.7519133, -42.0834654], [-63.7525865, -42.0828722], [-63.7529567, -42.0825796], [-63.7535521, -42.0821536], [-63.7541181, -42.0817654], [-63.754684, -42.081202], [-63.755478, -42.0802534], [-63.7559903, -42.0797149], [-63.7561706, -42.0795085], [-63.7563363, -42.0793188], [-63.7567896, -42.0787713], [-63.7573636, -42.0780964], [-63.7578329, -42.0774713], [-63.7581521, -42.077107], [-63.7585357, -42.0767864], [-63.7588441, -42.0765654], [-63.7592264, -42.0763464], [-63.7595308, -42.0762409], [-63.7599519, -42.0761474], [-63.7606144, -42.0760637], [-63.7612045, -42.076002], [-63.7622237, -42.0758189], [-63.7634736, -42.0754446], [-63.7643534, -42.0751758], [-63.7650025, -42.0749727], [-63.7657616, -42.0747716], [-63.7664536, -42.0746442], [-63.7675238, -42.0745168], [-63.7686744, -42.0743436], [-63.7691626, -42.0742241], [-63.7702703, -42.0738329], [-63.7705922, -42.0737105], [-63.7708926, -42.0735621], [-63.771193, -42.0735771], [-63.7714773, -42.0734885], [-63.7717482, -42.0733989], [-63.7720366, -42.0732953], [-63.772342, -42.0732817], [-63.7725798, -42.0732844], [-63.7729123, -42.0732715], [-63.7732342, -42.0732844], [-63.7735641, -42.0732824], [-63.7738927, -42.0733432], [-63.7747483, -42.0733631], [-63.7752941, -42.0733869], [-63.7755476, -42.0733939], [-63.7757998, -42.0733621], [-63.7785316, -42.0734039], [-63.7791324, -42.0733601], [-63.7797976, -42.07338], [-63.7812996, -42.0735154], [-63.7825602, -42.0735512], [-63.7842608, -42.0734278], [-63.7859076, -42.0732486], [-63.7871254, -42.0731331], [-63.7878871, -42.0730614], [-63.7886113, -42.0729858], [-63.7894106, -42.072922], [-63.7908965, -42.0727827], [-63.7933159, -42.0725637], [-63.7949252, -42.0723924], [-63.7955153, -42.072265], [-63.7968725, -42.0718907], [-63.797645, -42.0717195], [-63.7981063, -42.0716956], [-63.7986159, -42.0717354], [-63.8000161, -42.0719903], [-63.8009173, -42.0721336], [-63.8017327, -42.0722212], [-63.802489, -42.072273], [-63.8032454, -42.0723247], [-63.8043934, -42.0723725], [-63.8058633, -42.0724203], [-63.8075477, -42.0725398], [-63.8100368, -42.0727986], [-63.8114208, -42.072942], [-63.8140762, -42.0732446], [-63.8159108, -42.0734556], [-63.8173002, -42.0736149], [-63.8190973, -42.0738459], [-63.8206261, -42.0740768], [-63.8247782, -42.0748174], [-63.8289893, -42.0756855], [-63.8312477, -42.0761235], [-63.8348526, -42.0767964], [-63.8370037, -42.0772025], [-63.8383931, -42.0774096], [-63.8403457, -42.0776962], [-63.8415635, -42.0778316], [-63.8435644, -42.0779949], [-63.8448733, -42.0781263], [-63.8456833, -42.0782139], [-63.8466328, -42.0783034], [-63.8474456, -42.0783711], [-63.8482368, -42.0784966], [-63.8492078, -42.0786956], [-63.8502163, -42.0789266], [-63.8514125, -42.0791615], [-63.8527215, -42.0794601], [-63.8538319, -42.0797906], [-63.8557309, -42.0804077], [-63.856203, -42.0806068], [-63.8566214, -42.080778], [-63.8571793, -42.0809253], [-63.8585365, -42.0811602], [-63.8597703, -42.081419], [-63.8615996, -42.0818092], [-63.8631767, -42.0820958], [-63.8636971, -42.0821834], [-63.8641417, -42.0822867], [-63.8649671, -42.082542], [-63.8658911, -42.0827886], [-63.8671517, -42.0830275], [-63.8685197, -42.0832823], [-63.8697374, -42.083561], [-63.8714795, -42.0838206], [-63.8727415, -42.0838994], [-63.8742435, -42.0839989], [-63.8753861, -42.0841064], [-63.8760674, -42.084198], [-63.8766199, -42.0843373], [-63.8771027, -42.0844886], [-63.8779825, -42.0848549], [-63.8786906, -42.0850977], [-63.88008, -42.0854521], [-63.8819683, -42.0859617], [-63.8832879, -42.0863518], [-63.8845325, -42.0866942], [-63.886013, -42.0870764], [-63.8884056, -42.0876178], [-63.8906479, -42.0883105], [-63.8931853, -42.0890151], [-63.8943901, -42.08942], [-63.8946927, -42.0895565], [-63.8959748, -42.0901497], [-63.8972032, -42.0907826], [-63.8991344, -42.0917181], [-63.9007062, -42.0924864], [-63.9018005, -42.0929561], [-63.9032811, -42.0934378], [-63.9044666, -42.0937881], [-63.9052069, -42.0939434], [-63.9061457, -42.0940867], [-63.9066929, -42.0942101], [-63.9083183, -42.0948549], [-63.9100242, -42.0955635], [-63.9139992, -42.0971358], [-63.9152867, -42.0976174], [-63.9170623, -42.0984214], [-63.9181405, -42.0990503], [-63.9184865, -42.0992175], [-63.9203721, -42.0998981], [-63.9246583, -42.1011758], [-63.9260316, -42.101542], [-63.9273995, -42.1019678], [-63.9285636, -42.1024972], [-63.9297116, -42.1030624], [-63.9307523, -42.1034285], [-63.9324689, -42.1038624], [-63.9336598, -42.1040295], [-63.9341962, -42.1040216], [-63.9344832, -42.1039479], [-63.9345878, -42.1038604], [-63.9346388, -42.103727], [-63.9346334, -42.1035201], [-63.9345825, -42.1030922], [-63.9345865, -42.1029957], [-63.9346173, -42.102931], [-63.9347139, -42.1028673], [-63.9347783, -42.1028673], [-63.9349043, -42.102933], [-63.934958, -42.1030544], [-63.9350291, -42.1034315], [-63.9351028, -42.1036673], [-63.9352262, -42.1039101], [-63.9352959, -42.1040972], [-63.9352101, -42.1044036], [-63.9351511, -42.1045111], [-63.9351752, -42.1046325], [-63.935245, -42.1047041], [-63.9353952, -42.1047479], [-63.9357224, -42.1047877], [-63.9362454, -42.1047539], [-63.9366344, -42.1046424], [-63.9368999, -42.1044713], [-63.9373237, -42.104135], [-63.9374337, -42.1040633], [-63.9375249, -42.1040395], [-63.9376831, -42.1040454], [-63.9378601, -42.1041211], [-63.9379352, -42.1042245], [-63.937903, -42.1043997], [-63.9378548, -42.1045788], [-63.9378762, -42.1048096], [-63.9380801, -42.1052394], [-63.9384475, -42.1056653], [-63.9388901, -42.1061071], [-63.9389974, -42.1062941], [-63.9390189, -42.1064374], [-63.9389759, -42.1065807], [-63.9388579, -42.1067279], [-63.938123, -42.1079179], [-63.9378655, -42.108483], [-63.9378011, -42.1087536], [-63.9378011, -42.1089606], [-63.9379513, -42.1092949], [-63.9384019, -42.1097883], [-63.9392495, -42.1107832], [-63.9396894, -42.1112608], [-63.9402151, -42.1117463], [-63.9410198, -42.1122955], [-63.942318, -42.1130436], [-63.9426452, -42.1133381], [-63.9429241, -42.1136206], [-63.943187, -42.1137281], [-63.9434981, -42.113748], [-63.9439917, -42.1136644], [-63.9443082, -42.1136047], [-63.9446354, -42.1136564], [-63.9456761, -42.1138554], [-63.9463306, -42.1138634], [-63.9468992, -42.1138077], [-63.9475107, -42.1137679], [-63.9481866, -42.1137917], [-63.9499289, -42.1138235], [-63.951062, -42.1141101], [-63.951931, -42.1143966], [-63.953315, -42.1151686], [-63.9541519, -42.1155267], [-63.9552248, -42.1157177], [-63.956244, -42.1157098], [-63.9574349, -42.1155029], [-63.9586043, -42.1149975], [-63.9587653, -42.1148781], [-63.9588779, -42.1147229], [-63.9589369, -42.1145757], [-63.9590067, -42.1143449], [-63.9591247, -42.1142573], [-63.9592964, -42.1142494], [-63.9595324, -42.1142931], [-63.9598113, -42.1143489], [-63.9600635, -42.1144245], [-63.9602834, -42.1145558], [-63.9604497, -42.1147707], [-63.9605945, -42.1148861], [-63.960852, -42.1149935], [-63.9612651, -42.1150572], [-63.9615977, -42.1150811], [-63.9618659, -42.1151208], [-63.9619947, -42.1152283], [-63.9620751, -42.1153855], [-63.9621314, -42.1154253], [-63.9622253, -42.1154412], [-63.962338, -42.1154292], [-63.9624319, -42.1153914], [-63.9626893, -42.1151984], [-63.9633465, -42.1146274], [-63.9635503, -42.1144921], [-63.9637005, -42.1144444], [-63.9639419, -42.1143926], [-63.9641351, -42.114317], [-63.9642584, -42.1142374], [-63.9645803, -42.1139788], [-63.9648056, -42.1139032], [-63.9649934, -42.1139032], [-63.9652187, -42.1139708], [-63.9654011, -42.1140822], [-63.9655405, -42.1142295], [-63.9656478, -42.1144603], [-63.9657337, -42.1147229], [-63.9658624, -42.1149577], [-63.9660421, -42.1151766], [-63.9663345, -42.1155546], [-63.9666081, -42.1158013], [-63.9669836, -42.1159844], [-63.9680618, -42.1164261], [-63.9681798, -42.1165534], [-63.9682496, -42.1167623], [-63.9683247, -42.1168677], [-63.968432, -42.1169115], [-63.9688772, -42.1170667], [-63.9690757, -42.1171622], [-63.9693519, -42.1173572], [-63.9696872, -42.1176357], [-63.9699286, -42.1179501], [-63.9701164, -42.1183281], [-63.9702934, -42.1188573], [-63.9705133, -42.119482], [-63.9707172, -42.1201823], [-63.9707279, -42.1206399], [-63.9707869, -42.1210498], [-63.9708835, -42.1211632], [-63.9710122, -42.1212885], [-63.9710632, -42.1213661], [-63.9710659, -42.1214258], [-63.9710069, -42.1214616], [-63.9708191, -42.1215073], [-63.9706743, -42.1215949], [-63.9706421, -42.1216486], [-63.9706314, -42.1217381], [-63.9706796, -42.1218595], [-63.9707628, -42.1219012], [-63.9708728, -42.1219231], [-63.9709961, -42.1219112], [-63.9711195, -42.1218515], [-63.9712027, -42.1218615], [-63.9712724, -42.1219092], [-63.9713126, -42.1219908], [-63.9714012, -42.122134], [-63.9715916, -42.1224225], [-63.9717579, -42.122705], [-63.9719778, -42.1229755], [-63.9721334, -42.1231128], [-63.9723453, -42.1232182], [-63.9726296, -42.1233277], [-63.9729381, -42.1233834], [-63.9732733, -42.1233973], [-63.9734638, -42.1234152], [-63.9736596, -42.1233933], [-63.9738353, -42.1233446], [-63.9738728, -42.1233436], [-63.9739104, -42.1233645], [-63.9739412, -42.1234669], [-63.9740042, -42.1235157], [-63.9741021, -42.1235455], [-63.9742027, -42.1235485], [-63.9743623, -42.1235216], [-63.9744884, -42.1234739], [-63.9745447, -42.1234679], [-63.9746077, -42.1234858], [-63.9746641, -42.1235346], [-63.9747177, -42.1236112], [-63.9747633, -42.1236907], [-63.9747794, -42.1237255], [-63.9748263, -42.1237723], [-63.9748827, -42.1237862], [-63.9749846, -42.1237812], [-63.9750825, -42.1237544], [-63.975167, -42.1237106], [-63.9753252, -42.1235813], [-63.9753708, -42.1235624], [-63.9754017, -42.1235649], [-63.9754272, -42.1235749], [-63.9754399, -42.1235888], [-63.97545, -42.1236868], [-63.9754607, -42.1237206], [-63.9754929, -42.1237395], [-63.975572, -42.1237554], [-63.9757973, -42.1237773], [-63.9760628, -42.1237872], [-63.9761487, -42.1238409], [-63.9762265, -42.1239125], [-63.9762506, -42.1239961], [-63.9762077, -42.1240618], [-63.9760253, -42.124211], [-63.9759555, -42.1243224], [-63.9759663, -42.124396], [-63.9760333, -42.1244676], [-63.9761433, -42.1245173], [-63.9763042, -42.1245432], [-63.9765617, -42.124573], [-63.9767602, -42.1245919], [-63.9768541, -42.124583], [-63.976948, -42.1245591], [-63.9770271, -42.1245123], [-63.9770995, -42.1244278], [-63.9771505, -42.1243771], [-63.97718, -42.1243751], [-63.9772162, -42.124381], [-63.9772899, -42.1244149], [-63.9773932, -42.1244497], [-63.9774978, -42.1244596], [-63.9775756, -42.1244566], [-63.9776748, -42.1244377], [-63.9777634, -42.124398], [-63.9777915, -42.124397], [-63.977813, -42.1244109], [-63.9778465, -42.1244706], [-63.9778827, -42.1245153], [-63.9779457, -42.124577], [-63.9780343, -42.1246327], [-63.9781496, -42.1246606], [-63.9782958, -42.1246954], [-63.9784607, -42.124756], [-63.9786565, -42.1248694], [-63.9786994, -42.1249629], [-63.9787102, -42.12514], [-63.978442, -42.1254105], [-63.9782327, -42.1255816], [-63.9780504, -42.1256572], [-63.9778747, -42.1256572], [-63.9778224, -42.1256662], [-63.9777808, -42.125699], [-63.9777754, -42.1257726], [-63.9778693, -42.1260133], [-63.977872, -42.1261098], [-63.9778358, -42.1261516], [-63.9777687, -42.1261764], [-63.9775756, -42.1261715], [-63.9774951, -42.1261675], [-63.9774415, -42.1261804], [-63.9773878, -42.1262023], [-63.9773422, -42.1262858], [-63.9773235, -42.1265076], [-63.977302, -42.1265703], [-63.9772055, -42.1266539], [-63.9770097, -42.1267434], [-63.9768541, -42.1268508], [-63.9768474, -42.1268946], [-63.9768702, -42.1269294], [-63.976956, -42.1269423], [-63.9771572, -42.1269433], [-63.9774764, -42.1269025], [-63.9780262, -42.1269264], [-63.9783427, -42.1269483], [-63.9784634, -42.126992], [-63.978501, -42.1270716], [-63.978501, -42.1271731], [-63.9784661, -42.1272745], [-63.9782488, -42.1278255], [-63.9783454, -42.1280086], [-63.9783615, -42.1283308], [-63.9783293, -42.1289236], [-63.9783722, -42.1292061], [-63.9784312, -42.1294567], [-63.978619, -42.1298426], [-63.9791125, -42.1305667], [-63.979252, -42.1307139], [-63.979429, -42.1308531], [-63.9796865, -42.1309844], [-63.9804, -42.1312828], [-63.9806843, -42.131418], [-63.9808506, -42.1315255], [-63.9810813, -42.1317681], [-63.9813334, -42.1321222], [-63.9815319, -42.1324524], [-63.9819235, -42.1331366], [-63.9821273, -42.1334072], [-63.9824277, -42.1336896], [-63.9835167, -42.1343699], [-63.9848471, -42.1349586], [-63.9864779, -42.1357145], [-63.9872289, -42.1361043], [-63.9883125, -42.1366692], [-63.9902437, -42.1375841], [-63.991499, -42.1380774], [-63.9925718, -42.1384592], [-63.9945138, -42.1389286], [-63.9959836, -42.1392309], [-63.9972174, -42.1395571], [-63.9982045, -42.1398873], [-63.9987141, -42.1400504], [-63.9992774, -42.1402174], [-63.9999801, -42.1404282], [-64.0003771, -42.1405913], [-64.0008491, -42.140822], [-64.0014875, -42.1411164], [-64.0024799, -42.1414943], [-64.0033436, -42.1417488], [-64.0038586, -42.1418244], [-64.0041697, -42.1418741], [-64.0043843, -42.1418821], [-64.0045238, -42.1418423], [-64.0047893, -42.1416753], [-64.0048751, -42.1416504], [-64.0049502, -42.1416564], [-64.0050776, -42.1417061], [-64.0051889, -42.141721], [-64.0052775, -42.141715], [-64.0053982, -42.1417051], [-64.0054719, -42.1417011], [-64.0055081, -42.1417091], [-64.0055162, -42.1417349], [-64.0055054, -42.1418363], [-64.0055054, -42.141899], [-64.0055256, -42.1419447], [-64.0055591, -42.1419676], [-64.0056208, -42.1419855], [-64.0057576, -42.1419855], [-64.0058179, -42.1419945], [-64.0058313, -42.1420173], [-64.0058246, -42.1420472], [-64.0058005, -42.1420889], [-64.005779, -42.1421347], [-64.005775, -42.1421715], [-64.0057991, -42.1422212], [-64.005834, -42.142262], [-64.0058327, -42.1422838], [-64.0058233, -42.1423107], [-64.0057267, -42.1424012], [-64.0057012, -42.14244], [-64.0056852, -42.1425026], [-64.0057066, -42.1425573], [-64.0057361, -42.1425901], [-64.0057884, -42.142614], [-64.005885, -42.1426319], [-64.0059681, -42.1426309], [-64.0061706, -42.1425822], [-64.0063812, -42.1425155], [-64.0064174, -42.1425125], [-64.0064415, -42.1425185], [-64.0064684, -42.1425503], [-64.0064885, -42.1426249], [-64.0065086, -42.1427353], [-64.0064496, -42.1430097], [-64.0062672, -42.1434791], [-64.006235, -42.1437416], [-64.0062994, -42.1439723], [-64.0064871, -42.1441433], [-64.0070987, -42.1443979], [-64.0124202, -42.1465497], [-64.0136969, -42.1471145], [-64.0146893, -42.1475201], [-64.0151668, -42.1476434], [-64.0155208, -42.1476812], [-64.0157756, -42.1476812], [-64.0162075, -42.1476713], [-64.0164757, -42.1476335], [-64.0167225, -42.147361], [-64.017055, -42.1470628], [-64.0172535, -42.1469196], [-64.0174949, -42.1468758], [-64.0178329, -42.1468917], [-64.0188575, -42.1471224], [-64.0191793, -42.1472815], [-64.019292, -42.1474088], [-64.019528, -42.1476474], [-64.0197158, -42.1476991], [-64.0199411, -42.1476951], [-64.0202469, -42.1476235], [-64.0205419, -42.147544], [-64.0209335, -42.1474883], [-64.0217435, -42.1474366], [-64.0222693, -42.1474645], [-64.0226179, -42.1474645], [-64.0232831, -42.1474525], [-64.0236586, -42.1474088], [-64.0240502, -42.1472815], [-64.0245545, -42.1471343], [-64.0248549, -42.1470389], [-64.0250641, -42.1469872], [-64.0254879, -42.1469156], [-64.0257937, -42.1468798], [-64.0264481, -42.1468997], [-64.0272313, -42.1469554], [-64.0276605, -42.147019], [-64.0277892, -42.1470628], [-64.0278482, -42.1471244], [-64.0278375, -42.1472059], [-64.0277463, -42.1472775], [-64.0276042, -42.1473531], [-64.0270329, -42.1475718], [-64.0266895, -42.1478105], [-64.0265769, -42.1479378], [-64.0265635, -42.1479934], [-64.0265849, -42.1480292], [-64.0266627, -42.1480372], [-64.0268089, -42.1480203], [-64.0269229, -42.1480084], [-64.0270443, -42.1480069], [-64.0270852, -42.1480203], [-64.0270979, -42.1480387], [-64.0270952, -42.1480611], [-64.0270717, -42.1480849], [-64.0269779, -42.1481108], [-64.0269135, -42.1481515], [-64.0267968, -42.1482798], [-64.0265447, -42.1485264], [-64.0262765, -42.1488804], [-64.0258795, -42.149465], [-64.0256918, -42.1500099], [-64.0256918, -42.1505229], [-64.0257883, -42.151545], [-64.02596, -42.151899], [-64.0263945, -42.1523524], [-64.0273923, -42.1528495], [-64.0280038, -42.1532551], [-64.0291303, -42.1537164], [-64.0300959, -42.1543647], [-64.0314049, -42.1550407], [-64.0322793, -42.1551839], [-64.0333468, -42.1552833], [-64.0337277, -42.1551521], [-64.0340334, -42.1549135], [-64.0342534, -42.1547504], [-64.0345645, -42.154647], [-64.0348435, -42.154488], [-64.0352257, -42.1542592], [-64.0358895, -42.1537562], [-64.0361148, -42.1537125], [-64.0362704, -42.153792], [-64.036383, -42.1539153], [-64.0362972, -42.1540306], [-64.0360773, -42.1542016], [-64.0358788, -42.1543408], [-64.0355086, -42.1545675], [-64.0351707, -42.1547504], [-64.0344036, -42.1553986], [-64.0339208, -42.1558003], [-64.0340388, -42.1564525], [-64.0341675, -42.1568979], [-64.0347469, -42.1574546], [-64.03576, -42.15792], [-64.0360773, -42.1581386], [-64.0360665, -42.1582818], [-64.0358198, -42.1584965], [-64.0352833, -42.1585681], [-64.0349293, -42.1588544], [-64.03475, -42.1592199], [-64.0351117, -42.1597133], [-64.0353692, -42.159928], [-64.0351975, -42.1601825], [-64.03511, -42.1605], [-64.0355945, -42.1607392], [-64.0361309, -42.1612323], [-64.0365601, -42.1614789], [-64.0371823, -42.1616459], [-64.0376759, -42.1617731], [-64.0378583, -42.162123], [-64.0379655, -42.1624252], [-64.0389499, -42.16316], [-64.0410399, -42.16417], [-64.0424126, -42.1648707], [-64.0448374, -42.1657096], [-64.0472674, -42.1661788], [-64.0483296, -42.1661828], [-64.0486032, -42.1660317], [-64.0489572, -42.1657931], [-64.0492952, -42.1657494], [-64.0496546, -42.1657772], [-64.0499711, -42.1657693], [-64.0503144, -42.1655943], [-64.0504861, -42.1653876], [-64.0505719, -42.1652365], [-64.0507811, -42.165141], [-64.0513766, -42.1651887], [-64.05244, -42.1652199], [-64.0530852, -42.1650882], [-64.0534472, -42.1643524], [-64.0539414, -42.1635348], [-64.0542046, -42.1629807], [-64.0545216, -42.1631977], [-64.055528, -42.1635952], [-64.0561234, -42.16354], [-64.0565812, -42.1636592], [-64.0567187, -42.1637587], [-64.0567122, -42.1638462], [-64.0566204, -42.1643595], [-64.0564084, -42.1647156], [-64.0560114, -42.165145], [-64.0554106, -42.1660277], [-64.0554553, -42.1665176], [-64.0565374, -42.1673573], [-64.0579578, -42.1679885], [-64.0594447, -42.1683418], [-64.0607794, -42.1696975], [-64.0611925, -42.1699327], [-64.061805, -42.1700276], [-64.0617943, -42.1703377], [-64.0613544, -42.1709022], [-64.0610862, -42.1714986], [-64.0613236, -42.1715305], [-64.0615261, -42.17192], [-64.0624729, -42.1726576], [-64.0630038, -42.1727037], [-64.0632588, -42.1726715], [-64.0635109, -42.172751], [-64.0634787, -42.1730174], [-64.0634465, -42.1731605], [-64.0635109, -42.1733434], [-64.0657425, -42.1744724], [-64.0682531, -42.175681], [-64.0707851, -42.1765079], [-64.0732098, -42.1776369], [-64.0746582, -42.178273], [-64.0755057, -42.1785354], [-64.0763817, -42.178815], [-64.0775622, -42.1790573], [-64.0800494, -42.1796166], [-64.0811276, -42.1797558], [-64.0822274, -42.1799406], [-64.0826994, -42.1799307], [-64.0830213, -42.179883], [-64.0833056, -42.1798154], [-64.0839896, -42.1796345], [-64.0846843, -42.179406], [-64.0850571, -42.1791953], [-64.0853173, -42.1790084], [-64.0857276, -42.1786268], [-64.085784, -42.178597], [-64.0858537, -42.178585], [-64.0859395, -42.178597], [-64.0860146, -42.1786407], [-64.0861166, -42.1788116], [-64.0862373, -42.1789707], [-64.0863821, -42.17908], [-64.0866128, -42.1791833], [-64.0869373, -42.1793364], [-64.0877554, -42.1796703], [-64.0886593, -42.1799923], [-64.0897697, -42.1803839], [-64.0908828, -42.1807536], [-64.0919638, -42.1810616], [-64.0928382, -42.1813399], [-64.0937153, -42.1816738], [-64.094772, -42.1820375], [-64.0961882, -42.1825285], [-64.0974328, -42.1829796], [-64.0982509, -42.1833592], [-64.099305, -42.1836057], [-64.0996966, -42.1836772], [-64.1000909, -42.1837309], [-64.1006112, -42.1837786], [-64.1016895, -42.1838502], [-64.1020677, -42.1838502], [-64.1023466, -42.1838124], [-64.1027811, -42.1836753], [-64.1029555, -42.1836335], [-64.1030842, -42.1836435], [-64.1031915, -42.1836772], [-64.1032586, -42.1837468], [-64.1033122, -42.1838323], [-64.1033658, -42.1838979], [-64.103457, -42.1839118], [-64.1035938, -42.1838899], [-64.1040444, -42.1838025], [-64.104656, -42.1836415], [-64.1047525, -42.1835918], [-64.1048062, -42.1835282], [-64.1049242, -42.1834169], [-64.1051227, -42.1833175], [-64.1053131, -42.1832678], [-64.1055465, -42.1832857], [-64.1056538, -42.1833513], [-64.105694, -42.1834209], [-64.1057047, -42.1834924], [-64.1056725, -42.1835242], [-64.1055518, -42.1835958], [-64.1054285, -42.1837071], [-64.1053721, -42.183872], [-64.1053775, -42.1840231], [-64.1054741, -42.1841503], [-64.1056109, -42.1842655], [-64.1057637, -42.184357], [-64.1059166, -42.1843987], [-64.1061205, -42.1844126], [-64.106732, -42.184349], [-64.1068232, -42.1843649], [-64.1068473, -42.1844067], [-64.1068554, -42.1844782], [-64.1068876, -42.1845279], [-64.1069305, -42.1845676], [-64.1070485, -42.1845895], [-64.107365, -42.1845776], [-64.1076198, -42.1845438], [-64.1077727, -42.1845607], [-64.1078116, -42.1845696], [-64.1078398, -42.1846074], [-64.1078371, -42.1846471], [-64.1078425, -42.1847445], [-64.1079068, -42.1849512], [-64.1080356, -42.1851659], [-64.1083735, -42.1854163], [-64.1090602, -42.1856906], [-64.1105139, -42.1862073], [-64.1124022, -42.1868075], [-64.1135126, -42.1872089], [-64.114387, -42.1875468], [-64.11513, -42.1878529], [-64.1154841, -42.1879781], [-64.1157147, -42.1879999], [-64.1158913, -42.187975], [-64.1161372, -42.1878588], [-64.1162887, -42.1878012], [-64.1163759, -42.1877873], [-64.116447, -42.1877912], [-64.1164765, -42.1878151], [-64.1164738, -42.1878439], [-64.1164497, -42.1878817], [-64.1164121, -42.1879125], [-64.1163665, -42.1879622], [-64.1163451, -42.1880317], [-64.1163826, -42.1882265], [-64.1164684, -42.1883775], [-64.1166508, -42.1885047], [-64.1171819, -42.1887233], [-64.118346, -42.1891407], [-64.1202611, -42.1898203], [-64.1220045, -42.1904841], [-64.1225088, -42.1907544], [-64.1228092, -42.1909292], [-64.1232866, -42.1909491], [-64.1237748, -42.1908974], [-64.124161, -42.1909213], [-64.1244668, -42.1910087], [-64.1247404, -42.1911518], [-64.125073, -42.1913386], [-64.1256201, -42.1915572], [-64.1299653, -42.1927575], [-64.1314673, -42.1932424], [-64.1343454, -42.1941366], [-64.1362068, -42.194695], [-64.1384733, -42.1953309], [-64.1403347, -42.195782], [-64.1430599, -42.1963781], [-64.1450447, -42.1967875], [-64.1475016, -42.1972584], [-64.1488749, -42.1975187], [-64.1503984, -42.197785], [-64.1531718, -42.1982062], [-64.1559774, -42.1985281], [-64.1579783, -42.1987547], [-64.1594428, -42.1989732], [-64.1607329, -42.1991719], [-64.166202, -42.2001972], [-64.1701663, -42.2009801], [-64.1722369, -42.2013576], [-64.1742674, -42.2016874], [-64.1759706, -42.2019457], [-64.1774565, -42.2021961], [-64.1811204, -42.2028915], [-64.1855943, -42.2036704], [-64.189918, -42.204477], [-64.1916105, -42.2047632], [-64.1942418, -42.2051883], [-64.1980022, -42.205848], [-64.2022508, -42.2066268], [-64.2058075, -42.2072347], [-64.2087257, -42.2077036], [-64.2112416, -42.2081248], [-64.2139506, -42.2086572], [-64.2172927, -42.2092652], [-64.2192507, -42.2096069], [-64.2206133, -42.2098135], [-64.2221206, -42.2100797], [-64.2235878, -42.2103837], [-64.22638, -42.21093], [-64.2290568, -42.2114267], [-64.2317605, -42.2118598], [-64.2340887, -42.2122849], [-64.2363256, -42.2126862], [-64.2381656, -42.2129921], [-64.2400754, -42.2133298], [-64.2425591, -42.2138106], [-64.244501, -42.2141841], [-64.2459977, -42.2144582], [-64.2470169, -42.214629], [-64.2482722, -42.2148356], [-64.2504287, -42.2152488], [-64.2519307, -42.2155111], [-64.2535776, -42.2157494], [-64.2557126, -42.216103], [-64.2573863, -42.2163811], [-64.2590332, -42.2166692], [-64.2603341, -42.2169234], [-64.260774, -42.2170069], [-64.2613694, -42.2170863], [-64.2619407, -42.2171559], [-64.2625898, -42.2172234], [-64.2633838, -42.217287], [-64.2641991, -42.2173744], [-64.2653686, -42.2175134], [-64.2665273, -42.2176843], [-64.2671657, -42.2177717], [-64.2676994, -42.2178452], [-64.2682681, -42.2178968], [-64.2688045, -42.2179624], [-64.2693034, -42.2180378], [-64.2702073, -42.2181491], [-64.2716315, -42.2183279], [-64.2727286, -42.218457], [-64.2738363, -42.2185801], [-64.2748421, -42.2187053], [-64.2756656, -42.2188364], [-64.2765319, -42.2189854], [-64.2774653, -42.2191502], [-64.2780232, -42.2192555], [-64.2783907, -42.219327], [-64.2787045, -42.2193588], [-64.2790425, -42.2193846], [-64.2797425, -42.2194244], [-64.2801717, -42.2194303], [-64.280507, -42.2194482], [-64.280802, -42.21948], [-64.2812499, -42.2195535], [-64.2820868, -42.2196687], [-64.2829344, -42.2197859], [-64.2837176, -42.2199051], [-64.2839804, -42.2199329], [-64.2842943, -42.2199468], [-64.2844901, -42.2199547], [-64.2846242, -42.2199706], [-64.2847234, -42.2200123], [-64.2848897, -42.2201037], [-64.2851204, -42.2202328], [-64.28541, -42.22035], [-64.285866, -42.2204652], [-64.2861074, -42.2205129], [-64.2862952, -42.2205387], [-64.2869711, -42.2205923], [-64.2877275, -42.2206539], [-64.289133, -42.2208029], [-64.2896023, -42.2208724], [-64.2901441, -42.2209558], [-64.2905787, -42.2210293], [-64.2911017, -42.2211147], [-64.2913485, -42.2211386], [-64.2914692, -42.2211346], [-64.2916006, -42.2211008], [-64.2918822, -42.2210273], [-64.2919922, -42.2210194], [-64.2920914, -42.2210373], [-64.2922604, -42.2210989], [-64.2925876, -42.221226], [-64.2926949, -42.2212637], [-64.2928076, -42.2213054], [-64.2929631, -42.2212955], [-64.2933467, -42.2212379], [-64.2935908, -42.2212478], [-64.293749, -42.2212876], [-64.293969, -42.2214028], [-64.2941299, -42.2214544], [-64.2942479, -42.2214544], [-64.2946181, -42.2214365], [-64.2949694, -42.2214425], [-64.2952243, -42.2214643], [-64.2963776, -42.221653], [-64.296847, -42.2217325], [-64.2972761, -42.2217722], [-64.2979172, -42.22181], [-64.2983142, -42.2218139], [-64.2987299, -42.2218417], [-64.2990571, -42.2218934], [-64.2998993, -42.2220324], [-64.300594, -42.2221516], [-64.3012136, -42.2222509], [-64.3024179, -42.2223919], [-64.3034345, -42.222529], [-64.3044242, -42.222668], [-64.305599, -42.2228369], [-64.3061757, -42.2229163], [-64.3069777, -42.2230415], [-64.3075222, -42.2231428], [-64.3079647, -42.2232262], [-64.3082544, -42.2232699], [-64.3085682, -42.2233235], [-64.3089196, -42.2234208], [-64.3092656, -42.2235599], [-64.309448, -42.2236393], [-64.3096116, -42.2237029], [-64.3098396, -42.2237426], [-64.3102379, -42.2237734], [-64.3108079, -42.2238181], [-64.3110895, -42.2238439], [-64.3113202, -42.2238876], [-64.3116394, -42.2239849], [-64.3118674, -42.2240763], [-64.3123207, -42.2243186], [-64.3125352, -42.2244239], [-64.3127042, -42.2244815], [-64.3129107, -42.2245172], [-64.3138951, -42.224694], [-64.3151799, -42.2249522], [-64.3160623, -42.2251131], [-64.3163493, -42.2251627], [-64.3167302, -42.2251985], [-64.3170387, -42.2252263], [-64.3172801, -42.225274], [-64.3175778, -42.2253713], [-64.3180499, -42.2254905], [-64.3184468, -42.2255679], [-64.3188465, -42.2256216], [-64.3191683, -42.2256315], [-64.3195036, -42.2256176], [-64.3196377, -42.2256275], [-64.3198121, -42.2256514], [-64.3199596, -42.2256931], [-64.3203378, -42.225844], [-64.3205228, -42.2259334], [-64.3207401, -42.2260029], [-64.3215394, -42.2261777], [-64.3228135, -42.2264875], [-64.3230334, -42.2265153], [-64.3232694, -42.2265193], [-64.3235377, -42.2265094], [-64.3238595, -42.2264994], [-64.3240446, -42.2265173], [-64.3242377, -42.2265749], [-64.3244925, -42.2266663], [-64.3248305, -42.2267398], [-64.3252274, -42.2268133], [-64.32567, -42.2269026], [-64.3271774, -42.2271469], [-64.3280491, -42.227286], [-64.3288538, -42.227429], [-64.3295887, -42.2275521], [-64.3309888, -42.2277309], [-64.3312356, -42.2277706], [-64.3314207, -42.2278361], [-64.3316218, -42.2279493], [-64.3317962, -42.2280228], [-64.3319973, -42.2280725], [-64.3325928, -42.2282393], [-64.3329911, -42.2283396], [-64.33327, -42.2283744], [-64.3335235, -42.2283902], [-64.3336925, -42.2284022], [-64.3338843, -42.2284588], [-64.3340479, -42.2285392], [-64.3341404, -42.2285918], [-64.3342558, -42.2286405], [-64.3344221, -42.2286743], [-64.3357497, -42.2289324], [-64.3368226, -42.2291172], [-64.3376756, -42.2292681], [-64.3386304, -42.2294528], [-64.3401834, -42.229705], [-64.3422568, -42.229999], [-64.3429327, -42.2301062], [-64.3436623, -42.2302313], [-64.3441692, -42.2303267], [-64.3448102, -42.2304389], [-64.3451509, -42.2304895], [-64.3456136, -42.2305759], [-64.3457813, -42.2305938], [-64.3460307, -42.2306166], [-64.3462157, -42.2306424], [-64.3464035, -42.2306881], [-64.3467642, -42.2307974], [-64.3472484, -42.2309215], [-64.3480074, -42.2310714], [-64.3486176, -42.2312045], [-64.3495095, -42.2314011], [-64.3507741, -42.2316444], [-64.3515587, -42.2317864], [-64.3520898, -42.231841], [-64.35224, -42.2318619], [-64.3524371, -42.2319036], [-64.3527013, -42.2319612], [-64.3530849, -42.2320396], [-64.3538412, -42.2321796], [-64.3544018, -42.232263], [-64.3545266, -42.2322898], [-64.3546928, -42.2323643], [-64.3548176, -42.232409], [-64.3549503, -42.2324358], [-64.3551032, -42.2324567], [-64.3553808, -42.2324785], [-64.3555874, -42.2324914], [-64.3557684, -42.2325142], [-64.3560232, -42.2325738], [-64.3561265, -42.2326106], [-64.3561788, -42.2326443], [-64.3562378, -42.2326751], [-64.3563236, -42.2327069], [-64.356447, -42.2327367], [-64.3568024, -42.2328062], [-64.3574663, -42.2329124], [-64.3576621, -42.2329313], [-64.3578766, -42.2329412], [-64.3580496, -42.2329601], [-64.3580993, -42.2329636], [-64.3581415, -42.2329546], [-64.3581562, -42.2329447], [-64.358165, -42.2329318], [-64.3581784, -42.2329278], [-64.3581945, -42.2329293], [-64.3582206, -42.2329258], [-64.3582676, -42.232902], [-64.358342, -42.2328275], [-64.3583567, -42.2328141], [-64.3583735, -42.2328116], [-64.3583976, -42.2328241], [-64.3584251, -42.2328439], [-64.3584493, -42.2328479], [-64.3584909, -42.2328429], [-64.3585284, -42.2328419], [-64.3585593, -42.2328538], [-64.3585941, -42.2328826], [-64.3587014, -42.2329839], [-64.3588074, -42.2331557], [-64.3588932, -42.2332491], [-64.3589844, -42.2333136], [-64.3590648, -42.2333493], [-64.3591708, -42.2333891], [-64.3597019, -42.233539], [-64.3602866, -42.2336691], [-64.3610269, -42.233828], [-64.3618275, -42.2339898], [-64.3625799, -42.2341199], [-64.363005, -42.2341685], [-64.3633255, -42.2342182], [-64.3636246, -42.2342718], [-64.3641235, -42.234384], [-64.3646291, -42.2345051], [-64.364963, -42.2345995], [-64.3657382, -42.2347792], [-64.3662518, -42.2348904], [-64.3669841, -42.2350771], [-64.3676479, -42.2352052], [-64.3682782, -42.235364], [-64.3684714, -42.2354067], [-64.3688589, -42.2354882], [-64.3690453, -42.2354842], [-64.3691634, -42.2354594], [-64.3692575, -42.2354322], [-64.3693992, -42.2353873], [-64.3694515, -42.2353542], [-64.3694906, -42.2352876], [-64.3695636, -42.2351612], [-64.3695788, -42.2351494], [-64.3695973, -42.235143], [-64.3696129, -42.23515], [-64.3696288, -42.2351657], [-64.3696676, -42.235237], [-64.3696877, -42.2353114], [-64.3697119, -42.2354534], [-64.3697575, -42.2355855], [-64.3698299, -42.2357483], [-64.3698835, -42.2358496], [-64.3699318, -42.235927], [-64.3700096, -42.236068], [-64.3700928, -42.2361773], [-64.3702449, -42.2363535], [-64.3702994, -42.236432], [-64.3703373, -42.2365005], [-64.3703677, -42.236524], [-64.3704252, -42.2365297], [-64.3705541, -42.2365151], [-64.3711522, -42.2364017], [-64.3714942, -42.2363798], [-64.3721487, -42.2363937], [-64.3726221, -42.2364473], [-64.3731733, -42.2365079], [-64.3735018, -42.2365446], [-64.3741161, -42.2365526], [-64.3748, -42.2367293], [-64.3753418, -42.2367293], [-64.3755162, -42.236773], [-64.3755966, -42.2368683], [-64.3756503, -42.2369716], [-64.375742, -42.2371155], [-64.3758483, -42.2372841], [-64.3760755, -42.2375166], [-64.3764279, -42.2378064], [-64.3769569, -42.2380998], [-64.3773416, -42.2382296], [-64.3777004, -42.2382836], [-64.3780448, -42.2383102], [-64.3784624, -42.2383491], [-64.3787736, -42.2384421], [-64.3789262, -42.2385501], [-64.3789669, -42.2386714], [-64.3788536, -42.2388209], [-64.3786628, -42.2389094], [-64.3784096, -42.2390017], [-64.378148, -42.2390605], [-64.3778097, -42.2390908], [-64.3775838, -42.2390977], [-64.3773342, -42.2390987], [-64.3771341, -42.2390845], [-64.3768653, -42.2390745], [-64.3766829, -42.2390269], [-64.3765251, -42.2390225], [-64.3762516, -42.2390827], [-64.375947, -42.239092], [-64.3757081, -42.2390261], [-64.375579, -42.2389361], [-64.3754606, -42.2388773], [-64.3753675, -42.2388418], [-64.3751581, -42.2388325], [-64.3748422, -42.2388074], [-64.3746059, -42.2388059], [-64.3741863, -42.2388346], [-64.3737803, -42.2387567], [-64.3734975, -42.2386058], [-64.37326, -42.2384813], [-64.3730239, -42.2383495], [-64.3728047, -42.2382698], [-64.3726152, -42.2382228], [-64.3723133, -42.2382157], [-64.3719713, -42.2382269], [-64.3708128, -42.2383479], [-64.3700217, -42.2384631], [-64.3692283, -42.2386565], [-64.3683356, -42.2389378], [-64.3675161, -42.2392311], [-64.3665339, -42.2396749], [-64.3656493, -42.2401187], [-64.3639638, -42.241037], [-64.3616381, -42.2425341], [-64.360917, -42.2430615], [-64.3605276, -42.2433638], [-64.3600881, -42.2436606], [-64.3597999, -42.24386], [-64.3584194, -42.2443515], [-64.3575099, -42.2445271], [-64.355509, -42.244088], [-64.3544984, -42.2439593], [-64.3538403, -42.2440295], [-64.3528518, -42.2441056], [-64.3522428, -42.2443866], [-64.3520767, -42.2443339], [-64.3518869, -42.2444276], [-64.3516338, -42.2444334], [-64.3512305, -42.2443163], [-64.3507639, -42.2443866], [-64.3493087, -42.2442578], [-64.3488121, -42.2441063], [-64.3482648, -42.2440412], [-64.345386, -42.2448725], [-64.3447534, -42.245013], [-64.3445556, -42.2450833], [-64.3444054, -42.2450716], [-64.3442867, -42.2451594], [-64.3441128, -42.2451184], [-64.3438913, -42.2452882], [-64.3434691, -42.2453969], [-64.3420422, -42.2456312], [-64.3416774, -42.2456471], [-64.3413529, -42.2456173], [-64.3405938, -42.245663], [-64.3396068, -42.2458695], [-64.3388557, -42.2460978], [-64.3379974, -42.2463718], [-64.3372116, -42.2466478], [-64.3362647, -42.2471442], [-64.33557, -42.2475155], [-64.3346018, -42.2480257], [-64.334001, -42.2483593], [-64.3332499, -42.2487167], [-64.3327779, -42.2489788], [-64.3320993, -42.2492488], [-64.3314046, -42.2494195], [-64.3308681, -42.2495466], [-64.3305624, -42.2496459], [-64.3302941, -42.2497511], [-64.3300822, -42.2498266], [-64.3299213, -42.2498266], [-64.3297684, -42.2497491], [-64.3295404, -42.2495466], [-64.329055, -42.2492071], [-64.3286258, -42.2490403], [-64.3280572, -42.2489311], [-64.3274885, -42.2489132], [-64.3267483, -42.2489589], [-64.3258417, -42.2490701], [-64.3249136, -42.2492567], [-64.3239963, -42.2494314], [-64.3230468, -42.2494473], [-64.3220973, -42.2495307], [-64.3212175, -42.2497015], [-64.3200749, -42.2498246], [-64.3191093, -42.2499834], [-64.3179426, -42.250311], [-64.3171567, -42.2505989], [-64.3163252, -42.2509046], [-64.3153757, -42.2512382], [-64.3146622, -42.2514288], [-64.314162, -42.251537], [-64.3137422, -42.251675], [-64.3134834, -42.251802], [-64.313238, -42.251943], [-64.3130703, -42.2520571], [-64.3129309, -42.2521524], [-64.3128249, -42.2522398], [-64.3127089, -42.252275], [-64.3125942, -42.25228], [-64.3124145, -42.2522636], [-64.3122402, -42.2522318], [-64.3121168, -42.2521743], [-64.3120746, -42.2521217], [-64.3120699, -42.2520681], [-64.3120625, -42.2520288], [-64.3120316, -42.252004], [-64.3119914, -42.2520006], [-64.3119337, -42.25201], [-64.3117668, -42.2520472], [-64.3116032, -42.25207], [-64.3114623, -42.252077], [-64.3113443, -42.2520422], [-64.3112739, -42.2519772], [-64.3112545, -42.2519161], [-64.3112773, -42.2518536], [-64.3112759, -42.251803], [-64.3112317, -42.2517266], [-64.3111995, -42.2516382], [-64.3111968, -42.2515931], [-64.3112169, -42.2515558], [-64.3112196, -42.2515131], [-64.3111941, -42.2514844], [-64.311119, -42.2514655], [-64.3110748, -42.2514119], [-64.3110573, -42.2513077], [-64.3110332, -42.2512084], [-64.3109916, -42.2511081], [-64.3109098, -42.2509979], [-64.310769, -42.2508977], [-64.3106912, -42.2508232], [-64.3106, -42.2507319], [-64.3105303, -42.2505979], [-64.3105222, -42.2505582], [-64.3105611, -42.2504639], [-64.3105665, -42.2503189], [-64.3104753, -42.2501085], [-64.3102835, -42.2498901], [-64.3099952, -42.2496379], [-64.3096384, -42.2494076], [-64.3092093, -42.2491992], [-64.3086916, -42.2489639], [-64.3082182, -42.2487911], [-64.3078387, -42.2486829], [-64.3073961, -42.2486065], [-64.3069294, -42.2485876], [-64.3063742, -42.2485995], [-64.3056849, -42.2486432], [-64.3052128, -42.2487127], [-64.3049406, -42.2487653], [-64.3046898, -42.2487534], [-64.3043518, -42.2487048], [-64.3038476, -42.2486968], [-64.3033084, -42.2487763], [-64.3027318, -42.2488934], [-64.3023294, -42.248943], [-64.3018279, -42.2489708], [-64.3012968, -42.2489728], [-64.3007255, -42.248943], [-64.3002427, -42.2489172], [-64.2999423, -42.2489271], [-64.2997652, -42.2489589], [-64.2995694, -42.2490522], [-64.2992985, -42.2491039], [-64.2990303, -42.2490979], [-64.2987353, -42.2490383], [-64.2985716, -42.2489837], [-64.2984724, -42.2489132], [-64.2984402, -42.2488477], [-64.2984442, -42.2487544], [-64.2983624, -42.2485082], [-64.2981425, -42.2482243], [-64.2978367, -42.2480377], [-64.2973888, -42.2478947], [-64.2966753, -42.2476247], [-64.296037, -42.2473904], [-64.2953691, -42.2472593], [-64.2949158, -42.2470648], [-64.2945376, -42.246765], [-64.2942211, -42.2464612], [-64.2937946, -42.2461177], [-64.293403, -42.2458556], [-64.2930678, -42.2455438], [-64.2928103, -42.245248], [-64.2926493, -42.2449621], [-64.2924079, -42.2447337], [-64.2920458, -42.2446166], [-64.2914262, -42.2444955], [-64.2906055, -42.2443863], [-64.2901763, -42.2443585], [-64.2898679, -42.244281], [-64.2895862, -42.2442234], [-64.2891893, -42.2442373], [-64.2888567, -42.2443068], [-64.2884088, -42.2443922], [-64.2877275, -42.2444518], [-64.2869228, -42.2446761], [-64.2863998, -42.2448608], [-64.2859384, -42.2449819], [-64.2855978, -42.2450276], [-64.2851821, -42.2450475], [-64.2846939, -42.245103], [-64.2842513, -42.2451984], [-64.2838302, -42.2453771], [-64.2834011, -42.2455478], [-64.2829827, -42.2456928], [-64.2822558, -42.2458695], [-64.2821056, -42.2458913], [-64.282005, -42.2458734], [-64.2819352, -42.2458188], [-64.2818709, -42.2457166], [-64.281781, -42.2455915], [-64.2816053, -42.2454535], [-64.2812231, -42.2452738], [-64.2807283, -42.2451438], [-64.2801838, -42.2450872], [-64.2796245, -42.245103], [-64.2789808, -42.2452023], [-64.2782217, -42.2454426], [-64.2776933, -42.245657], [-64.2771569, -42.2458774], [-64.2765534, -42.246066], [-64.2760344, -42.2462437], [-64.2756039, -42.2463202], [-64.2751975, -42.2463599], [-64.2749226, -42.2464145], [-64.2746785, -42.2464274], [-64.2744559, -42.2463857], [-64.2741327, -42.2463718], [-64.2737438, -42.246347], [-64.2733066, -42.2462854], [-64.2729324, -42.2461286], [-64.2726481, -42.2459826], [-64.2723745, -42.2457841], [-64.2722082, -42.2455855], [-64.2721117, -42.2453731], [-64.2720178, -42.2451507], [-64.2719722, -42.244968], [-64.2720191, -42.2448181], [-64.2721666, -42.2447278], [-64.2724134, -42.2446196], [-64.272738, -42.2445113], [-64.2729726, -42.2444041], [-64.273375, -42.2441897], [-64.2736995, -42.2439593], [-64.2739892, -42.2437469], [-64.2742547, -42.2434927], [-64.274354, -42.2431949], [-64.274413, -42.2428097], [-64.2744116, -42.2423917], [-64.2743003, -42.2418883], [-64.2741019, -42.2413998], [-64.2737559, -42.2409392], [-64.273379, -42.2406095], [-64.2728359, -42.2402253], [-64.2721438, -42.2398361], [-64.2713955, -42.2394886], [-64.2706069, -42.2391798], [-64.2696896, -42.2389087], [-64.2688863, -42.2387429], [-64.2680092, -42.238588], [-64.2671549, -42.2384848], [-64.2663932, -42.2384768], [-64.2656261, -42.238451], [-64.2648858, -42.2384034], [-64.264285, -42.2382683], [-64.2634481, -42.238181], [-64.2629305, -42.2381512], [-64.2623591, -42.2381512], [-64.2618039, -42.2382048], [-64.2611253, -42.2383537], [-64.2604655, -42.2385146], [-64.2595643, -42.2387489], [-64.2587248, -42.2389177], [-64.2579174, -42.2389296], [-64.257153, -42.2389574], [-64.2563832, -42.23888], [-64.255836, -42.2387687], [-64.2554766, -42.2386059], [-64.255203, -42.2383895], [-64.2550233, -42.238173], [-64.2549509, -42.2378632], [-64.2549884, -42.2375971], [-64.2550313, -42.2372854], [-64.2551172, -42.2368008], [-64.2550394, -42.2364632], [-64.254806, -42.2361296], [-64.2545056, -42.2358655], [-64.2540872, -42.2356351], [-64.2535695, -42.2354524], [-64.2529902, -42.2353313], [-64.2521909, -42.2352578], [-64.2514023, -42.2352558], [-64.2507023, -42.2352697], [-64.2500384, -42.235227], [-64.2495918, -42.2352459], [-64.2489749, -42.2353174], [-64.2486316, -42.2353968], [-64.248476, -42.2354107], [-64.2483231, -42.2353799], [-64.2482038, -42.2352876], [-64.2480683, -42.2351367], [-64.2478685, -42.2349301], [-64.2475896, -42.2347246], [-64.2472369, -42.234531], [-64.2467648, -42.2343344], [-64.2461157, -42.2342132], [-64.2453432, -42.2341596], [-64.2446002, -42.2341953], [-64.2436722, -42.2343622], [-64.2428783, -42.2345707], [-64.241859, -42.2348845], [-64.2407942, -42.2352538], [-64.2398044, -42.2356818], [-64.2380101, -42.2364652], [-64.2355102, -42.2378116], [-64.2338057, -42.2387787], [-64.2321897, -42.2397378], [-64.2313153, -42.2403196], [-64.2304274, -42.2409729], [-64.2295235, -42.2417195], [-64.2293827, -42.241927], [-64.2292795, -42.2420124], [-64.2291923, -42.242075], [-64.2290984, -42.2421296], [-64.2290528, -42.242216], [-64.229034, -42.2423321], [-64.22903, -42.2428653], [-64.2291132, -42.243042], [-64.2292902, -42.2431909], [-64.2295289, -42.2433617], [-64.2297006, -42.243586], [-64.2298535, -42.2438561], [-64.2301458, -42.2441321], [-64.2304784, -42.244416], [-64.2308164, -42.2445947], [-64.2312509, -42.2448012], [-64.2312992, -42.2448985], [-64.2312965, -42.2449899], [-64.2312348, -42.2450891], [-64.2311034, -42.2451567], [-64.2301378, -42.245391], [-64.2298856, -42.2454267], [-64.2296469, -42.2453711], [-64.2293277, -42.2451785], [-64.2290944, -42.2449085], [-64.2289013, -42.2446186], [-64.2287242, -42.2442175], [-64.2285982, -42.2438442], [-64.2283675, -42.2433537], [-64.2280644, -42.2429943], [-64.2275897, -42.242619], [-64.2270505, -42.2423311], [-64.2263478, -42.2421326], [-64.2255539, -42.24193], [-64.2244166, -42.241787], [-64.2234403, -42.2417116], [-64.2226303, -42.2417354], [-64.2208922, -42.2418665], [-64.2194599, -42.2420293], [-64.2182744, -42.2422358], [-64.2169225, -42.2427005], [-64.2160589, -42.2431016], [-64.2156941, -42.2433637], [-64.2151898, -42.2435582], [-64.214648, -42.2435463], [-64.213956, -42.2433835], [-64.2133713, -42.2431651], [-64.2127919, -42.2430142], [-64.2122608, -42.2429586], [-64.2119551, -42.2430023], [-64.2116976, -42.2431016], [-64.2113838, -42.243179], [-64.2110646, -42.2431472], [-64.2107856, -42.2430519], [-64.2104745, -42.2428156], [-64.2100239, -42.2425694], [-64.2094177, -42.2422914], [-64.2086291, -42.2420571], [-64.2078513, -42.24193], [-64.2071298, -42.241926], [-64.2064056, -42.2419797], [-64.2056519, -42.242077], [-64.205212, -42.2421842], [-64.2048445, -42.2422378], [-64.2040962, -42.242208], [-64.2033345, -42.2422477], [-64.2027283, -42.2423311], [-64.2019987, -42.2425416], [-64.2008373, -42.2429705], [-64.1996223, -42.2435185], [-64.1985172, -42.2441102], [-64.1975623, -42.244563], [-64.1969401, -42.2447655], [-64.1964519, -42.2447099], [-64.1957974, -42.2444994], [-64.1951966, -42.2442016], [-64.1945958, -42.2441182], [-64.1939843, -42.2441658], [-64.1929114, -42.2445034], [-64.192037, -42.2448965], [-64.1909695, -42.2454446], [-64.1904491, -42.2457464], [-64.1893494, -42.2462666], [-64.1882873, -42.2468086], [-64.1875577, -42.2472236], [-64.1855675, -42.2482561], [-64.1850311, -42.2484347], [-64.1844678, -42.2484347], [-64.1839743, -42.2483355], [-64.1835719, -42.2481091], [-64.1831052, -42.2476604], [-64.1825527, -42.2471204], [-64.1817588, -42.2466359], [-64.1808629, -42.2462785], [-64.180423, -42.2459568], [-64.1798383, -42.2456749], [-64.1791114, -42.245516], [-64.1782853, -42.2454307], [-64.1772097, -42.245385], [-64.1754556, -42.2453334], [-64.174608, -42.2452063], [-64.1735619, -42.2452301], [-64.1727948, -42.2453771], [-64.1716898, -42.2453413], [-64.1707242, -42.2451467], [-64.1699678, -42.2448568], [-64.1692811, -42.2444796], [-64.1682136, -42.2441003], [-64.1672587, -42.2438263], [-64.1662878, -42.2436377], [-64.1649789, -42.2435424], [-64.1636807, -42.243451], [-64.1626346, -42.2432604], [-64.1621813, -42.2430539], [-64.1619051, -42.2427084], [-64.1614303, -42.24221], [-64.1609931, -42.24166], [-64.1606015, -42.2412311], [-64.1602796, -42.2409233], [-64.1596466, -42.2403673], [-64.158842, -42.2399701], [-64.1578549, -42.2396465], [-64.1569778, -42.2394558], [-64.1558835, -42.2393009], [-64.1546577, -42.2392493], [-64.1535017, -42.2393049], [-64.1522491, -42.2394618], [-64.1508758, -42.2397716], [-64.1499907, -42.2400178], [-64.1494086, -42.2401349], [-64.1488373, -42.2401806], [-64.1482338, -42.2403216], [-64.1475391, -42.2405678], [-64.1466111, -42.2408498], [-64.1449481, -42.2414296], [-64.1425127, -42.2424225], [-64.1417617, -42.2428275], [-64.1412199, -42.243044], [-64.1407558, -42.2432008], [-64.1402811, -42.2432743], [-64.1399136, -42.2432445], [-64.139581, -42.2430797], [-64.1393101, -42.2428156], [-64.1389775, -42.2424582], [-64.1386476, -42.2421187], [-64.1385001, -42.2418645], [-64.1384223, -42.2415527], [-64.1384491, -42.2413204], [-64.1386074, -42.2411199], [-64.1387925, -42.2408836], [-64.13883, -42.2406512], [-64.1387174, -42.2404229], [-64.1384974, -42.2401727], [-64.1379905, -42.2398967], [-64.1373333, -42.2396584], [-64.1364992, -42.239438], [-64.1352654, -42.2393327], [-64.1340476, -42.2393883], [-64.1328031, -42.239575], [-64.1309953, -42.2399642], [-64.1290373, -42.2404805], [-64.1274601, -42.2410285], [-64.1258106, -42.241652], [-64.1246706, -42.2420928], [-64.1235, -42.2425701], [-64.1225356, -42.2430817], [-64.1217792, -42.2435066], [-64.1208834, -42.2440586], [-64.1198963, -42.2447258], [-64.1190112, -42.2453175], [-64.1181368, -42.2458695], [-64.1172516, -42.2463341], [-64.116388, -42.2466279], [-64.1153741, -42.2468583], [-64.114151, -42.247311], [-64.1126651, -42.2480535], [-64.1112489, -42.2488835], [-64.1096127, -42.2500668], [-64.1085774, -42.2508212], [-64.10788, -42.2511349], [-64.1075179, -42.2511687], [-64.107078, -42.2510853], [-64.1066542, -42.2510873], [-64.1062385, -42.2511766], [-64.1053534, -42.2514248], [-64.1047525, -42.2515399], [-64.1042778, -42.2515777], [-64.1037306, -42.2514943], [-64.103111, -42.2513196], [-64.1022393, -42.2510654], [-64.101609, -42.2509046], [-64.100984, -42.2507259], [-64.1004261, -42.2505731], [-64.0999782, -42.2505433], [-64.0994015, -42.2506148], [-64.0981758, -42.250853], [-64.0968078, -42.251266], [-64.095102, -42.2518616], [-64.0940183, -42.2523023], [-64.0930796, -42.2527232], [-64.0925646, -42.2529436], [-64.0923581, -42.253017], [-64.0921408, -42.2530309], [-64.0907058, -42.253017], [-64.0904644, -42.253025], [-64.0901721, -42.2531044], [-64.088324, -42.2541487], [-64.0869319, -42.25505], [-64.086138, -42.2556456], [-64.0858242, -42.2558719], [-64.0855345, -42.2560724], [-64.0849283, -42.2564595], [-64.084526, -42.2567295], [-64.0831473, -42.2577003], [-64.0818089, -42.2588258], [-64.0812913, -42.2593142], [-64.0807119, -42.2598283], [-64.0802023, -42.260275], [-64.0794137, -42.2609519], [-64.0789792, -42.261208], [-64.0786359, -42.2612834], [-64.0781933, -42.2612119], [-64.0777588, -42.2610214], [-64.0773672, -42.2609122], [-64.0769488, -42.2608904], [-64.0764874, -42.2609618], [-64.0756238, -42.261202], [-64.0747547, -42.2615712], [-64.0740332, -42.2620238], [-64.0730918, -42.2627642], [-64.0719974, -42.263856], [-64.0708441, -42.2651422], [-64.0700716, -42.2660752], [-64.0685669, -42.2679211], [-64.0674672, -42.2694077], [-64.0671507, -42.2698206], [-64.0667108, -42.2703088], [-64.0659249, -42.2711285], [-64.0645033, -42.2727858], [-64.0640795, -42.2731708], [-64.0636316, -42.2734923], [-64.0632829, -42.2737285], [-64.0630361, -42.27379], [-64.0627894, -42.2737801], [-64.0612364, -42.2733475], [-64.0607107, -42.2734904], [-64.0599918, -42.2739746], [-64.0568161, -42.2788329], [-64.0537691, -42.2834685], [-64.0516234, -42.2878102], [-64.049542, -42.2919452], [-64.0480507, -42.2959053], [-64.0464521, -42.3012777], [-64.0452397, -42.3060704], [-64.0444136, -42.3110849], [-64.0444136, -42.3137506], [-64.0447033, -42.315734], [-64.0448374, -42.3160117], [-64.0450251, -42.3162893], [-64.0456206, -42.3168447], [-64.0467954, -42.3173405], [-64.0476751, -42.3173802], [-64.048056, -42.3176578], [-64.0483564, -42.3180267], [-64.0482116, -42.3185582], [-64.0482062, -42.3187843], [-64.0483511, -42.3191056], [-64.0484369, -42.3193753], [-64.048512, -42.3197204], [-64.0484852, -42.3201845], [-64.0485013, -42.3203431], [-64.0486997, -42.3206129], [-64.048807, -42.3208905], [-64.0486461, -42.3211523], [-64.0485066, -42.3216203], [-64.0486193, -42.3222827], [-64.0487373, -42.3226436], [-64.048925, -42.3229887], [-64.0488392, -42.323536], [-64.0490431, -42.3239445], [-64.049601, -42.3243015], [-64.0509499, -42.3248799], [-64.0515429, -42.3253604], [-64.0523797, -42.3257729], [-64.0526104, -42.3262013], [-64.0538603, -42.3264551], [-64.0548044, -42.3261775], [-64.0560114, -42.3259038], [-64.0569234, -42.3260783], [-64.0577817, -42.3262964], [-64.0580338, -42.3265066], [-64.0581948, -42.326816], [-64.0581411, -42.3268675], [-64.0580714, -42.3274109], [-64.0585649, -42.3279265], [-64.0588439, -42.3282834], [-64.0593696, -42.3290329], [-64.05967, -42.3292907], [-64.060024, -42.3298023], [-64.0609038, -42.330306], [-64.0620786, -42.330766], [-64.0625399, -42.3307581], [-64.0632802, -42.3306748], [-64.0640634, -42.3307739], [-64.0645301, -42.3307581], [-64.065131, -42.3307065], [-64.0657586, -42.3305558], [-64.0665418, -42.3301196], [-64.0674484, -42.3296556], [-64.0683228, -42.3295009], [-64.0684247, -42.3299134], [-64.0681458, -42.3303853], [-64.0679151, -42.3306748], [-64.0681082, -42.3308493], [-64.0684354, -42.3312815], [-64.0686822, -42.3315512], [-64.0690148, -42.3317098], [-64.0692079, -42.331924], [-64.0690684, -42.332154], [-64.0691865, -42.3325585], [-64.0695834, -42.3328202], [-64.0699589, -42.3332644], [-64.0697765, -42.3333913], [-64.0690799, -42.3334399], [-64.0675771, -42.3334547], [-64.0674698, -42.3334706], [-64.0665364, -42.333542], [-64.066, -42.3337164], [-64.0650773, -42.3338989], [-64.0642727, -42.3336213], [-64.0638328, -42.333423], [-64.0629315, -42.3333992], [-64.0622664, -42.3335102], [-64.0615261, -42.3337958], [-64.0604639, -42.3343351], [-64.0598631, -42.3345333], [-64.0585435, -42.3348268], [-64.057771, -42.3355168], [-64.0576315, -42.3358182], [-64.0572667, -42.3360085], [-64.0561187, -42.3362226], [-64.056108, -42.3367064], [-64.0561509, -42.3373091], [-64.056226, -42.3378167], [-64.0560651, -42.3385305], [-64.05568, -42.3392099], [-64.0551424, -42.3392283], [-64.0544987, -42.3399579], [-64.0541017, -42.340069], [-64.0527392, -42.3403862], [-64.0525782, -42.3406161], [-64.0522885, -42.3411792], [-64.0515804, -42.3414964], [-64.0513229, -42.3413933], [-64.0510118, -42.3414409], [-64.0505934, -42.3416867], [-64.05019, -42.34183], [-64.0490592, -42.3415281], [-64.0487802, -42.3414567], [-64.0477932, -42.3413457], [-64.0472245, -42.3414805], [-64.0466452, -42.3416312], [-64.0461731, -42.3416867], [-64.0453577, -42.3415598], [-64.044714, -42.3421149], [-64.0444887, -42.342559], [-64.0440059, -42.3430586], [-64.0435445, -42.3441609], [-64.0430296, -42.344827], [-64.0421927, -42.3465477], [-64.0419352, -42.3481732], [-64.0419781, -42.3489424], [-64.0420425, -42.3496005], [-64.0424073, -42.3505599], [-64.0430725, -42.351781], [-64.0431798, -42.3527324], [-64.0435231, -42.3530179], [-64.0440166, -42.3534222], [-64.044199, -42.3544609], [-64.0441668, -42.3551506], [-64.0438771, -42.3558166], [-64.0439308, -42.3562051], [-64.0441775, -42.356768], [-64.0447998, -42.3572437], [-64.0452799, -42.3584301], [-64.0459478, -42.3588927], [-64.04668, -42.3595599], [-64.0471816, -42.3600026], [-64.0475249, -42.3609064], [-64.047482, -42.3614851], [-64.0474284, -42.3629359], [-64.048233, -42.3637524], [-64.0488768, -42.364553], [-64.0491557, -42.364886], [-64.0493167, -42.3652506], [-64.0492737, -42.3656549], [-64.049145, -42.3661068], [-64.0493059, -42.3666141], [-64.049542, -42.3670342], [-64.0497244, -42.3676367], [-64.050014, -42.3689763], [-64.0503359, -42.3695708], [-64.0505076, -42.3716237], [-64.0510599, -42.37352], [-64.0525675, -42.377164], [-64.0535438, -42.3787412], [-64.0541339, -42.3800013], [-64.05465, -42.3807999], [-64.0552497, -42.3814675], [-64.0559793, -42.3823868], [-64.0565801, -42.3827672], [-64.0573526, -42.3830129], [-64.0583503, -42.3837499], [-64.05957, -42.38473], [-64.0603352, -42.3848594], [-64.0610325, -42.3848911], [-64.062717, -42.3849624], [-64.0637577, -42.3850099], [-64.064616, -42.384899], [-64.0650022, -42.3848435], [-64.0661824, -42.3852714], [-64.0670943, -42.3851684], [-64.0676844, -42.3853111], [-64.0679526, -42.3854458], [-64.0681887, -42.3858658], [-64.0689182, -42.3867216], [-64.0695727, -42.3872288], [-64.0706349, -42.3878548], [-64.0720403, -42.3893366], [-64.0731501, -42.3899901], [-64.0738106, -42.3903271], [-64.074465, -42.3905569], [-64.0746474, -42.3909452], [-64.0753234, -42.3911195], [-64.0760958, -42.3912463], [-64.0769863, -42.3912542], [-64.0772116, -42.3917059], [-64.0772867, -42.3920229], [-64.0789712, -42.3937106], [-64.0814281, -42.3962302], [-64.08246, -42.3974799], [-64.0833056, -42.3977832], [-64.0842283, -42.3986468], [-64.0848506, -42.3988369], [-64.08578, -42.3991201], [-64.0863633, -42.3992806], [-64.0867818, -42.3994153], [-64.0876079, -42.3996371], [-64.0883589, -42.3996768], [-64.0903759, -42.4000412], [-64.0909767, -42.4001125], [-64.0916956, -42.4005562], [-64.0923901, -42.40098], [-64.0929723, -42.4015148], [-64.0940559, -42.4025685], [-64.0945602, -42.4028537], [-64.0956223, -42.4032815], [-64.0969401, -42.4038901], [-64.0975535, -42.4039153], [-64.0983689, -42.4043273], [-64.0987229, -42.4045887], [-64.099431, -42.4054047], [-64.0999353, -42.4061969], [-64.1002464, -42.4066088], [-64.1006649, -42.407298], [-64.1015768, -42.4087952], [-64.1025317, -42.4098805], [-64.1032505, -42.4104429], [-64.1036399, -42.41088], [-64.1044843, -42.4116787], [-64.1050315, -42.4119955], [-64.1054607, -42.4123995], [-64.1058898, -42.4130966], [-64.1059005, -42.4134134], [-64.10613, -42.4142], [-64.1067159, -42.4147045], [-64.1071701, -42.41521], [-64.1075742, -42.4157184], [-64.1078425, -42.4158768], [-64.108454, -42.4163362], [-64.1089153, -42.4170253], [-64.1101062, -42.4183876], [-64.1110182, -42.4190925], [-64.1118336, -42.4205182], [-64.1128099, -42.421326], [-64.113282, -42.4222448], [-64.1133463, -42.4227437], [-64.1139364, -42.4229892], [-64.1144621, -42.4234011], [-64.1148806, -42.4239396], [-64.1154814, -42.4246524], [-64.1157818, -42.4247949], [-64.1167045, -42.4250959], [-64.1173482, -42.4253968], [-64.1180349, -42.4256582], [-64.1182602, -42.4258878], [-64.1180563, -42.4263947], [-64.1183138, -42.4269411], [-64.1187859, -42.4271787], [-64.1198802, -42.4282003], [-64.1206205, -42.428723], [-64.1214466, -42.4292456], [-64.1225088, -42.4297445], [-64.1238767, -42.4299979], [-64.1246867, -42.4299623], [-64.125309, -42.4299187], [-64.1258562, -42.4298079], [-64.1265214, -42.4295941], [-64.1269237, -42.4294159], [-64.127031, -42.4292219], [-64.126972, -42.4290397], [-64.1268003, -42.4288972], [-64.1267, -42.4287099], [-64.12647, -42.4283699], [-64.1263282, -42.4281607], [-64.1265053, -42.4281171], [-64.1267145, -42.4281488], [-64.1269988, -42.4282795], [-64.1277713, -42.4286161], [-64.1281253, -42.4287467], [-64.1288924, -42.4289447], [-64.1299063, -42.4290952], [-64.1310436, -42.4291387], [-64.1313332, -42.4291823], [-64.1318429, -42.4292575], [-64.1323632, -42.4292456], [-64.1327977, -42.4291546], [-64.1332644, -42.4289962], [-64.1342729, -42.4288259], [-64.1345948, -42.4287507], [-64.135142, -42.4286438], [-64.1356301, -42.42862], [-64.1360539, -42.42862], [-64.1366118, -42.4286002], [-64.1382372, -42.4285171], [-64.1396803, -42.4283745], [-64.140265, -42.4282161], [-64.1405761, -42.4280498], [-64.1408551, -42.4277925], [-64.1409892, -42.4275549], [-64.1410911, -42.4272341], [-64.1413164, -42.4267431], [-64.1414613, -42.4265887], [-64.1415632, -42.4263155], [-64.141472, -42.4260304], [-64.1413325, -42.4258799], [-64.141252, -42.4255671], [-64.1414988, -42.4253493], [-64.1418368, -42.4254602], [-64.1422445, -42.4255513], [-64.1429955, -42.4255275], [-64.14343, -42.4254602], [-64.1441381, -42.4251197], [-64.1444814, -42.4248662], [-64.144873, -42.4245534], [-64.1451573, -42.4244108], [-64.145447, -42.4244465], [-64.1457045, -42.4244623], [-64.1463161, -42.4243396], [-64.1465575, -42.4243], [-64.1471475, -42.4241337], [-64.1475391, -42.4239475], [-64.1481614, -42.4237218], [-64.148553, -42.4235436], [-64.1491914, -42.4231476], [-64.1495991, -42.423009], [-64.1500014, -42.4229496], [-64.1504198, -42.4229694], [-64.1508597, -42.4230526], [-64.1516268, -42.4230447], [-64.1526943, -42.4230249], [-64.1535527, -42.4230882], [-64.15528, -42.4230922], [-64.1572326, -42.4231318], [-64.1589493, -42.4230447], [-64.1599792, -42.4228586], [-64.160564, -42.4226645], [-64.1614759, -42.422225], [-64.1619372, -42.421726], [-64.1621518, -42.4216864], [-64.162522, -42.4216151], [-64.1628921, -42.4215914], [-64.1633642, -42.421631], [-64.1643888, -42.4218646], [-64.1655, -42.42195], [-64.1667491, -42.4218369], [-64.1673875, -42.4216983], [-64.1685516, -42.4213934], [-64.1693777, -42.4210092], [-64.1699249, -42.4206014], [-64.1703433, -42.420245], [-64.170472, -42.4200588], [-64.1704989, -42.4198054], [-64.1705149, -42.4195915], [-64.1703755, -42.4193341], [-64.1701502, -42.4190886], [-64.1701341, -42.4189143], [-64.1708368, -42.4189856], [-64.1711158, -42.4189975], [-64.1715503, -42.4189579], [-64.1718453, -42.4190886], [-64.1721457, -42.4191995], [-64.1728699, -42.4193618], [-64.1743022, -42.4195757], [-64.1760188, -42.4196707], [-64.1772299, -42.41952], [-64.178406, -42.4191876], [-64.1795647, -42.4188153], [-64.1802567, -42.4183837], [-64.1803801, -42.4183401], [-64.1809595, -42.4186609], [-64.1811526, -42.4188233], [-64.1813135, -42.4189658], [-64.1823113, -42.4190094], [-64.1827029, -42.4190292], [-64.182896, -42.4191124], [-64.1830516, -42.4192826], [-64.1832179, -42.4194886], [-64.1836309, -42.4195638], [-64.1840601, -42.4195638], [-64.1849774, -42.4196905], [-64.1852295, -42.4196589], [-64.1856426, -42.4198093], [-64.1859216, -42.4199361], [-64.1862273, -42.4199559], [-64.1864687, -42.4198489], [-64.1868603, -42.4199598], [-64.1870534, -42.41994], [-64.1874343, -42.4197301], [-64.1877025, -42.4197024], [-64.1879922, -42.4196589], [-64.1883409, -42.4194846], [-64.188636, -42.4193618], [-64.1890115, -42.4192787], [-64.1896981, -42.4190609], [-64.1902185, -42.4186886], [-64.1904974, -42.4184035], [-64.1906101, -42.4178966], [-64.1906208, -42.4174728], [-64.1904867, -42.4170649], [-64.1906315, -42.4168075], [-64.1905725, -42.4165897], [-64.1903848, -42.416455], [-64.1902667, -42.4160154], [-64.1903311, -42.4159798], [-64.1905993, -42.4159441], [-64.1908193, -42.415956], [-64.1911197, -42.4158649], [-64.1917259, -42.4159956], [-64.1918385, -42.4160471], [-64.1922677, -42.4161738], [-64.1924822, -42.4163718], [-64.1930455, -42.4165857], [-64.1934103, -42.4166412], [-64.1935927, -42.4168194], [-64.1939628, -42.417354], [-64.1944939, -42.4176471], [-64.1949499, -42.4177896], [-64.1952932, -42.4178886], [-64.1953898, -42.4180787], [-64.1959316, -42.4181183], [-64.1965377, -42.4180114], [-64.1970366, -42.4178728], [-64.197337, -42.4177184], [-64.1978574, -42.4176431], [-64.1982329, -42.4177976], [-64.1983455, -42.4179441], [-64.1984904, -42.4181975], [-64.1985709, -42.4183837], [-64.1989034, -42.4184668], [-64.1990912, -42.418653], [-64.1992039, -42.4189183], [-64.1995311, -42.4192351], [-64.2011243, -42.4196113], [-64.2013013, -42.4196866], [-64.2021489, -42.4199044], [-64.2032647, -42.4204073], [-64.207567, -42.4214211], [-64.2095974, -42.4218092], [-64.211129, -42.4220606], [-64.2122903, -42.422223], [-64.2129985, -42.4223062], [-64.2138997, -42.4222903], [-64.2146668, -42.4222428], [-64.2155948, -42.422122], [-64.2164263, -42.4219953], [-64.2175394, -42.4217518], [-64.2181499, -42.42153], [-64.218733, -42.4212924], [-64.2189422, -42.4211993], [-64.2194036, -42.4209795], [-64.2199373, -42.4206033], [-64.219999, -42.4204826], [-64.2201278, -42.4202964], [-64.2201626, -42.4200588], [-64.2201358, -42.4199301], [-64.2200822, -42.4197282], [-64.2201975, -42.4194787], [-64.2202914, -42.4194113], [-64.2204604, -42.4193282], [-64.2207018, -42.4192272], [-64.2208841, -42.4190846], [-64.2212275, -42.4187163], [-64.2212248, -42.4184728], [-64.2213428, -42.4184391], [-64.2214581, -42.4183817], [-64.2216191, -42.4182985], [-64.2217827, -42.4181956], [-64.2222279, -42.4180649], [-64.2222896, -42.4181005], [-64.2224935, -42.4181698], [-64.2226839, -42.4181896], [-64.2228717, -42.4181639], [-64.2231426, -42.4180906], [-64.2233384, -42.4180015], [-64.2235181, -42.4178946], [-64.2237836, -42.4177679], [-64.2242825, -42.4177184], [-64.2243844, -42.4177362], [-64.2246151, -42.4177936], [-64.2248994, -42.4178411], [-64.2251864, -42.4178688], [-64.2257336, -42.4178391], [-64.2258516, -42.4178094], [-64.2259938, -42.4177085], [-64.226152, -42.4176035], [-64.2263022, -42.4175421], [-64.2266026, -42.4175342], [-64.2269003, -42.4175461], [-64.2272222, -42.4175698], [-64.2280296, -42.4177659], [-64.2284024, -42.4179124], [-64.2288449, -42.4180094], [-64.2293036, -42.4180985], [-64.2303953, -42.4184352], [-64.2309183, -42.4185856], [-64.2317578, -42.4187064], [-64.2325062, -42.4187183], [-64.2328227, -42.4186866], [-64.2334476, -42.4185599], [-64.2340109, -42.4183401], [-64.2346519, -42.4181401], [-64.2349577, -42.4180926], [-64.235242, -42.4180431], [-64.2355102, -42.418053], [-64.235816, -42.4180886], [-64.2368889, -42.4181619], [-64.2372108, -42.4182154], [-64.2378679, -42.418255], [-64.2390025, -42.4184431], [-64.2394745, -42.418449], [-64.2395201, -42.418455], [-64.2398474, -42.4184589], [-64.2403784, -42.41835], [-64.2404428, -42.4182649], [-64.2406467, -42.4182312], [-64.2408559, -42.4181401], [-64.2409739, -42.4180431], [-64.2411509, -42.4179797], [-64.2413306, -42.417952], [-64.2416149, -42.4178827], [-64.2421004, -42.417659], [-64.2423096, -42.4175877], [-64.2426449, -42.4174847], [-64.2430714, -42.4173916], [-64.2441604, -42.4171263], [-64.2445251, -42.4169065], [-64.2446753, -42.4168194], [-64.2448604, -42.4166907], [-64.2450294, -42.4165362], [-64.245185, -42.4163798], [-64.2455363, -42.416156], [-64.2456007, -42.4160392], [-64.245826, -42.4159105], [-64.2459333, -42.4158095], [-64.2461452, -42.415661], [-64.246392, -42.4155184], [-64.2466199, -42.4154075], [-64.2467192, -42.4153798], [-64.2468721, -42.4153223], [-64.2469069, -42.4152075], [-64.2469364, -42.4151144], [-64.2470008, -42.4149461], [-64.2471778, -42.4148491], [-64.2473951, -42.4148887], [-64.2475131, -42.414954], [-64.2475292, -42.4150689], [-64.2476258, -42.4152808], [-64.2477492, -42.4154134], [-64.2478833, -42.4154827], [-64.2482883, -42.4155164], [-64.2486316, -42.4156016], [-64.2488945, -42.415659], [-64.2501014, -42.4158887], [-64.2508632, -42.4160788], [-64.2512253, -42.4161006], [-64.2515525, -42.4161184], [-64.2521694, -42.4161223], [-64.2523813, -42.4160867], [-64.2525476, -42.4160134], [-64.25273, -42.4159897], [-64.252899, -42.4159897], [-64.2530412, -42.4159204], [-64.2530787, -42.4158115], [-64.2531538, -42.4157045], [-64.2532557, -42.4156273], [-64.2534006, -42.4156293], [-64.2536902, -42.4157818], [-64.2538297, -42.4158649], [-64.2541006, -42.4159778], [-64.2545378, -42.4160392], [-64.2549294, -42.4161322], [-64.255482, -42.4162471], [-64.2557475, -42.4162966], [-64.2562625, -42.4163441], [-64.2567694, -42.4164174], [-64.2577055, -42.4165758], [-64.2578048, -42.4165679], [-64.2581105, -42.4166293], [-64.2584619, -42.4166689], [-64.2599699, -42.41684], [-64.2604467, -42.4168154], [-64.2608812, -42.4167362], [-64.2610234, -42.416653], [-64.2611763, -42.4165659], [-64.261364, -42.4165877], [-64.2615464, -42.4165263], [-64.2617744, -42.4163996], [-64.2620426, -42.416356], [-64.262225, -42.4163362], [-64.2625952, -42.4161461], [-64.2629573, -42.416055], [-64.2631397, -42.4160313], [-64.2633542, -42.4159006], [-64.2635661, -42.4157699], [-64.2636788, -42.4156511], [-64.2638129, -42.4155243], [-64.2640168, -42.4154491], [-64.2644754, -42.4153857], [-64.2648777, -42.4151976], [-64.2650226, -42.4151322], [-64.2651594, -42.4150748], [-64.2653498, -42.4149679], [-64.2655563, -42.4147481], [-64.2657441, -42.4145837], [-64.2659023, -42.4145164], [-64.2660686, -42.4145144], [-64.2663717, -42.4145897], [-64.2664254, -42.4146253], [-64.2666051, -42.4146966], [-64.2668062, -42.4147837], [-64.2670476, -42.4147877], [-64.2672408, -42.4148431], [-64.2675009, -42.414954], [-64.2679998, -42.414962], [-64.2681849, -42.4149719], [-64.2682895, -42.4150511], [-64.2683619, -42.4151303], [-64.2686006, -42.4151501], [-64.2689386, -42.4151679], [-64.269467, -42.4151976], [-64.2695716, -42.4152313], [-64.2699364, -42.4153184], [-64.270615, -42.4153936], [-64.271881, -42.4155224], [-64.2720848, -42.4155105], [-64.2725167, -42.4155758], [-64.2731711, -42.4157006], [-64.2738551, -42.4157085], [-64.2740616, -42.4157719], [-64.2747912, -42.4158035], [-64.2757809, -42.4158709], [-64.2761081, -42.4159936], [-64.2765158, -42.4158827], [-64.2768565, -42.4158827], [-64.2770228, -42.4158392], [-64.2773044, -42.4157936], [-64.2774439, -42.4158313], [-64.277629, -42.4158649], [-64.2778248, -42.4158233], [-64.2779991, -42.4158709], [-64.2781922, -42.415859], [-64.2784631, -42.4157837], [-64.2786965, -42.41576], [-64.2788842, -42.4158055], [-64.279182, -42.415754], [-64.2794582, -42.4157679], [-64.279536, -42.4157679], [-64.2798391, -42.4156649], [-64.2799893, -42.4156748], [-64.2801744, -42.4158016], [-64.2802978, -42.4158709], [-64.2805177, -42.4159481], [-64.2808127, -42.4159402], [-64.2811078, -42.4158709], [-64.2814484, -42.4155738], [-64.2814564, -42.415405], [-64.2817011, -42.4152846], [-64.2820036, -42.4151357], [-64.2827975, -42.4151674], [-64.2836129, -42.4154288], [-64.2844391, -42.4153971], [-64.2859411, -42.4153654], [-64.2873895, -42.415405], [-64.2890739, -42.415302], [-64.2905116, -42.4152387], [-64.291445, -42.4150882], [-64.2923999, -42.4147793], [-64.2925286, -42.4145619], [-64.2926788, -42.414352], [-64.2928237, -42.414158], [-64.2929685, -42.4140273], [-64.29316, -42.4137801], [-64.2934138, -42.4138372], [-64.2937088, -42.4137337], [-64.2941701, -42.4131555], [-64.2943525, -42.4125772], [-64.2944061, -42.412197], [-64.2943847, -42.411793], [-64.2944598, -42.4117381], [-64.2946208, -42.411441], [-64.2950016, -42.411136], [-64.2952001, -42.4110529], [-64.2953664, -42.4108192], [-64.2955327, -42.4106014], [-64.2956454, -42.4103479], [-64.2958599, -42.40973], [-64.2959887, -42.4094607], [-64.2962354, -42.4091002], [-64.2966539, -42.40872], [-64.2970616, -42.4084665], [-64.2972279, -42.4081377], [-64.2974049, -42.407508], [-64.2974961, -42.4071396], [-64.2977053, -42.4067673], [-64.2981988, -42.4064108], [-64.298467, -42.4061137], [-64.2989123, -42.4058087], [-64.2991376, -42.4055433], [-64.2994273, -42.4049056], [-64.2995828, -42.4045689], [-64.3000066, -42.4042837], [-64.3003285, -42.4041451], [-64.3011332, -42.4041728], [-64.3012404, -42.4042124], [-64.3014175, -42.4044025], [-64.3016911, -42.4046244], [-64.3020612, -42.4046085], [-64.3027639, -42.4045808], [-64.3034077, -42.4048224], [-64.3039548, -42.4048977], [-64.3044537, -42.4049175], [-64.3047434, -42.4049927], [-64.3051243, -42.4051116], [-64.305355, -42.4052542], [-64.3056929, -42.4053453], [-64.3062186, -42.405674], [-64.3064708, -42.4059632], [-64.3066746, -42.4061058], [-64.3071574, -42.4066841], [-64.3074524, -42.4070525], [-64.307844, -42.4077535], [-64.3087184, -42.4086527], [-64.3090296, -42.4090369], [-64.309271, -42.4094725], [-64.309566, -42.4099201], [-64.3115777, -42.4112153], [-64.3136108, -42.412043], [-64.3166685, -42.4130371], [-64.3178165, -42.413255], [-64.3189806, -42.4132629], [-64.3197155, -42.4131876], [-64.3199194, -42.4129777], [-64.3199462, -42.4127203], [-64.3201017, -42.4123163], [-64.3206114, -42.4121658], [-64.3211103, -42.4118292], [-64.3216682, -42.4117896], [-64.3227518, -42.4118173], [-64.3227947, -42.411841], [-64.3232185, -42.4119836], [-64.3236423, -42.4121302], [-64.3240607, -42.4122767], [-64.3248278, -42.412249], [-64.3254769, -42.4121698], [-64.3256003, -42.412245], [-64.3259651, -42.4123322], [-64.326421, -42.4123361], [-64.3268824, -42.4123322], [-64.327569, -42.412348], [-64.3277997, -42.4123084], [-64.3280304, -42.4123638], [-64.3280679, -42.4125183], [-64.3280196, -42.4126609], [-64.3279445, -42.4128272], [-64.3278265, -42.4130094], [-64.327746, -42.4132669], [-64.3278855, -42.4134451], [-64.3281698, -42.4135995], [-64.3281913, -42.4137342], [-64.3280518, -42.4139639], [-64.3282342, -42.4141223], [-64.3285453, -42.4142649], [-64.3290603, -42.4145065], [-64.329527, -42.4145778], [-64.3301117, -42.4146412], [-64.3306053, -42.414653], [-64.3312973, -42.4146491], [-64.3318391, -42.4148471], [-64.3321985, -42.4152273], [-64.3321717, -42.415259], [-64.331941, -42.4154016], [-64.3317103, -42.4155204], [-64.3315226, -42.415659], [-64.3313402, -42.4159521], [-64.3312383, -42.4160629], [-64.3310076, -42.4161897], [-64.3309379, -42.4162887], [-64.3308467, -42.4167045], [-64.3306965, -42.4170689], [-64.3308681, -42.4178847], [-64.3319035, -42.4187084], [-64.332751, -42.4192866], [-64.334473, -42.4202727], [-64.3357551, -42.4208588], [-64.3370909, -42.4214647], [-64.3382978, -42.4218646], [-64.3395639, -42.4222646], [-64.3416131, -42.4228546], [-64.3430185, -42.4233773], [-64.3449122, -42.4239], [-64.3452823, -42.4239594], [-64.3458456, -42.4239911], [-64.3463874, -42.4239911], [-64.3472618, -42.4239753], [-64.3476695, -42.4241495], [-64.3480611, -42.424292], [-64.34847, -42.42456], [-64.3490481, -42.4248781], [-64.349708, -42.4251988], [-64.3504804, -42.4257651], [-64.350872, -42.4259829], [-64.3514139, -42.4261967], [-64.3525082, -42.4264264], [-64.353978, -42.4267075], [-64.356274, -42.4270678], [-64.3573147, -42.4271035], [-64.3579531, -42.4270243], [-64.3587631, -42.4269491], [-64.3589616, -42.4269213], [-64.3593746, -42.4269055], [-64.3595892, -42.4269649], [-64.3600559, -42.4270718], [-64.3603724, -42.4270599], [-64.3606836, -42.4269372], [-64.360823, -42.4267788], [-64.3609572, -42.4266283], [-64.3614185, -42.4264858], [-64.3617404, -42.4264501], [-64.3620944, -42.4264541], [-64.3630278, -42.4265095], [-64.3631619, -42.4265135], [-64.3637735, -42.4264541], [-64.3643314, -42.4263115], [-64.365018, -42.426066], [-64.3651575, -42.4259987], [-64.3653667, -42.4259156], [-64.3655974, -42.4258839], [-64.3665683, -42.4254721], [-64.3669814, -42.4252464], [-64.3672603, -42.4249929], [-64.3677753, -42.4246445], [-64.3679953, -42.4244544], [-64.3681186, -42.4242485], [-64.3684298, -42.4236505], [-64.3685532, -42.4232862], [-64.3686014, -42.4232348], [-64.3686605, -42.4228942], [-64.368816, -42.4226685], [-64.3694919, -42.4226368], [-64.3698299, -42.4227239], [-64.3700552, -42.4228308], [-64.3701893, -42.4229457], [-64.3703932, -42.4233773], [-64.3715358, -42.4237971], [-64.3718523, -42.423706], [-64.372083, -42.423706], [-64.3726409, -42.4238446], [-64.3729305, -42.424003], [-64.3737191, -42.4243158], [-64.3741053, -42.4243712], [-64.3746579, -42.424399], [-64.3758541, -42.4246445], [-64.3769109, -42.4249058], [-64.3772221, -42.4247355], [-64.3774742, -42.4247553], [-64.3776995, -42.4249058], [-64.3777639, -42.4251672], [-64.3778712, -42.4253216], [-64.377898, -42.4255829], [-64.3779892, -42.4258997], [-64.3783164, -42.4266046], [-64.37865, -42.42677], [-64.3792176, -42.426953], [-64.3796039, -42.4270916], [-64.3797004, -42.4272025], [-64.3798292, -42.4274678], [-64.3798667, -42.4276974], [-64.3799365, -42.4281132], [-64.3807036, -42.4285171], [-64.3810576, -42.4286438], [-64.3813366, -42.4287428], [-64.3820286, -42.4288259], [-64.3825543, -42.4289447], [-64.3830586, -42.4290754], [-64.3835735, -42.4291823], [-64.3842499, -42.4292699], [-64.3853921, -42.4293129], [-64.3859392, -42.4293525], [-64.3863201, -42.4293802], [-64.3869585, -42.429503], [-64.3881655, -42.429507], [-64.3890184, -42.429499], [-64.3901074, -42.4295386], [-64.39153, -42.42944], [-64.3918777, -42.4294317], [-64.3921673, -42.4294476], [-64.3926501, -42.4297287], [-64.3927467, -42.429994], [-64.3926609, -42.4299742], [-64.3931222, -42.4301167], [-64.3937953, -42.4303142], [-64.3947824, -42.4303538], [-64.3954986, -42.430283], [-64.3971723, -42.4304018], [-64.3985939, -42.4303384], [-64.3998706, -42.4301128], [-64.4005867, -42.4299262], [-64.4010133, -42.429994], [-64.4016302, -42.4301524], [-64.4017857, -42.4302751], [-64.4021505, -42.4305325], [-64.4035049, -42.4312724], [-64.404586, -42.4313956], [-64.4060691, -42.431415], [-64.4068605, -42.4313481], [-64.4076677, -42.4312566], [-64.4087917, -42.4310868], [-64.4093227, -42.4308413], [-64.4098753, -42.4306235], [-64.4104546, -42.4302989], [-64.4105887, -42.4299148], [-64.4105485, -42.4296272], [-64.4104885, -42.4292905], [-64.4104285, -42.4292037], [-64.4104658, -42.4290834], [-64.4105426, -42.4291862], [-64.4105967, -42.4293006], [-64.4107934, -42.4293472], [-64.410851, -42.4294057], [-64.4106974, -42.4294446], [-64.4108342, -42.4295084], [-64.410875, -42.4294358], [-64.4109543, -42.4295882], [-64.4110839, -42.429737], [-64.4108542, -42.4298945], [-64.4109543, -42.4300046], [-64.4109086, -42.430102], [-64.4109735, -42.4301658], [-64.4108942, -42.430343], [-64.4107694, -42.4304865], [-64.4107262, -42.4306212], [-64.4107694, -42.4306744], [-64.4107454, -42.430848], [-64.4106446, -42.4310589], [-64.4107469, -42.4315258], [-64.4109829, -42.4318347], [-64.4109507, -42.4321989], [-64.4117768, -42.432674], [-64.4123107, -42.4328131], [-64.4126755, -42.4329002], [-64.4136411, -42.4329794], [-64.4140542, -42.4330071], [-64.4148105, -42.4330981], [-64.41586, -42.43312], [-64.416275, -42.4331338], [-64.416436, -42.4330704], [-64.4165969, -42.43311], [-64.4167203, -42.433205], [-64.4168007, -42.4333832], [-64.4167739, -42.4335772], [-64.4166988, -42.4337791], [-64.4170153, -42.4341671], [-64.4173157, -42.4345195], [-64.4175035, -42.4347491], [-64.4175357, -42.4350342], [-64.4176161, -42.4353153], [-64.4182599, -42.4354816], [-64.4184852, -42.4356241], [-64.4185549, -42.4358221], [-64.4187212, -42.4359171], [-64.4189358, -42.435925], [-64.4189143, -42.4360992], [-64.4190002, -42.4361982], [-64.419263, -42.4362338], [-64.4194078, -42.4364041], [-64.4194186, -42.4365505], [-64.4196063, -42.4366812], [-64.419837, -42.4367168], [-64.4200784, -42.4367327], [-64.4202393, -42.4368593], [-64.4204485, -42.4371642], [-64.420985, -42.4372434], [-64.421044, -42.4373978], [-64.421162, -42.4376789], [-64.4212103, -42.437952], [-64.4212318, -42.438344], [-64.4214517, -42.4386686], [-64.4216716, -42.4386924], [-64.4219613, -42.4388111], [-64.4227552, -42.439496], [-64.4237584, -42.4398642], [-64.4251907, -42.4399988], [-64.4285113, -42.4400701], [-64.4303888, -42.4400701], [-64.4320625, -42.4400226], [-64.43416, -42.4400701], [-64.4373518, -42.4400701], [-64.4405598, -42.4400859], [-64.4428343, -42.4399157], [-64.4440466, -42.4398602], [-64.4460958, -42.4396108], [-64.447614, -42.4393693], [-64.4496042, -42.4388309], [-64.4504356, -42.4385459], [-64.4507468, -42.4383875], [-64.4512028, -42.43815], [-64.4515675, -42.4379441], [-64.4520503, -42.4375403], [-64.452104, -42.4371959], [-64.4522595, -42.4371127], [-64.4524151, -42.4369781], [-64.4524849, -42.4367168], [-64.4524258, -42.4364318], [-64.4522971, -42.4361784], [-64.4523937, -42.4360042], [-64.45301, -42.43612], [-64.4536436, -42.4359369], [-64.4541955, -42.4364318], [-64.4554836, -42.4371879], [-64.456594, -42.4374532], [-64.4570768, -42.4374968], [-64.4575113, -42.4375601], [-64.4579405, -42.4377303], [-64.459936, -42.4379402], [-64.4606227, -42.4379164], [-64.4619852, -42.4376353], [-64.4625378, -42.4376036], [-64.4625914, -42.4376591], [-64.462747, -42.4377541], [-64.4631869, -42.4378412], [-64.4643188, -42.4377976], [-64.4649635, -42.4379795], [-64.4654453, -42.4381896], [-64.4657832, -42.4383677], [-64.4661856, -42.4387438], [-64.4669376, -42.4389534], [-64.4672531, -42.4389774], [-64.4681811, -42.4388864], [-64.4689536, -42.4387834], [-64.4697046, -42.4386251], [-64.4703913, -42.4385578], [-64.4720821, -42.4384308], [-64.4729434, -42.4384082], [-64.4737783, -42.4383786], [-64.4742868, -42.4383674], [-64.4747237, -42.4383598], [-64.474538, -42.438633], [-64.4740015, -42.4386488], [-64.4735885, -42.4386924], [-64.4733095, -42.4387478], [-64.4730896, -42.4388943], [-64.4730949, -42.4390526], [-64.4733149, -42.439116], [-64.4737601, -42.4390803], [-64.4743502, -42.439013], [-64.4744629, -42.4390012], [-64.4747794, -42.4390566], [-64.4738031, -42.4394525], [-64.4737387, -42.4396267], [-64.473846, -42.4398167], [-64.4741893, -42.4400226], [-64.4748116, -42.4401255], [-64.4755626, -42.4400463], [-64.4763243, -42.4397375], [-64.4768715, -42.4394604], [-64.4773865, -42.4392229], [-64.478631, -42.4388428], [-64.4798434, -42.4383281], [-64.4808626, -42.4378927], [-64.4814205, -42.4376076], [-64.4826758, -42.4369108], [-64.4833946, -42.4364595], [-64.4836414, -42.4362457], [-64.4840276, -42.4357944], [-64.4838667, -42.4353588], [-64.4834805, -42.4354301], [-64.4828689, -42.4357152], [-64.4823539, -42.435826], [-64.4818175, -42.4361507], [-64.4814742, -42.4363645], [-64.4810772, -42.4364912], [-64.4804442, -42.4366574], [-64.4798112, -42.4367445], [-64.4800365, -42.4362694], [-64.4800687, -42.4361269], [-64.4806159, -42.435826], [-64.4822252, -42.4348837], [-64.483738, -42.4338623], [-64.4839847, -42.4335297], [-64.4847357, -42.4330467], [-64.4852615, -42.4323894], [-64.485594, -42.431748], [-64.4856799, -42.4311224], [-64.4857657, -42.4307027], [-64.4859481, -42.4301325], [-64.4862163, -42.4291348], [-64.4861949, -42.4285963], [-64.4861627, -42.4278994], [-64.4858837, -42.4274163], [-64.485637, -42.4269886], [-64.4852615, -42.4266798], [-64.4852829, -42.4261175], [-64.4847786, -42.4252384], [-64.4844353, -42.4249375], [-64.484387, -42.4248227], [-64.4841778, -42.4246286], [-64.4839847, -42.4244623], [-64.4834805, -42.4241376], [-64.4829869, -42.4235436], [-64.4828099, -42.4232268], [-64.4826973, -42.4228586], [-64.4826222, -42.4226012], [-64.4825041, -42.422324], [-64.4824076, -42.4220824], [-64.482252, -42.4219359], [-64.4819731, -42.4210528], [-64.4819194, -42.420542], [-64.4820267, -42.4203519], [-64.4821018, -42.4200271], [-64.4821072, -42.4198291], [-64.4821554, -42.4196311], [-64.4822466, -42.4194846], [-64.4824183, -42.4191718], [-64.4824505, -42.4189539], [-64.4823539, -42.4187678], [-64.4823003, -42.4184352], [-64.4823378, -42.418154], [-64.4826329, -42.4179599], [-64.4828957, -42.4178015], [-64.4829547, -42.4176669], [-64.4829494, -42.4175362], [-64.4834912, -42.417354], [-64.4839364, -42.4170491], [-64.4843173, -42.4165025], [-64.4850999, -42.4158199], [-64.4853419, -42.4156352], [-64.4855762, -42.4156822], [-64.4858998, -42.4158491], [-64.486124, -42.4160605], [-64.4861519, -42.4160669], [-64.4862485, -42.416261], [-64.4864068, -42.4168694], [-64.4868309, -42.4171304], [-64.4869834, -42.4174768], [-64.487096, -42.4177696], [-64.4872356, -42.4180431], [-64.4877852, -42.4183306], [-64.4880348, -42.4184035], [-64.4884157, -42.418554], [-64.488743, -42.4186094], [-64.4891614, -42.4188074], [-64.4898176, -42.4192569], [-64.4901645, -42.4195321], [-64.4907719, -42.4200397], [-64.4911462, -42.4205816], [-64.491173, -42.420831], [-64.4913983, -42.4211756], [-64.4917685, -42.4214845], [-64.4916505, -42.4217933], [-64.4914573, -42.422122], [-64.4914842, -42.4222963], [-64.4915754, -42.4224903], [-64.4914144, -42.4226883], [-64.4914949, -42.4229813], [-64.4914788, -42.4232981], [-64.4914198, -42.4235476], [-64.4915056, -42.4236307], [-64.4914949, -42.4238644], [-64.4915271, -42.4240822], [-64.4915539, -42.4250167], [-64.4914895, -42.4254721], [-64.4914466, -42.4256859], [-64.4913822, -42.4260779], [-64.4910657, -42.4266798], [-64.4909585, -42.4270758], [-64.4910014, -42.4272817], [-64.4911033, -42.4275034], [-64.4912159, -42.4278479], [-64.4914359, -42.4283112], [-64.492, -42.42907], [-64.4923157, -42.4292337], [-64.4926982, -42.42938], [-64.4937319, -42.429792], [-64.4951558, -42.430103], [-64.494324, -42.4641709], [-64.4934636, -42.4993931], [-64.4933966, -42.5002454], [-64.4927985, -42.5002474], [-64.4919133, -42.5002711], [-64.4903255, -42.5004174], [-64.4890004, -42.5005598], [-64.4875976, -42.5007417], [-64.4859561, -42.5009573], [-64.4851032, -42.501072], [-64.4839686, -42.5012757], [-64.4830164, -42.5014418], [-64.482429, -42.5015683], [-64.4819516, -42.501689], [-64.4813749, -42.5017839], [-64.4799882, -42.50195], [-64.4779256, -42.5022881], [-64.4765255, -42.5024938], [-64.4755062, -42.5026085], [-64.4743904, -42.5026718], [-64.4731003, -42.5027627], [-64.4721991, -42.5028478], [-64.4711638, -42.503], [-64.4695598, -42.5033026], [-64.4689214, -42.5034153], [-64.4682482, -42.5034964], [-64.4676286, -42.5035834], [-64.4667944, -42.5037475], [-64.4662178, -42.5038325], [-64.4655445, -42.5038859], [-64.4650885, -42.5039314], [-64.463954, -42.5041311], [-64.463152, -42.5042834], [-64.4620174, -42.5045839], [-64.4606388, -42.5049834], [-64.4593298, -42.5053946], [-64.4586808, -42.505624], [-64.4577608, -42.5059799], [-64.4570661, -42.506148], [-64.4560656, -42.5063715], [-64.4548184, -42.5066206], [-64.4529569, -42.5070299], [-64.4515675, -42.5073067], [-64.450956, -42.5074175], [-64.4497892, -42.5075559], [-64.4482014, -42.5076626], [-64.4473699, -42.5077457], [-64.4467422, -42.5078584], [-64.4458437, -42.5081649], [-64.4448486, -42.5085702], [-64.4432902, -42.5091238], [-64.441992, -42.5095588], [-64.4412732, -42.5097051], [-64.4401494, -42.5098495], [-64.4387519, -42.5100571], [-64.4383872, -42.5101045], [-64.4380894, -42.5100828], [-64.4377756, -42.5100017], [-64.4372016, -42.5097684], [-64.4368181, -42.5096814], [-64.436287, -42.5096874], [-64.4351551, -42.5098218], [-64.4338435, -42.5099681], [-64.4328725, -42.5100986], [-64.4315261, -42.5102983], [-64.4304156, -42.5105514], [-64.4281063, -42.5111386], [-64.4264138, -42.511542], [-64.4238201, -42.512062], [-64.4220901, -42.5123664], [-64.4206792, -42.5126096], [-64.4191691, -42.512926], [-64.416782, -42.5135132], [-64.4151861, -42.5139244], [-64.4140542, -42.5142645], [-64.4131744, -42.5145373], [-64.4124904, -42.5147172], [-64.4121981, -42.5147943], [-64.4120546, -42.5148556], [-64.4119285, -42.514911], [-64.4117662, -42.5149545], [-64.411431, -42.5149811], [-64.4113062, -42.5149989], [-64.4111963, -42.5150424], [-64.4110809, -42.5151472], [-64.4110018, -42.5152303], [-64.4108033, -42.5153588], [-64.4106625, -42.5154556], [-64.4105458, -42.5155288], [-64.4105157, -42.5155476], [-64.4104949, -42.5155545], [-64.4104593, -42.5155555], [-64.4104399, -42.5155407], [-64.4103782, -42.5153775], [-64.4102561, -42.5150227], [-64.4101381, -42.514912], [-64.409937, -42.5148675], [-64.4096312, -42.5148497], [-64.4094957, -42.5148576], [-64.4086549, -42.5150968], [-64.4071153, -42.515512], [-64.404366, -42.5161842], [-64.4011313, -42.5171608], [-64.3979341, -42.518351], [-64.3943507, -42.5198159], [-64.3907189, -42.5213756], [-64.3881226, -42.5223561], [-64.3871731, -42.5227238], [-64.3869773, -42.5228365], [-64.3867895, -42.522965], [-64.3864006, -42.5231864], [-64.385376, -42.5236529], [-64.3840349, -42.5243883], [-64.3833643, -42.5247639], [-64.3826777, -42.5250406], [-64.3815592, -42.52543], [-64.3799096, -42.5259894], [-64.378311, -42.526535], [-64.3769968, -42.5269541], [-64.3762887, -42.5272308], [-64.3760151, -42.5273929], [-64.3756449, -42.5277408], [-64.3751192, -42.5280649], [-64.3744433, -42.5283456], [-64.3737674, -42.5285472], [-64.373467, -42.5286777], [-64.3731397, -42.5288477], [-64.3730217, -42.5288754], [-64.3728447, -42.5288872], [-64.3726462, -42.5289149], [-64.3725121, -42.5289702], [-64.3722332, -42.529156], [-64.371981, -42.5293102], [-64.3714285, -42.5295632], [-64.3706667, -42.5298557], [-64.369095, -42.5306622], [-64.368242, -42.5310298], [-64.3679684, -42.5312038], [-64.3676573, -42.5314686], [-64.3675607, -42.5315516], [-64.3673301, -42.5316485], [-64.3669787, -42.5317177], [-64.3665844, -42.5318204], [-64.3657476, -42.532113], [-64.3647337, -42.5324608], [-64.3637627, -42.5329233], [-64.3626469, -42.53337], [-64.3621481, -42.533623], [-64.3618798, -42.533789], [-64.3616223, -42.5338839], [-64.3613434, -42.5339195], [-64.3608177, -42.5340183], [-64.3603832, -42.5341725], [-64.3599433, -42.5343187], [-64.3595195, -42.5343464], [-64.3591064, -42.534212], [-64.3584305, -42.5336032], [-64.3581974, -42.53264], [-64.3579962, -42.5319127], [-64.3573653, -42.5313631], [-64.356215, -42.5309784], [-64.355067, -42.5309271], [-64.3542141, -42.5308836], [-64.352936, -42.5309241], [-64.3523764, -42.5309588], [-64.35201, -42.5309873], [-64.3516699, -42.5311018], [-64.3513778, -42.5312007], [-64.3510912, -42.531259], [-64.3507778, -42.531254], [-64.3506456, -42.5313284], [-64.3505872, -42.5313351], [-64.350437, -42.5312697], [-64.3501752, -42.5311721], [-64.3500142, -42.5310698], [-64.3497056, -42.5309894], [-64.3495627, -42.5309832], [-64.3493591, -42.5309419], [-64.3488396, -42.5308457], [-64.3483514, -42.5308177], [-64.3479287, -42.530833], [-64.3460411, -42.5311979], [-64.3427396, -42.532113], [-64.3411464, -42.5327138], [-64.3393868, -42.5334135], [-64.3377614, -42.5341053], [-64.3360931, -42.5349275], [-64.3337542, -42.5362398], [-64.3323863, -42.5370541], [-64.3309969, -42.5379276], [-64.3279484, -42.5401934], [-64.3214097, -42.5455606], [-64.3195551, -42.5472454], [-64.3172, -42.5495466], [-64.3144817, -42.5525273], [-64.3119049, -42.555388], [-64.3101883, -42.5576957], [-64.3094158, -42.5589483], [-64.3090618, -42.5598018], [-64.30933, -42.5598808], [-64.3094105, -42.5599519], [-64.3099576, -42.5600468], [-64.3097216, -42.5603668], [-64.3094426, -42.560434], [-64.3091422, -42.5604853], [-64.3088687, -42.560592], [-64.3086755, -42.5607856], [-64.3085629, -42.5611689], [-64.3087989, -42.561319], [-64.3091369, -42.5613428], [-64.3093032, -42.5613625], [-64.3097645, -42.5615759], [-64.3097001, -42.5619315], [-64.3093514, -42.5620619], [-64.3089277, -42.5621527], [-64.3087077, -42.5622397], [-64.3085843, -42.5624767], [-64.3085039, -42.5627375], [-64.30852, -42.5631484], [-64.3089384, -42.5636621], [-64.3094534, -42.5638675], [-64.3101776, -42.564148], [-64.3106872, -42.5642389], [-64.310934, -42.5642863], [-64.3112397, -42.5642942], [-64.3115133, -42.5643337], [-64.3119478, -42.5646221], [-64.3118674, -42.5649027], [-64.3117815, -42.565116], [-64.3118084, -42.5653531], [-64.3119371, -42.5655151], [-64.3120015, -42.5656889], [-64.312039, -42.5659062], [-64.3123415, -42.5663019], [-64.3128169, -42.5665897], [-64.3131816, -42.5669058], [-64.3134767, -42.5671902], [-64.3139595, -42.5674154], [-64.3140668, -42.5674984], [-64.3141151, -42.5675814], [-64.3142099, -42.5679391], [-64.31382, -42.5680278], [-64.3132407, -42.5678698], [-64.3126506, -42.5679132], [-64.3103439, -42.5703271], [-64.3101186, -42.5707538], [-64.3101561, -42.5713187], [-64.310258, -42.5714412], [-64.3104887, -42.5716466], [-64.3105155, -42.5720969], [-64.3101887, -42.5721829], [-64.3096787, -42.5719705], [-64.3095607, -42.571852], [-64.309287, -42.5719984], [-64.3091798, -42.572255], [-64.3092012, -42.5724406], [-64.3093354, -42.5726184], [-64.3095446, -42.5727211], [-64.3097377, -42.572812], [-64.3097967, -42.572891], [-64.3097055, -42.5730095], [-64.3095714, -42.5730569], [-64.3095768, -42.5731754], [-64.3095875, -42.5733018], [-64.3097377, -42.5735507], [-64.3098664, -42.573764], [-64.3099737, -42.5739734], [-64.3100327, -42.5741472], [-64.3100971, -42.5743684], [-64.3101239, -42.5745225], [-64.3101883, -42.574645], [-64.3103117, -42.5747793], [-64.3103814, -42.574878], [-64.3103921, -42.5749412], [-64.3103068, -42.5751512], [-64.309904, -42.5753264], [-64.309684, -42.5752375], [-64.3096036, -42.5751388], [-64.3094641, -42.5751783], [-64.3094909, -42.575281], [-64.3095687, -42.5753619], [-64.3096438, -42.5755279], [-64.3095312, -42.5756187], [-64.3094105, -42.5756977], [-64.3093327, -42.5757767], [-64.3091369, -42.5759663], [-64.3091986, -42.576073], [-64.3094373, -42.5762073], [-64.3095902, -42.5762784], [-64.3099147, -42.5762508], [-64.3101678, -42.5760609], [-64.3107408, -42.5760276], [-64.3108824, -42.5760906], [-64.3108213, -42.5763357], [-64.3107569, -42.5765174], [-64.3108347, -42.5766495], [-64.3107247, -42.5770744], [-64.3107569, -42.5773035], [-64.310596, -42.5773825], [-64.3105424, -42.5776392], [-64.3105428, -42.5778168], [-64.3101078, -42.5781607], [-64.3098825, -42.5782515], [-64.3098289, -42.5783937], [-64.3099415, -42.5786228], [-64.3099254, -42.578765], [-64.309963, -42.5789467], [-64.3101239, -42.579006], [-64.3102688, -42.5792509], [-64.3101776, -42.5794602], [-64.3100166, -42.5794642], [-64.3098772, -42.5794405], [-64.3095553, -42.5794207], [-64.3095499, -42.5795708], [-64.309727, -42.579796], [-64.3101722, -42.5798947], [-64.3104619, -42.5798276], [-64.3105799, -42.5799777], [-64.3107998, -42.5798592], [-64.3109312, -42.5799586], [-64.3109447, -42.5800448], [-64.3110466, -42.5801989], [-64.3111002, -42.5806373], [-64.3109286, -42.5808151], [-64.3111646, -42.5810126], [-64.3111217, -42.5815656], [-64.3109822, -42.5817591], [-64.3108159, -42.5819053], [-64.3105799, -42.5819764], [-64.3103921, -42.5820554], [-64.3102366, -42.5821502], [-64.3100364, -42.5824007], [-64.30992, -42.5825587], [-64.3101132, -42.5827031], [-64.3104887, -42.5827189], [-64.310891, -42.5826478], [-64.3114758, -42.5827584], [-64.3117762, -42.5829006], [-64.3122004, -42.5829605], [-64.3123931, -42.5830191], [-64.3124112, -42.5831899], [-64.3116581, -42.58311], [-64.3109125, -42.5830942], [-64.3106282, -42.5831337], [-64.3104297, -42.5831416], [-64.3102044, -42.5831692], [-64.310081, -42.5831811], [-64.3099737, -42.5831969], [-64.3097645, -42.5833391], [-64.3095499, -42.5838328], [-64.30964, -42.5843294], [-64.3101976, -42.5846729], [-64.31049, -42.584653], [-64.3109125, -42.5846969], [-64.3110994, -42.5847916], [-64.3107229, -42.5848763], [-64.3105063, -42.5848843], [-64.3101924, -42.5850557], [-64.3099159, -42.5850358], [-64.3099051, -42.5849162], [-64.3096234, -42.5850478], [-64.3094068, -42.5850757], [-64.3092118, -42.5851594], [-64.309136, -42.585287], [-64.3089248, -42.5853269], [-64.3088868, -42.5854306], [-64.3090493, -42.5855662], [-64.3092419, -42.5859218], [-64.3092947, -42.5870901], [-64.3091577, -42.5870895], [-64.309136, -42.586934], [-64.3084048, -42.586922], [-64.3080365, -42.5868462], [-64.3079498, -42.5868821], [-64.3078632, -42.5868383], [-64.3076195, -42.5868183], [-64.3075165, -42.5869579], [-64.3072403, -42.5870456], [-64.3071049, -42.5870616], [-64.3069695, -42.5872091], [-64.3064821, -42.5871134], [-64.3062014, -42.5869967], [-64.3062004, -42.5867785], [-64.3060921, -42.5864475], [-64.3061842, -42.586288], [-64.3061408, -42.5860846], [-64.3059729, -42.5859251], [-64.3058326, -42.585559], [-64.305583, -42.5853748], [-64.3053338, -42.5853628], [-64.3055342, -42.5856699], [-64.305388, -42.5858852], [-64.3052959, -42.5858015], [-64.3051063, -42.5858055], [-64.3049818, -42.5859171], [-64.3048734, -42.5861444], [-64.3048887, -42.5863601], [-64.3045322, -42.5862601], [-64.3040199, -42.5859462], [-64.3031828, -42.5861366], [-64.3028478, -42.585953], [-64.3025735, -42.5858545], [-64.3024741, -42.5857616], [-64.3023603, -42.5856101], [-64.3021545, -42.5854984], [-64.3020895, -42.5854027], [-64.3022033, -42.5853469], [-64.3024362, -42.5853389], [-64.3027936, -42.5854346], [-64.302967, -42.5853828], [-64.3031511, -42.585315], [-64.3034273, -42.5853548], [-64.3036602, -42.5853508], [-64.3036656, -42.585295], [-64.3035411, -42.585287], [-64.3033028, -42.5852512], [-64.3030049, -42.5852711], [-64.3026745, -42.5852272], [-64.3025607, -42.5851395], [-64.3023333, -42.5850797], [-64.3019595, -42.5851196], [-64.3018892, -42.585114], [-64.3016887, -42.584964], [-64.3016021, -42.5848883], [-64.3012933, -42.5848364], [-64.3012377, -42.5847454], [-64.3012407, -42.5845473], [-64.3016237, -42.584324], [-64.3018891, -42.5841645], [-64.3021979, -42.5840887], [-64.3024091, -42.5840728], [-64.3025657, -42.5840434], [-64.3024524, -42.5838534], [-64.3023495, -42.5837138], [-64.3022033, -42.5835663], [-64.3017104, -42.5838973], [-64.3015858, -42.5837816], [-64.3014558, -42.5837737], [-64.3011771, -42.5837123], [-64.301233, -42.5835098], [-64.3012771, -42.5832951], [-64.3015425, -42.5830678], [-64.3016833, -42.5830279], [-64.3017231, -42.5825082], [-64.301396, -42.5823318], [-64.3013102, -42.5822529], [-64.3011922, -42.5821976], [-64.3009347, -42.582241], [-64.3005246, -42.5824234], [-64.3002182, -42.5824786], [-64.3001562, -42.5824272], [-64.30005, -42.5824647], [-64.2998259, -42.5827471], [-64.299674, -42.5828651], [-64.2994058, -42.5827703], [-64.2992644, -42.5824353], [-64.2992663, -42.5823595], [-64.299084, -42.5823476], [-64.2989069, -42.5824148], [-64.2987567, -42.5824898], [-64.2983866, -42.5825965], [-64.2981827, -42.5823674], [-64.2983007, -42.5822687], [-64.2984724, -42.5821976], [-64.2987031, -42.5821146], [-64.2989841, -42.5820034], [-64.2990089, -42.581688], [-64.2990196, -42.5815577], [-64.2988157, -42.5813562], [-64.2987084, -42.5811627], [-64.2986012, -42.580977], [-64.2983919, -42.5806294], [-64.2981452, -42.5805346], [-64.2977643, -42.5804991], [-64.2974854, -42.5804951], [-64.2965966, -42.5803557], [-64.2964339, -42.5802068], [-64.2961764, -42.580033], [-64.2958707, -42.5798671], [-64.2955971, -42.579717], [-64.2955059, -42.5796854], [-64.2950989, -42.5796538], [-64.2949802, -42.5798947], [-64.2949748, -42.5800725], [-64.2949855, -42.5802186], [-64.2950338, -42.5805307], [-64.2947173, -42.5807479], [-64.2944974, -42.5807874], [-64.2942882, -42.5806294], [-64.2940561, -42.580568], [-64.2935318, -42.5804438], [-64.2935103, -42.5801831], [-64.2933118, -42.5795827], [-64.293403, -42.5794958], [-64.2933011, -42.5794365], [-64.2930704, -42.5794365], [-64.292829, -42.5791877], [-64.293049, -42.5791087], [-64.2933279, -42.5790573], [-64.2935479, -42.5790573], [-64.2936444, -42.5790218], [-64.2937409, -42.5789104], [-64.2937785, -42.5787413], [-64.2937893, -42.5784925], [-64.2937785, -42.5782713], [-64.2937732, -42.5781093], [-64.2936391, -42.5778526], [-64.2934942, -42.5776353], [-64.2933118, -42.5774931], [-64.293167, -42.5773785], [-64.292793, -42.5771984], [-64.2925555, -42.5769164], [-64.2923355, -42.5768018], [-64.2921478, -42.5766636], [-64.291665, -42.5765253], [-64.2914718, -42.5763396], [-64.2911822, -42.5760868], [-64.2908657, -42.5759604], [-64.2900717, -42.575755], [-64.2898518, -42.5756562], [-64.2890793, -42.5755338], [-64.2878133, -42.5752652], [-64.287143, -42.5751502], [-64.2867527, -42.5751], [-64.2863662, -42.5751251], [-64.286173, -42.5751083], [-64.2860251, -42.575042], [-64.2857069, -42.5751362], [-64.2853924, -42.5753009], [-64.2850614, -42.575435], [-64.2849187, -42.5755353], [-64.2847936, -42.5756636], [-64.2845249, -42.575597], [-64.2844123, -42.5754943], [-64.2843427, -42.5753902], [-64.2843389, -42.5752674], [-64.2842215, -42.5751195], [-64.2842328, -42.5750302], [-64.284301, -42.5748991], [-64.2842669, -42.5747651], [-64.2841684, -42.5749102], [-64.2840368, -42.574566], [-64.2840623, -42.5742935], [-64.2842631, -42.5742098], [-64.2841784, -42.5741597], [-64.2840497, -42.5740683], [-64.2838544, -42.5737245], [-64.2831194, -42.573768], [-64.2818642, -42.5740129], [-64.280287, -42.5743842], [-64.2785972, -42.5750242], [-64.2769933, -42.5757589], [-64.2768163, -42.5759367], [-64.2767519, -42.5760473], [-64.2769234, -42.5762734], [-64.2770179, -42.5766845], [-64.2768505, -42.5768238], [-64.2768402, -42.5770158], [-64.2771305, -42.577157], [-64.277377, -42.5771097], [-64.2774627, -42.577307], [-64.2773877, -42.5774648], [-64.2774413, -42.5778673], [-64.2776449, -42.5779542], [-64.2774949, -42.5781751], [-64.277328, -42.5785803], [-64.2769702, -42.5785406], [-64.276607, -42.5783029], [-64.2763335, -42.5781804], [-64.276194, -42.578054], [-64.2759794, -42.578058], [-64.2757487, -42.5780856], [-64.2754805, -42.5780461], [-64.2750567, -42.5781765], [-64.2746007, -42.578212], [-64.274205, -42.5782013], [-64.2739141, -42.5782278], [-64.2735654, -42.5782002], [-64.2729242, -42.5780513], [-64.2716649, -42.5788287], [-64.2708664, -42.5794403], [-64.2700678, -42.5799698], [-64.269419, -42.5805698], [-64.2678529, -42.5818486], [-64.267083, -42.5824076], [-64.2660632, -42.5831594], [-64.2641616, -42.5848518], [-64.2627668, -42.5863961], [-64.2620375, -42.5871933], [-64.2607467, -42.5888518], [-64.2597482, -42.5902185], [-64.258384, -42.5925396], [-64.2574623, -42.594523], [-64.2568632, -42.5961748], [-64.2568794, -42.5964056], [-64.2570725, -42.5964786], [-64.2572361, -42.59653], [-64.2573166, -42.5965912], [-64.2573327, -42.5966464], [-64.2572871, -42.5967471], [-64.2573246, -42.596832], [-64.2573756, -42.5968636], [-64.2574051, -42.596913], [-64.2574453, -42.5970611], [-64.2574883, -42.5972072], [-64.2575258, -42.5972723], [-64.2575231, -42.5973296], [-64.2575258, -42.5973849], [-64.2575902, -42.5974283], [-64.257617, -42.5974856], [-64.2576331, -42.5975132], [-64.2576411, -42.5976021], [-64.2577511, -42.5976297], [-64.2578745, -42.5976495], [-64.2579898, -42.597687], [-64.258081, -42.5977205], [-64.2581105, -42.597764], [-64.2580804, -42.597814], [-64.2579389, -42.5979772], [-64.2581883, -42.5979555], [-64.2583841, -42.5979377], [-64.2584968, -42.5979101], [-64.2585531, -42.5979002], [-64.2586228, -42.5979081], [-64.2586899, -42.5979516], [-64.2587543, -42.5979693], [-64.2588106, -42.5979989], [-64.2587784, -42.5980523], [-64.2586792, -42.5980799], [-64.2584592, -42.5981707], [-64.2583186, -42.5982442], [-64.2581615, -42.5983405], [-64.2581695, -42.5984136], [-64.258301, -42.5985518], [-64.2583412, -42.5987157], [-64.2583653, -42.5987729], [-64.2583868, -42.5988539], [-64.2584351, -42.5988934], [-64.2585048, -42.5990434], [-64.2586094, -42.5991204], [-64.2586792, -42.5991836], [-64.258875, -42.5992803], [-64.2589769, -42.5993415], [-64.2591432, -42.599385], [-64.2592397, -42.5994304], [-64.2593899, -42.5994817], [-64.2595911, -42.5994936], [-64.2597708, -42.5995173], [-64.2598942, -42.5995469], [-64.2599881, -42.5995666], [-64.2600819, -42.5995311], [-64.2601892, -42.5996041], [-64.2602322, -42.5996653], [-64.260267, -42.5997285], [-64.2603877, -42.5998272], [-64.2604762, -42.5998924], [-64.2605996, -42.5999339], [-64.2607203, -42.5999496], [-64.2608035, -42.5999457], [-64.2608437, -42.5999753], [-64.2608678, -42.6000266], [-64.2608705, -42.600078], [-64.2609268, -42.6001451], [-64.2610154, -42.6001747], [-64.2611441, -42.6001767], [-64.2612165, -42.6002004], [-64.2612729, -42.6002478], [-64.2613184, -42.6002991], [-64.2613292, -42.6003386], [-64.2613523, -42.6004639], [-64.2611379, -42.60071], [-64.2613425, -42.6009387], [-64.2615901, -42.60099], [-64.2621589, -42.6014376], [-64.26336, -42.6025], [-64.2645586, -42.6035113], [-64.2646873, -42.6037087], [-64.2648107, -42.6039851], [-64.2648161, -42.6042181], [-64.2649072, -42.6046169], [-64.2650628, -42.6050788], [-64.2654705, -42.6057974], [-64.2654383, -42.6060067], [-64.2655617, -42.6063739], [-64.2656636, -42.6066187], [-64.2658299, -42.6071043], [-64.2659426, -42.6074557], [-64.266023, -42.6079098], [-64.2660177, -42.6081467], [-64.2661089, -42.6084704], [-64.2661518, -42.6087626], [-64.2662376, -42.6090982], [-64.2663395, -42.6094496], [-64.2665166, -42.6096509], [-64.2667204, -42.6101444], [-64.2670637, -42.6105748], [-64.2677, -42.61117], [-64.2679328, -42.6112894], [-64.2683244, -42.6114078], [-64.2685443, -42.6114513], [-64.2686677, -42.6114355], [-64.2687589, -42.6114868], [-64.2688662, -42.6116723], [-64.268952, -42.6118224], [-64.2691773, -42.6118776], [-64.2694187, -42.6119684], [-64.2696655, -42.6120513], [-64.2699337, -42.6121066], [-64.2701215, -42.6121579], [-64.2702341, -42.6122211], [-64.2704487, -42.6123001], [-64.2707169, -42.6124264], [-64.2710549, -42.6126041], [-64.2712909, -42.6127541], [-64.2712694, -42.6128686], [-64.2712158, -42.6129515], [-64.2713767, -42.6131173], [-64.2715055, -42.6132397], [-64.2716235, -42.6133423], [-64.2717576, -42.6135239], [-64.271881, -42.6136187], [-64.2721599, -42.6137134], [-64.2724389, -42.6138161], [-64.2726696, -42.6139306], [-64.2727661, -42.6139937], [-64.27275, -42.6140727], [-64.2726964, -42.6141161], [-64.272691, -42.6141832], [-64.2727232, -42.614274], [-64.2726535, -42.6143016], [-64.2725354, -42.6143293], [-64.2724389, -42.6143648], [-64.2725247, -42.6144635], [-64.2725247, -42.614503], [-64.2724067, -42.614574], [-64.272337, -42.614653], [-64.2724603, -42.6148938], [-64.2726427, -42.6151228], [-64.2727983, -42.6152531], [-64.272911, -42.6154149], [-64.2729861, -42.615561], [-64.2728788, -42.615715], [-64.272809, -42.6159558], [-64.2728627, -42.6161847], [-64.2729861, -42.616319], [-64.2730612, -42.6164216], [-64.2731792, -42.6165874], [-64.2733026, -42.6168006], [-64.273383, -42.6169545], [-64.2734259, -42.617073], [-64.2734635, -42.6172585], [-64.2735064, -42.6174164], [-64.2735601, -42.6175625], [-64.2736942, -42.6176888], [-64.2737746, -42.6178664], [-64.27378, -42.6180164], [-64.2737532, -42.6181349], [-64.2733176, -42.6184179], [-64.2731738, -42.6183875], [-64.2729324, -42.618352], [-64.2727715, -42.6183441], [-64.2725837, -42.618352], [-64.2723906, -42.6182612], [-64.272176, -42.6181862], [-64.2718971, -42.6182454], [-64.271645, -42.6183086], [-64.2714357, -42.6183204], [-64.2711783, -42.6183441], [-64.2710602, -42.6183244], [-64.270851, -42.6183165], [-64.2706955, -42.6183678], [-64.2701805, -42.6184704], [-64.2700517, -42.6184704], [-64.2698371, -42.6185059], [-64.2696226, -42.6185415], [-64.269526, -42.6186283], [-64.2694831, -42.6186836], [-64.2695475, -42.6188217], [-64.2694187, -42.6188967], [-64.2693275, -42.6189796], [-64.2692792, -42.6190823], [-64.269231, -42.6191336], [-64.2689842, -42.6191849], [-64.2689681, -42.6192876], [-64.2689145, -42.6193547], [-64.2690378, -42.6194889], [-64.2690861, -42.6196863], [-64.2691237, -42.6197928], [-64.2692524, -42.6198441], [-64.2693704, -42.6199428], [-64.2694885, -42.6200099], [-64.2692685, -42.6200336], [-64.2690539, -42.6200178], [-64.2687964, -42.6200376], [-64.2686409, -42.6200573], [-64.2684907, -42.6201047], [-64.2683941, -42.6201757], [-64.2683458, -42.620231], [-64.2684263, -42.6203257], [-64.2683995, -42.6204047], [-64.2683995, -42.6205428], [-64.2684853, -42.6206534], [-64.2685711, -42.6207165], [-64.2685121, -42.6207955], [-64.2684209, -42.6208586], [-64.2684692, -42.6209415], [-64.2685336, -42.6210284], [-64.2685658, -42.6211271], [-64.2685551, -42.6212534], [-64.2685068, -42.6214271], [-64.2684585, -42.6215455], [-64.2684048, -42.6216126], [-64.268437, -42.6216836], [-64.2684585, -42.6218731], [-64.2685773, -42.6220855], [-64.2687106, -42.6222205], [-64.2687321, -42.6223626], [-64.2688125, -42.622481], [-64.2687964, -42.6226784], [-64.2685175, -42.6227376], [-64.2682868, -42.6223705], [-64.2680615, -42.6222047], [-64.268024, -42.6220034], [-64.2679006, -42.6216639], [-64.267863, -42.6214192], [-64.2677343, -42.6212455], [-64.267627, -42.6212021], [-64.2674875, -42.6211981], [-64.2674017, -42.6211823], [-64.2672247, -42.6210481], [-64.2671603, -42.6209257], [-64.2671228, -42.6205902], [-64.2671979, -42.6203257], [-64.2672837, -42.620081], [-64.2673588, -42.6198955], [-64.2674232, -42.6197336], [-64.2674071, -42.6195599], [-64.2674017, -42.6193626], [-64.2672944, -42.6190586], [-64.2671657, -42.6188139], [-64.266935, -42.6186283], [-64.2667043, -42.6184151], [-64.2662484, -42.6182336], [-64.2658943, -42.6181072], [-64.26539, -42.6180322], [-64.2648536, -42.6180204], [-64.2643923, -42.6180046], [-64.2640543, -42.6180046], [-64.2637646, -42.6180322], [-64.263314, -42.6181033], [-64.2628956, -42.6181783], [-64.2624772, -42.6182651], [-64.2621821, -42.6183086], [-64.2618924, -42.6184033], [-64.2614794, -42.6184704], [-64.2612004, -42.6185375], [-64.2610395, -42.6185494], [-64.2609134, -42.6185454], [-64.2607981, -42.6185652], [-64.2607954, -42.6186086], [-64.2608115, -42.6186638], [-64.2608196, -42.6187013], [-64.2607874, -42.6187369], [-64.2607096, -42.6186994], [-64.2605741, -42.6186569], [-64.2604695, -42.6186175], [-64.260381, -42.618576], [-64.2602804, -42.6185661], [-64.2601329, -42.618577], [-64.2600028, -42.6185958], [-64.2598553, -42.6185809], [-64.259681, -42.6185533], [-64.2594825, -42.6185592], [-64.2593685, -42.6185711], [-64.2592719, -42.6185711], [-64.2591633, -42.6185622], [-64.2590238, -42.6185661], [-64.2588991, -42.6185819], [-64.2588079, -42.6185958], [-64.2586362, -42.6186086], [-64.2584539, -42.6186165], [-64.2581883, -42.6186263], [-64.2579576, -42.6186106], [-64.2576948, -42.6186165], [-64.257507, -42.6185691], [-64.25733, -42.6185336], [-64.2571691, -42.6185217], [-64.2569491, -42.6184902], [-64.2567426, -42.6184744], [-64.2564717, -42.6184527], [-64.2560506, -42.6184625], [-64.2557421, -42.6184487], [-64.2554659, -42.6184408], [-64.2551869, -42.6184566], [-64.254908, -42.6184941], [-64.2545539, -42.6184605], [-64.2542267, -42.618425], [-64.2540792, -42.6183737], [-64.2539504, -42.6183303], [-64.2538136, -42.6182671], [-64.2536768, -42.6182], [-64.2535025, -42.6180599], [-64.2533818, -42.6179118], [-64.2533174, -42.6177559], [-64.2531458, -42.6175348], [-64.2530143, -42.6173986], [-64.2528453, -42.617296], [-64.252663, -42.6171953], [-64.2525476, -42.6170986], [-64.2524591, -42.6169999], [-64.2523116, -42.6168677], [-64.2520487, -42.6166742], [-64.2516571, -42.6164532], [-64.251008, -42.6162637], [-64.2501926, -42.6160466], [-64.2493451, -42.6157702], [-64.2486531, -42.6155531], [-64.2482346, -42.615411], [-64.2478001, -42.6152373], [-64.2474246, -42.6150399], [-64.2470598, -42.6148662], [-64.2467809, -42.6147004], [-64.2464751, -42.6145425], [-64.2459065, -42.6143964], [-64.2453003, -42.6142859], [-64.2447048, -42.6141516], [-64.2440611, -42.6140529], [-64.2438465, -42.6139621], [-64.2433208, -42.6138792], [-64.2428541, -42.6137805], [-64.2424196, -42.6137568], [-64.2420763, -42.6138358], [-64.2417491, -42.6139661], [-64.2415184, -42.6140648], [-64.241159, -42.6142108], [-64.2393458, -42.6142543], [-64.2379618, -42.6143016], [-64.2363954, -42.6143016], [-64.234668, -42.6143095], [-64.2330265, -42.6143332], [-64.2316961, -42.6143569], [-64.2295504, -42.6145622], [-64.2275012, -42.6148307], [-64.2255807, -42.615257], [-64.2245937, -42.6155491], [-64.223671, -42.6159518], [-64.2227161, -42.616394], [-64.2217076, -42.6168677], [-64.2211604, -42.6170966], [-64.2205274, -42.6174519], [-64.220409, -42.6175243], [-64.21983, -42.6178783], [-64.2178199, -42.6191599], [-64.2175126, -42.6194099], [-64.2164501, -42.62021], [-64.2161501, -42.6204915], [-64.2148733, -42.6217468], [-64.2138004, -42.622181], [-64.2131353, -42.6227336], [-64.2124593, -42.6234599], [-64.2113221, -42.6248336], [-64.2107427, -42.6259782], [-64.2105174, -42.6270676], [-64.210453, -42.6281175], [-64.2104423, -42.6288437], [-64.2105389, -42.6294279], [-64.210732, -42.6299725], [-64.2129529, -42.6333194], [-64.2135899, -42.6337099], [-64.2140687, -42.6339745], [-64.21463, -42.63434], [-64.2150128, -42.6345586], [-64.2153501, -42.63485], [-64.215796, -42.635119], [-64.2163861, -42.6355136], [-64.2170191, -42.6360188], [-64.2175233, -42.636516], [-64.2179954, -42.6369423], [-64.2182958, -42.6375105], [-64.2185962, -42.637992], [-64.2188645, -42.6383235], [-64.2194224, -42.6388049], [-64.2197442, -42.6391285], [-64.2202592, -42.6403361], [-64.2208493, -42.6416462], [-64.2211604, -42.6420408], [-64.2215681, -42.6424196], [-64.2217612, -42.6428379], [-64.2219758, -42.6434614], [-64.2221797, -42.6441085], [-64.2223084, -42.6446215], [-64.2225552, -42.6453002], [-64.2226625, -42.6456], [-64.2230809, -42.6459631], [-64.2231667, -42.646255], [-64.2233813, -42.6467285], [-64.2233598, -42.6472573], [-64.2235315, -42.6478965], [-64.2237783, -42.648733], [-64.2238855, -42.6493169], [-64.2241001, -42.6497588], [-64.2243147, -42.6499245], [-64.2245937, -42.6500271], [-64.2248941, -42.6500824], [-64.2251515, -42.6501613], [-64.225409, -42.6502638], [-64.2257202, -42.6503033], [-64.2257846, -42.6504138], [-64.2260206, -42.650469], [-64.2263639, -42.6504848], [-64.2265678, -42.650832], [-64.2268038, -42.6510135], [-64.2272651, -42.6512423], [-64.2275119, -42.651337], [-64.2277694, -42.6514475], [-64.2279035, -42.651775], [-64.2281342, -42.6521064], [-64.2282468, -42.6523273], [-64.2283166, -42.6525759], [-64.2283326, -42.6528521], [-64.2284399, -42.6530296], [-64.2285204, -42.6533255], [-64.2286867, -42.6536411], [-64.2288047, -42.6538345], [-64.2289764, -42.6540554], [-64.2290139, -42.6542842], [-64.2290032, -42.6544342], [-64.2288852, -42.6546038], [-64.2288584, -42.6548011], [-64.2289603, -42.6551838], [-64.2290568, -42.6555546], [-64.2292124, -42.6558544], [-64.2292553, -42.6561109], [-64.2294002, -42.6564383], [-64.229486, -42.6567224], [-64.2295718, -42.6569433], [-64.2298025, -42.6573457], [-64.2299956, -42.6577836], [-64.2302156, -42.6580913], [-64.2303765, -42.6583241], [-64.2305535, -42.6585016], [-64.2306233, -42.6585844], [-64.2306662, -42.6586712], [-64.230693, -42.6588724], [-64.2307144, -42.6590973], [-64.2307627, -42.659259], [-64.2308486, -42.6594721], [-64.2309076, -42.6595983], [-64.230988, -42.6597601], [-64.231047, -42.6599257], [-64.2311168, -42.6600875], [-64.2311329, -42.66019], [-64.2312831, -42.6604465], [-64.2315459, -42.6607502], [-64.2317712, -42.6610066], [-64.2320609, -42.6612709], [-64.2323935, -42.6615708], [-64.2327154, -42.6618311], [-64.2330909, -42.662123], [-64.2339492, -42.6625648], [-64.2346197, -42.6628883], [-64.2356443, -42.6632276], [-64.236685, -42.6634682], [-64.2373502, -42.6635786], [-64.2378169, -42.6637009], [-64.2382568, -42.6638863], [-64.238466, -42.664052], [-64.2386699, -42.6642098], [-64.2387879, -42.6644701], [-64.2388898, -42.6647423], [-64.2388898, -42.6649277], [-64.2389166, -42.6650737], [-64.2389381, -42.6654326], [-64.2396033, -42.6693574], [-64.2398715, -42.6704618], [-64.2401826, -42.6716766], [-64.2404831, -42.6723944], [-64.2407513, -42.6730965], [-64.2411268, -42.6736565], [-64.2415881, -42.6743191], [-64.2418885, -42.6747293], [-64.2420495, -42.6750369], [-64.2422533, -42.6751868], [-64.2425054, -42.6753564], [-64.2427737, -42.675522], [-64.2430687, -42.6756285], [-64.2433852, -42.6757153], [-64.2437178, -42.6757311], [-64.2440987, -42.6757153], [-64.2443401, -42.6757153], [-64.2445386, -42.6757192], [-64.2446673, -42.6757232], [-64.2447692, -42.6757469], [-64.2448872, -42.6758415], [-64.2448926, -42.6759717], [-64.2449248, -42.6761689], [-64.2448819, -42.6763621], [-64.2449355, -42.6764922], [-64.2450321, -42.6766145], [-64.2451608, -42.6767723], [-64.2451823, -42.6769892], [-64.2452681, -42.6772771], [-64.2453003, -42.6776241], [-64.2454398, -42.6777582], [-64.2455202, -42.6778371], [-64.2458314, -42.6779396], [-64.2461693, -42.6781053], [-64.2465341, -42.6782354], [-64.2467648, -42.6785036], [-64.2470276, -42.6790833], [-64.247269, -42.6794619], [-64.2475694, -42.680018], [-64.2477948, -42.6802309], [-64.2479235, -42.6804202], [-64.247961, -42.6806332], [-64.2481488, -42.6808501], [-64.2482668, -42.6809526], [-64.2484868, -42.6810354], [-64.2486584, -42.6810985], [-64.2488462, -42.6811616], [-64.2489213, -42.6812366], [-64.2489803, -42.6813233], [-64.2489481, -42.6814377], [-64.2488462, -42.6815599], [-64.2487818, -42.6817295], [-64.2486852, -42.6819227], [-64.2486423, -42.6822146], [-64.2486799, -42.682325], [-64.2486906, -42.6825222], [-64.2488515, -42.6826365], [-64.2490608, -42.6827785], [-64.2492002, -42.6828573], [-64.249211, -42.6829638], [-64.2490876, -42.6831216], [-64.2488623, -42.6831689], [-64.2486692, -42.6831768], [-64.2484117, -42.683303], [-64.2481971, -42.6834765], [-64.2480254, -42.6836421], [-64.2479599, -42.68377], [-64.2477948, -42.6842297], [-64.2476392, -42.684904], [-64.2475212, -42.6854166], [-64.2472905, -42.6863157], [-64.24624, -42.69355], [-64.2458797, -42.6955895], [-64.2455149, -42.6983336], [-64.244957, -42.705335], [-64.2450643, -42.7091824], [-64.2452896, -42.7108221], [-64.2453754, -42.7117208], [-64.2455578, -42.7129033], [-64.2458153, -42.7137271], [-64.2461318, -42.7147519], [-64.2464483, -42.7156742], [-64.2467862, -42.7164546], [-64.2471832, -42.717365], [-64.2477518, -42.7184213], [-64.2481113, -42.7192016], [-64.2485941, -42.7202579], [-64.2489696, -42.7210934], [-64.2493933, -42.7220037], [-64.2498547, -42.7229732], [-64.2503241, -42.7240491], [-64.250823, -42.7251722], [-64.2514104, -42.7264136], [-64.2524403, -42.7288095], [-64.2533684, -42.730494], [-64.2540872, -42.7317333], [-64.2548382, -42.7329705], [-64.2557555, -42.7344009], [-64.2568928, -42.7361385], [-64.2578369, -42.7375332], [-64.2584887, -42.7384473], [-64.259398, -42.7395229], [-64.2600149, -42.7405], [-64.2605299, -42.7417568], [-64.2609912, -42.742986], [-64.2613775, -42.7443294], [-64.2614043, -42.7453891], [-64.2612219, -42.7467423], [-64.2610931, -42.7475952], [-64.260892, -42.7484047], [-64.2605084, -42.7494073], [-64.2597359, -42.7513808], [-64.2587972, -42.7533937], [-64.2579818, -42.755375], [-64.2570484, -42.7576949], [-64.2560184, -42.7605032], [-64.2553264, -42.7623149], [-64.2540711, -42.7653553], [-64.2532772, -42.767155], [-64.2523062, -42.7689901], [-64.251802, -42.7699037], [-64.2509759, -42.7710772], [-64.2501122, -42.7722901], [-64.2491117, -42.7736073], [-64.2486048, -42.7742314], [-64.2480147, -42.7748969], [-64.2475909, -42.7754383], [-64.246636, -42.7767042], [-64.2455471, -42.7783127], [-64.2441255, -42.7803739], [-64.2433718, -42.7816574], [-64.2426717, -42.7826771], [-64.2414969, -42.7842618], [-64.2410088, -42.7849055], [-64.2404562, -42.7856929], [-64.2401397, -42.7860905], [-64.2397106, -42.7865354], [-64.2386162, -42.787559], [-64.237546, -42.7885491], [-64.2370096, -42.7890156], [-64.2363149, -42.7895726], [-64.2353332, -42.7905037], [-64.2342496, -42.791417], [-64.2330748, -42.7923184], [-64.2323023, -42.7929916], [-64.2318302, -42.7936057], [-64.2315084, -42.7940583], [-64.2308217, -42.7949244], [-64.2298401, -42.7959045], [-64.2286062, -42.7969673], [-64.2268252, -42.798093], [-64.225055, -42.7991479], [-64.2239499, -42.7997383], [-64.2228663, -42.8003366], [-64.2221743, -42.8007341], [-64.221257, -42.80136], [-64.2196477, -42.8025092], [-64.2190468, -42.8030603], [-64.2181563, -42.8038789], [-64.2166114, -42.8056028], [-64.2156994, -42.8065709], [-64.2139292, -42.8078461], [-64.2112899, -42.8097902], [-64.2104852, -42.8105536], [-64.2093372, -42.8117972], [-64.2085433, -42.8130644], [-64.2074275, -42.8141032], [-64.2067516, -42.8148116], [-64.2059469, -42.8155356], [-64.2052496, -42.8163305], [-64.2045629, -42.8172119], [-64.2043161, -42.817873], [-64.2041123, -42.818715], [-64.2039943, -42.8193368], [-64.2037475, -42.8199584], [-64.2034471, -42.8203047], [-64.2028678, -42.8206116], [-64.2017841, -42.8209343], [-64.2009795, -42.8213199], [-64.2003358, -42.8219258], [-64.1997993, -42.8226734], [-64.1978574, -42.8248452], [-64.1970635, -42.8256636], [-64.1956794, -42.8270249], [-64.1951001, -42.8278275], [-64.1946387, -42.8289369], [-64.1944027, -42.830605], [-64.1944242, -42.8316279], [-64.194333, -42.8325445], [-64.1943437, -42.8327687], [-64.1943115, -42.8329064], [-64.1942471, -42.8329536], [-64.1941667, -42.8330146], [-64.1932064, -42.8334296], [-64.192729, -42.8337011], [-64.1917527, -42.8343344], [-64.1907013, -42.8351998], [-64.1901487, -42.8357427], [-64.1896874, -42.836321], [-64.1892636, -42.8367419], [-64.1886145, -42.8372178], [-64.1873431, -42.8380478], [-64.1861522, -42.8390391], [-64.1855192, -42.8396055], [-64.1847897, -42.8403529], [-64.1845107, -42.8408406], [-64.1842961, -42.8413048], [-64.1840923, -42.8416981], [-64.183631, -42.8421229], [-64.1823542, -42.8428034], [-64.1807985, -42.8434839], [-64.1799402, -42.8440188], [-64.1791141, -42.8448448], [-64.1781807, -42.8461034], [-64.1778052, -42.8465911], [-64.1772312, -42.847004], [-64.1758847, -42.847653], [-64.1745973, -42.8482154], [-64.1738275, -42.8485792], [-64.172937, -42.8490728], [-64.1718775, -42.8496155], [-64.1711211, -42.8500835], [-64.170177, -42.8509252], [-64.1689593, -42.8524393], [-64.1686401, -42.8527244], [-64.1672205, -42.853435], [-64.1662474, -42.8538353], [-64.1652346, -42.8542884], [-64.1635759, -42.8550324], [-64.1627258, -42.8555224], [-64.1619667, -42.8560238], [-64.1611755, -42.8565016], [-64.1606391, -42.8567926], [-64.1597647, -42.8572448], [-64.1592389, -42.8575516], [-64.1582909, -42.8580714], [-64.1577798, -42.8584835], [-64.1572863, -42.859038], [-64.1570503, -42.859616], [-64.1570342, -42.8603356], [-64.157002, -42.8608193], [-64.1568089, -42.8613855], [-64.1565299, -42.8618888], [-64.156251, -42.8624393], [-64.1558111, -42.863438], [-64.1555643, -42.8642401], [-64.1553176, -42.8649479], [-64.155001, -42.8654001], [-64.1542286, -42.8658994], [-64.1527319, -42.8662769], [-64.1512835, -42.8667408], [-64.1500926, -42.8674328], [-64.1490948, -42.8685258], [-64.1467345, -42.8711443], [-64.146198, -42.8721193], [-64.1459084, -42.8731807], [-64.1458172, -42.8735778], [-64.1454792, -42.8739513], [-64.1447979, -42.874199], [-64.1434622, -42.8743995], [-64.1420674, -42.8745724], [-64.140721, -42.8746904], [-64.1395408, -42.8747572], [-64.1386932, -42.8747926], [-64.1380602, -42.8747926], [-64.1375828, -42.8748751], [-64.1370785, -42.8750521], [-64.1363382, -42.8753115], [-64.1357964, -42.8755238], [-64.1352761, -42.8757754], [-64.1348684, -42.8760467], [-64.1346645, -42.8761489], [-64.1343427, -42.8761607], [-64.1340315, -42.8761017], [-64.1333449, -42.8760427], [-64.1328889, -42.8760702], [-64.1322237, -42.8763336], [-64.1308773, -42.8767739], [-64.1300136, -42.8771238], [-64.1294503, -42.877281], [-64.128989, -42.8773243], [-64.1286188, -42.877395], [-64.1279483, -42.8775405], [-64.1274977, -42.8775051], [-64.1268325, -42.8773911], [-64.1260546, -42.8773321], [-64.1250354, -42.87734], [-64.1243863, -42.8774383], [-64.1240484, -42.877509], [-64.1238016, -42.8774933], [-64.1231901, -42.8773164], [-64.1224444, -42.8771317], [-64.1218489, -42.8770923], [-64.1211569, -42.8771867], [-64.1206634, -42.8773125], [-64.1203147, -42.8774894], [-64.1197407, -42.8780083], [-64.1191828, -42.8783503], [-64.1184211, -42.8786019], [-64.1180027, -42.878649], [-64.1174501, -42.8786097], [-64.1162968, -42.8783621], [-64.1154814, -42.8781302], [-64.114961, -42.8780476], [-64.1146714, -42.8780515], [-64.1144058, -42.8780771], [-64.1140169, -42.878193], [-64.1137809, -42.8782363], [-64.1134429, -42.8782245], [-64.1131505, -42.8781793], [-64.1127911, -42.8781734], [-64.112303, -42.8782422], [-64.1116244, -42.8784604], [-64.1110289, -42.8787316], [-64.1105166, -42.8789203], [-64.1099963, -42.8789969], [-64.1095457, -42.8789439], [-64.1089395, -42.8787336], [-64.1082132, -42.8785282], [-64.1064102, -42.8782599], [-64.1050851, -42.8780397], [-64.1040552, -42.8777921], [-64.1035456, -42.8775444], [-64.1031754, -42.8773321], [-64.1028321, -42.8771277], [-64.1018719, -42.8767582], [-64.1011745, -42.8765538], [-64.1006219, -42.8764201], [-64.0999192, -42.8763376], [-64.0991038, -42.8763336], [-64.0984869, -42.8765027], [-64.0976769, -42.876829], [-64.0973014, -42.8768525], [-64.0968776, -42.8767543], [-64.0962821, -42.8765066], [-64.0951181, -42.8756811], [-64.0940881, -42.8749577], [-64.0938038, -42.8747061], [-64.0932941, -42.8743208], [-64.0927792, -42.8741164], [-64.09235, -42.8739749], [-64.0915936, -42.8737665], [-64.090333, -42.8734874], [-64.0895444, -42.8733812], [-64.088847, -42.8732987], [-64.0882462, -42.8732987], [-64.0876615, -42.8733459], [-64.0870285, -42.8734324], [-64.0859664, -42.8736132], [-64.0851724, -42.8736446], [-64.0844858, -42.8736918], [-64.0836382, -42.8735817], [-64.0830052, -42.8733537], [-64.0826297, -42.8731021], [-64.0821737, -42.8728112], [-64.0818036, -42.8726657], [-64.0814871, -42.8725635], [-64.0804517, -42.8722176], [-64.0800011, -42.8721035], [-64.0795398, -42.872019], [-64.0791857, -42.8719659], [-64.0785876, -42.8718264], [-64.0778124, -42.8715689], [-64.0773082, -42.8713605], [-64.076702, -42.8710263], [-64.0761495, -42.870759], [-64.075672, -42.8705978], [-64.0746421, -42.870358], [-64.0739179, -42.8702636], [-64.072609, -42.870008], [-64.0714395, -42.8697997], [-64.070254, -42.8696031], [-64.069342, -42.8692964], [-64.0681511, -42.8689308], [-64.0667617, -42.868573], [-64.0662414, -42.8684433], [-64.0640795, -42.8679872], [-64.0625078, -42.8677238], [-64.0606195, -42.8674603], [-64.0584469, -42.8671615], [-64.0566391, -42.866906], [-64.0558264, -42.8667998], [-64.05518, -42.8667271], [-64.0545496, -42.8666445], [-64.05415, -42.8665757], [-64.0536377, -42.8664715], [-64.0526694, -42.8662808], [-64.0523234, -42.86621], [-64.0519398, -42.8661196], [-64.0514034, -42.8659918], [-64.050647, -42.8658286], [-64.049727, -42.8656301], [-64.0491852, -42.8655976], [-64.048449, -42.8655573], [-64.0479742, -42.8654964], [-64.0463126, -42.8652467], [-64.045473, -42.8651071], [-64.044891, -42.8649853], [-64.0445504, -42.8649282], [-64.0440917, -42.8648889], [-64.0423295, -42.8646569], [-64.0418467, -42.8646176], [-64.0417394, -42.8646039], [-64.0416563, -42.8645704], [-64.0414417, -42.8644918], [-64.0412995, -42.8644574], [-64.0410206, -42.8644092], [-64.0404533, -42.8643581], [-64.0402709, -42.8643453], [-64.0401435, -42.8643099], [-64.039721, -42.8641871], [-64.0394475, -42.8641055], [-64.0393482, -42.8640888], [-64.0392476, -42.8640888], [-64.038856, -42.8641202], [-64.0386388, -42.8641025], [-64.038105, -42.8640396], [-64.036096, -42.8636779], [-64.0358573, -42.8636425], [-64.0356374, -42.8636464], [-64.0354174, -42.8636622], [-64.0345109, -42.863611], [-64.0342319, -42.8635835], [-64.0338859, -42.8635953], [-64.0332985, -42.8636386], [-64.0330437, -42.8636563], [-64.0326923, -42.8636563], [-64.0324295, -42.8636543], [-64.03207, -42.8635678], [-64.0315872, -42.8633987], [-64.0312815, -42.8633476], [-64.0293717, -42.8630763], [-64.0290633, -42.8630203], [-64.0289386, -42.8629986], [-64.028787, -42.8629888], [-64.0283659, -42.8630045], [-64.0280092, -42.8630232], [-64.0278456, -42.8630134], [-64.0276766, -42.8629898], [-64.0268558, -42.8628541], [-64.0265071, -42.8628718], [-64.0259331, -42.8629328], [-64.024407, -42.8633093], [-64.0242635, -42.8633171], [-64.0241401, -42.8633024], [-64.0230417, -42.8628187], [-64.0225375, -42.8626221], [-64.021529, -42.8623331], [-64.020322, -42.8619832], [-64.0197828, -42.8618495], [-64.0172321, -42.8610867], [-64.0168338, -42.8609598], [-64.0164596, -42.8608645], [-64.0157864, -42.8607406], [-64.0152606, -42.8606757], [-64.0146196, -42.8606522], [-64.0119991, -42.8605951], [-64.0107465, -42.8605971], [-64.0105104, -42.8605735], [-64.0103012, -42.8605519], [-64.010092, -42.8604949], [-64.0086785, -42.8598923], [-64.0079838, -42.8595511], [-64.0073669, -42.8591913], [-64.0069257, -42.8589908], [-64.005893, -42.8584157], [-64.0056369, -42.8582319], [-64.0053378, -42.8580814], [-64.005028, -42.8579733], [-64.0042743, -42.8576961], [-64.0040356, -42.8576233], [-64.0037955, -42.8575378], [-64.0035018, -42.8574179], [-64.0029533, -42.8571642], [-64.0028219, -42.857058], [-64.0027173, -42.856944], [-64.0024437, -42.8564436], [-64.0023471, -42.8563414], [-64.0019622, -42.8560612], [-64.001576, -42.8558036], [-64.0013574, -42.855724], [-64.0012166, -42.8556876], [-64.0009645, -42.8556591], [-64.0008089, -42.8556207], [-64.0003234, -42.8554457], [-63.9989099, -42.8551193], [-63.9985961, -42.855023], [-63.9980543, -42.8548441], [-63.9976788, -42.8547693], [-63.9969975, -42.8547045], [-63.9957798, -42.8547143], [-63.9956269, -42.8547516], [-63.9954364, -42.8548224], [-63.9950582, -42.855023], [-63.9948007, -42.8551016], [-63.9945111, -42.8551252], [-63.9941946, -42.8550938], [-63.9937896, -42.8549325], [-63.9935254, -42.8547231], [-63.9934275, -42.8546179], [-63.9933443, -42.8545236], [-63.9932531, -42.8544597], [-63.9928763, -42.8542847], [-63.9926738, -42.8541765], [-63.9924042, -42.8539533], [-63.9920582, -42.853681], [-63.9918409, -42.8535581], [-63.9913997, -42.8533359], [-63.9904207, -42.8529033], [-63.9889401, -42.8524108], [-63.9876285, -42.8520539], [-63.98408, -42.8512555], [-63.9801881, -42.8503392], [-63.9791259, -42.8501779], [-63.9769238, -42.8499341], [-63.9766127, -42.8499026], [-63.9763767, -42.8498731], [-63.9752796, -42.8496863], [-63.9739399, -42.8495025], [-63.9736556, -42.8494779], [-63.9726216, -42.8493815], [-63.9715996, -42.8492635], [-63.9698213, -42.8491318], [-63.9690864, -42.849177], [-63.9685312, -42.8493815], [-63.9682844, -42.8495703], [-63.9681047, -42.8498249], [-63.9677173, -42.8502396], [-63.9674985, -42.8504286], [-63.9673886, -42.8504581], [-63.9672893, -42.8504513], [-63.9670426, -42.850351], [-63.9669192, -42.8503323], [-63.966604, -42.8503333], [-63.9664954, -42.8503215], [-63.9664116, -42.8502871], [-63.9662734, -42.8501587], [-63.9661393, -42.8500816], [-63.9658892, -42.849939], [-63.965786, -42.8498151], [-63.9657169, -42.8497045], [-63.9656954, -42.8495929], [-63.9657082, -42.8494907], [-63.9656988, -42.8493717], [-63.9656492, -42.8492262], [-63.9654842, -42.848882], [-63.9651865, -42.8483334], [-63.9649397, -42.8479008], [-63.9648405, -42.8477454], [-63.9647064, -42.8476628], [-63.9642209, -42.8475448], [-63.9636818, -42.847419], [-63.9632177, -42.8473364], [-63.9627349, -42.8472125], [-63.9622521, -42.8471004], [-63.961249, -42.8468801], [-63.9592212, -42.8464023], [-63.9568341, -42.8458359], [-63.9546883, -42.8453993], [-63.9517272, -42.8447582], [-63.9485461, -42.8440227], [-63.9465612, -42.8436491], [-63.9433157, -42.8431692], [-63.9410144, -42.8429607], [-63.9384449, -42.8426579], [-63.9353067, -42.8423275], [-63.9326352, -42.8421387], [-63.9299583, -42.8419263], [-63.9292127, -42.8418555], [-63.9277911, -42.8418791], [-63.9265037, -42.8419105], [-63.9253503, -42.8420167], [-63.9243311, -42.8421347], [-63.9234352, -42.8423943], [-63.9227754, -42.8426382], [-63.9220673, -42.8429371], [-63.9216167, -42.8431495], [-63.9211232, -42.8433541], [-63.9208388, -42.8434367], [-63.9204043, -42.8435075], [-63.920061, -42.8435271], [-63.9192993, -42.8434327], [-63.9186072, -42.8432203], [-63.9173573, -42.8427759], [-63.9170033, -42.8426185], [-63.9167512, -42.8424927], [-63.9164025, -42.8421387], [-63.9160484, -42.8417276], [-63.9156702, -42.8414444], [-63.9151472, -42.841236], [-63.9146563, -42.841057], [-63.9142647, -42.8409646], [-63.9137095, -42.8408406], [-63.9132375, -42.8407462], [-63.9129156, -42.8407148], [-63.9127654, -42.8406754], [-63.912642, -42.840585], [-63.9120895, -42.8402742], [-63.9115369, -42.8398612], [-63.9110917, -42.8396075], [-63.9106169, -42.8394148], [-63.910397, -42.8393695], [-63.9101663, -42.8393833], [-63.9100872, -42.839401], [-63.9100322, -42.8394403], [-63.9100161, -42.8394816], [-63.9100456, -42.8395583], [-63.9101073, -42.8396704], [-63.9101315, -42.8398081], [-63.91011, -42.8398671], [-63.9100456, -42.8398809], [-63.9099303, -42.8398534], [-63.909831, -42.8397727], [-63.909772, -42.8396645], [-63.9097345, -42.8394698], [-63.909713, -42.8393676], [-63.9096701, -42.8393361], [-63.9095655, -42.8393007], [-63.9095011, -42.8392928], [-63.9094824, -42.8392997], [-63.9094837, -42.8393174], [-63.9095199, -42.8393636], [-63.909528, -42.8394049], [-63.9095306, -42.8394679], [-63.9095414, -42.8395406], [-63.9095199, -42.839578], [-63.9094555, -42.8395937], [-63.9093643, -42.8395642], [-63.9091471, -42.8393597], [-63.9087796, -42.8391276], [-63.908447, -42.8387992], [-63.9082861, -42.8385533], [-63.9081413, -42.8383271], [-63.9081305, -42.8382445], [-63.9081842, -42.8381796], [-63.908262, -42.8381521], [-63.9083612, -42.8381501], [-63.9086616, -42.8381423], [-63.9088413, -42.8380892], [-63.9088923, -42.8380085], [-63.9088762, -42.8379102], [-63.908726, -42.8376545], [-63.9084014, -42.8373811], [-63.90816, -42.837267], [-63.9078972, -42.83721], [-63.9072159, -42.8371254], [-63.906658, -42.8370408], [-63.9063066, -42.8369838], [-63.9062396, -42.8369779], [-63.9061859, -42.8370035], [-63.9061457, -42.8370841], [-63.9061376, -42.8371844], [-63.9061618, -42.8373319], [-63.906143, -42.8373654], [-63.9060786, -42.8373732], [-63.9058641, -42.8373024], [-63.9055427, -42.8371844], [-63.9053719, -42.8371323], [-63.9053638, -42.8371087], [-63.9053719, -42.8370851], [-63.905392, -42.8370615], [-63.9054483, -42.8370172], [-63.9055261, -42.8369563], [-63.9055301, -42.8369268], [-63.9054738, -42.8368746], [-63.9053182, -42.8368225], [-63.9050272, -42.8368166], [-63.9042869, -42.8368658], [-63.9034313, -42.8369032], [-63.9029163, -42.8368992], [-63.9021814, -42.8368205], [-63.9010227, -42.8366278], [-63.9002958, -42.8365157], [-63.8997245, -42.8364154], [-63.899298, -42.8363878], [-63.8987884, -42.8364232], [-63.8976726, -42.8364527], [-63.8957816, -42.8364822], [-63.89447, -42.8366042], [-63.8930833, -42.8366691], [-63.8927186, -42.8366593], [-63.8924959, -42.836614], [-63.8920158, -42.8364508], [-63.8915572, -42.8362325], [-63.8909349, -42.8360279], [-63.8902643, -42.8359001], [-63.88928, -42.8358234], [-63.8878584, -42.8357368], [-63.886874, -42.835609], [-63.8859192, -42.8355205], [-63.8851386, -42.8354437], [-63.8843071, -42.8354221], [-63.8831538, -42.8353218], [-63.8820031, -42.8351762], [-63.8800344, -42.835011], [-63.8785109, -42.8349855], [-63.8780576, -42.8349933], [-63.8778591, -42.8350386], [-63.8776284, -42.8351408], [-63.8770142, -42.8353847], [-63.8765797, -42.8355087], [-63.8762927, -42.8355598], [-63.8759494, -42.8355578], [-63.8754398, -42.8354477], [-63.875016, -42.8352903], [-63.8747129, -42.8351271], [-63.8743615, -42.8348832], [-63.8737956, -42.8344053], [-63.8728032, -42.833825], [-63.871513, -42.8327786], [-63.8708746, -42.8324225], [-63.8703007, -42.8321826], [-63.8694397, -42.8319603], [-63.868686, -42.8317911], [-63.8682219, -42.8316711], [-63.8678062, -42.8315964], [-63.8667333, -42.8314744], [-63.8651079, -42.8311361], [-63.8632464, -42.8306561], [-63.8608486, -42.8300542], [-63.8578552, -42.8293303], [-63.8547653, -42.8287048], [-63.8515467, -42.8282602], [-63.8500983, -42.8281186], [-63.8490307, -42.8281029], [-63.8477969, -42.8281816], [-63.8464022, -42.8284727], [-63.8449001, -42.8289841], [-63.8441438, -42.8292635], [-63.8437522, -42.8292949], [-63.8435, -42.8292202], [-63.8430601, -42.8287245], [-63.8425237, -42.8280832], [-63.8420785, -42.8275167], [-63.8413274, -42.8268793], [-63.8399541, -42.8262105], [-63.8375777, -42.825341], [-63.8356841, -42.8248098], [-63.8339084, -42.8244793], [-63.8319129, -42.8242354], [-63.8301587, -42.8241292], [-63.8284475, -42.8241174], [-63.8271332, -42.824141], [-63.8266504, -42.8241842], [-63.8264224, -42.8242806], [-63.8262856, -42.8244105], [-63.8261703, -42.8245108], [-63.8260844, -42.8245502], [-63.8259155, -42.8245856], [-63.8257545, -42.8245698], [-63.8255641, -42.8245226], [-63.8252932, -42.824442], [-63.8246615, -42.8242383], [-63.8244939, -42.8241862], [-63.8244255, -42.8241606], [-63.8243249, -42.8241292], [-63.824231, -42.8241213], [-63.8241693, -42.8241242], [-63.824113, -42.8241262], [-63.8240567, -42.8241262], [-63.8240151, -42.8241124], [-63.8239789, -42.8240938], [-63.8238233, -42.8240259], [-63.8238012, -42.824021], [-63.823769, -42.82402], [-63.8237583, -42.8240283], [-63.8237516, -42.824046], [-63.8237402, -42.8240566], [-63.8237271, -42.8240615], [-63.8237114, -42.8240559], [-63.8236671, -42.8240342], [-63.8234156, -42.823897], [-63.8233405, -42.823841], [-63.8232882, -42.8237987], [-63.8231139, -42.8237042], [-63.8229409, -42.8236482], [-63.8228148, -42.8236069], [-63.8226311, -42.8235754], [-63.8225386, -42.823539], [-63.8224742, -42.8234869], [-63.8224071, -42.8234072], [-63.8223481, -42.8233698], [-63.8221684, -42.8233147], [-63.8219029, -42.8232734], [-63.8214389, -42.8233482], [-63.8211545, -42.8234328], [-63.8208729, -42.8234662], [-63.820712, -42.8234603], [-63.8205993, -42.8234111], [-63.8204679, -42.8233049], [-63.8203821, -42.8231455], [-63.8203499, -42.8230059], [-63.8202748, -42.8229016], [-63.8201541, -42.8228367], [-63.8199154, -42.8227973], [-63.8197383, -42.8227324], [-63.8195425, -42.8225967], [-63.819395, -42.8224786], [-63.8191026, -42.822398], [-63.8187701, -42.8223645], [-63.8185018, -42.8223724], [-63.8182309, -42.8224235], [-63.8178501, -42.8225199], [-63.8176703, -42.8225337], [-63.8175577, -42.8225298], [-63.8172814, -42.8225298], [-63.8169032, -42.822575], [-63.8165331, -42.8226694], [-63.8160235, -42.8228504], [-63.8157177, -42.8229645], [-63.8154817, -42.8229842], [-63.8151866, -42.8229252], [-63.8148916, -42.8228347], [-63.8145402, -42.8227462], [-63.8141245, -42.8226537], [-63.8137409, -42.8226439], [-63.8130838, -42.8227816], [-63.8124159, -42.8230314], [-63.8117856, -42.8231967], [-63.8115898, -42.8232124], [-63.8112143, -42.8231927], [-63.8108575, -42.8230845], [-63.8106859, -42.822935], [-63.8105974, -42.8227265], [-63.8105732, -42.8223134], [-63.8106054, -42.8219612], [-63.8107154, -42.8215914], [-63.8108361, -42.821369], [-63.8109005, -42.8211664], [-63.8108897, -42.8209008], [-63.8107342, -42.8205526], [-63.8104847, -42.8202005], [-63.8100234, -42.8198227], [-63.8094842, -42.8195807], [-63.8088352, -42.8193977], [-63.8085079, -42.8193309], [-63.8083658, -42.8192541], [-63.8082102, -42.8191695], [-63.8079178, -42.81902], [-63.8073412, -42.8188233], [-63.8067833, -42.8186757], [-63.8057855, -42.8184809], [-63.8047716, -42.8183039], [-63.8034359, -42.8179674], [-63.8028082, -42.8177805], [-63.8024944, -42.8177018], [-63.8019392, -42.8176369], [-63.8012445, -42.8175916], [-63.8009119, -42.8175464], [-63.8006088, -42.8175385], [-63.8003352, -42.8174775], [-63.8, -42.817326], [-63.7996164, -42.8171077], [-63.7990209, -42.8168735], [-63.7982217, -42.8166296], [-63.7972695, -42.8161692], [-63.796041, -42.8156261], [-63.7948018, -42.8152759], [-63.7922108, -42.8147919], [-63.7915886, -42.8146306], [-63.7906712, -42.8143236], [-63.7900704, -42.8141387], [-63.7892872, -42.8139655], [-63.7883833, -42.8138475], [-63.7856448, -42.813509], [-63.7831181, -42.8132021], [-63.7806881, -42.8129581], [-63.7792343, -42.8127692], [-63.7762624, -42.8123324], [-63.7751573, -42.8122301], [-63.774004, -42.8122183], [-63.7726253, -42.81236], [-63.7717295, -42.8124308], [-63.7707585, -42.8123521], [-63.7672341, -42.812112], [-63.7661558, -42.8120589], [-63.7657079, -42.8120294], [-63.7652493, -42.811933], [-63.7646404, -42.8117323], [-63.7642354, -42.8115532], [-63.7635568, -42.8112797], [-63.7630498, -42.8111125], [-63.762162, -42.8108882], [-63.7618536, -42.810839], [-63.7617517, -42.8108331], [-63.7616792, -42.8108134], [-63.7616122, -42.8107662], [-63.7615022, -42.8107209], [-63.7612259, -42.8106402], [-63.7607217, -42.8104671], [-63.7601236, -42.8103018], [-63.7598795, -42.810227], [-63.7596917, -42.8102073], [-63.7592492, -42.8102191], [-63.7588039, -42.8102487], [-63.7579563, -42.8103234], [-63.7572563, -42.8103431], [-63.7564087, -42.8102821], [-63.7552178, -42.8100873], [-63.7542629, -42.8099811], [-63.7539384, -42.809987], [-63.7536863, -42.8100401], [-63.7534556, -42.8100696], [-63.7529621, -42.8100184], [-63.7519321, -42.8098925], [-63.7507573, -42.8097981], [-63.7502316, -42.8097941], [-63.7489361, -42.8098099], [-63.7482253, -42.8098374], [-63.7465972, -42.8100263], [-63.7446123, -42.810229], [-63.7438023, -42.8103293], [-63.7428314, -42.81053], [-63.7416565, -42.8107229], [-63.7409216, -42.810961], [-63.7401947, -42.8112227], [-63.7396288, -42.8114785], [-63.7392774, -42.8117028], [-63.7391326, -42.8118602], [-63.7390843, -42.8121002], [-63.7391165, -42.8124721], [-63.7390897, -42.8129148], [-63.7390387, -42.8130919], [-63.738851, -42.813391], [-63.7387276, -42.813452], [-63.7385854, -42.8134658], [-63.7378156, -42.8133477], [-63.7363941, -42.8130663], [-63.7352273, -42.8128814], [-63.7341115, -42.8126945], [-63.7336046, -42.8126571], [-63.7330467, -42.8126964], [-63.732529, -42.8127692], [-63.7323841, -42.8127535], [-63.7321776, -42.8125882], [-63.731204, -42.8118405], [-63.730807, -42.8115729], [-63.7301821, -42.8112974], [-63.7296188, -42.8110948], [-63.7290958, -42.8109964], [-63.7284842, -42.8109905], [-63.7277707, -42.8111125], [-63.7275589, -42.8111656], [-63.7274113, -42.8111676], [-63.7272424, -42.8111026], [-63.7265316, -42.8108449], [-63.7259898, -42.8106363], [-63.7254345, -42.8103648], [-63.7251234, -42.8101365], [-63.7247854, -42.8097922], [-63.7242356, -42.8092924], [-63.7234014, -42.8084698], [-63.7230554, -42.8081137], [-63.7227041, -42.8077929], [-63.7222964, -42.807545], [-63.7219584, -42.8073561], [-63.7216526, -42.8070727], [-63.721363, -42.8067736], [-63.7210518, -42.8063368], [-63.7207943, -42.805894], [-63.7205046, -42.8055103], [-63.7201533, -42.8052308], [-63.7197, -42.8049337], [-63.7193057, -42.8047271], [-63.7187424, -42.804487], [-63.718088, -42.8043138], [-63.7178385, -42.8042076], [-63.7174362, -42.8039419], [-63.7169454, -42.8037254], [-63.716307, -42.8035385], [-63.7158349, -42.8034184], [-63.7153333, -42.8033397], [-63.7146843, -42.80332], [-63.7141156, -42.8033417], [-63.7135818, -42.803383], [-63.7132037, -42.8034647], [-63.7126552, -42.8036811], [-63.7123936, -42.8038238], [-63.7121294, -42.8038986], [-63.7111263, -42.803995], [-63.7105483, -42.8040737], [-63.7102573, -42.8040806], [-63.7099911, -42.8040386], [-63.7098321, -42.803996], [-63.7091763, -42.8035759], [-63.7085849, -42.8032157], [-63.7078419, -42.8028576], [-63.7077092, -42.8027404], [-63.7074114, -42.8024099], [-63.7071741, -42.8022318], [-63.7068951, -42.8021021], [-63.7065196, -42.8020005], [-63.7061816, -42.8019563], [-63.7058477, -42.8019868], [-63.705605, -42.8020704], [-63.7055178, -42.8021186], [-63.7054239, -42.8021412], [-63.7053207, -42.8021127], [-63.7048285, -42.8016522], [-63.7047507, -42.8015577], [-63.7047024, -42.8014525], [-63.7047158, -42.8011415], [-63.7046675, -42.8008758], [-63.7045428, -42.8004291], [-63.7042786, -42.7998623], [-63.7040426, -42.7994343], [-63.703824, -42.7990633], [-63.7033787, -42.7984985], [-63.7030716, -42.7981865], [-63.7028182, -42.797973], [-63.7026277, -42.7978392], [-63.7022536, -42.7976128], [-63.7015897, -42.7972044], [-63.7008092, -42.796797], [-63.7001038, -42.7964162], [-63.6997551, -42.7962529], [-63.6988297, -42.7959143], [-63.6980331, -42.7956723], [-63.6967054, -42.7954026], [-63.6954448, -42.7952491], [-63.6945757, -42.7950936], [-63.6919177, -42.7945622], [-63.6906222, -42.7942276], [-63.6893964, -42.7936942], [-63.6888868, -42.7935387], [-63.6883181, -42.7934029], [-63.6855206, -42.7930054], [-63.6824495, -42.7926412], [-63.6812049, -42.792533], [-63.6805397, -42.792592], [-63.6797431, -42.7927908], [-63.6793488, -42.7928991], [-63.6790994, -42.7929443], [-63.6788607, -42.7929168], [-63.6786488, -42.7928459], [-63.6783564, -42.7926707], [-63.6778391, -42.7923672], [-63.6776993, -42.7921492], [-63.677651, -42.7919878], [-63.677647, -42.7918815], [-63.6777703, -42.7916305], [-63.6779326, -42.7913973], [-63.6780493, -42.7912123], [-63.678178, -42.7908462], [-63.6782572, -42.7905962], [-63.6783054, -42.7903265], [-63.6782974, -42.7900667], [-63.6782062, -42.7897596], [-63.6780801, -42.7892479], [-63.6778012, -42.7888758], [-63.6773613, -42.7883975], [-63.6768812, -42.7880688], [-63.6764494, -42.7878424], [-63.6760792, -42.7877243], [-63.6759605, -42.7876441], [-63.6758566, -42.7875605], [-63.6758217, -42.7875157], [-63.6758157, -42.7874812], [-63.6758217, -42.7874296], [-63.6758204, -42.7873248], [-63.6757714, -42.7872544], [-63.6754469, -42.7869537], [-63.6752819, -42.7868026], [-63.674663, -42.7864139], [-63.6741212, -42.7862146], [-63.6735727, -42.7861073], [-63.673503, -42.7860541], [-63.6734654, -42.7859764], [-63.6733407, -42.7856968], [-63.6731462, -42.785496], [-63.6725199, -42.7850787], [-63.6716133, -42.7846496], [-63.6691162, -42.7839803], [-63.6672118, -42.7833898], [-63.6668229, -42.7832874], [-63.6666298, -42.7832008], [-63.6664394, -42.7830472], [-63.6660343, -42.7826358], [-63.6655408, -42.7815354], [-63.6653638, -42.7809881], [-63.6650527, -42.7804172], [-63.6646396, -42.7798561], [-63.6644197, -42.7793226], [-63.6640415, -42.7787497], [-63.6637437, -42.7784465], [-63.6631939, -42.7781532], [-63.6626802, -42.7779691], [-63.6625622, -42.7778904], [-63.6624965, -42.7777762], [-63.6623946, -42.7776423], [-63.6623396, -42.777601], [-63.6622658, -42.7775626], [-63.6619413, -42.777472], [-63.6615711, -42.7773637], [-63.6613083, -42.7773382], [-63.6601067, -42.7773106], [-63.6596587, -42.7773007], [-63.6589479, -42.7773795], [-63.6576873, -42.7776709], [-63.6568084, -42.7778941], [-63.6560002, -42.7781076], [-63.6549727, -42.7783561], [-63.654696, -42.7784224], [-63.6545733, -42.7784313], [-63.654472, -42.7784077], [-63.6543902, -42.7783752], [-63.6543017, -42.7783161], [-63.6538439, -42.7779938], [-63.6535862, -42.777663], [-63.6534521, -42.7774012], [-63.653377, -42.7770862], [-63.6528888, -42.7759364], [-63.6524409, -42.7752316], [-63.6516309, -42.7742865], [-63.6507806, -42.7732234], [-63.6503729, -42.7727469], [-63.6499706, -42.7723905], [-63.6492142, -42.7718983], [-63.6477926, -42.770967], [-63.6465588, -42.7702011], [-63.6459124, -42.7698467], [-63.6454779, -42.7696734], [-63.6451212, -42.7695927], [-63.6447993, -42.7695454], [-63.6441878, -42.7695375], [-63.6437264, -42.7695572], [-63.6431444, -42.7695021], [-63.642734, -42.7694017], [-63.6424453, -42.7693048], [-63.6421819, -42.7691796], [-63.6419803, -42.7690531], [-63.6415431, -42.7686298], [-63.6412936, -42.7684388], [-63.6411381, -42.7683345], [-63.6409691, -42.7682813], [-63.6400357, -42.7681789], [-63.639797, -42.768175], [-63.6396119, -42.7681888], [-63.6390379, -42.7683797], [-63.6387509, -42.7684152], [-63.6384344, -42.7683561], [-63.6379514, -42.7682703], [-63.6373723, -42.768171], [-63.6370779, -42.7680298], [-63.6367673, -42.7678208], [-63.6365463, -42.7676128], [-63.6364241, -42.7674972], [-63.6362895, -42.7673768], [-63.6361727, -42.7672879], [-63.6360652, -42.7672064], [-63.6358908, -42.7670867], [-63.6357417, -42.7669771], [-63.6354767, -42.7666727], [-63.6349836, -42.7660839], [-63.6345223, -42.7657438], [-63.6338919, -42.7652961], [-63.6336116, -42.7650409], [-63.6333906, -42.7647726], [-63.6330663, -42.7643774], [-63.632901, -42.764266], [-63.6327808, -42.7642338], [-63.6325215, -42.7641769], [-63.6323699, -42.7641029], [-63.6323257, -42.7639906], [-63.632373, -42.7638517], [-63.6324804, -42.7637709], [-63.6326286, -42.7637081], [-63.6327106, -42.7636262], [-63.6327897, -42.7635239], [-63.63307, -42.7629381], [-63.6331572, -42.7624675], [-63.6332041, -42.7620618], [-63.6331826, -42.7618728], [-63.6331384, -42.7616414], [-63.6330014, -42.7612364], [-63.6326333, -42.7606198], [-63.6322638, -42.7601665], [-63.6316692, -42.7597819], [-63.6311934, -42.759427], [-63.63087, -42.7590631], [-63.63083, -42.7587337], [-63.6307178, -42.7583455], [-63.6304775, -42.7579279], [-63.630133, -42.7576044], [-63.6299157, -42.7573778], [-63.6298943, -42.757175], [-63.6299694, -42.7569761], [-63.6301947, -42.7566196], [-63.6304468, -42.7554163], [-63.6305729, -42.754859], [-63.630538, -42.7545695], [-63.6304535, -42.7544257], [-63.6303516, -42.754275], [-63.6304267, -42.7539707], [-63.6304629, -42.7539117], [-63.6305098, -42.7538801], [-63.6307687, -42.7537955], [-63.6311623, -42.7535852], [-63.6312387, -42.7534685], [-63.6312012, -42.7533617], [-63.631177, -42.7533238], [-63.6311851, -42.7532937], [-63.6312112, -42.7532785], [-63.6312796, -42.7532671], [-63.6314479, -42.7532012], [-63.6314754, -42.7531593], [-63.6314714, -42.7531258], [-63.6314613, -42.7530958], [-63.631468, -42.7530638], [-63.6314942, -42.7530466], [-63.6315391, -42.7530357], [-63.6316451, -42.753017], [-63.6318214, -42.7529855], [-63.6320548, -42.7528979], [-63.6322291, -42.7528102], [-63.6323639, -42.7526728], [-63.6324102, -42.7526221], [-63.6324162, -42.7525404], [-63.6323686, -42.7524675], [-63.6322787, -42.7523493], [-63.6322633, -42.7522957], [-63.6322955, -42.752243], [-63.632378, -42.7522326], [-63.6326402, -42.7523035], [-63.6327896, -42.7522773], [-63.6331451, -42.7520505], [-63.6333127, -42.7517984], [-63.6336011, -42.7514458], [-63.6336353, -42.7513523], [-63.6336178, -42.7512316], [-63.6335669, -42.751178], [-63.6335119, -42.7511597], [-63.6333992, -42.7511425], [-63.6333268, -42.7511494], [-63.633241, -42.7511297], [-63.6332101, -42.7511115], [-63.6331984, -42.7511009], [-63.6332008, -42.751078], [-63.633244, -42.7510573], [-63.6332574, -42.7510248], [-63.6332591, -42.7509923], [-63.6332702, -42.7509699], [-63.6332896, -42.7509633], [-63.6333211, -42.7509603], [-63.6333788, -42.7509611], [-63.6335052, -42.7509773], [-63.6335897, -42.7510007], [-63.6336738, -42.7510256], [-63.6337523, -42.7510258], [-63.6338535, -42.7510056], [-63.6338716, -42.7509839], [-63.6338649, -42.7509692], [-63.6338384, -42.7509542], [-63.6336755, -42.7509199], [-63.633646, -42.7509005], [-63.6336329, -42.7508707], [-63.633732, -42.7508209], [-63.633862, -42.7508644], [-63.6341751, -42.7508721], [-63.634454, -42.7504967], [-63.6346181, -42.7501579], [-63.6348104, -42.7497673], [-63.6349129, -42.7493061], [-63.6349642, -42.7489296], [-63.6349514, -42.7484872], [-63.6349129, -42.7481248], [-63.6351102, -42.7477821], [-63.6352806, -42.7470553], [-63.6352643, -42.7466398], [-63.6353874, -42.7454994], [-63.6352478, -42.7437016], [-63.6350817, -42.7425565], [-63.6349173, -42.7421498], [-63.6347061, -42.7416859], [-63.634336, -42.7411816], [-63.6338639, -42.7406024], [-63.6334899, -42.74041], [-63.632834, -42.7403227], [-63.6323887, -42.7403779], [-63.6320883, -42.7404409], [-63.6319274, -42.7404409], [-63.63105, -42.74029], [-63.630479, -42.7399327], [-63.6304575, -42.7395584], [-63.6304843, -42.7394441], [-63.6307526, -42.7394402], [-63.6312085, -42.7394914], [-63.6315411, -42.7394993], [-63.6318094, -42.7396017], [-63.6320508, -42.7396805], [-63.6331399, -42.7398999], [-63.6335313, -42.7398026], [-63.6338586, -42.7395387], [-63.6341482, -42.7392432], [-63.6343253, -42.7387743], [-63.6344218, -42.7385576], [-63.6344111, -42.7384], [-63.6342233, -42.7383449], [-63.6338693, -42.7381321], [-63.633821, -42.7377027], [-63.6341751, -42.7375293], [-63.6342877, -42.7374111], [-63.6342394, -42.7372653], [-63.6344218, -42.7371747], [-63.6347061, -42.7371747], [-63.6350656, -42.7370486], [-63.6351943, -42.7369462], [-63.6353928, -42.7369068], [-63.6356235, -42.7369698], [-63.6358059, -42.7370604], [-63.6362401, -42.73706], [-63.6367983, -42.7367098], [-63.6373133, -42.7361109], [-63.6376351, -42.7351889], [-63.637796, -42.7344836], [-63.6377156, -42.7341999], [-63.6376673, -42.7340147], [-63.6375922, -42.7338768], [-63.6374044, -42.733668], [-63.637206, -42.7334749], [-63.6372703, -42.7332188], [-63.6373347, -42.7329902], [-63.637383, -42.7327972], [-63.6373508, -42.7326317], [-63.6373186, -42.732545], [-63.6370236, -42.7323716], [-63.63675, -42.7320603], [-63.6368144, -42.731753], [-63.6369968, -42.7316466], [-63.6371523, -42.7315678], [-63.6375922, -42.7312565], [-63.6378121, -42.731028], [-63.6379516, -42.7307915], [-63.6379623, -42.7303502], [-63.6379355, -42.7300153], [-63.6379194, -42.7294951], [-63.6379731, -42.7289356], [-63.6382145, -42.7277731], [-63.6382601, -42.7274105], [-63.6382574, -42.7267387], [-63.6381823, -42.7261476], [-63.6379677, -42.7253988], [-63.6378336, -42.7245042], [-63.637788, -42.7235013], [-63.6376727, -42.7230126], [-63.6374742, -42.7224175], [-63.6373964, -42.7220944], [-63.6374259, -42.721115], [-63.6374594, -42.7207633], [-63.6374299, -42.7204835], [-63.6373749, -42.7203347], [-63.6372623, -42.7202313], [-63.6370397, -42.7201416], [-63.6367312, -42.7200707], [-63.6363772, -42.7200194], [-63.6360204, -42.7199583], [-63.6357576, -42.7198859], [-63.6356919, -42.7198431], [-63.6356851, -42.7197849], [-63.6357334, -42.7197273], [-63.6358105, -42.7196982], [-63.6360633, -42.7197071], [-63.6361565, -42.7196623], [-63.6362571, -42.7195086], [-63.6363949, -42.7193564], [-63.6368573, -42.7190529], [-63.6369297, -42.7189292], [-63.6369149, -42.7188607], [-63.6368727, -42.7188174], [-63.6367352, -42.7187363], [-63.6367215, -42.7187156], [-63.6367279, -42.7187021], [-63.636747, -42.718689], [-63.6368425, -42.7186725], [-63.6371697, -42.7186105], [-63.6372898, -42.7185656], [-63.6374031, -42.7184405], [-63.6374976, -42.7182863], [-63.637501, -42.7181405], [-63.63745, -42.7180651], [-63.6373246, -42.7180083], [-63.6372385, -42.7179939], [-63.6372251, -42.7179804], [-63.63722, -42.7179621], [-63.6372324, -42.7179432], [-63.6372844, -42.7179065], [-63.6374487, -42.7178104], [-63.6377203, -42.7176803], [-63.6380113, -42.7175705], [-63.638242, -42.7174788], [-63.6385913, -42.7173103], [-63.6389615, -42.7170719], [-63.6391412, -42.7169463], [-63.6395073, -42.7167443], [-63.6398681, -42.7164969], [-63.6400035, -42.7163925], [-63.6401524, -42.7163339], [-63.6403522, -42.7162752], [-63.6405902, -42.7162206], [-63.6407176, -42.7161437], [-63.6409067, -42.7160087], [-63.6410415, -42.7158648], [-63.6411455, -42.7157338], [-63.6413312, -42.7156062], [-63.6414559, -42.7155382], [-63.6415203, -42.7154574], [-63.6415297, -42.7153756], [-63.6414854, -42.7152485], [-63.6413956, -42.7151007], [-63.6412093, -42.7149812], [-63.6409664, -42.7148071], [-63.6408296, -42.7146396], [-63.6408041, -42.7144454], [-63.640843, -42.7139872], [-63.6408457, -42.7136956], [-63.6407599, -42.7131891], [-63.6407653, -42.712791], [-63.6407974, -42.712591], [-63.6408833, -42.7124136], [-63.6410228, -42.7122431], [-63.6412413, -42.7119327], [-63.6413795, -42.7115868], [-63.6414975, -42.7111572], [-63.6414975, -42.7108655], [-63.6414278, -42.7103275], [-63.6414063, -42.7099392], [-63.6414224, -42.7095972], [-63.6414009, -42.7092553], [-63.6413607, -42.7089459], [-63.6412856, -42.7086896], [-63.6411636, -42.708394], [-63.641008, -42.7079496], [-63.6407062, -42.7072065], [-63.6405319, -42.7066063], [-63.6403844, -42.7061451], [-63.6401886, -42.7055775], [-63.6399552, -42.7049803], [-63.6397326, -42.7045644], [-63.6395663, -42.7042815], [-63.6394778, -42.7041445], [-63.6394577, -42.704043], [-63.6394469, -42.703911], [-63.6394295, -42.7037917], [-63.639349, -42.7036843], [-63.6391839, -42.7036065], [-63.6390178, -42.703537], [-63.6388528, -42.703467], [-63.6387737, -42.703395], [-63.6387643, -42.703364], [-63.6387804, -42.7033216], [-63.6388636, -42.7032541], [-63.6391264, -42.703128], [-63.6394168, -42.7030526], [-63.6395381, -42.703019], [-63.6396977, -42.7029146], [-63.6398265, -42.7028042], [-63.6399257, -42.7026189], [-63.6399499, -42.7023449], [-63.6400625, -42.7015939], [-63.6400303, -42.7008528], [-63.6397889, -42.699946], [-63.6394858, -42.6990787], [-63.6390352, -42.6980655], [-63.6384827, -42.6972178], [-63.6382628, -42.6968768], [-63.6377987, -42.6963071], [-63.6373132, -42.6957118], [-63.6369136, -42.695211], [-63.6361438, -42.6943791], [-63.6356248, -42.6937581], [-63.6352748, -42.6933993], [-63.6346766, -42.6927744], [-63.6340919, -42.6922185], [-63.6333865, -42.69156], [-63.632732, -42.6908404], [-63.6321178, -42.6899907], [-63.6319529, -42.6898172], [-63.6318322, -42.689694], [-63.6317289, -42.6895821], [-63.6316444, -42.689483], [-63.6315405, -42.6893495], [-63.6313038, -42.6889852], [-63.6306775, -42.688169], [-63.6302698, -42.6874829], [-63.6297226, -42.6862605], [-63.6289609, -42.6849158], [-63.6283708, -42.6841114], [-63.627829, -42.6833187], [-63.6271155, -42.6820963], [-63.6267614, -42.6814298], [-63.6264235, -42.6806766], [-63.6259326, -42.6792509], [-63.6256564, -42.6788033], [-63.625356, -42.6784602], [-63.6246184, -42.677847], [-63.6239639, -42.6774269], [-63.6230198, -42.6768669], [-63.6226469, -42.6765652], [-63.62225, -42.6761491], [-63.6220515, -42.6758139], [-63.6218879, -42.6754175], [-63.6217618, -42.674895], [-63.6217189, -42.674329], [-63.6216894, -42.6737827], [-63.6214078, -42.6726863], [-63.6208069, -42.6707773], [-63.619954, -42.6683515], [-63.6196214, -42.6674798], [-63.6191627, -42.6664996], [-63.6189079, -42.6660697], [-63.6185566, -42.66562], [-63.6182749, -42.6652275], [-63.6179397, -42.6644622], [-63.6178806, -42.6642157], [-63.6178525, -42.6639948], [-63.6178444, -42.6635461], [-63.6178672, -42.6634337], [-63.6179142, -42.6633262], [-63.6181073, -42.6630915], [-63.6184828, -42.6628311], [-63.6186732, -42.6626309], [-63.6188905, -42.6622621], [-63.618975, -42.6618548], [-63.6190206, -42.6613814], [-63.6189884, -42.6606161], [-63.6188221, -42.6595668], [-63.6185592, -42.658616], [-63.618063, -42.6575864], [-63.6177009, -42.6569472], [-63.6173254, -42.6563002], [-63.6167514, -42.6553218], [-63.616215, -42.654446], [-63.6156732, -42.653649], [-63.6151582, -42.6529547], [-63.6142141, -42.651771], [-63.6130446, -42.6504809], [-63.612358, -42.6496562], [-63.6118537, -42.6489066], [-63.6092627, -42.644361], [-63.6087719, -42.6431812], [-63.6083883, -42.6418928], [-63.6080772, -42.6406675], [-63.6078841, -42.639756], [-63.6077553, -42.6388878], [-63.6076266, -42.6380867], [-63.6071545, -42.6363108], [-63.606897, -42.6354821], [-63.6066985, -42.6342744], [-63.6063606, -42.6324906], [-63.6060548, -42.6314605], [-63.6055988, -42.6305172], [-63.6050248, -42.629491], [-63.6042792, -42.6283898], [-63.6033672, -42.6272729], [-63.6027423, -42.6266699], [-63.6020851, -42.6259743], [-63.6011249, -42.6251414], [-63.5998696, -42.624127], [-63.5989201, -42.623452], [-63.5980886, -42.6228718], [-63.5962875, -42.6218534], [-63.595849, -42.6215958], [-63.5949571, -42.6210294], [-63.59419, -42.6205251], [-63.5925016, -42.6195284], [-63.5915333, -42.6188977], [-63.5904658, -42.6182395], [-63.5894814, -42.6174717], [-63.5886875, -42.6168993], [-63.5881054, -42.6164966], [-63.5874134, -42.616011], [-63.5865068, -42.6154228], [-63.585839, -42.6149826], [-63.5855252, -42.614728], [-63.5853723, -42.6145148], [-63.5851523, -42.6141852], [-63.5849351, -42.6137095], [-63.5846427, -42.6130206], [-63.5844871, -42.6124501], [-63.5843316, -42.6113269], [-63.5843396, -42.6105037], [-63.5841841, -42.6096786], [-63.5840875, -42.609114], [-63.5839158, -42.6086244], [-63.5835135, -42.6079295], [-63.5833526, -42.6076689], [-63.5832721, -42.6074952], [-63.583248, -42.6072978], [-63.5832372, -42.6069602], [-63.5832641, -42.6067569], [-63.5834545, -42.6063927], [-63.5837643, -42.6060472], [-63.5838984, -42.6059356], [-63.5841532, -42.6057915], [-63.5846038, -42.6053888], [-63.5850129, -42.6050305], [-63.5853213, -42.6047768], [-63.5854889, -42.6045715], [-63.5858242, -42.6041826], [-63.5860898, -42.6038558], [-63.5866852, -42.602997], [-63.587101, -42.6021579], [-63.587278, -42.6015242], [-63.5874081, -42.6008529], [-63.5874416, -42.6004018], [-63.5873732, -42.5997394], [-63.5873605, -42.5994793], [-63.5871975, -42.5987813], [-63.5870822, -42.5984402], [-63.5869541, -42.5981396], [-63.5867576, -42.5978064], [-63.586598, -42.5975103], [-63.586421, -42.5971016], [-63.5863298, -42.5966948], [-63.586189, -42.5961765], [-63.5860415, -42.5957609], [-63.5857719, -42.5953966], [-63.5854393, -42.5949918], [-63.5850719, -42.5946009], [-63.5848492, -42.5942928], [-63.5847661, -42.5940598], [-63.5847366, -42.5938229], [-63.5847473, -42.5935978], [-63.5847795, -42.5933766], [-63.5848492, -42.593189], [-63.5850008, -42.5929886], [-63.5851161, -42.5928573], [-63.5852288, -42.5926391], [-63.5853066, -42.5924644], [-63.5853884, -42.5923587], [-63.5856157, -42.5921667], [-63.5856915, -42.5920591], [-63.5857659, -42.5918582], [-63.5859033, -42.5915985], [-63.586065, -42.5912761], [-63.5861236, -42.591189], [-63.586187, -42.5911406], [-63.5863449, -42.5910705], [-63.5865363, -42.5908985], [-63.5867254, -42.5906102], [-63.5872981, -42.5901876], [-63.5877755, -42.5897887], [-63.5882208, -42.5891114], [-63.5885882, -42.5881043], [-63.5887009, -42.5873361], [-63.5886794, -42.5860446], [-63.5888082, -42.5854522], [-63.5890389, -42.5843304], [-63.5891166, -42.5836669], [-63.5892373, -42.583029], [-63.5895163, -42.581613], [-63.5895243, -42.5808625], [-63.5894251, -42.5798651], [-63.5891837, -42.5786268], [-63.5889825, -42.5778822], [-63.5889852, -42.5776234], [-63.5890174, -42.5774595], [-63.5892239, -42.57679], [-63.5894573, -42.5759841], [-63.5896665, -42.5753955], [-63.5898328, -42.5746766], [-63.5899159, -42.5740445], [-63.5900474, -42.5727843], [-63.590152, -42.5724051], [-63.5906374, -42.5710994], [-63.5907796, -42.5707617], [-63.5909218, -42.5705997], [-63.5910393, -42.5705065], [-63.5913965, -42.5702619], [-63.5921851, -42.5698096], [-63.5925499, -42.5695943], [-63.5927993, -42.5693572], [-63.5932875, -42.5688061], [-63.5937193, -42.5682885], [-63.594304, -42.5674984], [-63.5948297, -42.5667853], [-63.5956746, -42.5657403], [-63.5963827, -42.5646577], [-63.596828, -42.5637035], [-63.5975237, -42.5622285], [-63.5981396, -42.5605505], [-63.598507, -42.5593237], [-63.598955, -42.5577649], [-63.5993654, -42.5563226], [-63.6006126, -42.553754], [-63.6010283, -42.5528412], [-63.6016774, -42.5515727], [-63.6026752, -42.5491304], [-63.6032948, -42.5476484], [-63.6034477, -42.5470457], [-63.6035818, -42.5463561], [-63.6035799, -42.5458314], [-63.6033887, -42.544135], [-63.6033967, -42.5429453], [-63.6033618, -42.5418999], [-63.6033297, -42.5406885], [-63.6032894, -42.5396134], [-63.6032116, -42.5384316], [-63.6030695, -42.5370758], [-63.602812, -42.5354315], [-63.602761, -42.5348622], [-63.6028147, -42.5342258], [-63.6029649, -42.5335005], [-63.6033163, -42.532192], [-63.6033618, -42.5315872], [-63.6033994, -42.5306582], [-63.603386, -42.5297075], [-63.6034021, -42.5283249], [-63.6033779, -42.5276745], [-63.6033779, -42.526877], [-63.6033243, -42.5259697], [-63.6032385, -42.5248706], [-63.6030078, -42.5224451], [-63.6027154, -42.519286], [-63.6026162, -42.518865], [-63.6024284, -42.5184201], [-63.6019778, -42.5177243], [-63.6015192, -42.5171865], [-63.6012724, -42.5169473], [-63.6008191, -42.5165381], [-63.6002558, -42.5160616], [-63.5998857, -42.5157117], [-63.5996684, -42.5154369], [-63.5993493, -42.5148655], [-63.5988504, -42.5137979], [-63.5984775, -42.5128785], [-63.5983649, -42.5123348], [-63.5983193, -42.5115518], [-63.5984024, -42.5108677], [-63.5985741, -42.51015], [-63.5987699, -42.5095351], [-63.5992688, -42.5083606], [-63.5994378, -42.5081095], [-63.6000091, -42.5074194], [-63.6002666, -42.5070042], [-63.6000021, -42.5054299], [-63.6001479, -42.5047068], [-63.60036, -42.5039445], [-63.6006649, -42.5031822], [-63.6010531, -42.5023393], [-63.6012968, -42.5018832], [-63.6017561, -42.5011852], [-63.6021029, -42.5007222], [-63.6024122, -42.500197], [-63.6026278, -42.4996925], [-63.6027778, -42.4992295], [-63.6029184, -42.4986558], [-63.6030496, -42.4982619], [-63.603284, -42.4978127], [-63.6034621, -42.4975155], [-63.6036589, -42.4973773], [-63.6038839, -42.4972875], [-63.6040526, -42.4971631], [-63.6042963, -42.4969281], [-63.6046619, -42.4965756], [-63.6048493, -42.4964581], [-63.6049952, -42.4964477], [-63.6052684, -42.4965768], [-63.6055468, -42.496655], [-63.605792, -42.4966452], [-63.6060439, -42.4965866], [-63.606203, -42.4966257], [-63.6063552, -42.4900821], [-63.6059368, -42.4903708], [-63.6054915, -42.4906695], [-63.6054245, -42.4907229], [-63.6053923, -42.4907684], [-63.6053842, -42.4908653], [-63.6053628, -42.4910018], [-63.6052474, -42.491243], [-63.6051938, -42.4913894], [-63.6050999, -42.4914962], [-63.604998, -42.4915417], [-63.6048317, -42.4915674], [-63.604711, -42.4915674]]]}, "properties": {"osm_id": 10245799, "name": "Reserva Natural Turística de Objetivo Integral Península Valdés", "match": "Península Valdés", "protect_class": "6", "boundary": "protected_area"}}, {"type": "Feature", "geometry": {"type": "Polygon", "coordinates": [[[-64.8920989, -42.812358], [-64.8922196, -42.8124269], [-64.8923752, -42.8125174], [-64.892571, -42.8125666], [-64.8926863, -42.8125508], [-64.8927802, -42.8125193], [-64.8928392, -42.8125095], [-64.8929116, -42.8125469], [-64.892976, -42.8125921], [-64.8930538, -42.8125705], [-64.8931208, -42.8125449], [-64.8932603, -42.8125705], [-64.8933998, -42.8126492], [-64.8935634, -42.8127456], [-64.8938826, -42.8127968], [-64.8940462, -42.8128145], [-64.8942983, -42.8128027], [-64.8944539, -42.8128046], [-64.894698, -42.8127535], [-64.894883, -42.8126767], [-64.8952317, -42.812602], [-64.8955885, -42.8125843], [-64.8958111, -42.8125941], [-64.8959801, -42.812602], [-64.8962376, -42.8125961], [-64.8963717, -42.8125154], [-64.8964494, -42.8124347], [-64.8964977, -42.8123462], [-64.8965058, -42.8122458], [-64.8965916, -42.8122694], [-64.8966318, -42.8123639], [-64.8967713, -42.8123855], [-64.8969162, -42.8123973], [-64.8969752, -42.8123521], [-64.8969939, -42.8122537], [-64.8971736, -42.8122203], [-64.8972809, -42.8121868], [-64.8973614, -42.8121179], [-64.8974955, -42.8120727], [-64.8976511, -42.8120452], [-64.8977611, -42.8121278], [-64.8980051, -42.8122478], [-64.8982761, -42.8122498], [-64.8988125, -42.8123186], [-64.8990404, -42.8123383], [-64.8993972, -42.8123403], [-64.8997083, -42.8123855], [-64.8998554, -42.8124547], [-64.9000168, -42.8125488], [-64.9001563, -42.8125252], [-64.9002662, -42.8124957], [-64.9003816, -42.8124328], [-64.900572, -42.8123482], [-64.9007249, -42.8122891], [-64.9008215, -42.812236], [-64.9008456, -42.8121553], [-64.9009797, -42.8119723], [-64.9010709, -42.8119447], [-64.9011004, -42.8120904], [-64.9012453, -42.8121278], [-64.9014813, -42.8120235], [-64.9015724, -42.8119093], [-64.90161, -42.8118031], [-64.9016798, -42.8117165], [-64.9017146, -42.8115985], [-64.9017468, -42.8115001], [-64.9017495, -42.8114175], [-64.901728, -42.8113132], [-64.9016959, -42.8112325], [-64.9016932, -42.8111695], [-64.9017173, -42.8111144], [-64.901771, -42.8110515], [-64.9018675, -42.8110298], [-64.9020579, -42.8110259], [-64.902176, -42.8110042], [-64.9022591, -42.8109551], [-64.9023476, -42.8109118], [-64.9024522, -42.8109413], [-64.9025407, -42.8110023], [-64.9026829, -42.8110751], [-64.9028653, -42.8111046], [-64.9029753, -42.8110652], [-64.9031201, -42.8110672], [-64.9032488, -42.8111223], [-64.9033642, -42.8111813], [-64.9035466, -42.8112325], [-64.9037504, -42.8112758], [-64.9039784, -42.8113269], [-64.9040857, -42.8113801], [-64.9042091, -42.8114076], [-64.9042895, -42.8114096], [-64.9044076, -42.811386], [-64.9044988, -42.811323], [-64.9045658, -42.8112679], [-64.9048448, -42.8112915], [-64.9050459, -42.8112994], [-64.905113, -42.8112463], [-64.9049628, -42.8111518], [-64.9050325, -42.8110889], [-64.9051398, -42.8110613], [-64.90529, -42.811144], [-64.9053705, -42.8111243], [-64.9054509, -42.8111282], [-64.905569, -42.8110889], [-64.9056387, -42.8109826], [-64.9057889, -42.8109944], [-64.9059445, -42.8110692], [-64.9062181, -42.8110495], [-64.9063093, -42.8110259], [-64.9064434, -42.8110731], [-64.9066579, -42.8111636], [-64.906776, -42.8111203], [-64.9068899, -42.81109], [-64.907071, -42.8112502], [-64.9072534, -42.8113761], [-64.9074465, -42.8114155], [-64.9077684, -42.8115493], [-64.9079347, -42.8116398], [-64.9081922, -42.811691], [-64.9085623, -42.8118641], [-64.9090558, -42.811994], [-64.9093723, -42.8120451], [-64.9103634, -42.8124658], [-64.9110616, -42.8125464], [-64.9117812, -42.8125483], [-64.9122978, -42.8125167], [-64.9126643, -42.8124064], [-64.9132014, -42.8121798], [-64.9145774, -42.8118278], [-64.915846, -42.8113301], [-64.917655, -42.810534], [-64.9210882, -42.8089677], [-64.9233198, -42.8078657], [-64.9257982, -42.8065158], [-64.9274397, -42.8057366], [-64.9252426, -42.8468044], [-64.8091197, -42.843359], [-64.8095459, -42.8430335], [-64.8098838, -42.8427326], [-64.8102379, -42.8423157], [-64.8103814, -42.842094], [-64.8103988, -42.8419774], [-64.8102486, -42.8416568], [-64.8101306, -42.8414484], [-64.8100582, -42.8413304], [-64.8101091, -42.8412792], [-64.8101708, -42.8411809], [-64.8102674, -42.8411809], [-64.8103988, -42.8411907], [-64.8105249, -42.8411711], [-64.8106617, -42.8411062], [-64.810836, -42.8410275], [-64.8109621, -42.8409311], [-64.8110935, -42.8407875], [-64.8112625, -42.8406184], [-64.8113644, -42.8405142], [-64.8114315, -42.8404139], [-64.8115388, -42.8403411], [-64.8116004, -42.8402487], [-64.8118097, -42.8402644], [-64.811976, -42.8402565], [-64.8121852, -42.8402251], [-64.8124293, -42.84017], [-64.8127055, -42.8401779], [-64.8129737, -42.8401877], [-64.813183, -42.8401641], [-64.8133868, -42.8401051], [-64.8136282, -42.8400284], [-64.8137784, -42.8399045], [-64.8139045, -42.8398553], [-64.8140493, -42.8397904], [-64.8142156, -42.8397196], [-64.814347, -42.8396114], [-64.8144919, -42.8394895], [-64.8145267, -42.839399], [-64.8145777, -42.8393302], [-64.8148137, -42.8393066], [-64.8150256, -42.8393243], [-64.8153475, -42.8393636], [-64.8155996, -42.8393538], [-64.8158035, -42.8393086], [-64.815951, -42.8392142], [-64.8161978, -42.8391866], [-64.8163855, -42.8391532], [-64.8165786, -42.8391138], [-64.8168254, -42.8390902], [-64.8170587, -42.8390686], [-64.8171902, -42.8389486], [-64.8173511, -42.8389427], [-64.8175094, -42.8389506], [-64.8176783, -42.8389565], [-64.8178178, -42.8389368], [-64.8178902, -42.8389998], [-64.8179466, -42.8390843], [-64.8181263, -42.839226], [-64.8183516, -42.8393853], [-64.8185018, -42.839401], [-64.818652, -42.8394816], [-64.8187593, -42.8395544], [-64.8189417, -42.8396842], [-64.8191106, -42.839755], [-64.8193091, -42.8397707], [-64.8194754, -42.8398357], [-64.8196471, -42.8399399], [-64.8199824, -42.8400127], [-64.8202935, -42.8401523], [-64.8208246, -42.8402723], [-64.8211142, -42.8403686], [-64.8214576, -42.8404257], [-64.821817, -42.840404], [-64.8222032, -42.8403863], [-64.8226029, -42.8403647], [-64.8229596, -42.8403529], [-64.8232707, -42.8404099], [-64.8235148, -42.8404729], [-64.8238286, -42.8405319], [-64.8240513, -42.8405437], [-64.8243034, -42.8405083], [-64.8245797, -42.8404591], [-64.8250356, -42.840349], [-64.8254138, -42.8402605], [-64.8257411, -42.8401779], [-64.8259878, -42.8401267], [-64.8261166, -42.8400854], [-64.8262346, -42.8400441], [-64.826425, -42.8400028], [-64.8265189, -42.8399124], [-64.8267093, -42.8397688], [-64.8267952, -42.8396724], [-64.8269668, -42.8395977], [-64.827109, -42.8395387], [-64.8273262, -42.8394974], [-64.8275971, -42.8394521], [-64.8280048, -42.8394246], [-64.8282221, -42.8394384], [-64.8285493, -42.8394167], [-64.8286325, -42.8393774], [-64.8287827, -42.8393282], [-64.8288846, -42.8392456], [-64.829016, -42.8391866], [-64.8292226, -42.8391473], [-64.8294076, -42.8391571], [-64.8296142, -42.8391886], [-64.8297966, -42.8392063], [-64.8297831, -42.8391493], [-64.8297, -42.8390175], [-64.8298207, -42.8390293], [-64.829936, -42.8390352], [-64.8300433, -42.8389978], [-64.8302686, -42.8389113], [-64.8303974, -42.8388346], [-64.8305556, -42.8387775], [-64.8307809, -42.8387048], [-64.830966, -42.8386812], [-64.831135, -42.8387225], [-64.8313898, -42.8388051], [-64.8317573, -42.8388542], [-64.8319611, -42.8388365], [-64.8320282, -42.8387874], [-64.8320898, -42.8387598], [-64.8321408, -42.8388326], [-64.8322642, -42.8389073], [-64.8323581, -42.838925], [-64.8324761, -42.8389781], [-64.8325753, -42.8390588], [-64.832688, -42.8391847], [-64.8328704, -42.8392535], [-64.8333049, -42.8393558], [-64.8336482, -42.8394049], [-64.833777, -42.8394049], [-64.8338896, -42.8393892], [-64.8339915, -42.8394344], [-64.8341122, -42.8394639], [-64.8343349, -42.8394797], [-64.8344851, -42.8395564], [-64.8346621, -42.839576], [-64.8348311, -42.8395859], [-64.8349384, -42.8395505], [-64.8351583, -42.8395367], [-64.8354051, -42.8395741], [-64.8357859, -42.8396901], [-64.835963, -42.8397806], [-64.8360783, -42.8399065], [-64.8362097, -42.8399792], [-64.8364028, -42.8400461], [-64.8365074, -42.8401326], [-64.8365906, -42.8402152], [-64.8366657, -42.8402624], [-64.8368052, -42.8402624], [-64.8369661, -42.8402467], [-64.8371109, -42.8402152], [-64.8373041, -42.840172], [-64.8375294, -42.8401169], [-64.8376608, -42.8400835], [-64.8378352, -42.8400265], [-64.8379934, -42.8399891], [-64.8383099, -42.8399183], [-64.8385862, -42.8398199], [-64.8389804, -42.8396901], [-64.8392996, -42.8395957], [-64.8396269, -42.8395013], [-64.8399487, -42.839399], [-64.8402276, -42.8393203], [-64.8404798, -42.839224], [-64.8408311, -42.8391001], [-64.8410914, -42.8390037], [-64.8413086, -42.8389132], [-64.8415419, -42.8388169], [-64.8417163, -42.8387401], [-64.8419121, -42.8386477], [-64.8421561, -42.8385395], [-64.8424003, -42.8384314], [-64.8426363, -42.8382957], [-64.8428267, -42.8381501], [-64.8429608, -42.8380616], [-64.8431271, -42.8379987], [-64.8432747, -42.8378964], [-64.8434517, -42.8377725], [-64.8436099, -42.8377194], [-64.8438138, -42.8376919], [-64.8439935, -42.8376997], [-64.8443154, -42.837804], [-64.8446023, -42.8378748], [-64.8448437, -42.8379259], [-64.8450717, -42.8380439], [-64.8453346, -42.838156], [-64.8456538, -42.8382504], [-64.8459569, -42.8384255], [-64.8464397, -42.8386222], [-64.8467301, -42.83878], [-64.847011, -42.8388503], [-64.8474294, -42.8388936], [-64.8478398, -42.8389113], [-64.8482555, -42.8389309], [-64.8484352, -42.8389152], [-64.8487008, -42.8388916], [-64.8489851, -42.8388208], [-64.8493069, -42.8387441], [-64.8497227, -42.8386635], [-64.850007, -42.8385691], [-64.850463, -42.8384766], [-64.8509216, -42.8383724], [-64.851324, -42.838274], [-64.85167, -42.8381855], [-64.8519275, -42.8380852], [-64.8520616, -42.8380124], [-64.8523057, -42.8379397], [-64.8527321, -42.8378767], [-64.8529762, -42.8378217], [-64.8532417, -42.8377568], [-64.8535582, -42.8376643], [-64.8537862, -42.8375994], [-64.8539284, -42.8375463], [-64.8541403, -42.8374952], [-64.8544273, -42.8374145], [-64.8546258, -42.8373457], [-64.8547035, -42.8372729], [-64.8550791, -42.8371372], [-64.8552749, -42.8370487], [-64.855527, -42.8369661], [-64.8556665, -42.836913], [-64.8558489, -42.8368481], [-64.8560125, -42.8367674], [-64.8562968, -42.8366396], [-64.8566616, -42.8365098], [-64.8571765, -42.8363741], [-64.8577425, -42.8362108], [-64.8580858, -42.8360653], [-64.8582628, -42.8360043], [-64.8585713, -42.8359414], [-64.8588583, -42.8359079], [-64.8592016, -42.8358332], [-64.859392, -42.8357486], [-64.8595664, -42.8356621], [-64.8597381, -42.8355657], [-64.8599795, -42.8354732], [-64.8604569, -42.8353297], [-64.8609799, -42.8351762], [-64.8612455, -42.8351113], [-64.8616585, -42.8349933], [-64.8618329, -42.8349461], [-64.8620206, -42.8348812], [-64.8624417, -42.8347868], [-64.8627448, -42.8346826], [-64.8631686, -42.8345665], [-64.8636514, -42.8344092], [-64.8639974, -42.834299], [-64.8641717, -42.8342302], [-64.8643863, -42.8341259], [-64.8645714, -42.8340512], [-64.8647887, -42.8339351], [-64.8649764, -42.8337856], [-64.8651508, -42.8336381], [-64.8653144, -42.8336086], [-64.8654404, -42.8336617], [-64.8655772, -42.8337325], [-64.8657301, -42.8338033], [-64.8659715, -42.83388], [-64.8662505, -42.8339666], [-64.8665187, -42.8340728], [-64.8668084, -42.8341928], [-64.8671651, -42.8342852], [-64.8677793, -42.8344426], [-64.8682004, -42.8345291], [-64.8685598, -42.8345862], [-64.8693001, -42.8346157], [-64.8698956, -42.834598], [-64.8702604, -42.8346137], [-64.8705956, -42.8345999], [-64.8708719, -42.8345999], [-64.871175, -42.8345862], [-64.8714834, -42.8346452], [-64.8719582, -42.8347455], [-64.8722586, -42.8347907], [-64.8726663, -42.834952], [-64.8731062, -42.8350405], [-64.8734602, -42.8350995], [-64.8738492, -42.8352097], [-64.8741147, -42.8352746], [-64.8742515, -42.83531], [-64.8745358, -42.8353533], [-64.8748872, -42.835371], [-64.8751071, -42.8353513], [-64.8753083, -42.8352923], [-64.8754478, -42.8352018], [-64.875665, -42.8351408], [-64.8758957, -42.835072], [-64.8760325, -42.8350091], [-64.8763275, -42.8349107], [-64.8768291, -42.8347258], [-64.8774326, -42.83448], [-64.8777705, -42.8343521], [-64.8780039, -42.8342557], [-64.8785055, -42.8340571], [-64.8789802, -42.833825], [-64.8792806, -42.8336735], [-64.8796052, -42.8335063], [-64.8798466, -42.8333844], [-64.8803321, -42.8331424], [-64.880729, -42.8329634], [-64.8811984, -42.8326763], [-64.8815498, -42.832452], [-64.8816973, -42.8323557], [-64.8819548, -42.8322062], [-64.8822472, -42.8319937], [-64.8825556, -42.8317754], [-64.8828426, -42.8315925], [-64.8831403, -42.8313446], [-64.8834166, -42.8311105], [-64.883709, -42.8308784], [-64.8838913, -42.8307112], [-64.8841569, -42.8304693], [-64.8844171, -42.8302293], [-64.8846075, -42.8299952], [-64.8847845, -42.8298024], [-64.8849723, -42.8295723], [-64.8850662, -42.8294661], [-64.8851842, -42.829291], [-64.885321, -42.8291159], [-64.8854443, -42.8288996], [-64.885565, -42.8286635], [-64.8857072, -42.8284117], [-64.8857662, -42.8281619], [-64.8857018, -42.8279986], [-64.8856187, -42.8278412], [-64.8855543, -42.8276898], [-64.8854443, -42.8274734], [-64.8853853, -42.8273416], [-64.8853129, -42.8271685], [-64.8852056, -42.8270623], [-64.8850393, -42.8270505], [-64.8848274, -42.8269167], [-64.8847067, -42.8268105], [-64.8845431, -42.8266924], [-64.8843366, -42.8266177], [-64.8841944, -42.8265803], [-64.8839691, -42.8265429], [-64.8837572, -42.826476], [-64.8835856, -42.826419], [-64.8833281, -42.8263246], [-64.8832101, -42.8262656], [-64.8831618, -42.8260964], [-64.8831457, -42.8259252], [-64.8832744, -42.825821], [-64.8833898, -42.8257443], [-64.8835829, -42.8256243], [-64.8839262, -42.8255161], [-64.8840711, -42.8254629], [-64.8843151, -42.825337], [-64.8845673, -42.8251856], [-64.884755, -42.8250695], [-64.8849776, -42.8248865], [-64.885219, -42.8246977], [-64.8854148, -42.8245442], [-64.8856482, -42.8243534], [-64.8858333, -42.8241606], [-64.8860773, -42.8239167], [-64.886308, -42.8236669], [-64.8864797, -42.8235114], [-64.8865923, -42.8233993], [-64.8867211, -42.8232242], [-64.8868981, -42.8230236], [-64.8870188, -42.8228249], [-64.8871288, -42.822634], [-64.8872709, -42.8223704], [-64.8874211, -42.8220596], [-64.8875096, -42.8218628], [-64.8874909, -42.8217173], [-64.887405, -42.8215835], [-64.8873326, -42.8214517], [-64.8872361, -42.8212648], [-64.8871315, -42.8211428], [-64.8869866, -42.8209834], [-64.8868364, -42.8208202], [-64.8867318, -42.8206785], [-64.8866057, -42.8205585], [-64.8864394, -42.8204818], [-64.8862919, -42.8204405], [-64.8862061, -42.8203145], [-64.8861524, -42.8201808], [-64.8861873, -42.8200194], [-64.8862973, -42.8199958], [-64.8865387, -42.819986], [-64.8867828, -42.8199663], [-64.8869893, -42.8199506], [-64.8872227, -42.8199348], [-64.8874265, -42.8198581], [-64.8876572, -42.8198207], [-64.8878181, -42.819803], [-64.8879442, -42.8197401], [-64.8880622, -42.8196535], [-64.8882231, -42.8195807], [-64.8884055, -42.8194548], [-64.8885638, -42.8193545], [-64.888722, -42.8192384], [-64.8888883, -42.8191479], [-64.8889661, -42.8190653], [-64.88906, -42.8189511], [-64.8891431, -42.818837], [-64.889237, -42.8186836], [-64.8893711, -42.8185478], [-64.889524, -42.8184219], [-64.8896715, -42.8183078], [-64.8898619, -42.818174], [-64.8900845, -42.8179832], [-64.890224, -42.8178258], [-64.8903769, -42.8176585], [-64.8905647, -42.8175011], [-64.8906291, -42.8173693], [-64.8907229, -42.8172257], [-64.890841, -42.817084], [-64.8909295, -42.8169483], [-64.8910019, -42.8167889], [-64.8910528, -42.8166256], [-64.8910502, -42.816482], [-64.8910368, -42.8163561], [-64.891018, -42.8162026], [-64.8910046, -42.8161219], [-64.8909885, -42.8159822], [-64.8909268, -42.8158426], [-64.8908919, -42.8157442], [-64.8908222, -42.8157029], [-64.8907229, -42.8156871], [-64.8905835, -42.8156871], [-64.8904735, -42.8156537], [-64.8903903, -42.8155986], [-64.8902938, -42.8155376], [-64.890275, -42.8154274], [-64.8903018, -42.8153467], [-64.8902804, -42.8152543], [-64.8902321, -42.8151598], [-64.8901945, -42.815091], [-64.8901677, -42.8150005], [-64.890106, -42.8149198], [-64.8900685, -42.8148824], [-64.8899692, -42.8148352], [-64.8899666, -42.8147604], [-64.88998, -42.8146679], [-64.8899129, -42.814603], [-64.8898512, -42.8145282], [-64.8898619, -42.8144495], [-64.8898539, -42.8143846], [-64.8898432, -42.8143177], [-64.8898137, -42.8142233], [-64.889819, -42.8141485], [-64.8897788, -42.8140501], [-64.8897359, -42.8139872], [-64.8898485, -42.8138416], [-64.889921, -42.813694], [-64.8899612, -42.8135818], [-64.8900121, -42.8134579], [-64.8901114, -42.8134028], [-64.8901919, -42.8133379], [-64.8902991, -42.8132237], [-64.8904681, -42.8130998], [-64.8905942, -42.813025], [-64.8906881, -42.8129483], [-64.8907819, -42.8128204], [-64.8908624, -42.8127417], [-64.8908892, -42.8126728], [-64.8909348, -42.8125626], [-64.8910368, -42.8125193], [-64.8912272, -42.8124918], [-64.8914096, -42.8124426], [-64.8915812, -42.8124091], [-64.8917261, -42.8123796], [-64.8919541, -42.8123619], [-64.8920989, -42.812358]]]}, "properties": {"osm_id": 10245852, "name": "Reserva Natural Turística Punta Loma", "match": "Punta Loma", "protect_class": "4", "boundary": "protected_area"}}, {"type": "Feature", "geometry": {"type": "Polygon", "coordinates": [[[-58.4933321, -34.4653958], [-58.4888891, -34.4623152], [-58.485722, -34.4666999], [-58.4913638, -34.470187], [-58.4920157, -34.4711739], [-58.4924557, -34.4710237], [-58.4928685, -34.4711672], [-58.4935606, -34.4708282], [-58.4936142, -34.4708105], [-58.4937495, -34.4707798], [-58.4939173, -34.4707442], [-58.4941492, -34.4707311], [-58.494507, -34.4707345], [-58.495066, -34.4707768], [-58.4955996, -34.470485], [-58.4962558, -34.4701262], [-58.4968143, -34.4696858], [-58.4971697, -34.4693229], [-58.4972271, -34.4692549], [-58.4971919, -34.4691778], [-58.4971414, -34.4691466], [-58.4970374, -34.4692142], [-58.496491, -34.4688329], [-58.4944619, -34.4672629], [-58.4945217, -34.4672156], [-58.494704, -34.4670497], [-58.4951458, -34.4666348], [-58.4950843, -34.4664691], [-58.4948891, -34.4663662], [-58.4945458, -34.4661674], [-58.4943523, -34.4660598], [-58.4942556, -34.4658379], [-58.4940378, -34.4656617], [-58.4940326, -34.4656575], [-58.4937886, -34.4655153], [-58.4937171, -34.4655708], [-58.493527, -34.465458], [-58.493389, -34.4654286], [-58.4933321, -34.4653958]]]}, "properties": {"osm_id": 10343663, "name": "Parque Natural Municipal Ribera Norte", "match": "Iberá", "protect_class": "6", "boundary": "protected_area"}}, {"type": "Feature", "geometry": {"type": "MultiPolygon", "coordinates": [[[[-57.5388102, -28.3897858], [-57.5390334, -28.3899604], [-57.5392601, -28.390079], [-57.5397, -28.3903], [-57.5399467, -28.3904613], [-57.5401479, -28.3906595], [-57.5403, -28.3908], [-57.5405288, -28.3909497], [-57.5407, -28.391], [-57.5407997, -28.3911385], [-57.5409, -28.3912], [-57.5411, -28.3913], [-57.5413764, -28.3916104], [-57.5416178, -28.3920398], [-57.5417304, -28.3922947], [-57.5419155, -28.3926132], [-57.5420228, -28.3927784], [-57.5421488, -28.3929341], [-57.5423366, -28.3930686], [-57.5425056, -28.3932786], [-57.5426263, -28.3934272], [-57.5427952, -28.3935712], [-57.542975, -28.3936962], [-57.5431654, -28.3938543], [-57.5433344, -28.3939463], [-57.5435302, -28.3940761], [-57.5437796, -28.3941965], [-57.5440237, -28.3943074], [-57.5442088, -28.3943994], [-57.5444046, -28.394482], [-57.5446004, -28.3945268], [-57.5449652, -28.3945905], [-57.5453809, -28.3947203], [-57.5459, -28.395], [-57.5461, -28.3951], [-57.5462644, -28.3951348], [-57.5465521, -28.3952018], [-57.5469552, -28.3952443], [-57.5473, -28.3953], [-57.5475, -28.3954], [-57.5476, -28.3955], [-57.5478, -28.3956], [-57.5491, -28.3956], [-57.5495, -28.3952], [-57.5496, -28.395], [-57.5496, -28.3949], [-57.5497, -28.3947], [-57.5497, -28.3943], [-57.5498, -28.3941], [-57.55, -28.3939], [-57.5501, -28.3937], [-57.5502, -28.3936], [-57.5504, -28.3935], [-57.5505, -28.3934], [-57.5515, -28.3934], [-57.5517, -28.3935], [-57.5518, -28.3936], [-57.5519, -28.3938], [-57.5519, -28.3939], [-57.552, -28.394], [-57.5521, -28.3942], [-57.5523, -28.3942], [-57.5524, -28.3943], [-57.5526, -28.3944], [-57.5527, -28.3945], [-57.5528, -28.3947], [-57.553, -28.3949], [-57.5532, -28.395], [-57.5533, -28.3951], [-57.5535, -28.3952], [-57.5536, -28.3953], [-57.554, -28.3955], [-57.5541, -28.3956], [-57.5543, -28.3957], [-57.5544, -28.3957], [-57.5546, -28.3958], [-57.5547, -28.3959], [-57.5549, -28.396], [-57.555, -28.396], [-57.5552, -28.3961], [-57.5563069, -28.3961336], [-57.5567132, -28.39611], [-57.5568688, -28.3960156], [-57.5569171, -28.3959826], [-57.5569761, -28.395959], [-57.5570995, -28.3958977], [-57.5571477, -28.3958693], [-57.5572819, -28.3958222], [-57.5573301, -28.3957938], [-57.5573891, -28.3957655], [-57.5574428, -28.3957467], [-57.5575715, -28.3957467], [-57.5576896, -28.3957231], [-57.5577432, -28.3956947], [-57.5578398, -28.3956334], [-57.5579524, -28.3955768], [-57.5581294, -28.3955013], [-57.5581831, -28.395473], [-57.5582796, -28.3954022], [-57.5583762, -28.3953408], [-57.5584191, -28.3953031], [-57.5584567, -28.3952606], [-57.5585157, -28.3951709], [-57.5585318, -28.3951237], [-57.5585318, -28.3950671], [-57.5585264, -28.3950105], [-57.5585318, -28.3949539], [-57.5585479, -28.3949019], [-57.55858, -28.3948548], [-57.558623, -28.3948123], [-57.5587356, -28.3946849], [-57.5588214, -28.3945999], [-57.5588536, -28.3945575], [-57.5588912, -28.3945197], [-57.5589287, -28.3944725], [-57.5590092, -28.3943923], [-57.5592184, -28.394213], [-57.5592613, -28.3941705], [-57.5594437, -28.3940384], [-57.559492, -28.3940148], [-57.5595456, -28.3939817], [-57.5595993, -28.3939534], [-57.5596583, -28.3939393], [-57.5597119, -28.3939204], [-57.5597817, -28.3939015], [-57.5598943, -28.393859], [-57.5601518, -28.393708], [-57.5602108, -28.3936939], [-57.5602698, -28.3936892], [-57.5603288, -28.393708], [-57.5604737, -28.3938118], [-57.5605005, -28.3938638], [-57.5604898, -28.3939817], [-57.5604683, -28.3941044], [-57.560463, -28.3941611], [-57.560463, -28.3942177], [-57.5604791, -28.3942743], [-57.5604898, -28.3943923], [-57.5604576, -28.3944442], [-57.5604361, -28.3944961], [-57.5604093, -28.3946141], [-57.5603932, -28.3946707], [-57.5603718, -28.3947273], [-57.5603396, -28.3948406], [-57.5603181, -28.3949539], [-57.5602967, -28.3950058], [-57.5602001, -28.3951568], [-57.5601786, -28.3952087], [-57.5601518, -28.3952606], [-57.5600874, -28.395355], [-57.560007, -28.3954494], [-57.5599641, -28.3954918], [-57.5599158, -28.3955296], [-57.5598729, -28.395572], [-57.5597763, -28.3956428], [-57.5597173, -28.3956711], [-57.5596529, -28.39569], [-57.5595886, -28.3957042], [-57.5592721, -28.3958174], [-57.559213, -28.3958458], [-57.5591487, -28.3958693], [-57.5590897, -28.3958977], [-57.5589716, -28.3959354], [-57.5589126, -28.3959496], [-57.5588483, -28.3959779], [-57.5586659, -28.3960345], [-57.5586015, -28.3960581], [-57.5585747, -28.39611], [-57.5585532, -28.3961619], [-57.5585532, -28.3962233], [-57.558564, -28.3962846], [-57.55858, -28.3963365], [-57.5586444, -28.3964309], [-57.5586712, -28.3965442], [-57.5587034, -28.396648], [-57.5588805, -28.3968792], [-57.5589931, -28.3970019], [-57.559036, -28.3970396], [-57.5590897, -28.3970774], [-57.5591433, -28.3970963], [-57.5592023, -28.3971104], [-57.5592667, -28.3971199], [-57.5593901, -28.3971293], [-57.5595081, -28.3971293], [-57.5595671, -28.3971387], [-57.5596261, -28.3971435], [-57.5596851, -28.3971435], [-57.5597495, -28.3971387], [-57.5598782, -28.3971199], [-57.5600553, -28.3970774], [-57.5602323, -28.3970019], [-57.5603503, -28.3969783], [-57.5604791, -28.3969594], [-57.5605434, -28.3969547], [-57.5606078, -28.3969406], [-57.560758, -28.39695], [-57.5608814, -28.3969689], [-57.5609404, -28.3969594], [-57.560994, -28.3969358], [-57.5610477, -28.3969028], [-57.5610906, -28.396865], [-57.5612032, -28.3968179], [-57.5613213, -28.3968084], [-57.561391, -28.3968084], [-57.56145, -28.396799], [-57.5616002, -28.3967046], [-57.5616485, -28.3966669], [-57.5616914, -28.3966291], [-57.561847, -28.3964545], [-57.5618899, -28.3964167], [-57.5619811, -28.3963507], [-57.5620937, -28.3963082], [-57.5621527, -28.3962941], [-57.5622654, -28.3962563], [-57.5623298, -28.3962516], [-57.5624424, -28.3962233], [-57.5625014, -28.3962138], [-57.5625604, -28.396195], [-57.5626248, -28.3961808], [-57.5626838, -28.3961572], [-57.5627428, -28.3961383], [-57.5627965, -28.3961147], [-57.5628555, -28.3960959], [-57.5629681, -28.3960487], [-57.5630915, -28.3960062], [-57.5632095, -28.3959496], [-57.5633383, -28.3958929], [-57.5633866, -28.3958646], [-57.5635046, -28.3958269], [-57.5636172, -28.3957797], [-57.5637299, -28.3957419], [-57.5638533, -28.3957089], [-57.5639069, -28.39569], [-57.5639659, -28.3956759], [-57.5640893, -28.3956759], [-57.5641483, -28.3956806], [-57.5642127, -28.3956806], [-57.5643307, -28.3956995], [-57.5643897, -28.3957183], [-57.5644434, -28.3957419], [-57.5645077, -28.3957608], [-57.5645721, -28.395775], [-57.5646311, -28.3957797], [-57.5646955, -28.3957938], [-57.5648779, -28.3957986], [-57.5649369, -28.3957891], [-57.5651944, -28.3957702], [-57.5653875, -28.3957372], [-57.5654465, -28.3957231], [-57.5655055, -28.3957419], [-57.5655538, -28.395775], [-57.5655913, -28.3958174], [-57.5656235, -28.3958646], [-57.5656611, -28.3959732], [-57.5656879, -28.3960204], [-57.5657255, -28.3960675], [-57.56594, -28.3962563], [-57.5659829, -28.3962988], [-57.5660151, -28.3963412], [-57.5660259, -28.3965158], [-57.5660259, -28.3965725], [-57.5660205, -28.3966291], [-57.5660098, -28.3966904], [-57.5659293, -28.3968462], [-57.5659078, -28.3969028], [-57.5659186, -28.3970208], [-57.56594, -28.3970774], [-57.5660205, -28.3971529], [-57.5661331, -28.3972095], [-57.5661922, -28.3972284], [-57.5662565, -28.3972331], [-57.5664228, -28.3972378], [-57.5666106, -28.3972378], [-57.5666696, -28.3972426], [-57.5668573, -28.3972426], [-57.5670666, -28.3972284], [-57.567265, -28.3972284], [-57.567324, -28.397219], [-57.5673884, -28.3972142], [-57.5675011, -28.3971812], [-57.5675601, -28.3971718], [-57.5676245, -28.3971718], [-57.5676888, -28.3971671], [-57.5678873, -28.3971387], [-57.5680751, -28.3971435], [-57.5681448, -28.3971387], [-57.5682092, -28.3971387], [-57.5684023, -28.3971199], [-57.568531, -28.397101], [-57.5686759, -28.3970916], [-57.56881, -28.3970632], [-57.5689334, -28.3970302], [-57.5690728, -28.3970066], [-57.5691265, -28.3969877], [-57.5691962, -28.3969783], [-57.5693464, -28.3968886], [-57.5694001, -28.3968603], [-57.5694484, -28.3968226], [-57.569502, -28.3968084], [-57.569561, -28.3967848], [-57.56962, -28.3967707], [-57.569679, -28.3967612], [-57.5697327, -28.3967282], [-57.5698185, -28.3966527], [-57.5698668, -28.3966197], [-57.5699794, -28.396563], [-57.5700277, -28.39653], [-57.5701189, -28.3964639], [-57.5702047, -28.3963932], [-57.5703174, -28.3963365], [-57.570371, -28.3963176], [-57.570473, -28.3962516], [-57.5705159, -28.3962186], [-57.5705642, -28.3961902], [-57.5706232, -28.3961619], [-57.5707412, -28.3961336], [-57.5708002, -28.39611], [-57.5708646, -28.3960911], [-57.5709236, -28.3960675], [-57.5710362, -28.395992], [-57.5710791, -28.395959], [-57.5711435, -28.3959307], [-57.5712508, -28.3958741], [-57.5713044, -28.395841], [-57.5713688, -28.3957986], [-57.571519, -28.3956806], [-57.5715673, -28.3956476], [-57.5717336, -28.3954965], [-57.5718838, -28.3953172], [-57.5719482, -28.3952323], [-57.5720125, -28.3951379], [-57.5720877, -28.3950577], [-57.5721198, -28.3950105], [-57.5721413, -28.3949586], [-57.5721681, -28.3949067], [-57.5721842, -28.3948595], [-57.5722164, -28.3948123], [-57.5722486, -28.3947557], [-57.57227, -28.3947037], [-57.5722969, -28.3946518], [-57.5723612, -28.3944914], [-57.5723827, -28.3943781], [-57.5724256, -28.3942743], [-57.5724524, -28.3942271], [-57.5725168, -28.3941375], [-57.5725544, -28.394095], [-57.5726187, -28.3939959], [-57.5726295, -28.3939062], [-57.5726295, -28.3937175], [-57.5726241, -28.3936608], [-57.5726134, -28.3936042], [-57.572608, -28.3935476], [-57.5725651, -28.3933777], [-57.5725436, -28.3932692], [-57.5724793, -28.3931134], [-57.5724524, -28.3930615], [-57.5723827, -28.3928256], [-57.5723773, -28.3927689], [-57.5723612, -28.392717], [-57.5723344, -28.3926651], [-57.5723022, -28.3926132], [-57.57227, -28.3925094], [-57.5722647, -28.3924527], [-57.5722647, -28.3923395], [-57.5722539, -28.3922829], [-57.5722218, -28.3921838], [-57.5721735, -28.3920847], [-57.5721574, -28.3920327], [-57.5721359, -28.3919808], [-57.5720984, -28.3919289], [-57.5720555, -28.3918864], [-57.5719804, -28.3917873], [-57.5719428, -28.3917449], [-57.5719106, -28.391693], [-57.5718838, -28.391641], [-57.5718409, -28.3915939], [-57.5716156, -28.3913957], [-57.5715137, -28.3913249], [-57.571401, -28.3912682], [-57.5713474, -28.3912352], [-57.571106, -28.3911219], [-57.570945, -28.3910228], [-57.5708968, -28.3909898], [-57.5708324, -28.3909662], [-57.570768, -28.3909473], [-57.5707144, -28.390919], [-57.5706607, -28.390886], [-57.5706071, -28.3908482], [-57.5705051, -28.3907916], [-57.5704461, -28.3907633], [-57.5703925, -28.3907302], [-57.5702906, -28.3906595], [-57.5702101, -28.3905745], [-57.5701565, -28.3905415], [-57.5700223, -28.3905226], [-57.569958, -28.3905084], [-57.5698882, -28.3905037], [-57.569738, -28.3905132], [-57.569561, -28.3905179], [-57.5694913, -28.3905037], [-57.5694269, -28.3904848], [-57.5693679, -28.3904518], [-57.5693035, -28.3904282], [-57.5691748, -28.3904282], [-57.5691104, -28.3904093], [-57.5690568, -28.390381], [-57.5689119, -28.3903385], [-57.5687403, -28.3902536], [-57.5686812, -28.39023], [-57.5686276, -28.390197], [-57.5685686, -28.3901687], [-57.5683111, -28.3900837], [-57.568177, -28.3900554], [-57.5681126, -28.3900507], [-57.5679839, -28.3900507], [-57.5678605, -28.3900271], [-57.5677478, -28.3899704], [-57.5676191, -28.3899233], [-57.5675547, -28.3899044], [-57.5674903, -28.3898902], [-57.5674206, -28.3898808], [-57.5673616, -28.3898666], [-57.5673026, -28.3898572], [-57.5671631, -28.3898572], [-57.5670987, -28.3898477], [-57.5669646, -28.3898383], [-57.5668413, -28.3898147], [-57.5667179, -28.3897675], [-57.5666535, -28.3897486], [-57.5665301, -28.3897015], [-57.5664657, -28.3896826], [-57.5663263, -28.3896543], [-57.5662673, -28.3896354], [-57.5662136, -28.3896023], [-57.56616, -28.389574], [-57.5660956, -28.3895457], [-57.5660312, -28.3895268], [-57.5659776, -28.3894985], [-57.5659239, -28.3894655], [-57.5658596, -28.3894325], [-57.5657952, -28.3894136], [-57.5656664, -28.3893947], [-57.5656021, -28.3893805], [-57.5655377, -28.3893569], [-57.5654143, -28.3893286], [-57.5653446, -28.3893192], [-57.5652105, -28.3893098], [-57.5651407, -28.3893003], [-57.5650764, -28.3893003], [-57.5648779, -28.3893145], [-57.5648081, -28.3893145], [-57.5645399, -28.3893333], [-57.5643414, -28.3893569], [-57.5642717, -28.3893617], [-57.5642073, -28.3893617], [-57.5641376, -28.3893569], [-57.5640786, -28.3893428], [-57.5638157, -28.389305], [-57.563746, -28.3892909], [-57.563628, -28.3892484], [-57.563569, -28.3892342], [-57.5635099, -28.3892106], [-57.5634456, -28.3891965], [-57.5633758, -28.3891918], [-57.5630486, -28.3891446], [-57.5629842, -28.3891399], [-57.5628609, -28.3891115], [-57.5628018, -28.3890927], [-57.5627428, -28.3890643], [-57.5625014, -28.3889936], [-57.5624424, -28.3889652], [-57.562319, -28.3889181], [-57.5622493, -28.3889039], [-57.5621796, -28.3888992], [-57.5621152, -28.3888897], [-57.5620562, -28.3888709], [-57.5620025, -28.3888425], [-57.561906, -28.3887623], [-57.5618577, -28.3887293], [-57.5616968, -28.3886302], [-57.5616539, -28.3885877], [-57.5615627, -28.3885122], [-57.5614178, -28.3883706], [-57.5613856, -28.3883234], [-57.5613588, -28.3882715], [-57.5612944, -28.3881677], [-57.5612569, -28.3881158], [-57.5611818, -28.3880261], [-57.5611496, -28.3879789], [-57.5611174, -28.387927], [-57.5610745, -28.3878232], [-57.5610477, -28.387776], [-57.5610155, -28.3877335], [-57.5609189, -28.3875778], [-57.5608867, -28.3875306], [-57.5608116, -28.3874456], [-57.5607687, -28.3874031], [-57.5607044, -28.3873135], [-57.5606829, -28.3872616], [-57.5606507, -28.3872049], [-57.5606293, -28.387153], [-57.5606132, -28.3871011], [-57.560581, -28.3870492], [-57.5605273, -28.3869454], [-57.5604898, -28.3868982], [-57.5604469, -28.3868557], [-57.5603557, -28.3867755], [-57.5602806, -28.3866905], [-57.5602537, -28.3866433], [-57.560243, -28.3865867], [-57.5602216, -28.3865348], [-57.5601894, -28.3864829], [-57.5601572, -28.3864404], [-57.5601143, -28.3863979], [-57.5600392, -28.3863082], [-57.5600123, -28.3862563], [-57.5599802, -28.3862044], [-57.5599587, -28.3861525], [-57.5599051, -28.3860534], [-57.5598729, -28.3860062], [-57.5598353, -28.3859637], [-57.5598139, -28.3859118], [-57.5597924, -28.3858033], [-57.5597924, -28.3857466], [-57.5598085, -28.3856947], [-57.5598085, -28.3856334], [-57.559787, -28.3854635], [-57.5597656, -28.3854163], [-57.5597334, -28.3853691], [-57.5597119, -28.3853172], [-57.5597066, -28.3852653], [-57.5597066, -28.3849868], [-57.559728, -28.3848783], [-57.5597441, -28.3848216], [-57.5597495, -28.384765], [-57.5597602, -28.3847131], [-57.5597709, -28.3846092], [-57.5597709, -28.3845573], [-57.5597495, -28.3845007], [-57.5597119, -28.3844582], [-57.5596798, -28.3844063], [-57.5596583, -28.3843544], [-57.5596207, -28.3843119], [-57.5595939, -28.3842647], [-57.5595725, -28.3842081], [-57.5595778, -28.3841515], [-57.5595993, -28.3840995], [-57.5596476, -28.3840759], [-57.559669, -28.384024], [-57.5596529, -28.3839674], [-57.5595564, -28.3838966], [-57.5594652, -28.3836889], [-57.5594491, -28.3836276], [-57.5593847, -28.3834766], [-57.5593311, -28.3833775], [-57.559315, -28.3833255], [-57.5593203, -28.3832689], [-57.5593311, -28.3832217], [-57.5593525, -28.3831698], [-57.5593847, -28.383066], [-57.5593633, -28.3829621], [-57.5593579, -28.3829102], [-57.5593418, -28.3828583], [-57.5593418, -28.3828017], [-57.5593579, -28.3827498], [-57.5593901, -28.3826978], [-57.5594115, -28.3826459], [-57.5594115, -28.3824807], [-57.5594223, -28.3824241], [-57.5594384, -28.3823722], [-57.5594652, -28.382325], [-57.5595081, -28.382292], [-57.5595456, -28.3822542], [-57.5595671, -28.3822023], [-57.5595617, -28.3821456], [-57.559551, -28.382089], [-57.5595349, -28.3820418], [-57.5595027, -28.3819993], [-57.5594974, -28.3819427], [-57.5595242, -28.3818955], [-57.5595617, -28.3818483], [-57.5596422, -28.3817728], [-57.5596958, -28.3817398], [-57.5597495, -28.3817256], [-57.5598031, -28.381702], [-57.5598514, -28.3816737], [-57.5599426, -28.3816076], [-57.5600714, -28.3814943], [-57.5601089, -28.3814566], [-57.5601357, -28.3814047], [-57.5602055, -28.3813197], [-57.5602377, -28.3812678], [-57.5603879, -28.3811026], [-57.5604093, -28.3810507], [-57.5604254, -28.3809893], [-57.5604254, -28.3809327], [-57.56042, -28.3808761], [-57.56042, -28.3807062], [-57.5604093, -28.3806495], [-57.5604039, -28.3805976], [-57.5603879, -28.3805457], [-57.5603771, -28.3804891], [-57.5603342, -28.3803852], [-57.5603181, -28.3803286], [-57.5603074, -28.3802719], [-57.5603288, -28.38022], [-57.5604254, -28.3800832], [-57.5604522, -28.380036], [-57.560463, -28.3799888], [-57.5604737, -28.3798802], [-57.5604737, -28.3797197], [-57.5604791, -28.3796678], [-57.5605005, -28.3796206], [-57.5605488, -28.3795923], [-57.5605917, -28.3796301], [-57.5606185, -28.3796773], [-57.56064, -28.3797292], [-57.5606507, -28.3797858], [-57.5606507, -28.3798472], [-57.5606453, -28.3799038], [-57.5606346, -28.3799604], [-57.560581, -28.380069], [-57.5605166, -28.3801776], [-57.5604791, -28.3802342], [-57.5604683, -28.3802908], [-57.5604898, -28.3803427], [-57.5605005, -28.3803994], [-57.5605059, -28.380456], [-57.560522, -28.3805127], [-57.5605488, -28.3805646], [-57.5606078, -28.3805976], [-57.5606614, -28.3806165], [-57.5607204, -28.3806212], [-57.5607848, -28.3806212], [-57.5608492, -28.3806354], [-57.5609028, -28.3806684], [-57.5609565, -28.3806826], [-57.5610155, -28.380692], [-57.5611281, -28.3807486], [-57.5612193, -28.3808194], [-57.561273, -28.3808525], [-57.5613266, -28.3808808], [-57.56145, -28.3808808], [-57.561509, -28.3808902], [-57.5616217, -28.3809327], [-57.5617236, -28.3809893], [-57.5617611, -28.3810365], [-57.5627, -28.3811], [-57.5631, -28.3809], [-57.5632, -28.3808], [-57.5633, -28.3806], [-57.5634, -28.3805], [-57.5635716, -28.3804248], [-57.5637, -28.3803], [-57.5639, -28.3802], [-57.564, -28.3801], [-57.5642, -28.38], [-57.5643, -28.38], [-57.5647, -28.3798], [-57.5648, -28.3798], [-57.5652, -28.3796], [-57.5653, -28.3795], [-57.5655, -28.3794], [-57.5656, -28.3794], [-57.566, -28.3792], [-57.5662, -28.379], [-57.5663, -28.379], [-57.5667, -28.3788], [-57.5669, -28.3786], [-57.5671, -28.3785], [-57.5672, -28.3783], [-57.5674, -28.3782], [-57.5676, -28.378], [-57.5678, -28.3779], [-57.5679, -28.3777], [-57.568, -28.3776], [-57.5682, -28.3775], [-57.5683, -28.3774], [-57.5684, -28.3772], [-57.5685, -28.3771], [-57.5687, -28.377], [-57.5688, -28.3768], [-57.5688, -28.3744], [-57.5687, -28.3743], [-57.5687, -28.3738], [-57.5686, -28.3737], [-57.5685, -28.3735], [-57.5684, -28.3734], [-57.5684, -28.3733], [-57.5682, -28.3732], [-57.5681, -28.373], [-57.5679, -28.3729], [-57.5678, -28.3729], [-57.5677, -28.3727], [-57.5675, -28.3727], [-57.5673, -28.3726], [-57.5671, -28.3726], [-57.5671, -28.3725], [-57.5669, -28.3724], [-57.5668, -28.3723], [-57.5666, -28.3722], [-57.5665, -28.372], [-57.5664, -28.3719], [-57.5662, -28.3718], [-57.5662, -28.3717], [-57.566, -28.3716], [-57.5659, -28.3715], [-57.5657, -28.3714], [-57.5655, -28.3714], [-57.5655, -28.3712], [-57.5653, -28.3711], [-57.5653, -28.371], [-57.565, -28.3707], [-57.5649, -28.3705], [-57.5647, -28.3703], [-57.5647, -28.3694], [-57.5648, -28.3693], [-57.5648, -28.3687], [-57.5649, -28.3685], [-57.5649, -28.368], [-57.5646, -28.3677], [-57.5645, -28.3675], [-57.5643, -28.3674], [-57.5642, -28.3673], [-57.5641, -28.3671], [-57.564, -28.367], [-57.5638, -28.3669], [-57.5637, -28.3667], [-57.5631, -28.3661], [-57.563, -28.3659], [-57.5628, -28.3657], [-57.5626, -28.3656], [-57.5625, -28.3654], [-57.5622, -28.3651], [-57.5622, -28.365], [-57.5649, -28.3663], [-57.5727, -28.3698], [-57.5772, -28.3772], [-57.6267, -28.3957], [-57.6199, -28.3895], [-57.5993, -28.3705], [-57.5731, -28.34], [-57.5816, -28.3217], [-57.5872, -28.3204], [-57.585, -28.294], [-57.5842, -28.2834], [-57.571, -28.2692], [-57.5602, -28.265], [-57.563, -28.2569], [-57.5535, -28.2472], [-57.5525, -28.2477], [-57.544, -28.2131], [-57.5047, -28.1728], [-57.4839, -28.1635], [-57.4803, -28.1587], [-57.4767, -28.1572], [-57.4735, -28.1558], [-57.4708, -28.1547], [-57.4645, -28.149], [-57.4562, -28.1481], [-57.4536, -28.1465], [-57.4506, -28.1448], [-57.443, -28.1363], [-57.4423, -28.1346], [-57.4431, -28.1346], [-57.4433, -28.1347], [-57.4435, -28.1347], [-57.4436, -28.1348], [-57.4438, -28.1349], [-57.4439, -28.135], [-57.4443, -28.1352], [-57.4444, -28.1354], [-57.4445, -28.1355], [-57.4447, -28.1356], [-57.4449, -28.1356], [-57.445, -28.1358], [-57.445, -28.1359], [-57.4452, -28.136], [-57.4455, -28.1363], [-57.4455, -28.137], [-57.4456, -28.1371], [-57.4457, -28.1373], [-57.4458, -28.1374], [-57.4459, -28.1376], [-57.446, -28.1377], [-57.447, -28.1377], [-57.4472, -28.1375], [-57.4474, -28.1374], [-57.4476, -28.1374], [-57.4477, -28.1373], [-57.4479, -28.1372], [-57.448, -28.1371], [-57.4481, -28.1369], [-57.4482, -28.1368], [-57.4483, -28.1367], [-57.4485, -28.1366], [-57.4486, -28.1365], [-57.4488, -28.1365], [-57.449, -28.1364], [-57.4491, -28.1364], [-57.4493, -28.1363], [-57.4496, -28.1363], [-57.4498, -28.1362], [-57.4499, -28.1361], [-57.4502, -28.1361], [-57.4504, -28.136], [-57.4506, -28.136], [-57.4507, -28.1358], [-57.4511, -28.1356], [-57.4512, -28.1355], [-57.4514, -28.1354], [-57.4515, -28.1353], [-57.4522, -28.1353], [-57.4523, -28.1352], [-57.4527, -28.1352], [-57.4528, -28.1351], [-57.453, -28.1351], [-57.4532, -28.135], [-57.4535, -28.135], [-57.4536, -28.1349], [-57.4538, -28.1348], [-57.4538, -28.1334], [-57.4537, -28.1332], [-57.4536, -28.1331], [-57.4535, -28.1329], [-57.4535, -28.1328], [-57.4533, -28.1327], [-57.4532, -28.1326], [-57.4532, -28.1323], [-57.4531, -28.1321], [-57.4528, -28.1318], [-57.4528, -28.1316], [-57.4527, -28.1315], [-57.4527, -28.1312], [-57.4525, -28.1311], [-57.4524, -28.1309], [-57.4524, -28.1308], [-57.4516, -28.1308], [-57.4514, -28.1309], [-57.4511, -28.1309], [-57.4509, -28.131], [-57.4506, -28.131], [-57.4504, -28.1311], [-57.4503, -28.1311], [-57.4497, -28.1314], [-57.4494, -28.1314], [-57.4492, -28.1315], [-57.449, -28.1315], [-57.4489, -28.1316], [-57.4487, -28.1316], [-57.4486, -28.1317], [-57.4482, -28.1319], [-57.4481, -28.132], [-57.4479, -28.132], [-57.4478, -28.1321], [-57.4468, -28.1321], [-57.4467, -28.1319], [-57.4465, -28.1318], [-57.4464, -28.1317], [-57.4462, -28.1316], [-57.4461, -28.1315], [-57.446, -28.1313], [-57.4459, -28.1312], [-57.4457, -28.1312], [-57.4455, -28.1311], [-57.4453, -28.1309], [-57.4449, -28.1307], [-57.4448, -28.1307], [-57.4447, -28.1305], [-57.4445, -28.1305], [-57.4444, -28.1304], [-57.4442, -28.1303], [-57.444, -28.1303], [-57.4439, -28.1302], [-57.4437, -28.1301], [-57.4434, -28.1301], [-57.4433, -28.13], [-57.4412, -28.13], [-57.441, -28.1299], [-57.4409, -28.1299], [-57.4405, -28.1297], [-57.4403, -28.1295], [-57.4401, -28.1294], [-57.44, -28.1293], [-57.4393, -28.1278], [-57.441, -28.1225], [-57.4414, -28.1215], [-57.4416, -28.1208], [-57.4422, -28.1191], [-57.4397, -28.114], [-57.4397, -28.1127], [-57.4395, -28.1125], [-57.4395, -28.1117], [-57.4393, -28.1116], [-57.4391, -28.1114], [-57.4389, -28.1113], [-57.4388, -28.1112], [-57.4387, -28.111], [-57.4386, -28.1109], [-57.4385, -28.1107], [-57.4384, -28.1106], [-57.4384, -28.1103], [-57.4383, -28.1101], [-57.4383, -28.11], [-57.4382, -28.1098], [-57.4632, -28.0936], [-57.4662092, -28.0914601], [-57.4677, -28.0904], [-57.4634, -28.0805], [-57.4556, -28.0746], [-57.4527, -28.0763], [-57.4526, -28.0758], [-57.4523, -28.0744], [-57.4519, -28.0724], [-57.4516, -28.0707], [-57.4511, -28.0685], [-57.4501, -28.0668], [-57.4506, -28.0647], [-57.4509, -28.0638], [-57.4509, -28.0636], [-57.4506, -28.0632], [-57.45, -28.0623], [-57.4499, -28.062], [-57.449, -28.0576], [-57.448, -28.0562], [-57.4469, -28.0549], [-57.4433, -28.0501], [-57.4374, -28.0539], [-57.4366, -28.0545], [-57.4363, -28.0546], [-57.4187, -28.0661], [-57.4185, -28.0662], [-57.4178, -28.0667], [-57.4176, -28.066], [-57.4134, -28.0493], [-57.414, -28.0489], [-57.4223, -28.0433], [-57.4247, -28.0416], [-57.4257, -28.0427], [-57.4262, -28.0432], [-57.4321201, -28.039359], [-57.4298466, -28.035542], [-57.4258453, -28.0281107], [-57.4217822, -28.0206953], [-57.4174746, -28.0125118], [-57.4146798, -28.0072111], [-57.4038, -28.0111], [-57.4035, -28.01], [-57.3996, -27.9969], [-57.3978, -27.9908], [-57.4026652, -27.9869926], [-57.4033169, -27.9865046], [-57.4025948, -27.9796214], [-57.4022313, -27.9762544], [-57.4021844, -27.9757683], [-57.3944035, -27.9671088], [-57.3926472, -27.965292], [-57.3870044, -27.9616645], [-57.3811176, -27.9580024], [-57.3811826, -27.9490854], [-57.3752179, -27.9426666], [-57.3712988, -27.9340054], [-57.3616, -27.9392], [-57.3566, -27.9325], [-57.3481, -27.924], [-57.3472, -27.9232], [-57.3471, -27.9231], [-57.3436, -27.92], [-57.3415, -27.9181], [-57.337, -27.9139], [-57.3332, -27.9105], [-57.3331, -27.9104], [-57.3318, -27.9092], [-57.3294, -27.9035], [-57.3282, -27.9001], [-57.3277, -27.9006], [-57.3211, -27.8912], [-57.3155, -27.8818], [-57.3006, -27.8612], [-57.2956, -27.8562], [-57.2881, -27.8486], [-57.286, -27.8465], [-57.2826, -27.8429], [-57.2819, -27.8422], [-57.2832, -27.8475], [-57.2934, -27.8577], [-57.2961, -27.8615], [-57.2865, -27.8721], [-57.2952, -27.8783], [-57.2897, -27.8836], [-57.2635, -27.8677], [-57.2486, -27.8586], [-57.2563, -27.8683], [-57.2671, -27.8773], [-57.2645, -27.88], [-57.2401, -27.8766], [-57.2229, -27.8742], [-57.2108, -27.8962], [-57.2115, -27.8966], [-57.2115, -27.8967], [-57.2102, -27.8972], [-57.207, -27.8988], [-57.2051, -27.8996], [-57.2048, -27.8997], [-57.2044, -27.8999], [-57.2025, -27.9009], [-57.2018, -27.9012], [-57.2013, -27.9014], [-57.1991, -27.9165], [-57.1968, -27.9355], [-57.2203, -27.9527], [-57.2254658, -27.9055413], [-57.2269, -27.901], [-57.2489, -27.9077], [-57.2658, -27.91], [-57.2244, -27.9554], [-57.2243, -27.9556], [-57.2547, -27.9777], [-57.2708, -27.9895], [-57.2714, -27.993], [-57.2809, -28.0017], [-57.2788, -28.0251], [-57.2674, -28.0203], [-57.2488, -28.0124], [-57.2337, -28.0059], [-57.2271, -28.0031], [-57.2271, -28.0032], [-57.2276, -28.004], [-57.2333, -28.015], [-57.2383, -28.0247], [-57.2455, -28.0384], [-57.2466, -28.0391], [-57.2474, -28.0395], [-57.2675, -28.0509], [-57.2864, -28.0617], [-57.2872, -28.0628], [-57.2954, -28.0737], [-57.2133, -28.0617], [-57.214, -28.0593], [-57.2174, -28.0468], [-57.2174, -28.0466], [-57.2103, -28.0294], [-57.2027, -28.0112], [-57.1921, -27.9867], [-57.1909, -27.9866], [-57.1808, -27.986], [-57.1806, -27.986], [-57.1785, -27.9859], [-57.1619, -27.9849], [-57.1616, -27.9849], [-57.1581, -27.9848], [-57.1516, -27.9824], [-57.123, -27.9717], [-57.1118, -27.9675], [-57.1105, -27.969], [-57.1095, -27.9702], [-57.1092, -27.9756], [-57.1045, -27.9745], [-57.1024, -27.9739], [-57.0994, -27.9826], [-57.0973, -27.985], [-57.0967, -27.9857], [-57.0964, -27.9983], [-57.0974, -27.9996], [-57.1016, -28.005], [-57.1096, -28.0119], [-57.1118, -28.0207], [-57.115, -28.0264], [-57.115, -28.0309], [-57.1243, -28.0379], [-57.1255, -28.0468], [-57.1255, -28.0472], [-57.1257, -28.0487], [-57.1228, -28.0512], [-57.1303, -28.0597], [-57.1311, -28.0641], [-57.1366, -28.0682], [-57.1379, -28.0692], [-57.1412, -28.0717], [-57.1464, -28.0746], [-57.1521, -28.0764], [-57.155, -28.0728], [-57.1551, -28.0727], [-57.1381, -28.0585], [-57.1323, -28.0522], [-57.1277, -28.0402], [-57.1275, -28.0394], [-57.1261, -28.0329], [-57.1248, -28.0271], [-57.1205, -28.0251], [-57.1272, -28.0266], [-57.1275, -28.0267], [-57.1276, -28.0269], [-57.1327, -28.0469], [-57.1467, -28.0581], [-57.1635, -28.0715], [-57.1641, -28.0719], [-57.1297, -28.0913], [-57.1222, -28.0955], [-57.1369, -28.1066], [-57.1301, -28.111], [-57.1445, -28.1309], [-57.1501, -28.1387], [-57.1513, -28.1509], [-57.1516, -28.1536], [-57.1676, -28.1626], [-57.1724, -28.1574], [-57.1826, -28.1736], [-57.1929, -28.1699], [-57.2035, -28.1764], [-57.21, -28.1769], [-57.2201, -28.1572], [-57.2208, -28.1559], [-57.2152, -28.1502], [-57.2232, -28.1381], [-57.2273, -28.1368], [-57.2352, -28.1341], [-57.2411, -28.132], [-57.2558, -28.1293], [-57.2632, -28.1428], [-57.271, -28.1572], [-57.2967, -28.1834], [-57.3161, -28.1848], [-57.2886, -28.1577], [-57.3043, -28.138], [-57.311, -28.1408], [-57.3247, -28.1465], [-57.3252, -28.1445], [-57.3232, -28.1397], [-57.3225, -28.138], [-57.3401, -28.1447], [-57.3429, -28.1458], [-57.3447, -28.1465], [-57.3591, -28.1423], [-57.3736, -28.1381], [-57.3758, -28.1373], [-57.38, -28.1361], [-57.3804, -28.138], [-57.3805, -28.1395], [-57.3805, -28.1419], [-57.3853, -28.1457], [-57.3865, -28.1465], [-57.3865, -28.1466], [-57.3869, -28.1506], [-57.3868, -28.1507], [-57.3871, -28.1558], [-57.3872, -28.1561], [-57.3871, -28.1561], [-57.387, -28.1562], [-57.387, -28.1569], [-57.3875, -28.1574], [-57.3876, -28.1576], [-57.3877, -28.1576], [-57.3877, -28.1585], [-57.387, -28.1759], [-57.387, -28.176], [-57.3722, -28.1806], [-57.371, -28.181], [-57.3777, -28.1951], [-57.3774, -28.1958], [-57.3739, -28.2061], [-57.3804, -28.2104], [-57.3932, -28.2152], [-57.3972, -28.228], [-57.398, -28.2306], [-57.3981, -28.2308], [-57.3829, -28.2502], [-57.3625, -28.2369], [-57.3552, -28.2318], [-57.3304, -28.2168], [-57.3295, -28.2179], [-57.3268, -28.221], [-57.2964, -28.2015], [-57.2927, -28.1991], [-57.2932, -28.1986], [-57.2947, -28.1972], [-57.296, -28.1959], [-57.2952, -28.1947], [-57.2912, -28.1893], [-57.2909, -28.1889], [-57.2908, -28.1887], [-57.29, -28.1877], [-57.2847, -28.1862], [-57.2822, -28.1851], [-57.2821, -28.1851], [-57.2817, -28.1855], [-57.2811, -28.1862], [-57.2807, -28.1866], [-57.2754, -28.192], [-57.2753, -28.1922], [-57.2723, -28.1952], [-57.2701, -28.1975], [-57.2663, -28.2014], [-57.2648, -28.2029], [-57.2646, -28.2032], [-57.2635, -28.2045], [-57.2615, -28.207], [-57.2652, -28.208], [-57.2654, -28.2108], [-57.2655, -28.2133], [-57.2662, -28.214], [-57.2667, -28.2135], [-57.2679, -28.2145], [-57.27, -28.2161], [-57.2725, -28.217], [-57.2737, -28.2174], [-57.2742, -28.2169], [-57.2863, -28.2052], [-57.2882, -28.2034], [-57.2886, -28.2031], [-57.2899, -28.2017], [-57.2921, -28.2032], [-57.2933, -28.2039], [-57.3217, -28.2222], [-57.3197, -28.2245], [-57.3195, -28.2248], [-57.3194, -28.2248], [-57.3231, -28.2253], [-57.3248, -28.2256], [-57.3294, -28.2271], [-57.3308, -28.2277], [-57.3184, -28.2396], [-57.3169, -28.2411], [-57.3132491, -28.2452505], [-57.3130775, -28.2470841], [-57.314, -28.2489], [-57.3137, -28.249], [-57.3103, -28.2494], [-57.3095, -28.2494], [-57.3104, -28.2515], [-57.3115, -28.252], [-57.3138, -28.252], [-57.316, -28.2513], [-57.3194, -28.2479], [-57.3359, -28.2312], [-57.3371798, -28.2321785], [-57.3383, -28.2329], [-57.3403, -28.2331], [-57.3421, -28.2334], [-57.3387, -28.2369], [-57.3377, -28.238], [-57.3334, -28.2425], [-57.333, -28.2429], [-57.3317, -28.2443], [-57.3295, -28.2465], [-57.3284, -28.2477], [-57.326, -28.2502], [-57.3254, -28.2509], [-57.3193, -28.2571], [-57.3179, -28.2586], [-57.318, -28.2587], [-57.3184, -28.2587], [-57.3185, -28.2588], [-57.3187, -28.2588], [-57.3187, -28.259], [-57.3192, -28.2593], [-57.3194, -28.2594], [-57.3197, -28.2597], [-57.3197, -28.2599], [-57.3199, -28.2601], [-57.3204, -28.2601], [-57.321, -28.2601], [-57.3212, -28.2602], [-57.3215, -28.2605], [-57.3217, -28.2605], [-57.3218, -28.2606], [-57.3219, -28.2608], [-57.3219, -28.2611], [-57.322, -28.2612], [-57.322, -28.262], [-57.3219, -28.2621], [-57.3219, -28.2626], [-57.3221, -28.2627], [-57.3222, -28.2628], [-57.3224, -28.2629], [-57.3224, -28.263], [-57.3225, -28.2632], [-57.3227, -28.2632], [-57.3229, -28.2633], [-57.323, -28.2633], [-57.3234, -28.2635], [-57.324, -28.2635], [-57.3242, -28.2636], [-57.3246, -28.2636], [-57.3248, -28.2637], [-57.3249, -28.2639], [-57.325, -28.264], [-57.3252, -28.2641], [-57.3266, -28.2641], [-57.3268, -28.2643], [-57.3268, -28.2646], [-57.327, -28.2647], [-57.3271, -28.2647], [-57.3273, -28.2648], [-57.3275, -28.2649], [-57.3276, -28.265], [-57.3278, -28.265], [-57.3279, -28.2651], [-57.3281, -28.2652], [-57.3282, -28.2653], [-57.3283, -28.2655], [-57.3283, -28.2656], [-57.3284, -28.2658], [-57.3284, -28.2665], [-57.3288, -28.2665], [-57.3289, -28.2666], [-57.3294, -28.2666], [-57.3296, -28.2667], [-57.3297, -28.2668], [-57.3299, -28.2668], [-57.33, -28.267], [-57.3302, -28.267], [-57.3303, -28.2671], [-57.3306, -28.2671], [-57.3307, -28.2672], [-57.3309, -28.2673], [-57.331, -28.2674], [-57.331, -28.2676], [-57.3312, -28.2677], [-57.3313, -28.2678], [-57.3314, -28.268], [-57.3316, -28.2681], [-57.3317, -28.2682], [-57.3317, -28.2683], [-57.3318, -28.2684], [-57.3322, -28.2686], [-57.3324, -28.2688], [-57.3325, -28.269], [-57.3326, -28.269], [-57.3328, -28.2691], [-57.3329, -28.2693], [-57.3331, -28.2694], [-57.3332, -28.2695], [-57.3334, -28.2695], [-57.3336, -28.2696], [-57.3337, -28.2697], [-57.3339, -28.2698], [-57.334, -28.2699], [-57.3344, -28.2701], [-57.3345, -28.2701], [-57.3349, -28.2703], [-57.335, -28.2705], [-57.3351, -28.2706], [-57.3351, -28.2707], [-57.3351, -28.2712], [-57.3354, -28.2715], [-57.3356, -28.2716], [-57.3358, -28.2718], [-57.336, -28.2718], [-57.3362, -28.272], [-57.3364, -28.2721], [-57.3366, -28.2723], [-57.3368, -28.2723], [-57.3369, -28.2724], [-57.3371, -28.2725], [-57.3373, -28.2727], [-57.3375, -28.2728], [-57.3376, -28.2728], [-57.3377, -28.273], [-57.3378, -28.2731], [-57.338, -28.2732], [-57.3381, -28.2733], [-57.3382, -28.2733], [-57.3384, -28.2731], [-57.3417, -28.2699], [-57.3418, -28.27], [-57.342, -28.27], [-57.342, -28.2709], [-57.3422, -28.271], [-57.3422, -28.2713], [-57.3423, -28.2714], [-57.3423, -28.273], [-57.3424, -28.2731], [-57.3424, -28.2733], [-57.3426, -28.2734], [-57.3426, -28.2741], [-57.3427, -28.2742], [-57.3428, -28.2744], [-57.3429, -28.2745], [-57.343, -28.2747], [-57.3432, -28.2747], [-57.3432, -28.2749], [-57.3433, -28.275], [-57.3435, -28.2751], [-57.3436, -28.2753], [-57.3437, -28.2753], [-57.3439, -28.2755], [-57.344, -28.2755], [-57.3442, -28.2756], [-57.3443, -28.2757], [-57.3447, -28.2757], [-57.3448, -28.2758], [-57.345, -28.2758], [-57.3452, -28.276], [-57.3453, -28.276], [-57.3455, -28.2761], [-57.3456, -28.2763], [-57.3457, -28.2764], [-57.3459, -28.2765], [-57.346, -28.2766], [-57.3462, -28.2767], [-57.3463, -28.2767], [-57.3467, -28.2769], [-57.3469, -28.2771], [-57.347, -28.2773], [-57.3472, -28.2774], [-57.3473, -28.2775], [-57.3475, -28.2776], [-57.3476, -28.2776], [-57.348, -28.2778], [-57.3481, -28.2779], [-57.3485, -28.2781], [-57.3486, -28.2782], [-57.3514, -28.2782], [-57.3515, -28.2781], [-57.3516, -28.2779], [-57.3518, -28.2779], [-57.352, -28.2777], [-57.3528, -28.2777], [-57.3532, -28.2777], [-57.3533, -28.2778], [-57.3535, -28.2779], [-57.3535, -28.2781], [-57.3537, -28.2782], [-57.3538, -28.2783], [-57.354, -28.2784], [-57.354, -28.2785], [-57.3542, -28.2786], [-57.3543, -28.2787], [-57.3547, -28.2789], [-57.3549, -28.2791], [-57.3549, -28.2793], [-57.355, -28.2794], [-57.355, -28.2795], [-57.3552, -28.2797], [-57.3552, -28.28], [-57.3553, -28.2801], [-57.3553, -28.2803], [-57.3554, -28.2804], [-57.3554, -28.2814], [-57.3552, -28.2815], [-57.3549, -28.2815], [-57.3549, -28.2827], [-57.355, -28.2828], [-57.3552, -28.2829], [-57.3553, -28.2831], [-57.3554, -28.2832], [-57.3555, -28.2834], [-57.3557, -28.2836], [-57.3558, -28.2838], [-57.3559, -28.2839], [-57.3561, -28.284], [-57.3562, -28.284], [-57.3564, -28.2841], [-57.3596, -28.2841], [-57.3597, -28.284], [-57.3599, -28.2839], [-57.36, -28.2837], [-57.3601, -28.2837], [-57.3607, -28.2834], [-57.3608, -28.2833], [-57.361, -28.2833], [-57.3611, -28.2832], [-57.3613, -28.2832], [-57.3615, -28.2831], [-57.3616, -28.283], [-57.3634, -28.283], [-57.3636, -28.2831], [-57.3641, -28.2831], [-57.3642, -28.2832], [-57.3644, -28.2833], [-57.3645, -28.2834], [-57.3646, -28.2835], [-57.3647, -28.2837], [-57.3648, -28.2838], [-57.365, -28.2839], [-57.3651, -28.284], [-57.3653, -28.2841], [-57.3654, -28.2842], [-57.3655, -28.2844], [-57.3655, -28.2845], [-57.3656, -28.2847], [-57.3656, -28.2855], [-57.3655, -28.2857], [-57.3655, -28.2864], [-57.3654, -28.2864], [-57.3654, -28.2872], [-57.3655, -28.2872], [-57.3655, -28.2875], [-57.3657, -28.2876], [-57.3657, -28.2877], [-57.366, -28.288], [-57.3663, -28.288], [-57.3663, -28.2886], [-57.3665, -28.2887], [-57.3667, -28.2887], [-57.3668, -28.2889], [-57.3668, -28.289], [-57.367, -28.2891], [-57.3671, -28.2893], [-57.3676, -28.2893], [-57.3677, -28.2894], [-57.3715, -28.2894], [-57.3718, -28.2893], [-57.3731, -28.2893], [-57.3732, -28.2895], [-57.3733, -28.2896], [-57.3735, -28.2897], [-57.3743, -28.2897], [-57.3744, -28.2896], [-57.3746, -28.2896], [-57.3748, -28.2895], [-57.3767, -28.2895], [-57.3769, -28.2896], [-57.377, -28.2898], [-57.3771, -28.2899], [-57.3773, -28.29], [-57.3773, -28.2903], [-57.3775, -28.2905], [-57.3775, -28.2916], [-57.3773, -28.2916], [-57.3772, -28.2918], [-57.3771, -28.2919], [-57.3771, -28.2922], [-57.377, -28.2923], [-57.3768, -28.2924], [-57.3767, -28.2925], [-57.3765, -28.2926], [-57.3764, -28.2927], [-57.3764, -28.2932], [-57.3762, -28.2933], [-57.3761, -28.2935], [-57.376, -28.2936], [-57.376, -28.2938], [-57.3759, -28.2939], [-57.3759, -28.294], [-57.376, -28.2942], [-57.3762, -28.2942], [-57.3762, -28.2955], [-57.376, -28.2956], [-57.3759, -28.2956], [-57.3757, -28.2958], [-57.3757, -28.296], [-57.3756, -28.2962], [-57.3756, -28.2963], [-57.3757, -28.2964], [-57.3764, -28.2964], [-57.3765, -28.2963], [-57.3765, -28.296], [-57.3766, -28.2959], [-57.3768, -28.2958], [-57.3769, -28.2957], [-57.3771, -28.2956], [-57.3788, -28.2956], [-57.379, -28.2954], [-57.3791, -28.2952], [-57.3792, -28.2951], [-57.3794, -28.295], [-57.3795, -28.2949], [-57.3797, -28.2949], [-57.3798, -28.2948], [-57.3802, -28.2948], [-57.3804, -28.2949], [-57.3805, -28.295], [-57.3807, -28.295], [-57.3809, -28.2951], [-57.381, -28.2951], [-57.3814, -28.2953], [-57.3815, -28.2955], [-57.3818, -28.2955], [-57.3819, -28.2956], [-57.3823, -28.2958], [-57.3824, -28.2959], [-57.3826, -28.296], [-57.3827, -28.2962], [-57.3829, -28.2962], [-57.383, -28.2963], [-57.3845, -28.2963], [-57.3846, -28.2962], [-57.3848, -28.2961], [-57.385, -28.2961], [-57.3851, -28.2959], [-57.3852, -28.2959], [-57.3854, -28.2958], [-57.386, -28.2958], [-57.3862, -28.2959], [-57.3864, -28.2959], [-57.3865, -28.296], [-57.3869, -28.2962], [-57.387, -28.2963], [-57.3871, -28.2965], [-57.3873, -28.2965], [-57.3875, -28.2966], [-57.3876, -28.2967], [-57.3878, -28.2968], [-57.3892, -28.2968], [-57.3894, -28.2969], [-57.3905, -28.2969], [-57.3909, -28.2967], [-57.3911, -28.2965], [-57.3912, -28.2963], [-57.3914, -28.2963], [-57.3916, -28.2962], [-57.392, -28.2962], [-57.3924, -28.2964], [-57.3925, -28.2965], [-57.3927, -28.2966], [-57.3928, -28.2966], [-57.393, -28.2968], [-57.393, -28.2972], [-57.3929, -28.2973], [-57.3929, -28.2978], [-57.3937, -28.2978], [-57.3938, -28.2977], [-57.394, -28.2977], [-57.3941, -28.2976], [-57.3945, -28.2976], [-57.3946, -28.2977], [-57.3948, -28.2978], [-57.395, -28.2978], [-57.3951, -28.2979], [-57.3953, -28.298], [-57.3954, -28.2981], [-57.3956, -28.2981], [-57.3958, -28.2982], [-57.3959, -28.2984], [-57.3961, -28.2985], [-57.3962, -28.2986], [-57.3964, -28.2987], [-57.3965, -28.2988], [-57.3967, -28.2988], [-57.3968, -28.299], [-57.3969, -28.2991], [-57.3969, -28.3006], [-57.3971, -28.3008], [-57.3973, -28.3009], [-57.3975, -28.3009], [-57.3976, -28.301], [-57.3981, -28.301], [-57.3983, -28.3009], [-57.3986, -28.3009], [-57.3991, -28.3009], [-57.3992, -28.301], [-57.3994, -28.301], [-57.3996, -28.3011], [-57.3997, -28.3012], [-57.3998, -28.3014], [-57.4, -28.3014], [-57.4003, -28.3017], [-57.4005, -28.3017], [-57.4007, -28.3018], [-57.4009, -28.3018], [-57.401, -28.302], [-57.4012, -28.3022], [-57.4014, -28.3023], [-57.4016, -28.3023], [-57.402, -28.3027], [-57.4022, -28.3028], [-57.4023, -28.3029], [-57.4027, -28.3031], [-57.4027, -28.3032], [-57.4031, -28.3034], [-57.4032, -28.3034], [-57.4034, -28.3035], [-57.4035, -28.3036], [-57.4039, -28.3038], [-57.404, -28.3039], [-57.4042, -28.304], [-57.4043, -28.304], [-57.4045, -28.3041], [-57.4046, -28.3042], [-57.4048, -28.3043], [-57.4049, -28.3045], [-57.4051, -28.3046], [-57.4052, -28.3047], [-57.4054, -28.3047], [-57.4055, -28.3048], [-57.4056, -28.305], [-57.4058, -28.3051], [-57.4058, -28.3052], [-57.406, -28.3053], [-57.4061, -28.3055], [-57.4061, -28.3066], [-57.4062, -28.3067], [-57.4063, -28.3069], [-57.4064, -28.307], [-57.4065, -28.3072], [-57.4065, -28.3076], [-57.4067, -28.3077], [-57.4068, -28.3078], [-57.4068, -28.3094], [-57.4069, -28.3095], [-57.4069, -28.3097], [-57.407, -28.3098], [-57.4071, -28.31], [-57.4071, -28.3105], [-57.4072, -28.3107], [-57.4073, -28.3108], [-57.4074, -28.311], [-57.4076, -28.3111], [-57.4076, -28.3113], [-57.4077, -28.3113], [-57.4078, -28.3114], [-57.4078, -28.3115], [-57.4082, -28.3117], [-57.4083, -28.3118], [-57.4084, -28.312], [-57.4087, -28.312], [-57.4088, -28.3122], [-57.409, -28.3122], [-57.4092, -28.3124], [-57.4094, -28.3124], [-57.4096, -28.3125], [-57.4109, -28.3125], [-57.411, -28.3126], [-57.4112, -28.3126], [-57.4113, -28.3127], [-57.4117, -28.3129], [-57.4118, -28.313], [-57.412, -28.3131], [-57.412, -28.3132], [-57.4121, -28.3133], [-57.4122, -28.3135], [-57.4125, -28.3138], [-57.4125, -28.3141], [-57.4126, -28.3142], [-57.4127, -28.3144], [-57.4127, -28.3145], [-57.4128, -28.3147], [-57.413, -28.3149], [-57.4132, -28.315], [-57.4135, -28.3153], [-57.4138, -28.3156], [-57.414, -28.3156], [-57.4142, -28.3157], [-57.4143, -28.3158], [-57.4145, -28.3159], [-57.415, -28.3159], [-57.4151, -28.316], [-57.4155, -28.3162], [-57.4156, -28.3163], [-57.4158, -28.3164], [-57.4159, -28.3164], [-57.4161, -28.3165], [-57.4163, -28.3165], [-57.4164, -28.3166], [-57.4168, -28.3168], [-57.4169, -28.3169], [-57.4171, -28.317], [-57.4177, -28.3176], [-57.4178, -28.3178], [-57.4188, -28.3188], [-57.419, -28.3189], [-57.4191, -28.3189], [-57.4193, -28.319], [-57.4203, -28.319], [-57.4204, -28.3189], [-57.4208, -28.3187], [-57.4209, -28.3186], [-57.4211, -28.3186], [-57.4212, -28.3184], [-57.4213, -28.3183], [-57.4215, -28.3182], [-57.4223, -28.3182], [-57.4225, -28.3183], [-57.4226, -28.3185], [-57.4226, -28.3192], [-57.4228, -28.3196], [-57.4228, -28.3197], [-57.4229, -28.3199], [-57.4229, -28.32], [-57.423, -28.3202], [-57.423, -28.3209], [-57.4231, -28.3211], [-57.4233, -28.3211], [-57.4233, -28.3212], [-57.4235, -28.3212], [-57.4236, -28.3213], [-57.4238, -28.3214], [-57.4239, -28.3215], [-57.424, -28.3217], [-57.4242, -28.3218], [-57.4244, -28.322], [-57.4248, -28.3222], [-57.4249, -28.3223], [-57.4262, -28.3223], [-57.4265, -28.322], [-57.4269, -28.3218], [-57.4269, -28.3216], [-57.4271, -28.3215], [-57.4273, -28.3213], [-57.4274, -28.3211], [-57.4276, -28.3209], [-57.4277, -28.3207], [-57.4278, -28.3206], [-57.4279, -28.3204], [-57.4279, -28.3201], [-57.4284, -28.3201], [-57.4286, -28.32], [-57.4286, -28.3195], [-57.4288, -28.3195], [-57.4288, -28.319], [-57.429, -28.3191], [-57.4297, -28.3191], [-57.4297, -28.3202], [-57.4298, -28.3203], [-57.4299, -28.3205], [-57.43, -28.3206], [-57.4301, -28.3208], [-57.4303, -28.321], [-57.4303, -28.3216], [-57.4299, -28.3218], [-57.4298, -28.3219], [-57.4296, -28.3219], [-57.4295, -28.322], [-57.4291, -28.3222], [-57.4291, -28.3225], [-57.4292, -28.3227], [-57.4295, -28.3227], [-57.4297, -28.3226], [-57.4299, -28.3224], [-57.4303, -28.3222], [-57.4309, -28.3222], [-57.4311, -28.3223], [-57.4312, -28.3223], [-57.4311, -28.3225], [-57.4311, -28.3228], [-57.4312, -28.3229], [-57.4312, -28.323], [-57.4313, -28.3232], [-57.4313, -28.3248], [-57.4314, -28.3249], [-57.4314, -28.325], [-57.4316, -28.3251], [-57.4319, -28.3251], [-57.4321, -28.3252], [-57.4322, -28.3253], [-57.4327, -28.3253], [-57.4328, -28.3254], [-57.4329, -28.3254], [-57.433, -28.3256], [-57.4331, -28.3257], [-57.4331, -28.3259], [-57.433, -28.326], [-57.433, -28.3263], [-57.4328, -28.3262], [-57.4327, -28.3262], [-57.4325, -28.3263], [-57.4323, -28.3263], [-57.4321, -28.3265], [-57.4322, -28.3267], [-57.4322, -28.3268], [-57.4324, -28.3269], [-57.4325, -28.327], [-57.4327, -28.327], [-57.4328, -28.3271], [-57.433, -28.3271], [-57.4331, -28.3273], [-57.4333, -28.3273], [-57.4334, -28.3275], [-57.4335, -28.3276], [-57.4337, -28.3277], [-57.4338, -28.3278], [-57.434, -28.3279], [-57.4346, -28.3279], [-57.4348, -28.328], [-57.4351, -28.3283], [-57.4353, -28.3284], [-57.4355, -28.3286], [-57.4357, -28.3287], [-57.4358, -28.3288], [-57.436, -28.3289], [-57.4362, -28.3291], [-57.4362, -28.3303], [-57.4363, -28.3304], [-57.4364, -28.3306], [-57.4365, -28.3307], [-57.4366, -28.3309], [-57.4366, -28.331], [-57.4367, -28.3312], [-57.4367, -28.3313], [-57.4368, -28.3315], [-57.4369, -28.3315], [-57.4369, -28.3316], [-57.4371, -28.3317], [-57.4373, -28.3319], [-57.4373, -28.3321], [-57.4374, -28.3323], [-57.4374, -28.3329], [-57.4373, -28.333], [-57.4374, -28.3331], [-57.4374, -28.3334], [-57.4376, -28.3335], [-57.4381, -28.3335], [-57.4382, -28.3334], [-57.4386, -28.3334], [-57.4386, -28.3336], [-57.4387, -28.3336], [-57.4388, -28.3337], [-57.4388, -28.3338], [-57.4389, -28.334], [-57.4391, -28.3341], [-57.4392, -28.3342], [-57.4393, -28.3344], [-57.4393, -28.3347], [-57.4395, -28.3349], [-57.4395, -28.3351], [-57.4397, -28.3352], [-57.4397, -28.3353], [-57.4398, -28.3355], [-57.4399, -28.3356], [-57.44, -28.3358], [-57.4404, -28.3362], [-57.4404, -28.3363], [-57.4406, -28.3364], [-57.4407, -28.3366], [-57.4411, -28.337], [-57.4413, -28.337], [-57.4414, -28.3371], [-57.4418, -28.3373], [-57.4419, -28.3375], [-57.4419, -28.3376], [-57.4423, -28.3378], [-57.4424, -28.3379], [-57.4426, -28.338], [-57.4427, -28.3381], [-57.4429, -28.3382], [-57.443, -28.3383], [-57.4431, -28.3385], [-57.4447, -28.3385], [-57.4448, -28.3383], [-57.4457, -28.3383], [-57.4458, -28.3384], [-57.446, -28.3385], [-57.4461, -28.3387], [-57.4473, -28.3387], [-57.4473, -28.3386], [-57.4481, -28.3386], [-57.4482, -28.3387], [-57.4483, -28.3387], [-57.4484, -28.3388], [-57.4486, -28.3389], [-57.4487, -28.339], [-57.4488, -28.3391], [-57.4489, -28.3393], [-57.449, -28.3394], [-57.4491, -28.3396], [-57.4494, -28.3396], [-57.4495, -28.3398], [-57.4497, -28.3399], [-57.4497, -28.3401], [-57.4498, -28.3402], [-57.4497, -28.3404], [-57.4495, -28.3405], [-57.4495, -28.3406], [-57.4488, -28.3406], [-57.4487, -28.3405], [-57.4486, -28.3403], [-57.4485, -28.3402], [-57.4484, -28.34], [-57.4483, -28.3399], [-57.4481, -28.3398], [-57.4471, -28.3398], [-57.447, -28.3399], [-57.4468, -28.34], [-57.4468, -28.3405], [-57.4469, -28.3406], [-57.4469, -28.3408], [-57.4469, -28.341], [-57.447, -28.3412], [-57.4471, -28.3413], [-57.4473, -28.3414], [-57.4474, -28.3416], [-57.4476, -28.3417], [-57.4477, -28.3418], [-57.4476, -28.3418], [-57.4476, -28.3421], [-57.4477, -28.3422], [-57.4479, -28.3423], [-57.4479, -28.3427], [-57.4481, -28.3428], [-57.4482, -28.3428], [-57.4484, -28.3429], [-57.4485, -28.343], [-57.4487, -28.3431], [-57.4488, -28.3432], [-57.449, -28.3433], [-57.4491, -28.3433], [-57.4493, -28.3434], [-57.4495, -28.3435], [-57.4496, -28.3436], [-57.4498, -28.3437], [-57.4501, -28.3437], [-57.4502, -28.3435], [-57.4503, -28.3434], [-57.4503, -28.343], [-57.4502, -28.343], [-57.4505, -28.3427], [-57.4507, -28.3426], [-57.4509, -28.3426], [-57.451, -28.3425], [-57.4515, -28.3425], [-57.4517, -28.3426], [-57.4517, -28.3429], [-57.452, -28.3429], [-57.4521, -28.343], [-57.4521, -28.3437], [-57.452, -28.3437], [-57.4519, -28.3438], [-57.4519, -28.3444], [-57.452, -28.3444], [-57.4521, -28.3445], [-57.4522, -28.3445], [-57.4523, -28.3443], [-57.4523, -28.3442], [-57.4525, -28.3441], [-57.4528, -28.3441], [-57.453, -28.3441], [-57.4531, -28.344], [-57.4533, -28.3439], [-57.4533, -28.3438], [-57.4535, -28.3437], [-57.4549, -28.3437], [-57.4551, -28.3438], [-57.4552, -28.3438], [-57.4554, -28.344], [-57.4557, -28.344], [-57.4558, -28.3438], [-57.456, -28.3438], [-57.4562, -28.3436], [-57.4562, -28.3435], [-57.4564, -28.3433], [-57.4565, -28.3431], [-57.4566, -28.343], [-57.4567, -28.3428], [-57.4569, -28.3427], [-57.457, -28.3425], [-57.4571, -28.3424], [-57.4571, -28.3423], [-57.4571, -28.3417], [-57.4569, -28.3416], [-57.4564, -28.3416], [-57.4563, -28.3417], [-57.4561, -28.3418], [-57.4559, -28.3418], [-57.4559, -28.3415], [-57.456, -28.3414], [-57.456, -28.3406], [-57.4561, -28.3405], [-57.4561, -28.3403], [-57.4563, -28.3401], [-57.4563, -28.3398], [-57.4562, -28.3396], [-57.456, -28.3394], [-57.4559, -28.3392], [-57.4559, -28.3387], [-57.4561, -28.3386], [-57.4561, -28.3384], [-57.4562, -28.3383], [-57.4562, -28.3377], [-57.4566, -28.3373], [-57.4568, -28.3372], [-57.4578, -28.3372], [-57.4585, -28.3372], [-57.4585, -28.3377], [-57.4596, -28.3377], [-57.4598, -28.3377], [-57.46, -28.3378], [-57.4609, -28.3378], [-57.4613, -28.338], [-57.4614, -28.3381], [-57.4614, -28.3388], [-57.4615, -28.339], [-57.4616, -28.3391], [-57.462, -28.3391], [-57.4621, -28.3392], [-57.4621, -28.3395], [-57.4623, -28.3395], [-57.4625, -28.3396], [-57.4626, -28.3397], [-57.4629, -28.3397], [-57.4631, -28.3398], [-57.4632, -28.3399], [-57.4634, -28.34], [-57.4636, -28.3402], [-57.4637, -28.3404], [-57.4637, -28.3407], [-57.464, -28.3407], [-57.4642, -28.3408], [-57.4643, -28.3409], [-57.4644, -28.3411], [-57.4644, -28.3418], [-57.4646, -28.342], [-57.4647, -28.3422], [-57.4647, -28.3423], [-57.4648, -28.3425], [-57.465, -28.3426], [-57.4651, -28.3426], [-57.4653, -28.3427], [-57.4654, -28.3428], [-57.4653, -28.343], [-57.4653, -28.3431], [-57.4652, -28.3433], [-57.4652, -28.3434], [-57.4651, -28.3435], [-57.4649, -28.3435], [-57.4647, -28.3436], [-57.4646, -28.3437], [-57.4644, -28.3437], [-57.4643, -28.3439], [-57.4638, -28.3439], [-57.4637, -28.3441], [-57.4633, -28.3443], [-57.4625, -28.3443], [-57.4622, -28.344], [-57.462, -28.3439], [-57.4619, -28.3437], [-57.4619, -28.3436], [-57.4617, -28.3435], [-57.4617, -28.3433], [-57.4615, -28.3432], [-57.4615, -28.3429], [-57.4614, -28.3428], [-57.4613, -28.3426], [-57.4613, -28.3425], [-57.4612, -28.3423], [-57.461, -28.3421], [-57.4598, -28.3421], [-57.4596, -28.3423], [-57.4593, -28.3423], [-57.4592, -28.3424], [-57.4592, -28.3426], [-57.459, -28.3426], [-57.459, -28.3429], [-57.4591, -28.343], [-57.4593, -28.3431], [-57.4594, -28.3432], [-57.4597, -28.3432], [-57.4597, -28.3434], [-57.46, -28.3434], [-57.4601, -28.3435], [-57.4603, -28.3436], [-57.4604, -28.3436], [-57.4605, -28.3438], [-57.4606, -28.3439], [-57.4607, -28.3441], [-57.4609, -28.3441], [-57.4611, -28.3443], [-57.4611, -28.3445], [-57.4612, -28.3446], [-57.4612, -28.3448], [-57.4613, -28.3449], [-57.4615, -28.345], [-57.4615, -28.3451], [-57.4617, -28.3453], [-57.4632, -28.3453], [-57.4633, -28.3452], [-57.4634, -28.3452], [-57.4635, -28.3451], [-57.4637, -28.345], [-57.4645, -28.345], [-57.4646, -28.3449], [-57.4648, -28.345], [-57.465, -28.345], [-57.4651, -28.3451], [-57.4656, -28.3451], [-57.4657, -28.3453], [-57.4662, -28.3453], [-57.4664, -28.3454], [-57.4666, -28.3456], [-57.467, -28.3458], [-57.467, -28.3459], [-57.4671, -28.346], [-57.4671, -28.3462], [-57.4673, -28.3463], [-57.4675, -28.3463], [-57.4676, -28.3464], [-57.4679, -28.3464], [-57.468, -28.3465], [-57.4682, -28.3466], [-57.4684, -28.3468], [-57.4687, -28.3468], [-57.4689, -28.3467], [-57.4692, -28.3467], [-57.4692, -28.3466], [-57.47, -28.3466], [-57.4702, -28.3467], [-57.4703, -28.3469], [-57.4705, -28.347], [-57.4705, -28.3471], [-57.4707, -28.3473], [-57.4707, -28.3476], [-57.4706, -28.3477], [-57.4706, -28.3478], [-57.4724, -28.348], [-57.4724, -28.3479], [-57.4725, -28.3478], [-57.4725, -28.3476], [-57.4727, -28.3474], [-57.4727, -28.3471], [-57.4728, -28.3469], [-57.4731, -28.3466], [-57.4737, -28.3466], [-57.4738, -28.3467], [-57.4739, -28.3469], [-57.4742, -28.3469], [-57.4744, -28.3468], [-57.4759, -28.3468], [-57.476, -28.3469], [-57.4764, -28.3471], [-57.4765, -28.3472], [-57.4767, -28.3472], [-57.4768, -28.3473], [-57.4768, -28.3482], [-57.4769, -28.3483], [-57.4783, -28.3484], [-57.4784, -28.3483], [-57.4786, -28.3482], [-57.4788, -28.348], [-57.4787, -28.3479], [-57.4785, -28.3478], [-57.4785, -28.3474], [-57.4787, -28.3473], [-57.4788, -28.3472], [-57.479, -28.3471], [-57.4792, -28.3471], [-57.4793, -28.3473], [-57.4793, -28.3474], [-57.4794, -28.3475], [-57.4801, -28.3475], [-57.4802, -28.3476], [-57.4804, -28.3477], [-57.4805, -28.3478], [-57.4806, -28.348], [-57.4808, -28.348], [-57.481, -28.3481], [-57.4811, -28.348], [-57.4811, -28.3479], [-57.4812, -28.3477], [-57.4813, -28.3477], [-57.4815, -28.3476], [-57.4817, -28.3477], [-57.482, -28.3477], [-57.482, -28.3478], [-57.4822, -28.3479], [-57.4824, -28.3479], [-57.4825, -28.3481], [-57.4825, -28.3482], [-57.4824, -28.3484], [-57.4823, -28.3485], [-57.4823, -28.3487], [-57.4818, -28.3487], [-57.4818, -28.3491], [-57.4811, -28.3491], [-57.481, -28.3492], [-57.4808, -28.3493], [-57.4805, -28.3493], [-57.4805, -28.3495], [-57.4803, -28.3495], [-57.4801, -28.3496], [-57.4801, -28.3497], [-57.48, -28.3499], [-57.48, -28.35], [-57.4799, -28.3501], [-57.4798, -28.3503], [-57.4797, -28.3504], [-57.4795, -28.3505], [-57.4785, -28.3505], [-57.4784, -28.3503], [-57.4779, -28.3503], [-57.4778, -28.3502], [-57.4778, -28.3501], [-57.4777, -28.35], [-57.4775, -28.3499], [-57.4774, -28.3497], [-57.4773, -28.3496], [-57.4773, -28.3494], [-57.4772, -28.3493], [-57.4769, -28.3493], [-57.4768, -28.3494], [-57.4768, -28.3497], [-57.4766, -28.3498], [-57.4766, -28.3501], [-57.4765, -28.3502], [-57.4765, -28.3505], [-57.4764, -28.3506], [-57.4764, -28.3508], [-57.4762, -28.351], [-57.4762, -28.3513], [-57.4763, -28.3513], [-57.4765, -28.3514], [-57.4773, -28.3514], [-57.4775, -28.3513], [-57.4776, -28.3512], [-57.4789, -28.3512], [-57.4791, -28.3514], [-57.4792, -28.3516], [-57.4792, -28.3522], [-57.4794, -28.3523], [-57.4794, -28.3529], [-57.4794, -28.3533], [-57.4793, -28.3534], [-57.4782, -28.3534], [-57.478, -28.3535], [-57.4765, -28.3535], [-57.4766, -28.3536], [-57.4764, -28.3537], [-57.4762, -28.3537], [-57.4762, -28.354], [-57.4761, -28.3541], [-57.4761, -28.3544], [-57.476, -28.3546], [-57.476, -28.3556], [-57.4761, -28.3557], [-57.4761, -28.3558], [-57.4762, -28.356], [-57.4764, -28.3561], [-57.4765, -28.3563], [-57.4766, -28.3564], [-57.4766, -28.3566], [-57.4767, -28.3567], [-57.4769, -28.3568], [-57.4769, -28.3569], [-57.477, -28.3571], [-57.477, -28.3572], [-57.4771, -28.3574], [-57.4771, -28.3577], [-57.4774, -28.358], [-57.4775, -28.3582], [-57.4775, -28.3586], [-57.4777, -28.3587], [-57.478, -28.359], [-57.478, -28.3592], [-57.4781, -28.3593], [-57.4782, -28.3595], [-57.4784, -28.3596], [-57.4785, -28.3598], [-57.4785, -28.3599], [-57.4787, -28.3599], [-57.4787, -28.3616], [-57.4785, -28.3616], [-57.4784, -28.3617], [-57.4784, -28.362], [-57.4782, -28.3621], [-57.4782, -28.3628], [-57.4784, -28.3629], [-57.4785, -28.3629], [-57.4786, -28.363], [-57.4786, -28.3633], [-57.4785, -28.3635], [-57.4784, -28.3636], [-57.4782, -28.3637], [-57.4782, -28.3644], [-57.4784, -28.3645], [-57.4785, -28.3647], [-57.4786, -28.3647], [-57.4788, -28.3649], [-57.479, -28.3649], [-57.4791, -28.365], [-57.4793, -28.365], [-57.4795, -28.3651], [-57.4796, -28.3651], [-57.4798, -28.3652], [-57.4799, -28.3652], [-57.4802, -28.3655], [-57.4804, -28.3656], [-57.4805, -28.3657], [-57.4806, -28.3659], [-57.4808, -28.366], [-57.4809, -28.366], [-57.4811, -28.3661], [-57.4812, -28.3662], [-57.4813, -28.3664], [-57.4814, -28.3665], [-57.4814, -28.3667], [-57.4816, -28.3669], [-57.4817, -28.3671], [-57.4818, -28.3672], [-57.4822, -28.3674], [-57.4822, -28.3677], [-57.4823, -28.3679], [-57.4824, -28.368], [-57.4824, -28.3684], [-57.4826, -28.3686], [-57.4832, -28.3686], [-57.4834, -28.3685], [-57.4835, -28.3684], [-57.4837, -28.3684], [-57.4838, -28.3685], [-57.484, -28.3685], [-57.4842, -28.3686], [-57.4843, -28.3687], [-57.4845, -28.3687], [-57.4847, -28.3688], [-57.485, -28.3688], [-57.4851, -28.3689], [-57.4856, -28.3689], [-57.4858, -28.369], [-57.486, -28.369], [-57.4861, -28.3691], [-57.4863, -28.3692], [-57.4864, -28.3693], [-57.4866, -28.3694], [-57.4867, -28.3695], [-57.4869, -28.3696], [-57.4869, -28.3697], [-57.4871, -28.3697], [-57.4872, -28.3699], [-57.4874, -28.37], [-57.4874, -28.3702], [-57.4875, -28.3703], [-57.4879, -28.3705], [-57.488, -28.3705], [-57.4882, -28.3706], [-57.4883, -28.3707], [-57.4887, -28.3707], [-57.4888, -28.3709], [-57.4889, -28.3709], [-57.489, -28.3711], [-57.4892, -28.3712], [-57.4892, -28.3713], [-57.4893, -28.3715], [-57.4893, -28.3723], [-57.4894, -28.3725], [-57.4897, -28.3725], [-57.4899, -28.3726], [-57.4902, -28.3726], [-57.4903, -28.3728], [-57.4903, -28.3729], [-57.4905, -28.373], [-57.4911, -28.373], [-57.4912, -28.3732], [-57.4912, -28.3733], [-57.4913, -28.3735], [-57.4914, -28.3736], [-57.4931, -28.3736], [-57.4931, -28.3741], [-57.4933, -28.3742], [-57.4936, -28.3742], [-57.4938, -28.3743], [-57.4941, -28.3743], [-57.4943, -28.3744], [-57.4945, -28.3744], [-57.4946, -28.3743], [-57.4954, -28.3743], [-57.4955, -28.3744], [-57.496, -28.3744], [-57.4962, -28.3745], [-57.4963, -28.3745], [-57.4965, -28.3746], [-57.4973, -28.3746], [-57.4975, -28.3745], [-57.4985, -28.3745], [-57.4986, -28.3746], [-57.4988, -28.3747], [-57.4989, -28.3747], [-57.499, -28.3749], [-57.4992, -28.3749], [-57.4993, -28.375], [-57.5005, -28.375], [-57.5007, -28.3749], [-57.5008, -28.3748], [-57.501, -28.3748], [-57.5012, -28.3747], [-57.5013, -28.3747], [-57.5015, -28.3746], [-57.5016, -28.3745], [-57.502, -28.3743], [-57.5021, -28.3743], [-57.5023, -28.3742], [-57.5024, -28.3741], [-57.5026, -28.374], [-57.5027, -28.374], [-57.5029, -28.3739], [-57.503, -28.3739], [-57.5032, -28.3738], [-57.5034, -28.3738], [-57.5035, -28.3737], [-57.5056, -28.3737], [-57.5058, -28.3738], [-57.5062, -28.3738], [-57.5064, -28.374], [-57.5068, -28.3742], [-57.5068, -28.3743], [-57.5069, -28.3744], [-57.5069, -28.3748], [-57.507, -28.375], [-57.5071, -28.3751], [-57.5075, -28.3753], [-57.5088626, -28.3747734], [-57.5092489, -28.3747734], [-57.5096726, -28.3747451], [-57.5099194, -28.3746507], [-57.5100696, -28.3745751], [-57.5102091, -28.374476], [-57.5104022, -28.3743863], [-57.5106168, -28.3742164], [-57.5108957, -28.3739899], [-57.5112873, -28.373768], [-57.511797, -28.3734943], [-57.5121993, -28.3732252], [-57.5125104, -28.3731686], [-57.512784, -28.3731733], [-57.5130844, -28.3731497], [-57.5133956, -28.3731686], [-57.5136906, -28.3731733], [-57.5138891, -28.3732441], [-57.5141144, -28.3734895], [-57.5143075, -28.3736831], [-57.5145489, -28.3738907], [-57.514801, -28.3740559], [-57.515021, -28.374122], [-57.5152355, -28.3742023], [-57.5154769, -28.3742306], [-57.515654, -28.3742589], [-57.5158256, -28.3742825], [-57.516008, -28.3742967], [-57.516126, -28.3742919], [-57.5162441, -28.3743108], [-57.5164264, -28.3743344], [-57.5165981, -28.3743627], [-57.5167322, -28.3743486], [-57.5168449, -28.3743439], [-57.5170273, -28.3743722], [-57.5173116, -28.3743439], [-57.5175905, -28.3743155], [-57.5183, -28.3746], [-57.5184032, -28.3746601], [-57.5185803, -28.3748631], [-57.51865, -28.3750589], [-57.5187305, -28.3752525], [-57.5188297, -28.3756088], [-57.5189343, -28.3758212], [-57.519, -28.3766], [-57.5189263, -28.3769752], [-57.5188968, -28.3772348], [-57.5191167, -28.3775439], [-57.5193179, -28.3778484], [-57.5194278, -28.377964], [-57.519578, -28.3780395], [-57.5197336, -28.3781386], [-57.5198543, -28.3781552], [-57.520026, -28.3782], [-57.5202969, -28.3782236], [-57.5205436, -28.3782802], [-57.5207233, -28.3783321], [-57.5208682, -28.3784124], [-57.5210184, -28.3785115], [-57.5211605, -28.3786035], [-57.5213161, -28.3786956], [-57.5215441, -28.3788041], [-57.5217319, -28.378882], [-57.5219089, -28.3789622], [-57.522102, -28.3790401], [-57.5222629, -28.3791251], [-57.5224507, -28.3792077], [-57.5226277, -28.3793374], [-57.5227672, -28.3794366], [-57.5230032, -28.3794956], [-57.5231829, -28.3795687], [-57.5233707, -28.379623], [-57.5235772, -28.3796843], [-57.5237194, -28.3797504], [-57.5238723, -28.3797976], [-57.5240171, -28.3798377], [-57.5241941, -28.3798637], [-57.5243658, -28.3798779], [-57.5245804, -28.3798826], [-57.5247735, -28.379859], [-57.5252804, -28.3797835], [-57.5259215, -28.3798047], [-57.5264016, -28.3798637], [-57.5268093, -28.379977], [-57.5272143, -28.3800737], [-57.5279036, -28.38022], [-57.528196, -28.380364], [-57.5283837, -28.3805315], [-57.5285286, -28.3806354], [-57.5286707, -28.3807274], [-57.5288531, -28.3808265], [-57.5290436, -28.3809563], [-57.5291723, -28.3811427], [-57.5293145, -28.3813221], [-57.5293976, -28.3814589], [-57.5296368, -28.3815631], [-57.5297904, -28.381623], [-57.5299464, -28.3816726], [-57.5301, -28.3817], [-57.5302, -28.3817], [-57.5303, -28.3818], [-57.530449, -28.3819545], [-57.5305644, -28.38203], [-57.5306, -28.3821], [-57.5310016, -28.3830306], [-57.5310579, -28.3832241], [-57.5311384, -28.3833893], [-57.5312349, -28.3835238], [-57.5313154, -28.3836842], [-57.5314066, -28.3838069], [-57.5315246, -28.3839226], [-57.5316346, -28.3840075], [-57.5316963, -28.3840665], [-57.5317982, -28.3841467], [-57.5319806, -28.3842718], [-57.532222, -28.3844087], [-57.5323963, -28.384529], [-57.5325948, -28.3846564], [-57.5328791, -28.384798], [-57.533091, -28.384916], [-57.5334692, -28.3851072], [-57.5337642, -28.3852771], [-57.5339681, -28.3853903], [-57.5342041, -28.3855555], [-57.5344576, -28.3857525], [-57.5346521, -28.3859283], [-57.5347942, -28.3860168], [-57.5350383, -28.3861891], [-57.5351885, -28.386287], [-57.5353, -28.3864], [-57.5354272, -28.3864652], [-57.535796, -28.3866563], [-57.5359248, -28.3867224], [-57.53626, -28.3868592], [-57.5363754, -28.3869407], [-57.5365457, -28.3870598], [-57.5366838, -28.3871448], [-57.5369601, -28.3873442], [-57.5371036, -28.3874586], [-57.537223, -28.3875825], [-57.5373, -28.3877], [-57.537577, -28.3878951], [-57.5377192, -28.3881099], [-57.5378372, -28.3883187], [-57.5379083, -28.3885547], [-57.5380142, -28.3887505], [-57.5383, -28.3892], [-57.5384125, -28.389377], [-57.5385, -28.3895], [-57.5387237, -28.3897109], [-57.5388102, -28.3897858]], [[-57.4099, -28.0355], [-57.4091, -28.0342], [-57.4082, -28.0318], [-57.4065, -28.0321], [-57.4037, -28.0217], [-57.4008, -28.0108], [-57.3989, -28.0038], [-57.3975, -28.0039], [-57.3924, -28.0042], [-57.3931, -28.0181], [-57.3932, -28.0197], [-57.3931, -28.0213], [-57.4005, -28.0335], [-57.4018, -28.0401], [-57.402, -28.0407], [-57.4032, -28.0467], [-57.4048, -28.0464], [-57.4083, -28.0455], [-57.4095, -28.0453], [-57.4099, -28.0355]], [[-57.3364, -27.9341], [-57.3242, -27.9222], [-57.2971, -27.9165], [-57.2972, -27.9185], [-57.2978, -27.9287], [-57.3098, -27.932], [-57.3311, -27.948], [-57.3364, -27.9341]]], [[[-57.6572671, -28.3587277], [-57.6564, -28.3594], [-57.6488, -28.3493], [-57.6505, -28.3473], [-57.6545, -28.3484], [-57.6585, -28.3496], [-57.6629, -28.3463], [-57.6629, -28.3462], [-57.6617, -28.3455], [-57.6607, -28.3449], [-57.6559, -28.3418], [-57.6557, -28.3417], [-57.6543, -28.3409], [-57.6541, -28.3407], [-57.6535, -28.3404], [-57.6528, -28.3399], [-57.6522, -28.3395], [-57.6516, -28.3392], [-57.6473, -28.343], [-57.6471, -28.3431], [-57.6466, -28.3436], [-57.6438, -28.346], [-57.6434, -28.3464], [-57.6432, -28.3465], [-57.6429, -28.3468], [-57.642, -28.3476], [-57.6426, -28.3484], [-57.6437, -28.3497], [-57.6439, -28.3501], [-57.6447, -28.3511], [-57.6452, -28.3518], [-57.6467, -28.3538], [-57.6474, -28.3547], [-57.6476, -28.355], [-57.6441, -28.357], [-57.6345, -28.3624], [-57.6328, -28.3634], [-57.6311, -28.3643], [-57.6325, -28.3674], [-57.6405, -28.3845], [-57.6436571, -28.391274], [-57.6458429, -28.3908354], [-57.6464, -28.3907], [-57.65, -28.39], [-57.6617, -28.3876], [-57.6627, -28.3874], [-57.6659, -28.3867], [-57.6671, -28.3865], [-57.6684, -28.3862], [-57.6687, -28.3861], [-57.6686, -28.3857], [-57.6662, -28.3714], [-57.6652, -28.3684], [-57.6622, -28.3622], [-57.6585, -28.3591], [-57.6581, -28.359], [-57.6572671, -28.3587277]]], [[[-57.7068, -28.3981], [-57.7057, -28.3987], [-57.7053, -28.3989], [-57.7032, -28.3999], [-57.703198, -28.3999925], [-57.704, -28.4012], [-57.7046, -28.4022], [-57.7022, -28.4048], [-57.6738, -28.4056], [-57.6738, -28.4036], [-57.6712, -28.4036], [-57.6712, -28.4038], [-57.6711, -28.4038], [-57.6712, -28.4039], [-57.6714, -28.4077], [-57.6708, -28.4077], [-57.6688, -28.4078], [-57.6686, -28.4028], [-57.6502, -28.4033], [-57.6509, -28.4037], [-57.6508, -28.4038], [-57.6531, -28.4081], [-57.6501, -28.4105], [-57.6494, -28.411], [-57.649, -28.4114], [-57.6444, -28.4151], [-57.6421, -28.4169], [-57.642, -28.422], [-57.6417, -28.4325], [-57.6442, -28.4357], [-57.6509, -28.4446], [-57.6573, -28.4492], [-57.6725, -28.4602], [-57.6732, -28.4607], [-57.6732, -28.4599], [-57.6741, -28.4429], [-57.6745, -28.4349], [-57.6783, -28.4384], [-57.6895, -28.4491], [-57.6899, -28.4511], [-57.6918, -28.4591], [-57.6919, -28.4594], [-57.6897, -28.4677], [-57.694, -28.4683], [-57.6941, -28.4686], [-57.6949, -28.4721], [-57.6966, -28.4793], [-57.6967, -28.4798], [-57.6985, -28.4875], [-57.7114, -28.5017], [-57.717, -28.5077], [-57.7151, -28.5083], [-57.7176, -28.5179], [-57.7177, -28.5178], [-57.7369, -28.5153], [-57.7497, -28.5135], [-57.7584, -28.5124], [-57.7647, -28.5098], [-57.7646067, -28.50979], [-57.7639, -28.5058], [-57.7627, -28.4991], [-57.7614, -28.4912], [-57.7609, -28.4889], [-57.7588, -28.4767], [-57.7545, -28.4663], [-57.7552, -28.4654], [-57.7553, -28.4653], [-57.7622, -28.4731], [-57.772, -28.4786], [-57.7796, -28.4829], [-57.7894, -28.4834], [-57.7899, -28.4834], [-57.7915, -28.4835], [-57.7996, -28.489], [-57.8013, -28.4869], [-57.8011273, -28.4867596], [-57.8006255, -28.4863646], [-57.7993, -28.4853], [-57.7973, -28.4857], [-57.7959, -28.4836], [-57.795, -28.4827], [-57.7904, -28.4832], [-57.7898, -28.4832], [-57.7897, -28.4831], [-57.7888, -28.4825], [-57.7815, -28.4802], [-57.7774, -28.4789], [-57.7764, -28.48], [-57.7752, -28.4794], [-57.7759, -28.4781], [-57.7717, -28.4748], [-57.7665, -28.4741], [-57.7645, -28.4734], [-57.7658, -28.468], [-57.7658, -28.4679], [-57.7655, -28.4639], [-57.7562, -28.4603], [-57.7572, -28.4543], [-57.7554, -28.4523], [-57.751, -28.4517], [-57.7422, -28.4454], [-57.7349, -28.4417], [-57.7348, -28.4417], [-57.7283, -28.4415], [-57.7174, -28.4389], [-57.7071, -28.4371], [-57.6988, -28.4298], [-57.6971, -28.4309], [-57.6931, -28.4266], [-57.6925, -28.4208], [-57.6939, -28.4201], [-57.6999, -28.4203], [-57.7067, -28.3984], [-57.7068, -28.3981]]], [[[-57.6094, -28.5055], [-57.6091, -28.5052], [-57.6043, -28.5005], [-57.6038, -28.4991], [-57.6037, -28.4988], [-57.6031, -28.4974], [-57.6023, -28.4951], [-57.6001, -28.4935], [-57.5984, -28.4923], [-57.5945, -28.4894], [-57.5943, -28.4892], [-57.5941, -28.4891], [-57.592, -28.4874], [-57.5911, -28.4867], [-57.591, -28.4866], [-57.5885, -28.4846], [-57.5878, -28.4842], [-57.5875, -28.484], [-57.5873, -28.4839], [-57.5858, -28.483], [-57.5857, -28.4829], [-57.5852, -28.4826], [-57.5837, -28.48], [-57.5838, -28.4796], [-57.5841, -28.4786], [-57.5845, -28.4769], [-57.5845, -28.4768], [-57.5848, -28.4758], [-57.5848335, -28.4755808], [-57.5850964, -28.474864], [-57.5856, -28.4728], [-57.5842, -28.4686], [-57.5841, -28.4685], [-57.5838, -28.4674], [-57.5837, -28.4671], [-57.5828, -28.4646], [-57.5818, -28.4653], [-57.5806, -28.4661], [-57.5805, -28.4661], [-57.5797, -28.4666], [-57.5788, -28.4672], [-57.5786, -28.4673], [-57.5782, -28.4676], [-57.5791, -28.4703], [-57.5794, -28.4713], [-57.5769, -28.4722], [-57.5753, -28.4726], [-57.5753, -28.4725], [-57.5751, -28.4724], [-57.5734, -28.4711], [-57.5703, -28.4687], [-57.569903, -28.4683028], [-57.5684, -28.4672], [-57.5683, -28.4671], [-57.5677, -28.4667], [-57.5671, -28.4662], [-57.5641, -28.4639], [-57.558, -28.4703], [-57.5443, -28.4848], [-57.5462, -28.4873], [-57.5473, -28.4889], [-57.5483, -28.4903], [-57.554, -28.498], [-57.5558, -28.5005], [-57.5748, -28.5085], [-57.5759, -28.509], [-57.579, -28.5089], [-57.5805, -28.5094], [-57.5806, -28.5095], [-57.5807, -28.5095], [-57.5841, -28.5091], [-57.5857, -28.5089], [-57.5883, -28.5086], [-57.5891, -28.5085], [-57.5896, -28.5085], [-57.5926, -28.5082], [-57.5929, -28.5081], [-57.5951, -28.5078], [-57.6, -28.507], [-57.6014, -28.5068], [-57.6022, -28.5066], [-57.6051, -28.5062], [-57.6053, -28.5061], [-57.6094, -28.5055]]], [[[-57.2041798, -28.7000929], [-57.2031905, -28.6859714], [-57.2001006, -28.6742246], [-57.1990706, -28.6569031], [-57.2013022, -28.6486179], [-57.2028471, -28.6383734], [-57.2052504, -28.6344562], [-57.2097136, -28.6352095], [-57.2110869, -28.6329495], [-57.1997572, -28.6273746], [-57.1980406, -28.6221008], [-57.2028471, -28.618183], [-57.2014738, -28.6166761], [-57.1922041, -28.6124566], [-57.1932341, -28.5996465], [-57.1934058, -28.5943713], [-57.1889426, -28.5830664], [-57.1822478, -28.580956], [-57.18025, -28.5765], [-57.18175, -28.57575], [-57.18225, -28.57575], [-57.18625, -28.5735], [-57.1865, -28.57325], [-57.1878675, -28.5702276], [-57.188363, -28.5687854], [-57.1894106, -28.5676042], [-57.1891982, -28.5659133], [-57.1893256, -28.5627676], [-57.1900759, -28.5620961], [-57.1911802, -28.5619469], [-57.1925, -28.561], [-57.193, -28.56075], [-57.1934736, -28.5588508], [-57.1941956, -28.5573214], [-57.194323, -28.5544988], [-57.1945778, -28.5532677], [-57.19575, -28.5525], [-57.196, -28.55225], [-57.195682, -28.5507807], [-57.1943513, -28.5482812], [-57.1941912, -28.548058], [-57.1942467, -28.5476747], [-57.1944836, -28.547191], [-57.1947224, -28.5467704], [-57.194902, -28.5463757], [-57.19494, -28.5461582], [-57.1950264, -28.5460835], [-57.1953615, -28.5463175], [-57.1954877, -28.5464057], [-57.1955791, -28.5464511], [-57.1960444, -28.5466822], [-57.1967011, -28.5470061], [-57.1968791, -28.5470939], [-57.1969218, -28.5471149], [-57.1988106, -28.5484054], [-57.1993296, -28.548783], [-57.2001244, -28.549435], [-57.2014142, -28.5506565], [-57.2012, -28.5508], [-57.2008, -28.5511], [-57.199, -28.5524], [-57.1976, -28.5531], [-57.1974, -28.5539], [-57.1984, -28.5549], [-57.1991, -28.5543], [-57.1996, -28.5547], [-57.2008, -28.5558], [-57.2009, -28.5559], [-57.2055, -28.5602], [-57.2022, -28.5661], [-57.2017, -28.5671], [-57.2011, -28.568], [-57.1952, -28.5875], [-57.1978, -28.5944], [-57.1993, -28.5983], [-57.2016, -28.6012], [-57.2116, -28.6135], [-57.2138, -28.6253], [-57.2155, -28.6346], [-57.2116, -28.6595], [-57.2116, -28.6652], [-57.2114, -28.6947], [-57.2441983, -28.6859006], [-57.2442, -28.686], [-57.2558, -28.6911], [-57.2751, -28.6998], [-57.2736, -28.7183], [-57.2695874, -28.7213146], [-57.2685313, -28.7207945], [-57.2668362, -28.7197407], [-57.2652912, -28.7193455], [-57.2643364, -28.7189127], [-57.2638536, -28.7185175], [-57.2631026, -28.7180471], [-57.2622442, -28.7175578], [-57.2612572, -28.7171814], [-57.2603989, -28.7168992], [-57.2594118, -28.7160335], [-57.2581029, -28.7157701], [-57.2570515, -28.7154313], [-57.2556567, -28.7153372], [-57.2547341, -28.7152055], [-57.2540474, -28.7152808], [-57.2526098, -28.7155066], [-57.2517944, -28.7152243], [-57.2509361, -28.7145657], [-57.2502279, -28.7140764], [-57.2495198, -28.7139823], [-57.2483182, -28.7142269], [-57.2475028, -28.7139823], [-57.2467303, -28.7138882], [-57.2450996, -28.7137188], [-57.2441769, -28.7140199], [-57.243619, -28.7139634], [-57.2429109, -28.7137564], [-57.2421599, -28.7132671], [-57.2415161, -28.712759], [-57.2406149, -28.7121004], [-57.2399068, -28.7113099], [-57.239542, -28.7106136], [-57.2393275, -28.7096162], [-57.2392631, -28.7093903], [-57.2389627, -28.7087693], [-57.2382331, -28.7083929], [-57.2373533, -28.7081294], [-57.2367096, -28.7080541], [-57.2361946, -28.7080165], [-57.2353363, -28.7078283], [-57.234993, -28.7071884], [-57.2350145, -28.706492], [-57.2352934, -28.7058333], [-57.2362161, -28.7054005], [-57.2369027, -28.7050805], [-57.2373963, -28.704817], [-57.2382975, -28.7042148], [-57.2384691, -28.7035937], [-57.2384262, -28.7030479], [-57.2378683, -28.7025209], [-57.23701, -28.7020315], [-57.236023, -28.7016363], [-57.2345638, -28.7013351], [-57.2330404, -28.7012222], [-57.2319246, -28.7011093], [-57.230959, -28.7011093], [-57.2301865, -28.701354], [-57.2294784, -28.7016363], [-57.2286737, -28.7022009], [-57.2276759, -28.7029161], [-57.2269893, -28.7035937], [-57.2260237, -28.7041865], [-57.2254229, -28.7047417], [-57.2245967, -28.7050899], [-57.2238672, -28.7051652], [-57.2232556, -28.7055416], [-57.2229874, -28.7059274], [-57.2226763, -28.706078], [-57.2220433, -28.7061156], [-57.2215819, -28.7061345], [-57.2212386, -28.7062474], [-57.2210026, -28.7063979], [-57.2206807, -28.7067367], [-57.2206056, -28.7070943], [-57.2205842, -28.7072731], [-57.2205091, -28.7075836], [-57.2203267, -28.7079977], [-57.2199726, -28.7083458], [-57.2194255, -28.7084117], [-57.2189319, -28.7084305], [-57.2185135, -28.708534], [-57.217741, -28.7089481], [-57.2173011, -28.7091645], [-57.2170329, -28.7089575], [-57.2166789, -28.7089198], [-57.2160351, -28.709061], [-57.2157562, -28.7093903], [-57.2155094, -28.7097103], [-57.2150803, -28.7100867], [-57.2145546, -28.7104537], [-57.2142863, -28.7110465], [-57.213589, -28.7116487], [-57.2126877, -28.7123074], [-57.2115719, -28.712919], [-57.2105205, -28.7133518], [-57.2084313, -28.7143725], [-57.2076452, -28.7142269], [-57.2068191, -28.7133895], [-57.2063685, -28.7128814], [-57.2061646, -28.7119969], [-57.2056818, -28.7110088], [-57.2054029, -28.7104913], [-57.2050059, -28.7100208], [-57.2049308, -28.7092116], [-57.2052312, -28.7085434], [-57.2053921, -28.7080824], [-57.2053921, -28.7078001], [-57.2053117, -28.7074378], [-57.2052205, -28.7072119], [-57.2051239, -28.7067744], [-57.204963, -28.7065391], [-57.2047752, -28.7064591], [-57.2046518, -28.7062521], [-57.2045982, -28.7060357], [-57.2048503, -28.7060215], [-57.2049952, -28.7060498], [-57.2051507, -28.7059321], [-57.2052634, -28.7055699], [-57.2051776, -28.7053064], [-57.2048932, -28.7048876], [-57.2046357, -28.7044312], [-57.2044104, -28.7037442], [-57.2042173, -28.7032643], [-57.20411, -28.7029538], [-57.2042173, -28.7025162], [-57.2042204, -28.7022341], [-57.2042817, -28.7020221], [-57.2044212, -28.7018339], [-57.2045875, -28.7016457], [-57.2045875, -28.7013399], [-57.2044855, -28.7012316], [-57.2044426, -28.7010975], [-57.2044829, -28.7009587], [-57.2045445, -28.7008834], [-57.2044802, -28.7006717], [-57.2044212, -28.7007258], [-57.204338, -28.7007752], [-57.2042441, -28.700754], [-57.2041851, -28.7007188], [-57.2041208, -28.7006317], [-57.2041583, -28.7004435], [-57.2041932, -28.7003776], [-57.2041744, -28.7003], [-57.2041798, -28.7000929]]], [[[-57.4287785, -28.6892259], [-57.4287, -28.6899], [-57.4267, -28.7039], [-57.4262, -28.708], [-57.4226161, -28.7238888], [-57.4225913, -28.7239976], [-57.43, -28.7257], [-57.4338, -28.7037], [-57.4339, -28.7028], [-57.4343, -28.6914], [-57.4344, -28.6903], [-57.4344, -28.6894], [-57.4349536, -28.6776247], [-57.4356, -28.6638], [-57.4354, -28.6638], [-57.4352, -28.6639], [-57.4349, -28.6639], [-57.4294, -28.6595], [-57.4234, -28.6546], [-57.421, -28.6523], [-57.4213, -28.6379], [-57.4236, -28.6378], [-57.4282, -28.6377], [-57.4403, -28.6377], [-57.4395, -28.6401], [-57.4403, -28.6463], [-57.4397, -28.6494], [-57.439, -28.6533], [-57.4395, -28.6545], [-57.4399, -28.6554], [-57.4398, -28.6613], [-57.4488, -28.6613], [-57.4491, -28.6554], [-57.4492, -28.6554], [-57.4493, -28.6549], [-57.4494, -28.6529], [-57.4495, -28.6502], [-57.4495, -28.6489], [-57.4752, -28.6488], [-57.4806, -28.6487977], [-57.4806, -28.6478], [-57.4817, -28.6478], [-57.4818, -28.6426], [-57.4819, -28.6418], [-57.4819, -28.637], [-57.482, -28.6316], [-57.4820137, -28.6272472], [-57.4816996, -28.6270321], [-57.4801254, -28.6276239], [-57.478838, -28.6279818], [-57.4782586, -28.6283585], [-57.4773145, -28.628302], [-57.476719, -28.6283443], [-57.4764937, -28.6284715], [-57.4762523, -28.6285939], [-57.4759358, -28.6286787], [-57.4757266, -28.628834], [-57.4755818, -28.6290224], [-57.4755067, -28.6291589], [-57.4753779, -28.629319], [-57.4750346, -28.6293331], [-57.4747074, -28.629352], [-57.4742353, -28.6292766], [-57.473731, -28.6292578], [-57.4731946, -28.6292578], [-57.4724543, -28.6293708], [-57.4719876, -28.6293755], [-57.471478, -28.6294179], [-57.4709952, -28.6293897], [-57.470212, -28.6294744], [-57.4695951, -28.6294179], [-57.4689299, -28.6295168], [-57.4684739, -28.6294885], [-57.4677873, -28.6293661], [-57.4673313, -28.6294932], [-57.4666983, -28.6295874], [-57.4660277, -28.6297193], [-57.4652982, -28.6298087], [-57.4644291, -28.6298511], [-57.4633402, -28.6298605], [-57.4624229, -28.6298087], [-57.4614036, -28.6300112], [-57.4601215, -28.63003], [-57.4594027, -28.6302843], [-57.4589199, -28.6305009], [-57.4581689, -28.6309246], [-57.4573696, -28.6311318], [-57.455948, -28.6311789], [-57.4548858, -28.6311271], [-57.4539256, -28.6311083], [-57.4534643, -28.6312589], [-57.4526113, -28.6312118], [-57.452268, -28.6309293], [-57.4517369, -28.6310047], [-57.451, -28.6311], [-57.4492, -28.6313], [-57.4474, -28.6316], [-57.4469, -28.6316], [-57.441, -28.6306], [-57.4391, -28.625], [-57.4281, -28.622], [-57.4174, -28.6204], [-57.4141, -28.6199], [-57.4087, -28.6205], [-57.4026, -28.6164], [-57.3929, -28.617], [-57.3852, -28.6175], [-57.3736, -28.6146], [-57.3701, -28.6124], [-57.3578, -28.6126], [-57.3565, -28.6125], [-57.3495, -28.6119], [-57.3459, -28.6116], [-57.3416, -28.6124], [-57.3389, -28.612], [-57.3239, -28.6096], [-57.319, -28.6088], [-57.312, -28.6061], [-57.3052, -28.6037], [-57.2887, -28.5953], [-57.2817, -28.5941], [-57.2762, -28.5914], [-57.273, -28.5905], [-57.2727, -28.5903], [-57.2674, -28.5867], [-57.2592, -28.5827], [-57.2551, -28.5791], [-57.2463, -28.5758], [-57.2397, -28.5708], [-57.237, -28.5702], [-57.2357499, -28.5688978], [-57.2346, -28.5677], [-57.2309, -28.5637], [-57.2305, -28.5633], [-57.2263, -28.5593], [-57.2149, -28.5506], [-57.2146, -28.5504], [-57.2139, -28.5501], [-57.2133, -28.5498], [-57.2132, -28.5497], [-57.2128, -28.5495], [-57.2125, -28.5494], [-57.2123651, -28.5492929], [-57.2123073, -28.5490565], [-57.2122344, -28.5490487], [-57.2121473, -28.5490016], [-57.2121164, -28.5489533], [-57.2121044, -28.5489062], [-57.2121164, -28.5488473], [-57.212103, -28.5488178], [-57.2120306, -28.5487896], [-57.2119313, -28.5487177], [-57.2118321, -28.5486517], [-57.2117436, -28.5485834], [-57.2115419, -28.5484787], [-57.2112204, -28.548235], [-57.2099796, -28.5471071], [-57.2088391, -28.5463442], [-57.2084435, -28.5461906], [-57.2085, -28.5469], [-57.2086, -28.5473], [-57.2086, -28.5489], [-57.2035249, -28.5526319], [-57.2082106, -28.5570756], [-57.2137834, -28.5623433], [-57.216526, -28.564905], [-57.2195969, -28.567848], [-57.2254705, -28.5733745], [-57.2350222, -28.5823691], [-57.2361561, -28.5834339], [-57.2385503, -28.5854759], [-57.2401774, -28.5869042], [-57.2423074, -28.5886986], [-57.2444622, -28.5905638], [-57.2467845, -28.5926145], [-57.2474848, -28.5932633], [-57.2488779, -28.5945541], [-57.2545944, -28.599922], [-57.2579219, -28.6029875], [-57.2739843, -28.6180328], [-57.2820707, -28.6255883], [-57.2893507, -28.6324314], [-57.2897714, -28.6328252], [-57.3035, -28.645677], [-57.3103912, -28.6521361], [-57.3158424, -28.6572858], [-57.3167749, -28.6581667], [-57.317428, -28.6587892], [-57.3181292, -28.6593722], [-57.3184556, -28.6596034], [-57.3188563, -28.6598872], [-57.3196664, -28.6603095], [-57.3203637, -28.6606827], [-57.3212407, -28.6610687], [-57.3225786, -28.6616826], [-57.3231116, -28.6618618], [-57.3236521, -28.6619925], [-57.3247338, -28.6621956], [-57.3270526, -28.6624013], [-57.3378787, -28.6634633], [-57.3438834, -28.6640016], [-57.3498843, -28.6646057], [-57.3522857, -28.6648474], [-57.3605448, -28.6656361], [-57.3627593, -28.6659562], [-57.3637643, -28.6662033], [-57.3647264, -28.6666763], [-57.3670712, -28.6680593], [-57.3702406, -28.6701169], [-57.3794939, -28.6760203], [-57.3860471, -28.6802197], [-57.3936331, -28.6850543], [-57.3947795, -28.6857628], [-57.396017, -28.6863], [-57.3969055, -28.6865719], [-57.3978799, -28.6867685], [-57.4001205, -28.6869628], [-57.4162087, -28.6882198], [-57.4279523, -28.6891776], [-57.4287785, -28.6892259]]], [[[-56.9949854, -27.9655968], [-57.0097622, -27.9588661], [-57.040317, -27.9444387], [-57.0473, -27.9412], [-57.0453, -27.9339], [-57.0389, -27.9106], [-57.0383, -27.9083], [-57.0358, -27.8995], [-57.0282, -27.901], [-57.0235, -27.8832], [-57.0232, -27.8821], [-56.987, -27.889], [-56.9842005, -27.8733987], [-56.981, -27.8741], [-56.973, -27.8759], [-56.9693, -27.8768], [-56.9672, -27.8773], [-56.9644, -27.8813], [-56.9646, -27.8812], [-56.9781, -27.878], [-56.977, -27.8868], [-56.9763, -27.8927], [-56.9759, -27.8953], [-56.9652, -27.8979], [-56.9634, -27.8983], [-56.9597, -27.891], [-56.9134, -27.9019], [-56.911, -27.894], [-56.9038, -27.8957], [-56.9011, -27.887], [-56.8935, -27.8618], [-56.8926, -27.862], [-56.8923, -27.862], [-56.8767864, -27.8651027], [-56.8767358, -27.8651129], [-56.8693, -27.8666], [-56.8561, -27.8472], [-56.861, -27.8324], [-56.861, -27.8323], [-56.8388, -27.8127], [-56.8343, -27.8155], [-56.8298, -27.8227], [-56.8129, -27.8295], [-56.8096, -27.8382], [-56.8166, -27.8566], [-56.815, -27.8626], [-56.8203, -27.8778], [-56.8137, -27.8803], [-56.8261, -27.8947], [-56.8217, -27.9043], [-56.821, -27.9175], [-56.8189, -27.9254], [-56.8236, -27.9351], [-56.8271, -27.9359], [-56.8322, -27.9232], [-56.8329, -27.902], [-56.8378, -27.8988], [-56.8396, -27.8981], [-56.842, -27.8972], [-56.8421, -27.8972], [-56.8514, -27.8965], [-56.8517, -27.8965], [-56.8627, -27.8957], [-56.8632, -27.8957], [-56.863, -27.8995], [-56.8599, -27.9143], [-56.8561, -27.9145], [-56.8492, -27.9148], [-56.8438, -27.9154], [-56.8364, -27.916], [-56.8363, -27.916], [-56.8344, -27.9248], [-56.8293, -27.9366], [-56.8339, -27.9387], [-56.8248, -27.9459], [-56.827, -27.9527], [-56.829, -27.9588], [-56.8379, -27.9665], [-56.8702, -27.9609], [-56.9033, -27.9649], [-56.9077, -27.9674], [-56.9648, -28.0007], [-57.0019, -28.0253], [-56.9993, -28.0002], [-56.9983, -27.9902], [-56.9978, -27.9855], [-56.9971961, -27.9794552], [-56.9924569, -27.9739699], [-56.9915455, -27.9719991], [-56.9949854, -27.9655968]]], [[[-57.1022267, -28.061435], [-57.1084316, -28.1049169], [-57.1314383, -28.076297], [-57.1364245, -28.0729459], [-57.1291503, -28.0714738], [-57.1247086, -28.0662445], [-57.123633, -28.059267], [-57.1204224, -28.0567119], [-57.1021373, -28.0609162], [-57.1021807, -28.0610789], [-57.1022267, -28.061435]]]]}, "properties": {"osm_id": 10416471, "name": "Parque Nacional Iberá", "match": "Iberá", "protect_class": "2", "boundary": "protected_area"}}, {"type": "Feature", "geometry": {"type": "MultiPolygon", "coordinates": [[[[-57.4226161, -28.7238888], [-57.4032922, -28.7192644], [-57.3938911, -28.7170162], [-57.3621867, -28.7094298], [-57.3533921, -28.7073251], [-57.3432959, -28.7049097], [-57.3418894, -28.7045709], [-57.3339021, -28.7063109], [-57.3317818, -28.7069779], [-57.3254666, -28.7089681], [-57.3260634, -28.7071602], [-57.3249663, -28.7076848], [-57.3120059, -28.713927], [-57.3078619, -28.7159324], [-57.3003075, -28.7158853], [-57.2922997, -28.7206193], [-57.2810137, -28.722013], [-57.2736061, -28.7190433], [-57.2736, -28.7183], [-57.2751, -28.6998], [-57.2558, -28.6911], [-57.2442, -28.686], [-57.2441983, -28.6859006], [-57.2114, -28.6947], [-57.2116, -28.6652], [-57.2116, -28.6595], [-57.2155, -28.6346], [-57.2138, -28.6253], [-57.2116, -28.6135], [-57.2016, -28.6012], [-57.1993, -28.5983], [-57.1978, -28.5944], [-57.1952, -28.5875], [-57.2011, -28.568], [-57.2017, -28.5671], [-57.2022, -28.5661], [-57.2055, -28.5602], [-57.2009, -28.5559], [-57.2008, -28.5558], [-57.1996, -28.5547], [-57.1991, -28.5543], [-57.1984, -28.5549], [-57.1974, -28.5539], [-57.1976, -28.5531], [-57.199, -28.5524], [-57.2008, -28.5511], [-57.2012, -28.5508], [-57.2014142, -28.5506565], [-57.2023272, -28.5515141], [-57.2035249, -28.5526319], [-57.2082106, -28.5570756], [-57.2137834, -28.5623433], [-57.216526, -28.564905], [-57.2195969, -28.567848], [-57.2254705, -28.5733745], [-57.2350222, -28.5823691], [-57.2361561, -28.5834339], [-57.2385503, -28.5854759], [-57.2401774, -28.5869042], [-57.2423074, -28.5886986], [-57.2444622, -28.5905638], [-57.2467845, -28.5926145], [-57.2474848, -28.5932633], [-57.2488779, -28.5945541], [-57.2545944, -28.599922], [-57.2579219, -28.6029875], [-57.2739843, -28.6180328], [-57.2820707, -28.6255883], [-57.2893507, -28.6324314], [-57.2897714, -28.6328252], [-57.3035, -28.645677], [-57.3103912, -28.6521361], [-57.3158424, -28.6572858], [-57.3167749, -28.6581667], [-57.317428, -28.6587892], [-57.3181292, -28.6593722], [-57.3184556, -28.6596034], [-57.3188563, -28.6598872], [-57.3196664, -28.6603095], [-57.3203637, -28.6606827], [-57.3212407, -28.6610687], [-57.3225786, -28.6616826], [-57.3231116, -28.6618618], [-57.3236521, -28.6619925], [-57.3247338, -28.6621956], [-57.3270526, -28.6624013], [-57.3378787, -28.6634633], [-57.3438834, -28.6640016], [-57.3498843, -28.6646057], [-57.3522857, -28.6648474], [-57.3605448, -28.6656361], [-57.3627593, -28.6659562], [-57.3637643, -28.6662033], [-57.3647264, -28.6666763], [-57.3670712, -28.6680593], [-57.3702406, -28.6701169], [-57.3794939, -28.6760203], [-57.3860471, -28.6802197], [-57.3936331, -28.6850543], [-57.3947795, -28.6857628], [-57.396017, -28.6863], [-57.3969055, -28.6865719], [-57.3978799, -28.6867685], [-57.4001205, -28.6869628], [-57.4162087, -28.6882198], [-57.4279523, -28.6891776], [-57.4287785, -28.6892259], [-57.4287, -28.6899], [-57.4267, -28.7039], [-57.4262, -28.708], [-57.4226161, -28.7238888]]], [[[-57.4398, -28.6613], [-57.4356973, -28.6612982], [-57.4356, -28.6638], [-57.4354, -28.6638], [-57.4352, -28.6639], [-57.4349, -28.6639], [-57.4294, -28.6595], [-57.4234, -28.6546], [-57.421, -28.6523], [-57.4213, -28.6379], [-57.4236, -28.6378], [-57.4282, -28.6377], [-57.4403, -28.6377], [-57.4395, -28.6401], [-57.4403, -28.6463], [-57.4397, -28.6494], [-57.439, -28.6533], [-57.4395, -28.6545], [-57.4399, -28.6554], [-57.4398, -28.6613]]], [[[-57.7057, -28.3987], [-57.6857436, -28.3874456], [-57.6795074, -28.3838966], [-57.6759857, -28.3846281], [-57.6742999, -28.3849998], [-57.6687, -28.3861], [-57.6686, -28.3857], [-57.6662, -28.3714], [-57.6652, -28.3684], [-57.6622, -28.3622], [-57.6585, -28.3591], [-57.6581, -28.359], [-57.6572671, -28.3587277], [-57.6683588, -28.3496521], [-57.6759616, -28.3544049], [-57.6761815, -28.3545419], [-57.6810014, -28.3575537], [-57.6854767, -28.3603495], [-57.6856638, -28.3605749], [-57.6857228, -28.3605059], [-57.6875058, -28.3616819], [-57.6912233, -28.3641377], [-57.784119, -28.4245262], [-57.7772512, -28.4265147], [-57.7937011, -28.4505695], [-57.7867053, -28.4592765], [-57.7868025, -28.4593873], [-57.8005086, -28.4684897], [-57.8035972, -28.4648196], [-57.804898, -28.4627988], [-57.8158602, -28.4455545], [-57.8043871, -28.4380133], [-57.804521, -28.4379228], [-57.8089073, -28.4356532], [-57.8140308, -28.4329321], [-57.8156727, -28.4320725], [-57.8157816, -28.4320063], [-57.8181186, -28.4299857], [-57.8198983, -28.4284301], [-57.8294972, -28.4200349], [-57.8355268, -28.4237785], [-57.8264804, -28.43517], [-57.8252345, -28.4365805], [-57.8359915, -28.443307], [-57.8132323, -28.4708629], [-57.8130794, -28.4709348], [-57.8096831, -28.4750904], [-57.8083715, -28.4766936], [-57.8069848, -28.4783676], [-57.8043039, -28.4816009], [-57.8047813, -28.4821103], [-57.8012019, -28.4864891], [-57.8012931, -28.4865533], [-57.8011273, -28.4867596], [-57.8006255, -28.4863646], [-57.7993, -28.4853], [-57.7973, -28.4857], [-57.7959, -28.4836], [-57.795, -28.4827], [-57.7904, -28.4832], [-57.7898, -28.4832], [-57.7897, -28.4831], [-57.7888, -28.4825], [-57.7815, -28.4802], [-57.7774, -28.4789], [-57.7764, -28.48], [-57.7752, -28.4794], [-57.7759, -28.4781], [-57.7717, -28.4748], [-57.7665, -28.4741], [-57.7645, -28.4734], [-57.7658, -28.468], [-57.7658, -28.4679], [-57.7655, -28.4639], [-57.7562, -28.4603], [-57.7572, -28.4543], [-57.7554, -28.4523], [-57.751, -28.4517], [-57.7422, -28.4454], [-57.7349, -28.4417], [-57.7348, -28.4417], [-57.7283, -28.4415], [-57.7174, -28.4389], [-57.7071, -28.4371], [-57.6988, -28.4298], [-57.6971, -28.4309], [-57.6931, -28.4266], [-57.6925, -28.4208], [-57.6939, -28.4201], [-57.6999, -28.4203], [-57.7067, -28.3984], [-57.7068, -28.3981], [-57.7057, -28.3987]]]]}, "properties": {"osm_id": 10418992, "name": "Reserva Nacional Ibera", "match": "Iberá", "protect_class": "6", "boundary": "protected_area"}}, {"type": "Feature", "geometry": {"type": "Polygon", "coordinates": [[[-57.7996, -28.489], [-57.7915, -28.4835], [-57.7899, -28.4834], [-57.7894, -28.4834], [-57.7796, -28.4829], [-57.772, -28.4786], [-57.7622, -28.4731], [-57.7553, -28.4653], [-57.7552, -28.4654], [-57.7545, -28.4663], [-57.7588, -28.4767], [-57.7609, -28.4889], [-57.7614, -28.4912], [-57.7627, -28.4991], [-57.7639, -28.5058], [-57.7646067, -28.50979], [-57.7647, -28.5098], [-57.7584, -28.5124], [-57.7497, -28.5135], [-57.7369, -28.5153], [-57.7177, -28.5178], [-57.7176, -28.5179], [-57.7151, -28.5083], [-57.717, -28.5077], [-57.7114, -28.5017], [-57.6992083, -28.5019226], [-57.6944018, -28.4928331], [-57.6748753, -28.4904569], [-57.6749182, -28.4823472], [-57.6593399, -28.4753308], [-57.6484395, -28.4702003], [-57.6424742, -28.4647677], [-57.6439763, -28.4548072], [-57.6443625, -28.4502039], [-57.6442, -28.4357], [-57.6417, -28.4325], [-57.642, -28.422], [-57.6421, -28.4169], [-57.6444, -28.4151], [-57.649, -28.4114], [-57.6494, -28.411], [-57.6501, -28.4105], [-57.6531, -28.4081], [-57.6508, -28.4038], [-57.6509, -28.4037], [-57.6502, -28.4033], [-57.6458429, -28.3908354], [-57.6436571, -28.391274], [-57.6405, -28.3845], [-57.6199, -28.3895], [-57.6267, -28.3957], [-57.6413799, -28.409596], [-57.6393199, -28.4209383], [-57.6384402, -28.4349401], [-57.6376677, -28.4420346], [-57.6391697, -28.4487512], [-57.6384401, -28.4530056], [-57.6367235, -28.4590236], [-57.6362086, -28.4698042], [-57.6500488, -28.4798764], [-57.6688028, -28.4974911], [-57.6844937, -28.5083904], [-57.7055919, -28.5107002], [-57.7207948, -28.5258682], [-57.7419841, -28.5430795], [-57.7479601, -28.5530127], [-57.75311, -28.5621724], [-57.7543545, -28.5672608], [-57.7534533, -28.5829012], [-57.7525011, -28.5974962], [-57.7493763, -28.6006871], [-57.7306652, -28.5781905], [-57.7077486, -28.5610038], [-57.6856471, -28.5500724], [-57.6712275, -28.5573477], [-57.6645756, -28.5424951], [-57.6539755, -28.5384989], [-57.6538897, -28.5345025], [-57.6422167, -28.5342763], [-57.6336337, -28.5297519], [-57.627486, -28.5223899], [-57.6150298, -28.5118221], [-57.6094, -28.5055], [-57.6053, -28.5061], [-57.6051, -28.5062], [-57.6022, -28.5066], [-57.6014, -28.5068], [-57.6, -28.507], [-57.5951, -28.5078], [-57.5929, -28.5081], [-57.5926, -28.5082], [-57.5896, -28.5085], [-57.5891, -28.5085], [-57.5883, -28.5086], [-57.5857, -28.5089], [-57.5841, -28.5091], [-57.5807, -28.5095], [-57.5806, -28.5095], [-57.5805, -28.5094], [-57.579, -28.5089], [-57.5759, -28.509], [-57.5748, -28.5085], [-57.5558, -28.5005], [-57.554, -28.498], [-57.5483, -28.4903], [-57.5473, -28.4889], [-57.5462, -28.4873], [-57.5443, -28.4848], [-57.5390912, -28.4683894], [-57.4984986, -28.4327135], [-57.5164318, -28.4316945], [-57.5480175, -28.4326946], [-57.55409, -28.4396761], [-57.5603986, -28.4445062], [-57.5718141, -28.4421855], [-57.5779939, -28.4464684], [-57.5888515, -28.4351287], [-57.597456, -28.4216932], [-57.5842166, -28.4179566], [-57.5694108, -28.4108227], [-57.5691426, -28.3997058], [-57.5691909, -28.3997105], [-57.5694859, -28.3997105], [-57.5695986, -28.39972], [-57.5696763, -28.39972], [-57.5699419, -28.3996987], [-57.5700116, -28.3996846], [-57.5700974, -28.3996633], [-57.570127, -28.3996492], [-57.5701618, -28.3996421], [-57.5702718, -28.3996303], [-57.570363, -28.3996303], [-57.5703979, -28.3996327], [-57.5704354, -28.3996398], [-57.5704649, -28.3996515], [-57.5705507, -28.3996964], [-57.5705937, -28.3997035], [-57.5706258, -28.3997129], [-57.570658, -28.3997129], [-57.5706875, -28.3996964], [-57.5707278, -28.3996232], [-57.5707519, -28.3995996], [-57.5707814, -28.3995855], [-57.5708511, -28.3995643], [-57.5708967, -28.3995171], [-57.5709336, -28.3994858], [-57.5723961, -28.4013963], [-57.578305, -28.3978018], [-57.5823015, -28.3948937], [-57.5810945, -28.3898053], [-57.5786913, -28.3843874], [-57.5772, -28.3772], [-57.5727, -28.3698], [-57.5649, -28.3663], [-57.5622, -28.365], [-57.5622, -28.3651], [-57.5625, -28.3654], [-57.5626, -28.3656], [-57.5628, -28.3657], [-57.563, -28.3659], [-57.5631, -28.3661], [-57.5637, -28.3667], [-57.5638, -28.3669], [-57.564, -28.367], [-57.5641, -28.3671], [-57.5642, -28.3673], [-57.5643, -28.3674], [-57.5645, -28.3675], [-57.5646, -28.3677], [-57.5649, -28.368], [-57.5649, -28.3685], [-57.5648, -28.3687], [-57.5648, -28.3693], [-57.5647, -28.3694], [-57.5647, -28.3703], [-57.5649, -28.3705], [-57.565, -28.3707], [-57.5653, -28.371], [-57.5653, -28.3711], [-57.5655, -28.3712], [-57.5655, -28.3714], [-57.5657, -28.3714], [-57.5659, -28.3715], [-57.566, -28.3716], [-57.5662, -28.3717], [-57.5662, -28.3718], [-57.5664, -28.3719], [-57.5665, -28.372], [-57.5666, -28.3722], [-57.5668, -28.3723], [-57.5669, -28.3724], [-57.5671, -28.3725], [-57.5671, -28.3726], [-57.5673, -28.3726], [-57.5675, -28.3727], [-57.5677, -28.3727], [-57.5678, -28.3729], [-57.5679, -28.3729], [-57.5681, -28.373], [-57.5682, -28.3732], [-57.5684, -28.3733], [-57.5684, -28.3734], [-57.5685, -28.3735], [-57.5686, -28.3737], [-57.5687, -28.3738], [-57.5687, -28.3743], [-57.5688, -28.3744], [-57.5688, -28.3768], [-57.5687, -28.377], [-57.5685, -28.3771], [-57.5684, -28.3772], [-57.5683, -28.3774], [-57.5682, -28.3775], [-57.568, -28.3776], [-57.5679, -28.3777], [-57.5678, -28.3779], [-57.5676, -28.378], [-57.5674, -28.3782], [-57.5672, -28.3783], [-57.5671, -28.3785], [-57.5669, -28.3786], [-57.5667, -28.3788], [-57.5663, -28.379], [-57.5662, -28.379], [-57.566, -28.3792], [-57.5656, -28.3794], [-57.5655, -28.3794], [-57.5653, -28.3795], [-57.5652, -28.3796], [-57.5648, -28.3798], [-57.5647, -28.3798], [-57.5643, -28.38], [-57.5642, -28.38], [-57.564, -28.3801], [-57.5639, -28.3802], [-57.5637, -28.3803], [-57.5635716, -28.3804248], [-57.5634, -28.3805], [-57.5633, -28.3806], [-57.5632, -28.3808], [-57.5631, -28.3809], [-57.5627, -28.3811], [-57.5617611, -28.3810365], [-57.5617236, -28.3809893], [-57.5616217, -28.3809327], [-57.561509, -28.3808902], [-57.56145, -28.3808808], [-57.5613266, -28.3808808], [-57.561273, -28.3808525], [-57.5612193, -28.3808194], [-57.5611281, -28.3807486], [-57.5610155, -28.380692], [-57.5609565, -28.3806826], [-57.5609028, -28.3806684], [-57.5608492, -28.3806354], [-57.5607848, -28.3806212], [-57.5607204, -28.3806212], [-57.5606614, -28.3806165], [-57.5606078, -28.3805976], [-57.5605488, -28.3805646], [-57.560522, -28.3805127], [-57.5605059, -28.380456], [-57.5605005, -28.3803994], [-57.5604898, -28.3803427], [-57.5604683, -28.3802908], [-57.5604791, -28.3802342], [-57.5605166, -28.3801776], [-57.560581, -28.380069], [-57.5606346, -28.3799604], [-57.5606453, -28.3799038], [-57.5606507, -28.3798472], [-57.5606507, -28.3797858], [-57.56064, -28.3797292], [-57.5606185, -28.3796773], [-57.5605917, -28.3796301], [-57.5605488, -28.3795923], [-57.5605005, -28.3796206], [-57.5604791, -28.3796678], [-57.5604737, -28.3797197], [-57.5604737, -28.3798802], [-57.560463, -28.3799888], [-57.5604522, -28.380036], [-57.5604254, -28.3800832], [-57.5603288, -28.38022], [-57.5603074, -28.3802719], [-57.5603181, -28.3803286], [-57.5603342, -28.3803852], [-57.5603771, -28.3804891], [-57.5603879, -28.3805457], [-57.5604039, -28.3805976], [-57.5604093, -28.3806495], [-57.56042, -28.3807062], [-57.56042, -28.3808761], [-57.5604254, -28.3809327], [-57.5604254, -28.3809893], [-57.5604093, -28.3810507], [-57.5603879, -28.3811026], [-57.5602377, -28.3812678], [-57.5602055, -28.3813197], [-57.5601357, -28.3814047], [-57.5601089, -28.3814566], [-57.5600714, -28.3814943], [-57.5599426, -28.3816076], [-57.5598514, -28.3816737], [-57.5598031, -28.381702], [-57.5597495, -28.3817256], [-57.5596958, -28.3817398], [-57.5596422, -28.3817728], [-57.5595617, -28.3818483], [-57.5595242, -28.3818955], [-57.5594974, -28.3819427], [-57.5595027, -28.3819993], [-57.5595349, -28.3820418], [-57.559551, -28.382089], [-57.5595617, -28.3821456], [-57.5595671, -28.3822023], [-57.5595456, -28.3822542], [-57.5595081, -28.382292], [-57.5594652, -28.382325], [-57.5594384, -28.3823722], [-57.5594223, -28.3824241], [-57.5594115, -28.3824807], [-57.5594115, -28.3826459], [-57.5593901, -28.3826978], [-57.5593579, -28.3827498], [-57.5593418, -28.3828017], [-57.5593418, -28.3828583], [-57.5593579, -28.3829102], [-57.5593633, -28.3829621], [-57.5593847, -28.383066], [-57.5593525, -28.3831698], [-57.5593311, -28.3832217], [-57.5593203, -28.3832689], [-57.559315, -28.3833255], [-57.5593311, -28.3833775], [-57.5593847, -28.3834766], [-57.5594491, -28.3836276], [-57.5594652, -28.3836889], [-57.5595564, -28.3838966], [-57.5596529, -28.3839674], [-57.559669, -28.384024], [-57.5596476, -28.3840759], [-57.5595993, -28.3840995], [-57.5595778, -28.3841515], [-57.5595725, -28.3842081], [-57.5595939, -28.3842647], [-57.5596207, -28.3843119], [-57.5596583, -28.3843544], [-57.5596798, -28.3844063], [-57.5597119, -28.3844582], [-57.5597495, -28.3845007], [-57.5597709, -28.3845573], [-57.5597709, -28.3846092], [-57.5597602, -28.3847131], [-57.5597495, -28.384765], [-57.5597441, -28.3848216], [-57.559728, -28.3848783], [-57.5597066, -28.3849868], [-57.5597066, -28.3852653], [-57.5597119, -28.3853172], [-57.5597334, -28.3853691], [-57.5597656, -28.3854163], [-57.559787, -28.3854635], [-57.5598085, -28.3856334], [-57.5598085, -28.3856947], [-57.5597924, -28.3857466], [-57.5597924, -28.3858033], [-57.5598139, -28.3859118], [-57.5598353, -28.3859637], [-57.5598729, -28.3860062], [-57.5599051, -28.3860534], [-57.5599587, -28.3861525], [-57.5599802, -28.3862044], [-57.5600123, -28.3862563], [-57.5600392, -28.3863082], [-57.5601143, -28.3863979], [-57.5601572, -28.3864404], [-57.5601894, -28.3864829], [-57.5602216, -28.3865348], [-57.560243, -28.3865867], [-57.5602537, -28.3866433], [-57.5602806, -28.3866905], [-57.5603557, -28.3867755], [-57.5604469, -28.3868557], [-57.5604898, -28.3868982], [-57.5605273, -28.3869454], [-57.560581, -28.3870492], [-57.5606132, -28.3871011], [-57.5606293, -28.387153], [-57.5606507, -28.3872049], [-57.5606829, -28.3872616], [-57.5607044, -28.3873135], [-57.5607687, -28.3874031], [-57.5608116, -28.3874456], [-57.5608867, -28.3875306], [-57.5609189, -28.3875778], [-57.5610155, -28.3877335], [-57.5610477, -28.387776], [-57.5610745, -28.3878232], [-57.5611174, -28.387927], [-57.5611496, -28.3879789], [-57.5611818, -28.3880261], [-57.5612569, -28.3881158], [-57.5612944, -28.3881677], [-57.5613588, -28.3882715], [-57.5613856, -28.3883234], [-57.5614178, -28.3883706], [-57.5615627, -28.3885122], [-57.5616539, -28.3885877], [-57.5616968, -28.3886302], [-57.5618577, -28.3887293], [-57.561906, -28.3887623], [-57.5620025, -28.3888425], [-57.5620562, -28.3888709], [-57.5621152, -28.3888897], [-57.5621796, -28.3888992], [-57.5622493, -28.3889039], [-57.562319, -28.3889181], [-57.5624424, -28.3889652], [-57.5625014, -28.3889936], [-57.5627428, -28.3890643], [-57.5628018, -28.3890927], [-57.5628609, -28.3891115], [-57.5629842, -28.3891399], [-57.5630486, -28.3891446], [-57.5633758, -28.3891918], [-57.5634456, -28.3891965], [-57.5635099, -28.3892106], [-57.563569, -28.3892342], [-57.563628, -28.3892484], [-57.563746, -28.3892909], [-57.5638157, -28.389305], [-57.5640786, -28.3893428], [-57.5641376, -28.3893569], [-57.5642073, -28.3893617], [-57.5642717, -28.3893617], [-57.5643414, -28.3893569], [-57.5645399, -28.3893333], [-57.5648081, -28.3893145], [-57.5648779, -28.3893145], [-57.5650764, -28.3893003], [-57.5651407, -28.3893003], [-57.5652105, -28.3893098], [-57.5653446, -28.3893192], [-57.5654143, -28.3893286], [-57.5655377, -28.3893569], [-57.5656021, -28.3893805], [-57.5656664, -28.3893947], [-57.5657952, -28.3894136], [-57.5658596, -28.3894325], [-57.5659239, -28.3894655], [-57.5659776, -28.3894985], [-57.5660312, -28.3895268], [-57.5660956, -28.3895457], [-57.56616, -28.389574], [-57.5662136, -28.3896023], [-57.5662673, -28.3896354], [-57.5663263, -28.3896543], [-57.5664657, -28.3896826], [-57.5665301, -28.3897015], [-57.5666535, -28.3897486], [-57.5667179, -28.3897675], [-57.5668413, -28.3898147], [-57.5669646, -28.3898383], [-57.5670987, -28.3898477], [-57.5671631, -28.3898572], [-57.5673026, -28.3898572], [-57.5673616, -28.3898666], [-57.5674206, -28.3898808], [-57.5674903, -28.3898902], [-57.5675547, -28.3899044], [-57.5676191, -28.3899233], [-57.5677478, -28.3899704], [-57.5678605, -28.3900271], [-57.5679839, -28.3900507], [-57.5681126, -28.3900507], [-57.568177, -28.3900554], [-57.5683111, -28.3900837], [-57.5685686, -28.3901687], [-57.5686276, -28.390197], [-57.5686812, -28.39023], [-57.5687403, -28.3902536], [-57.5689119, -28.3903385], [-57.5690568, -28.390381], [-57.5691104, -28.3904093], [-57.5691748, -28.3904282], [-57.5693035, -28.3904282], [-57.5693679, -28.3904518], [-57.5694269, -28.3904848], [-57.5694913, -28.3905037], [-57.569561, -28.3905179], [-57.569738, -28.3905132], [-57.5698882, -28.3905037], [-57.569958, -28.3905084], [-57.5700223, -28.3905226], [-57.5701565, -28.3905415], [-57.5702101, -28.3905745], [-57.5702906, -28.3906595], [-57.5703925, -28.3907302], [-57.5704461, -28.3907633], [-57.5705051, -28.3907916], [-57.5706071, -28.3908482], [-57.5706607, -28.390886], [-57.5707144, -28.390919], [-57.570768, -28.3909473], [-57.5708324, -28.3909662], [-57.5708968, -28.3909898], [-57.570945, -28.3910228], [-57.571106, -28.3911219], [-57.5713474, -28.3912352], [-57.571401, -28.3912682], [-57.5715137, -28.3913249], [-57.5716156, -28.3913957], [-57.5718409, -28.3915939], [-57.5718838, -28.391641], [-57.5719106, -28.391693], [-57.5719428, -28.3917449], [-57.5719804, -28.3917873], [-57.5720555, -28.3918864], [-57.5720984, -28.3919289], [-57.5721359, -28.3919808], [-57.5721574, -28.3920327], [-57.5721735, -28.3920847], [-57.5722218, -28.3921838], [-57.5722539, -28.3922829], [-57.5722647, -28.3923395], [-57.5722647, -28.3924527], [-57.57227, -28.3925094], [-57.5723022, -28.3926132], [-57.5723344, -28.3926651], [-57.5723612, -28.392717], [-57.5723773, -28.3927689], [-57.5723827, -28.3928256], [-57.5724524, -28.3930615], [-57.5724793, -28.3931134], [-57.5725436, -28.3932692], [-57.5725651, -28.3933777], [-57.572608, -28.3935476], [-57.5726134, -28.3936042], [-57.5726241, -28.3936608], [-57.5726295, -28.3937175], [-57.5726295, -28.3939062], [-57.5726187, -28.3939959], [-57.5725544, -28.394095], [-57.5725168, -28.3941375], [-57.5724524, -28.3942271], [-57.5724256, -28.3942743], [-57.5723827, -28.3943781], [-57.5723612, -28.3944914], [-57.5722969, -28.3946518], [-57.57227, -28.3947037], [-57.5722486, -28.3947557], [-57.5722164, -28.3948123], [-57.5721842, -28.3948595], [-57.5721681, -28.3949067], [-57.5721413, -28.3949586], [-57.5721198, -28.3950105], [-57.5720877, -28.3950577], [-57.5720125, -28.3951379], [-57.5719482, -28.3952323], [-57.5718838, -28.3953172], [-57.5717336, -28.3954965], [-57.5715673, -28.3956476], [-57.571519, -28.3956806], [-57.5713688, -28.3957986], [-57.5713044, -28.395841], [-57.5712508, -28.3958741], [-57.5711435, -28.3959307], [-57.5710791, -28.395959], [-57.5710362, -28.395992], [-57.5709236, -28.3960675], [-57.5708646, -28.3960911], [-57.5708002, -28.39611], [-57.5707412, -28.3961336], [-57.5706232, -28.3961619], [-57.5705642, -28.3961902], [-57.5705159, -28.3962186], [-57.570473, -28.3962516], [-57.570371, -28.3963176], [-57.5703174, -28.3963365], [-57.5702047, -28.3963932], [-57.5701189, -28.3964639], [-57.5700277, -28.39653], [-57.5699794, -28.396563], [-57.5698668, -28.3966197], [-57.5698185, -28.3966527], [-57.5697327, -28.3967282], [-57.569679, -28.3967612], [-57.56962, -28.3967707], [-57.569561, -28.3967848], [-57.569502, -28.3968084], [-57.5694484, -28.3968226], [-57.5694001, -28.3968603], [-57.5693464, -28.3968886], [-57.5691962, -28.3969783], [-57.5691265, -28.3969877], [-57.5690728, -28.3970066], [-57.5689334, -28.3970302], [-57.56881, -28.3970632], [-57.5686759, -28.3970916], [-57.568531, -28.397101], [-57.5684023, -28.3971199], [-57.5682092, -28.3971387], [-57.5681448, -28.3971387], [-57.5680751, -28.3971435], [-57.5678873, -28.3971387], [-57.5676888, -28.3971671], [-57.5676245, -28.3971718], [-57.5675601, -28.3971718], [-57.5675011, -28.3971812], [-57.5673884, -28.3972142], [-57.567324, -28.397219], [-57.567265, -28.3972284], [-57.5670666, -28.3972284], [-57.5668573, -28.3972426], [-57.5666696, -28.3972426], [-57.5666106, -28.3972378], [-57.5664228, -28.3972378], [-57.5662565, -28.3972331], [-57.5661922, -28.3972284], [-57.5661331, -28.3972095], [-57.5660205, -28.3971529], [-57.56594, -28.3970774], [-57.5659186, -28.3970208], [-57.5659078, -28.3969028], [-57.5659293, -28.3968462], [-57.5660098, -28.3966904], [-57.5660205, -28.3966291], [-57.5660259, -28.3965725], [-57.5660259, -28.3965158], [-57.5660151, -28.3963412], [-57.5659829, -28.3962988], [-57.56594, -28.3962563], [-57.5657255, -28.3960675], [-57.5656879, -28.3960204], [-57.5656611, -28.3959732], [-57.5656235, -28.3958646], [-57.5655913, -28.3958174], [-57.5655538, -28.395775], [-57.5655055, -28.3957419], [-57.5654465, -28.3957231], [-57.5653875, -28.3957372], [-57.5651944, -28.3957702], [-57.5649369, -28.3957891], [-57.5648779, -28.3957986], [-57.5646955, -28.3957938], [-57.5646311, -28.3957797], [-57.5645721, -28.395775], [-57.5645077, -28.3957608], [-57.5644434, -28.3957419], [-57.5643897, -28.3957183], [-57.5643307, -28.3956995], [-57.5642127, -28.3956806], [-57.5641483, -28.3956806], [-57.5640893, -28.3956759], [-57.5639659, -28.3956759], [-57.5639069, -28.39569], [-57.5638533, -28.3957089], [-57.5637299, -28.3957419], [-57.5636172, -28.3957797], [-57.5635046, -28.3958269], [-57.5633866, -28.3958646], [-57.5633383, -28.3958929], [-57.5632095, -28.3959496], [-57.5630915, -28.3960062], [-57.5629681, -28.3960487], [-57.5628555, -28.3960959], [-57.5627965, -28.3961147], [-57.5627428, -28.3961383], [-57.5626838, -28.3961572], [-57.5626248, -28.3961808], [-57.5625604, -28.396195], [-57.5625014, -28.3962138], [-57.5624424, -28.3962233], [-57.5623298, -28.3962516], [-57.5622654, -28.3962563], [-57.5621527, -28.3962941], [-57.5620937, -28.3963082], [-57.5619811, -28.3963507], [-57.5618899, -28.3964167], [-57.561847, -28.3964545], [-57.5616914, -28.3966291], [-57.5616485, -28.3966669], [-57.5616002, -28.3967046], [-57.56145, -28.396799], [-57.561391, -28.3968084], [-57.5613213, -28.3968084], [-57.5612032, -28.3968179], [-57.5610906, -28.396865], [-57.5610477, -28.3969028], [-57.560994, -28.3969358], [-57.5609404, -28.3969594], [-57.5608814, -28.3969689], [-57.560758, -28.39695], [-57.5606078, -28.3969406], [-57.5605434, -28.3969547], [-57.5604791, -28.3969594], [-57.5603503, -28.3969783], [-57.5602323, -28.3970019], [-57.5600553, -28.3970774], [-57.5598782, -28.3971199], [-57.5597495, -28.3971387], [-57.5596851, -28.3971435], [-57.5596261, -28.3971435], [-57.5595671, -28.3971387], [-57.5595081, -28.3971293], [-57.5593901, -28.3971293], [-57.5592667, -28.3971199], [-57.5592023, -28.3971104], [-57.5591433, -28.3970963], [-57.5590897, -28.3970774], [-57.559036, -28.3970396], [-57.5589931, -28.3970019], [-57.5588805, -28.3968792], [-57.5587034, -28.396648], [-57.5586712, -28.3965442], [-57.5586444, -28.3964309], [-57.55858, -28.3963365], [-57.558564, -28.3962846], [-57.5585532, -28.3962233], [-57.5585532, -28.3961619], [-57.5585747, -28.39611], [-57.5586015, -28.3960581], [-57.5586659, -28.3960345], [-57.5588483, -28.3959779], [-57.5589126, -28.3959496], [-57.5589716, -28.3959354], [-57.5590897, -28.3958977], [-57.5591487, -28.3958693], [-57.559213, -28.3958458], [-57.5592721, -28.3958174], [-57.5595886, -28.3957042], [-57.5596529, -28.39569], [-57.5597173, -28.3956711], [-57.5597763, -28.3956428], [-57.5598729, -28.395572], [-57.5599158, -28.3955296], [-57.5599641, -28.3954918], [-57.560007, -28.3954494], [-57.5600874, -28.395355], [-57.5601518, -28.3952606], [-57.5601786, -28.3952087], [-57.5602001, -28.3951568], [-57.5602967, -28.3950058], [-57.5603181, -28.3949539], [-57.5603396, -28.3948406], [-57.5603718, -28.3947273], [-57.5603932, -28.3946707], [-57.5604093, -28.3946141], [-57.5604361, -28.3944961], [-57.5604576, -28.3944442], [-57.5604898, -28.3943923], [-57.5604791, -28.3942743], [-57.560463, -28.3942177], [-57.560463, -28.3941611], [-57.5604683, -28.3941044], [-57.5604898, -28.3939817], [-57.5605005, -28.3938638], [-57.5604737, -28.3938118], [-57.5603288, -28.393708], [-57.5602698, -28.3936892], [-57.5602108, -28.3936939], [-57.5601518, -28.393708], [-57.5598943, -28.393859], [-57.5597817, -28.3939015], [-57.5597119, -28.3939204], [-57.5596583, -28.3939393], [-57.5595993, -28.3939534], [-57.5595456, -28.3939817], [-57.559492, -28.3940148], [-57.5594437, -28.3940384], [-57.5592613, -28.3941705], [-57.5592184, -28.394213], [-57.5590092, -28.3943923], [-57.5589287, -28.3944725], [-57.5588912, -28.3945197], [-57.5588536, -28.3945575], [-57.5588214, -28.3945999], [-57.5587356, -28.3946849], [-57.558623, -28.3948123], [-57.55858, -28.3948548], [-57.5585479, -28.3949019], [-57.5585318, -28.3949539], [-57.5585264, -28.3950105], [-57.5585318, -28.3950671], [-57.5585318, -28.3951237], [-57.5585157, -28.3951709], [-57.5584567, -28.3952606], [-57.5584191, -28.3953031], [-57.5583762, -28.3953408], [-57.5582796, -28.3954022], [-57.5581831, -28.395473], [-57.5581294, -28.3955013], [-57.5579524, -28.3955768], [-57.5578398, -28.3956334], [-57.5577432, -28.3956947], [-57.5576896, -28.3957231], [-57.5575715, -28.3957467], [-57.5574428, -28.3957467], [-57.5573891, -28.3957655], [-57.5573301, -28.3957938], [-57.5572819, -28.3958222], [-57.5571477, -28.3958693], [-57.5570995, -28.3958977], [-57.5569761, -28.395959], [-57.5569171, -28.3959826], [-57.5568688, -28.3960156], [-57.5567132, -28.39611], [-57.5563069, -28.3961336], [-57.5552, -28.3961], [-57.555, -28.396], [-57.5549, -28.396], [-57.5547, -28.3959], [-57.5546, -28.3958], [-57.5544, -28.3957], [-57.5543, -28.3957], [-57.5541, -28.3956], [-57.554, -28.3955], [-57.5536, -28.3953], [-57.5535, -28.3952], [-57.5533, -28.3951], [-57.5532, -28.395], [-57.553, -28.3949], [-57.5528, -28.3947], [-57.5527, -28.3945], [-57.5526, -28.3944], [-57.5524, -28.3943], [-57.5523, -28.3942], [-57.5521, -28.3942], [-57.552, -28.394], [-57.5519, -28.3939], [-57.5519, -28.3938], [-57.5518, -28.3936], [-57.5517, -28.3935], [-57.5515, -28.3934], [-57.5505, -28.3934], [-57.5504, -28.3935], [-57.5502, -28.3936], [-57.5501, -28.3937], [-57.55, -28.3939], [-57.5498, -28.3941], [-57.5497, -28.3943], [-57.5497, -28.3947], [-57.5496, -28.3949], [-57.5496, -28.395], [-57.5495, -28.3952], [-57.5491, -28.3956], [-57.5478, -28.3956], [-57.5476, -28.3955], [-57.5475, -28.3954], [-57.5473, -28.3953], [-57.5469552, -28.3952443], [-57.5465521, -28.3952018], [-57.5462644, -28.3951348], [-57.5461, -28.3951], [-57.5459, -28.395], [-57.5453809, -28.3947203], [-57.5449652, -28.3945905], [-57.5446004, -28.3945268], [-57.5444046, -28.394482], [-57.5442088, -28.3943994], [-57.5440237, -28.3943074], [-57.5437796, -28.3941965], [-57.5435302, -28.3940761], [-57.5433344, -28.3939463], [-57.5431654, -28.3938543], [-57.542975, -28.3936962], [-57.5427952, -28.3935712], [-57.5426263, -28.3934272], [-57.5425056, -28.3932786], [-57.5423366, -28.3930686], [-57.5421488, -28.3929341], [-57.5420228, -28.3927784], [-57.5419155, -28.3926132], [-57.5417304, -28.3922947], [-57.5416178, -28.3920398], [-57.5413764, -28.3916104], [-57.5411, -28.3913], [-57.5409, -28.3912], [-57.5407997, -28.3911385], [-57.5407, -28.391], [-57.5405288, -28.3909497], [-57.5403, -28.3908], [-57.5401479, -28.3906595], [-57.5399467, -28.3904613], [-57.5397, -28.3903], [-57.5392601, -28.390079], [-57.5390334, -28.3899604], [-57.5388102, -28.3897858], [-57.5387237, -28.3897109], [-57.5385, -28.3895], [-57.5384125, -28.389377], [-57.5383, -28.3892], [-57.5380142, -28.3887505], [-57.5379083, -28.3885547], [-57.5378372, -28.3883187], [-57.5377192, -28.3881099], [-57.537577, -28.3878951], [-57.5373, -28.3877], [-57.537223, -28.3875825], [-57.5371036, -28.3874586], [-57.5369601, -28.3873442], [-57.5366838, -28.3871448], [-57.5365457, -28.3870598], [-57.5363754, -28.3869407], [-57.53626, -28.3868592], [-57.5359248, -28.3867224], [-57.535796, -28.3866563], [-57.5354272, -28.3864652], [-57.5353, -28.3864], [-57.5351885, -28.386287], [-57.5350383, -28.3861891], [-57.5347942, -28.3860168], [-57.5346521, -28.3859283], [-57.5344576, -28.3857525], [-57.5342041, -28.3855555], [-57.5339681, -28.3853903], [-57.5337642, -28.3852771], [-57.5334692, -28.3851072], [-57.533091, -28.384916], [-57.5328791, -28.384798], [-57.5325948, -28.3846564], [-57.5323963, -28.384529], [-57.532222, -28.3844087], [-57.5319806, -28.3842718], [-57.5317982, -28.3841467], [-57.5316963, -28.3840665], [-57.5316346, -28.3840075], [-57.5315246, -28.3839226], [-57.5314066, -28.3838069], [-57.5313154, -28.3836842], [-57.5312349, -28.3835238], [-57.5311384, -28.3833893], [-57.5310579, -28.3832241], [-57.5310016, -28.3830306], [-57.5306, -28.3821], [-57.5305644, -28.38203], [-57.530449, -28.3819545], [-57.5303, -28.3818], [-57.5302, -28.3817], [-57.5301, -28.3817], [-57.5299464, -28.3816726], [-57.5297904, -28.381623], [-57.5296368, -28.3815631], [-57.5293976, -28.3814589], [-57.5293145, -28.3813221], [-57.5291723, -28.3811427], [-57.5290436, -28.3809563], [-57.5288531, -28.3808265], [-57.5286707, -28.3807274], [-57.5285286, -28.3806354], [-57.5283837, -28.3805315], [-57.528196, -28.380364], [-57.5279036, -28.38022], [-57.5272143, -28.3800737], [-57.5268093, -28.379977], [-57.5264016, -28.3798637], [-57.5259215, -28.3798047], [-57.5252804, -28.3797835], [-57.5247735, -28.379859], [-57.5245804, -28.3798826], [-57.5243658, -28.3798779], [-57.5241941, -28.3798637], [-57.5240171, -28.3798377], [-57.5238723, -28.3797976], [-57.5237194, -28.3797504], [-57.5235772, -28.3796843], [-57.5233707, -28.379623], [-57.5231829, -28.3795687], [-57.5230032, -28.3794956], [-57.5227672, -28.3794366], [-57.5226277, -28.3793374], [-57.5224507, -28.3792077], [-57.5222629, -28.3791251], [-57.522102, -28.3790401], [-57.5219089, -28.3789622], [-57.5217319, -28.378882], [-57.5215441, -28.3788041], [-57.5213161, -28.3786956], [-57.5211605, -28.3786035], [-57.5210184, -28.3785115], [-57.5208682, -28.3784124], [-57.5207233, -28.3783321], [-57.5205436, -28.3782802], [-57.5202969, -28.3782236], [-57.520026, -28.3782], [-57.5198543, -28.3781552], [-57.5197336, -28.3781386], [-57.519578, -28.3780395], [-57.5194278, -28.377964], [-57.5193179, -28.3778484], [-57.5191167, -28.3775439], [-57.5188968, -28.3772348], [-57.5189263, -28.3769752], [-57.519, -28.3766], [-57.5189343, -28.3758212], [-57.5188297, -28.3756088], [-57.5187305, -28.3752525], [-57.51865, -28.3750589], [-57.5185803, -28.3748631], [-57.5184032, -28.3746601], [-57.5183, -28.3746], [-57.5175905, -28.3743155], [-57.5173116, -28.3743439], [-57.5170273, -28.3743722], [-57.5168449, -28.3743439], [-57.5167322, -28.3743486], [-57.5165981, -28.3743627], [-57.5164264, -28.3743344], [-57.5162441, -28.3743108], [-57.516126, -28.3742919], [-57.516008, -28.3742967], [-57.5158256, -28.3742825], [-57.515654, -28.3742589], [-57.5154769, -28.3742306], [-57.5152355, -28.3742023], [-57.515021, -28.374122], [-57.514801, -28.3740559], [-57.5145489, -28.3738907], [-57.5143075, -28.3736831], [-57.5141144, -28.3734895], [-57.5138891, -28.3732441], [-57.5136906, -28.3731733], [-57.5133956, -28.3731686], [-57.5130844, -28.3731497], [-57.512784, -28.3731733], [-57.5125104, -28.3731686], [-57.5121993, -28.3732252], [-57.511797, -28.3734943], [-57.5112873, -28.373768], [-57.5108957, -28.3739899], [-57.5106168, -28.3742164], [-57.5104022, -28.3743863], [-57.5102091, -28.374476], [-57.5100696, -28.3745751], [-57.5099194, -28.3746507], [-57.5096726, -28.3747451], [-57.5092489, -28.3747734], [-57.5088626, -28.3747734], [-57.5075, -28.3753], [-57.5071, -28.3751], [-57.507, -28.375], [-57.5069, -28.3748], [-57.5069, -28.3744], [-57.5068, -28.3743], [-57.5068, -28.3742], [-57.5064, -28.374], [-57.5062, -28.3738], [-57.5058, -28.3738], [-57.5056, -28.3737], [-57.5035, -28.3737], [-57.5034, -28.3738], [-57.5032, -28.3738], [-57.503, -28.3739], [-57.5029, -28.3739], [-57.5027, -28.374], [-57.5026, -28.374], [-57.5024, -28.3741], [-57.5023, -28.3742], [-57.5021, -28.3743], [-57.502, -28.3743], [-57.5016, -28.3745], [-57.5015, -28.3746], [-57.5013, -28.3747], [-57.5012, -28.3747], [-57.501, -28.3748], [-57.5008, -28.3748], [-57.5007, -28.3749], [-57.5005, -28.375], [-57.4993, -28.375], [-57.4992, -28.3749], [-57.499, -28.3749], [-57.4989, -28.3747], [-57.4988, -28.3747], [-57.4986, -28.3746], [-57.4985, -28.3745], [-57.4975, -28.3745], [-57.4973, -28.3746], [-57.4965, -28.3746], [-57.4963, -28.3745], [-57.4962, -28.3745], [-57.496, -28.3744], [-57.4955, -28.3744], [-57.4954, -28.3743], [-57.4946, -28.3743], [-57.4945, -28.3744], [-57.4943, -28.3744], [-57.4941, -28.3743], [-57.4938, -28.3743], [-57.4936, -28.3742], [-57.4933, -28.3742], [-57.4931, -28.3741], [-57.4931, -28.3736], [-57.4914, -28.3736], [-57.4913, -28.3735], [-57.4912, -28.3733], [-57.4912, -28.3732], [-57.4911, -28.373], [-57.4905, -28.373], [-57.4903, -28.3729], [-57.4903, -28.3728], [-57.4902, -28.3726], [-57.4899, -28.3726], [-57.4897, -28.3725], [-57.4894, -28.3725], [-57.4893, -28.3723], [-57.4893, -28.3715], [-57.4892, -28.3713], [-57.4892, -28.3712], [-57.489, -28.3711], [-57.4889, -28.3709], [-57.4888, -28.3709], [-57.4887, -28.3707], [-57.4883, -28.3707], [-57.4882, -28.3706], [-57.488, -28.3705], [-57.4879, -28.3705], [-57.4875, -28.3703], [-57.4874, -28.3702], [-57.4874, -28.37], [-57.4872, -28.3699], [-57.4871, -28.3697], [-57.4869, -28.3697], [-57.4869, -28.3696], [-57.4867, -28.3695], [-57.4866, -28.3694], [-57.4864, -28.3693], [-57.4863, -28.3692], [-57.4861, -28.3691], [-57.486, -28.369], [-57.4858, -28.369], [-57.4856, -28.3689], [-57.4851, -28.3689], [-57.485, -28.3688], [-57.4847, -28.3688], [-57.4845, -28.3687], [-57.4843, -28.3687], [-57.4842, -28.3686], [-57.484, -28.3685], [-57.4838, -28.3685], [-57.4837, -28.3684], [-57.4835, -28.3684], [-57.4834, -28.3685], [-57.4832, -28.3686], [-57.4826, -28.3686], [-57.4824, -28.3684], [-57.4824, -28.368], [-57.4823, -28.3679], [-57.4822, -28.3677], [-57.4822, -28.3674], [-57.4818, -28.3672], [-57.4817, -28.3671], [-57.4816, -28.3669], [-57.4814, -28.3667], [-57.4814, -28.3665], [-57.4813, -28.3664], [-57.4812, -28.3662], [-57.4811, -28.3661], [-57.4809, -28.366], [-57.4808, -28.366], [-57.4806, -28.3659], [-57.4805, -28.3657], [-57.4804, -28.3656], [-57.4802, -28.3655], [-57.4799, -28.3652], [-57.4798, -28.3652], [-57.4796, -28.3651], [-57.4795, -28.3651], [-57.4793, -28.365], [-57.4791, -28.365], [-57.479, -28.3649], [-57.4788, -28.3649], [-57.4786, -28.3647], [-57.4785, -28.3647], [-57.4784, -28.3645], [-57.4782, -28.3644], [-57.4782, -28.3637], [-57.4784, -28.3636], [-57.4785, -28.3635], [-57.4786, -28.3633], [-57.4786, -28.363], [-57.4785, -28.3629], [-57.4784, -28.3629], [-57.4782, -28.3628], [-57.4782, -28.3621], [-57.4784, -28.362], [-57.4784, -28.3617], [-57.4785, -28.3616], [-57.4787, -28.3616], [-57.4787, -28.3599], [-57.4785, -28.3599], [-57.4785, -28.3598], [-57.4784, -28.3596], [-57.4782, -28.3595], [-57.4781, -28.3593], [-57.478, -28.3592], [-57.478, -28.359], [-57.4777, -28.3587], [-57.4775, -28.3586], [-57.4775, -28.3582], [-57.4774, -28.358], [-57.4771, -28.3577], [-57.4771, -28.3574], [-57.477, -28.3572], [-57.477, -28.3571], [-57.4769, -28.3569], [-57.4769, -28.3568], [-57.4767, -28.3567], [-57.4766, -28.3566], [-57.4766, -28.3564], [-57.4765, -28.3563], [-57.4764, -28.3561], [-57.4762, -28.356], [-57.4761, -28.3558], [-57.4761, -28.3557], [-57.476, -28.3556], [-57.476, -28.3546], [-57.4761, -28.3544], [-57.4761, -28.3541], [-57.4762, -28.354], [-57.4762, -28.3537], [-57.4764, -28.3537], [-57.4766, -28.3536], [-57.4765, -28.3535], [-57.478, -28.3535], [-57.4782, -28.3534], [-57.4793, -28.3534], [-57.4794, -28.3533], [-57.4794, -28.3529], [-57.4794, -28.3523], [-57.4792, -28.3522], [-57.4792, -28.3516], [-57.4791, -28.3514], [-57.4789, -28.3512], [-57.4776, -28.3512], [-57.4775, -28.3513], [-57.4773, -28.3514], [-57.4765, -28.3514], [-57.4763, -28.3513], [-57.4762, -28.3513], [-57.4762, -28.351], [-57.4764, -28.3508], [-57.4764, -28.3506], [-57.4765, -28.3505], [-57.4765, -28.3502], [-57.4766, -28.3501], [-57.4766, -28.3498], [-57.4768, -28.3497], [-57.4768, -28.3494], [-57.4769, -28.3493], [-57.4772, -28.3493], [-57.4773, -28.3494], [-57.4773, -28.3496], [-57.4774, -28.3497], [-57.4775, -28.3499], [-57.4777, -28.35], [-57.4778, -28.3501], [-57.4778, -28.3502], [-57.4779, -28.3503], [-57.4784, -28.3503], [-57.4785, -28.3505], [-57.4795, -28.3505], [-57.4797, -28.3504], [-57.4798, -28.3503], [-57.4799, -28.3501], [-57.48, -28.35], [-57.48, -28.3499], [-57.4801, -28.3497], [-57.4801, -28.3496], [-57.4803, -28.3495], [-57.4805, -28.3495], [-57.4805, -28.3493], [-57.4808, -28.3493], [-57.481, -28.3492], [-57.4811, -28.3491], [-57.4818, -28.3491], [-57.4818, -28.3487], [-57.4823, -28.3487], [-57.4823, -28.3485], [-57.4824, -28.3484], [-57.4825, -28.3482], [-57.4825, -28.3481], [-57.4824, -28.3479], [-57.4822, -28.3479], [-57.482, -28.3478], [-57.482, -28.3477], [-57.4817, -28.3477], [-57.4815, -28.3476], [-57.4813, -28.3477], [-57.4812, -28.3477], [-57.4811, -28.3479], [-57.4811, -28.348], [-57.481, -28.3481], [-57.4808, -28.348], [-57.4806, -28.348], [-57.4805, -28.3478], [-57.4804, -28.3477], [-57.4802, -28.3476], [-57.4801, -28.3475], [-57.4794, -28.3475], [-57.4793, -28.3474], [-57.4793, -28.3473], [-57.4792, -28.3471], [-57.479, -28.3471], [-57.4788, -28.3472], [-57.4787, -28.3473], [-57.4785, -28.3474], [-57.4785, -28.3478], [-57.4787, -28.3479], [-57.4788, -28.348], [-57.4786, -28.3482], [-57.4784, -28.3483], [-57.4783, -28.3484], [-57.4769, -28.3483], [-57.4768, -28.3482], [-57.4768, -28.3473], [-57.4767, -28.3472], [-57.4765, -28.3472], [-57.4764, -28.3471], [-57.476, -28.3469], [-57.4759, -28.3468], [-57.4744, -28.3468], [-57.4742, -28.3469], [-57.4739, -28.3469], [-57.4738, -28.3467], [-57.4737, -28.3466], [-57.4731, -28.3466], [-57.4728, -28.3469], [-57.4727, -28.3471], [-57.4727, -28.3474], [-57.4725, -28.3476], [-57.4725, -28.3478], [-57.4724, -28.3479], [-57.4724, -28.348], [-57.4706, -28.3478], [-57.4706, -28.3477], [-57.4707, -28.3476], [-57.4707, -28.3473], [-57.4705, -28.3471], [-57.4705, -28.347], [-57.4703, -28.3469], [-57.4702, -28.3467], [-57.47, -28.3466], [-57.4692, -28.3466], [-57.4692, -28.3467], [-57.4689, -28.3467], [-57.4687, -28.3468], [-57.4684, -28.3468], [-57.4682, -28.3466], [-57.468, -28.3465], [-57.4679, -28.3464], [-57.4676, -28.3464], [-57.4675, -28.3463], [-57.4673, -28.3463], [-57.4671, -28.3462], [-57.4671, -28.346], [-57.467, -28.3459], [-57.467, -28.3458], [-57.4666, -28.3456], [-57.4664, -28.3454], [-57.4662, -28.3453], [-57.4657, -28.3453], [-57.4656, -28.3451], [-57.4651, -28.3451], [-57.465, -28.345], [-57.4648, -28.345], [-57.4646, -28.3449], [-57.4645, -28.345], [-57.4637, -28.345], [-57.4635, -28.3451], [-57.4634, -28.3452], [-57.4633, -28.3452], [-57.4632, -28.3453], [-57.4617, -28.3453], [-57.4615, -28.3451], [-57.4615, -28.345], [-57.4613, -28.3449], [-57.4612, -28.3448], [-57.4612, -28.3446], [-57.4611, -28.3445], [-57.4611, -28.3443], [-57.4609, -28.3441], [-57.4607, -28.3441], [-57.4606, -28.3439], [-57.4605, -28.3438], [-57.4604, -28.3436], [-57.4603, -28.3436], [-57.4601, -28.3435], [-57.46, -28.3434], [-57.4597, -28.3434], [-57.4597, -28.3432], [-57.4594, -28.3432], [-57.4593, -28.3431], [-57.4591, -28.343], [-57.459, -28.3429], [-57.459, -28.3426], [-57.4592, -28.3426], [-57.4592, -28.3424], [-57.4593, -28.3423], [-57.4596, -28.3423], [-57.4598, -28.3421], [-57.461, -28.3421], [-57.4612, -28.3423], [-57.4613, -28.3425], [-57.4613, -28.3426], [-57.4614, -28.3428], [-57.4615, -28.3429], [-57.4615, -28.3432], [-57.4617, -28.3433], [-57.4617, -28.3435], [-57.4619, -28.3436], [-57.4619, -28.3437], [-57.462, -28.3439], [-57.4622, -28.344], [-57.4625, -28.3443], [-57.4633, -28.3443], [-57.4637, -28.3441], [-57.4638, -28.3439], [-57.4643, -28.3439], [-57.4644, -28.3437], [-57.4646, -28.3437], [-57.4647, -28.3436], [-57.4649, -28.3435], [-57.4651, -28.3435], [-57.4652, -28.3434], [-57.4652, -28.3433], [-57.4653, -28.3431], [-57.4653, -28.343], [-57.4654, -28.3428], [-57.4653, -28.3427], [-57.4651, -28.3426], [-57.465, -28.3426], [-57.4648, -28.3425], [-57.4647, -28.3423], [-57.4647, -28.3422], [-57.4646, -28.342], [-57.4644, -28.3418], [-57.4644, -28.3411], [-57.4643, -28.3409], [-57.4642, -28.3408], [-57.464, -28.3407], [-57.4637, -28.3407], [-57.4637, -28.3404], [-57.4636, -28.3402], [-57.4634, -28.34], [-57.4632, -28.3399], [-57.4631, -28.3398], [-57.4629, -28.3397], [-57.4626, -28.3397], [-57.4625, -28.3396], [-57.4623, -28.3395], [-57.4621, -28.3395], [-57.4621, -28.3392], [-57.462, -28.3391], [-57.4616, -28.3391], [-57.4615, -28.339], [-57.4614, -28.3388], [-57.4614, -28.3381], [-57.4613, -28.338], [-57.4609, -28.3378], [-57.46, -28.3378], [-57.4598, -28.3377], [-57.4596, -28.3377], [-57.4585, -28.3377], [-57.4585, -28.3372], [-57.4578, -28.3372], [-57.4568, -28.3372], [-57.4566, -28.3373], [-57.4562, -28.3377], [-57.4562, -28.3383], [-57.4561, -28.3384], [-57.4561, -28.3386], [-57.4559, -28.3387], [-57.4559, -28.3392], [-57.456, -28.3394], [-57.4562, -28.3396], [-57.4563, -28.3398], [-57.4563, -28.3401], [-57.4561, -28.3403], [-57.4561, -28.3405], [-57.456, -28.3406], [-57.456, -28.3414], [-57.4559, -28.3415], [-57.4559, -28.3418], [-57.4561, -28.3418], [-57.4563, -28.3417], [-57.4564, -28.3416], [-57.4569, -28.3416], [-57.4571, -28.3417], [-57.4571, -28.3423], [-57.4571, -28.3424], [-57.457, -28.3425], [-57.4569, -28.3427], [-57.4567, -28.3428], [-57.4566, -28.343], [-57.4565, -28.3431], [-57.4564, -28.3433], [-57.4562, -28.3435], [-57.4562, -28.3436], [-57.456, -28.3438], [-57.4558, -28.3438], [-57.4557, -28.344], [-57.4554, -28.344], [-57.4552, -28.3438], [-57.4551, -28.3438], [-57.4549, -28.3437], [-57.4535, -28.3437], [-57.4533, -28.3438], [-57.4533, -28.3439], [-57.4531, -28.344], [-57.453, -28.3441], [-57.4528, -28.3441], [-57.4525, -28.3441], [-57.4523, -28.3442], [-57.4523, -28.3443], [-57.4522, -28.3445], [-57.4521, -28.3445], [-57.452, -28.3444], [-57.4519, -28.3444], [-57.4519, -28.3438], [-57.452, -28.3437], [-57.4521, -28.3437], [-57.4521, -28.343], [-57.452, -28.3429], [-57.4517, -28.3429], [-57.4517, -28.3426], [-57.4515, -28.3425], [-57.451, -28.3425], [-57.4509, -28.3426], [-57.4507, -28.3426], [-57.4505, -28.3427], [-57.4502, -28.343], [-57.4503, -28.343], [-57.4503, -28.3434], [-57.4502, -28.3435], [-57.4501, -28.3437], [-57.4498, -28.3437], [-57.4496, -28.3436], [-57.4495, -28.3435], [-57.4493, -28.3434], [-57.4491, -28.3433], [-57.449, -28.3433], [-57.4488, -28.3432], [-57.4487, -28.3431], [-57.4485, -28.343], [-57.4484, -28.3429], [-57.4482, -28.3428], [-57.4481, -28.3428], [-57.4479, -28.3427], [-57.4479, -28.3423], [-57.4477, -28.3422], [-57.4476, -28.3421], [-57.4476, -28.3418], [-57.4477, -28.3418], [-57.4476, -28.3417], [-57.4474, -28.3416], [-57.4473, -28.3414], [-57.4471, -28.3413], [-57.447, -28.3412], [-57.4469, -28.341], [-57.4469, -28.3408], [-57.4469, -28.3406], [-57.4468, -28.3405], [-57.4468, -28.34], [-57.447, -28.3399], [-57.4471, -28.3398], [-57.4481, -28.3398], [-57.4483, -28.3399], [-57.4484, -28.34], [-57.4485, -28.3402], [-57.4486, -28.3403], [-57.4487, -28.3405], [-57.4488, -28.3406], [-57.4495, -28.3406], [-57.4495, -28.3405], [-57.4497, -28.3404], [-57.4498, -28.3402], [-57.4497, -28.3401], [-57.4497, -28.3399], [-57.4495, -28.3398], [-57.4494, -28.3396], [-57.4491, -28.3396], [-57.449, -28.3394], [-57.4489, -28.3393], [-57.4488, -28.3391], [-57.4487, -28.339], [-57.4486, -28.3389], [-57.4484, -28.3388], [-57.4483, -28.3387], [-57.4482, -28.3387], [-57.4481, -28.3386], [-57.4473, -28.3386], [-57.4473, -28.3387], [-57.4461, -28.3387], [-57.446, -28.3385], [-57.4458, -28.3384], [-57.4457, -28.3383], [-57.4448, -28.3383], [-57.4447, -28.3385], [-57.4431, -28.3385], [-57.443, -28.3383], [-57.4429, -28.3382], [-57.4427, -28.3381], [-57.4426, -28.338], [-57.4424, -28.3379], [-57.4423, -28.3378], [-57.4419, -28.3376], [-57.4419, -28.3375], [-57.4418, -28.3373], [-57.4414, -28.3371], [-57.4413, -28.337], [-57.4411, -28.337], [-57.4407, -28.3366], [-57.4406, -28.3364], [-57.4404, -28.3363], [-57.4404, -28.3362], [-57.44, -28.3358], [-57.4399, -28.3356], [-57.4398, -28.3355], [-57.4397, -28.3353], [-57.4397, -28.3352], [-57.4395, -28.3351], [-57.4395, -28.3349], [-57.4393, -28.3347], [-57.4393, -28.3344], [-57.4392, -28.3342], [-57.4391, -28.3341], [-57.4389, -28.334], [-57.4388, -28.3338], [-57.4388, -28.3337], [-57.4387, -28.3336], [-57.4386, -28.3336], [-57.4386, -28.3334], [-57.4382, -28.3334], [-57.4381, -28.3335], [-57.4376, -28.3335], [-57.4374, -28.3334], [-57.4374, -28.3331], [-57.4373, -28.333], [-57.4374, -28.3329], [-57.4374, -28.3323], [-57.4373, -28.3321], [-57.4373, -28.3319], [-57.4371, -28.3317], [-57.4369, -28.3316], [-57.4369, -28.3315], [-57.4368, -28.3315], [-57.4367, -28.3313], [-57.4367, -28.3312], [-57.4366, -28.331], [-57.4366, -28.3309], [-57.4365, -28.3307], [-57.4364, -28.3306], [-57.4363, -28.3304], [-57.4362, -28.3303], [-57.4362, -28.3291], [-57.436, -28.3289], [-57.4358, -28.3288], [-57.4357, -28.3287], [-57.4355, -28.3286], [-57.4353, -28.3284], [-57.4351, -28.3283], [-57.4348, -28.328], [-57.4346, -28.3279], [-57.434, -28.3279], [-57.4338, -28.3278], [-57.4337, -28.3277], [-57.4335, -28.3276], [-57.4334, -28.3275], [-57.4333, -28.3273], [-57.4331, -28.3273], [-57.433, -28.3271], [-57.4328, -28.3271], [-57.4327, -28.327], [-57.4325, -28.327], [-57.4324, -28.3269], [-57.4322, -28.3268], [-57.4322, -28.3267], [-57.4321, -28.3265], [-57.4323, -28.3263], [-57.4325, -28.3263], [-57.4327, -28.3262], [-57.4328, -28.3262], [-57.433, -28.3263], [-57.433, -28.326], [-57.4331, -28.3259], [-57.4331, -28.3257], [-57.433, -28.3256], [-57.4329, -28.3254], [-57.4328, -28.3254], [-57.4327, -28.3253], [-57.4322, -28.3253], [-57.4321, -28.3252], [-57.4319, -28.3251], [-57.4316, -28.3251], [-57.4314, -28.325], [-57.4314, -28.3249], [-57.4313, -28.3248], [-57.4313, -28.3232], [-57.4312, -28.323], [-57.4312, -28.3229], [-57.4311, -28.3228], [-57.4311, -28.3225], [-57.4312, -28.3223], [-57.4311, -28.3223], [-57.4309, -28.3222], [-57.4303, -28.3222], [-57.4299, -28.3224], [-57.4297, -28.3226], [-57.4295, -28.3227], [-57.4292, -28.3227], [-57.4291, -28.3225], [-57.4291, -28.3222], [-57.4295, -28.322], [-57.4296, -28.3219], [-57.4298, -28.3219], [-57.4299, -28.3218], [-57.4303, -28.3216], [-57.4303, -28.321], [-57.4301, -28.3208], [-57.43, -28.3206], [-57.4299, -28.3205], [-57.4298, -28.3203], [-57.4297, -28.3202], [-57.4297, -28.3191], [-57.429, -28.3191], [-57.4288, -28.319], [-57.4288, -28.3195], [-57.4286, -28.3195], [-57.4286, -28.32], [-57.4284, -28.3201], [-57.4279, -28.3201], [-57.4279, -28.3204], [-57.4278, -28.3206], [-57.4277, -28.3207], [-57.4276, -28.3209], [-57.4274, -28.3211], [-57.4273, -28.3213], [-57.4271, -28.3215], [-57.4269, -28.3216], [-57.4269, -28.3218], [-57.4265, -28.322], [-57.4262, -28.3223], [-57.4249, -28.3223], [-57.4248, -28.3222], [-57.4244, -28.322], [-57.4242, -28.3218], [-57.424, -28.3217], [-57.4239, -28.3215], [-57.4238, -28.3214], [-57.4236, -28.3213], [-57.4235, -28.3212], [-57.4233, -28.3212], [-57.4233, -28.3211], [-57.4231, -28.3211], [-57.423, -28.3209], [-57.423, -28.3202], [-57.4229, -28.32], [-57.4229, -28.3199], [-57.4228, -28.3197], [-57.4228, -28.3196], [-57.4226, -28.3192], [-57.4226, -28.3185], [-57.4225, -28.3183], [-57.4223, -28.3182], [-57.4215, -28.3182], [-57.4213, -28.3183], [-57.4212, -28.3184], [-57.4211, -28.3186], [-57.4209, -28.3186], [-57.4208, -28.3187], [-57.4204, -28.3189], [-57.4203, -28.319], [-57.4193, -28.319], [-57.4191, -28.3189], [-57.419, -28.3189], [-57.4188, -28.3188], [-57.4178, -28.3178], [-57.4177, -28.3176], [-57.4171, -28.317], [-57.4169, -28.3169], [-57.4168, -28.3168], [-57.4164, -28.3166], [-57.4163, -28.3165], [-57.4161, -28.3165], [-57.4159, -28.3164], [-57.4158, -28.3164], [-57.4156, -28.3163], [-57.4155, -28.3162], [-57.4151, -28.316], [-57.415, -28.3159], [-57.4145, -28.3159], [-57.4143, -28.3158], [-57.4142, -28.3157], [-57.414, -28.3156], [-57.4138, -28.3156], [-57.4135, -28.3153], [-57.4132, -28.315], [-57.413, -28.3149], [-57.4128, -28.3147], [-57.4127, -28.3145], [-57.4127, -28.3144], [-57.4126, -28.3142], [-57.4125, -28.3141], [-57.4125, -28.3138], [-57.4122, -28.3135], [-57.4121, -28.3133], [-57.412, -28.3132], [-57.412, -28.3131], [-57.4118, -28.313], [-57.4117, -28.3129], [-57.4113, -28.3127], [-57.4112, -28.3126], [-57.411, -28.3126], [-57.4109, -28.3125], [-57.4096, -28.3125], [-57.4094, -28.3124], [-57.4092, -28.3124], [-57.409, -28.3122], [-57.4088, -28.3122], [-57.4087, -28.312], [-57.4084, -28.312], [-57.4083, -28.3118], [-57.4082, -28.3117], [-57.4078, -28.3115], [-57.4078, -28.3114], [-57.4077, -28.3113], [-57.4076, -28.3113], [-57.4076, -28.3111], [-57.4074, -28.311], [-57.4073, -28.3108], [-57.4072, -28.3107], [-57.4071, -28.3105], [-57.4071, -28.31], [-57.407, -28.3098], [-57.4069, -28.3097], [-57.4069, -28.3095], [-57.4068, -28.3094], [-57.4068, -28.3078], [-57.4067, -28.3077], [-57.4065, -28.3076], [-57.4065, -28.3072], [-57.4064, -28.307], [-57.4063, -28.3069], [-57.4062, -28.3067], [-57.4061, -28.3066], [-57.4061, -28.3055], [-57.406, -28.3053], [-57.4058, -28.3052], [-57.4058, -28.3051], [-57.4056, -28.305], [-57.4055, -28.3048], [-57.4054, -28.3047], [-57.4052, -28.3047], [-57.4051, -28.3046], [-57.4049, -28.3045], [-57.4048, -28.3043], [-57.4046, -28.3042], [-57.4045, -28.3041], [-57.4043, -28.304], [-57.4042, -28.304], [-57.404, -28.3039], [-57.4039, -28.3038], [-57.4035, -28.3036], [-57.4034, -28.3035], [-57.4032, -28.3034], [-57.4031, -28.3034], [-57.4027, -28.3032], [-57.4027, -28.3031], [-57.4023, -28.3029], [-57.4022, -28.3028], [-57.402, -28.3027], [-57.4016, -28.3023], [-57.4014, -28.3023], [-57.4012, -28.3022], [-57.401, -28.302], [-57.4009, -28.3018], [-57.4007, -28.3018], [-57.4005, -28.3017], [-57.4003, -28.3017], [-57.4, -28.3014], [-57.3998, -28.3014], [-57.3997, -28.3012], [-57.3996, -28.3011], [-57.3994, -28.301], [-57.3992, -28.301], [-57.3991, -28.3009], [-57.3986, -28.3009], [-57.3983, -28.3009], [-57.3981, -28.301], [-57.3976, -28.301], [-57.3975, -28.3009], [-57.3973, -28.3009], [-57.3971, -28.3008], [-57.3969, -28.3006], [-57.3969, -28.2991], [-57.3968, -28.299], [-57.3967, -28.2988], [-57.3965, -28.2988], [-57.3964, -28.2987], [-57.3962, -28.2986], [-57.3961, -28.2985], [-57.3959, -28.2984], [-57.3958, -28.2982], [-57.3956, -28.2981], [-57.3954, -28.2981], [-57.3953, -28.298], [-57.3951, -28.2979], [-57.395, -28.2978], [-57.3948, -28.2978], [-57.3946, -28.2977], [-57.3945, -28.2976], [-57.3941, -28.2976], [-57.394, -28.2977], [-57.3938, -28.2977], [-57.3937, -28.2978], [-57.3929, -28.2978], [-57.3929, -28.2973], [-57.393, -28.2972], [-57.393, -28.2968], [-57.3928, -28.2966], [-57.3927, -28.2966], [-57.3925, -28.2965], [-57.3924, -28.2964], [-57.392, -28.2962], [-57.3916, -28.2962], [-57.3914, -28.2963], [-57.3912, -28.2963], [-57.3911, -28.2965], [-57.3909, -28.2967], [-57.3905, -28.2969], [-57.3894, -28.2969], [-57.3892, -28.2968], [-57.3878, -28.2968], [-57.3876, -28.2967], [-57.3875, -28.2966], [-57.3873, -28.2965], [-57.3871, -28.2965], [-57.387, -28.2963], [-57.3869, -28.2962], [-57.3865, -28.296], [-57.3864, -28.2959], [-57.3862, -28.2959], [-57.386, -28.2958], [-57.3854, -28.2958], [-57.3852, -28.2959], [-57.3851, -28.2959], [-57.385, -28.2961], [-57.3848, -28.2961], [-57.3846, -28.2962], [-57.3845, -28.2963], [-57.383, -28.2963], [-57.3829, -28.2962], [-57.3827, -28.2962], [-57.3826, -28.296], [-57.3824, -28.2959], [-57.3823, -28.2958], [-57.3819, -28.2956], [-57.3818, -28.2955], [-57.3815, -28.2955], [-57.3814, -28.2953], [-57.381, -28.2951], [-57.3809, -28.2951], [-57.3807, -28.295], [-57.3805, -28.295], [-57.3804, -28.2949], [-57.3802, -28.2948], [-57.3798, -28.2948], [-57.3797, -28.2949], [-57.3795, -28.2949], [-57.3794, -28.295], [-57.3792, -28.2951], [-57.3791, -28.2952], [-57.379, -28.2954], [-57.3788, -28.2956], [-57.3771, -28.2956], [-57.3769, -28.2957], [-57.3768, -28.2958], [-57.3766, -28.2959], [-57.3765, -28.296], [-57.3765, -28.2963], [-57.3764, -28.2964], [-57.3757, -28.2964], [-57.3756, -28.2963], [-57.3756, -28.2962], [-57.3757, -28.296], [-57.3757, -28.2958], [-57.3759, -28.2956], [-57.376, -28.2956], [-57.3762, -28.2955], [-57.3762, -28.2942], [-57.376, -28.2942], [-57.3759, -28.294], [-57.3759, -28.2939], [-57.376, -28.2938], [-57.376, -28.2936], [-57.3761, -28.2935], [-57.3762, -28.2933], [-57.3764, -28.2932], [-57.3764, -28.2927], [-57.3765, -28.2926], [-57.3767, -28.2925], [-57.3768, -28.2924], [-57.377, -28.2923], [-57.3771, -28.2922], [-57.3771, -28.2919], [-57.3772, -28.2918], [-57.3773, -28.2916], [-57.3775, -28.2916], [-57.3775, -28.2905], [-57.3773, -28.2903], [-57.3773, -28.29], [-57.3771, -28.2899], [-57.377, -28.2898], [-57.3769, -28.2896], [-57.3767, -28.2895], [-57.3748, -28.2895], [-57.3746, -28.2896], [-57.3744, -28.2896], [-57.3743, -28.2897], [-57.3735, -28.2897], [-57.3733, -28.2896], [-57.3732, -28.2895], [-57.3731, -28.2893], [-57.3718, -28.2893], [-57.3715, -28.2894], [-57.3677, -28.2894], [-57.3676, -28.2893], [-57.3671, -28.2893], [-57.367, -28.2891], [-57.3668, -28.289], [-57.3668, -28.2889], [-57.3667, -28.2887], [-57.3665, -28.2887], [-57.3663, -28.2886], [-57.3663, -28.288], [-57.366, -28.288], [-57.3657, -28.2877], [-57.3657, -28.2876], [-57.3655, -28.2875], [-57.3655, -28.2872], [-57.3654, -28.2872], [-57.3654, -28.2864], [-57.3655, -28.2864], [-57.3655, -28.2857], [-57.3656, -28.2855], [-57.3656, -28.2847], [-57.3655, -28.2845], [-57.3655, -28.2844], [-57.3654, -28.2842], [-57.3653, -28.2841], [-57.3651, -28.284], [-57.365, -28.2839], [-57.3648, -28.2838], [-57.3647, -28.2837], [-57.3646, -28.2835], [-57.3645, -28.2834], [-57.3644, -28.2833], [-57.3642, -28.2832], [-57.3641, -28.2831], [-57.3636, -28.2831], [-57.3634, -28.283], [-57.3616, -28.283], [-57.3615, -28.2831], [-57.3613, -28.2832], [-57.3611, -28.2832], [-57.361, -28.2833], [-57.3608, -28.2833], [-57.3607, -28.2834], [-57.3601, -28.2837], [-57.36, -28.2837], [-57.3599, -28.2839], [-57.3597, -28.284], [-57.3596, -28.2841], [-57.3564, -28.2841], [-57.3562, -28.284], [-57.3561, -28.284], [-57.3559, -28.2839], [-57.3558, -28.2838], [-57.3557, -28.2836], [-57.3555, -28.2834], [-57.3554, -28.2832], [-57.3553, -28.2831], [-57.3552, -28.2829], [-57.355, -28.2828], [-57.3549, -28.2827], [-57.3549, -28.2815], [-57.3552, -28.2815], [-57.3554, -28.2814], [-57.3554, -28.2804], [-57.3553, -28.2803], [-57.3553, -28.2801], [-57.3552, -28.28], [-57.3552, -28.2797], [-57.355, -28.2795], [-57.355, -28.2794], [-57.3549, -28.2793], [-57.3549, -28.2791], [-57.3547, -28.2789], [-57.3543, -28.2787], [-57.3542, -28.2786], [-57.354, -28.2785], [-57.354, -28.2784], [-57.3538, -28.2783], [-57.3537, -28.2782], [-57.3535, -28.2781], [-57.3535, -28.2779], [-57.3533, -28.2778], [-57.3532, -28.2777], [-57.3528, -28.2777], [-57.352, -28.2777], [-57.3518, -28.2779], [-57.3516, -28.2779], [-57.3515, -28.2781], [-57.3514, -28.2782], [-57.3486, -28.2782], [-57.3485, -28.2781], [-57.3481, -28.2779], [-57.348, -28.2778], [-57.3476, -28.2776], [-57.3475, -28.2776], [-57.3473, -28.2775], [-57.3472, -28.2774], [-57.347, -28.2773], [-57.3469, -28.2771], [-57.3467, -28.2769], [-57.3463, -28.2767], [-57.3462, -28.2767], [-57.346, -28.2766], [-57.3459, -28.2765], [-57.3457, -28.2764], [-57.3456, -28.2763], [-57.3455, -28.2761], [-57.3453, -28.276], [-57.3452, -28.276], [-57.345, -28.2758], [-57.3448, -28.2758], [-57.3447, -28.2757], [-57.3443, -28.2757], [-57.3442, -28.2756], [-57.344, -28.2755], [-57.3439, -28.2755], [-57.3437, -28.2753], [-57.3436, -28.2753], [-57.3435, -28.2751], [-57.3433, -28.275], [-57.3432, -28.2749], [-57.3432, -28.2747], [-57.343, -28.2747], [-57.3429, -28.2745], [-57.3428, -28.2744], [-57.3427, -28.2742], [-57.3426, -28.2741], [-57.3426, -28.2734], [-57.3424, -28.2733], [-57.3424, -28.2731], [-57.3423, -28.273], [-57.3423, -28.2714], [-57.3422, -28.2713], [-57.3422, -28.271], [-57.342, -28.2709], [-57.342, -28.27], [-57.3418, -28.27], [-57.3417, -28.2699], [-57.3384, -28.2731], [-57.3382, -28.2733], [-57.3381, -28.2733], [-57.338, -28.2732], [-57.3378, -28.2731], [-57.3377, -28.273], [-57.3376, -28.2728], [-57.3375, -28.2728], [-57.3373, -28.2727], [-57.3371, -28.2725], [-57.3369, -28.2724], [-57.3368, -28.2723], [-57.3366, -28.2723], [-57.3364, -28.2721], [-57.3362, -28.272], [-57.336, -28.2718], [-57.3358, -28.2718], [-57.3356, -28.2716], [-57.3354, -28.2715], [-57.3351, -28.2712], [-57.3351, -28.2707], [-57.3351, -28.2706], [-57.335, -28.2705], [-57.3349, -28.2703], [-57.3345, -28.2701], [-57.3344, -28.2701], [-57.334, -28.2699], [-57.3339, -28.2698], [-57.3337, -28.2697], [-57.3336, -28.2696], [-57.3334, -28.2695], [-57.3332, -28.2695], [-57.3331, -28.2694], [-57.3329, -28.2693], [-57.3328, -28.2691], [-57.3326, -28.269], [-57.3325, -28.269], [-57.3324, -28.2688], [-57.3322, -28.2686], [-57.3318, -28.2684], [-57.3317, -28.2683], [-57.3317, -28.2682], [-57.3316, -28.2681], [-57.3314, -28.268], [-57.3313, -28.2678], [-57.3312, -28.2677], [-57.331, -28.2676], [-57.331, -28.2674], [-57.3309, -28.2673], [-57.3307, -28.2672], [-57.3306, -28.2671], [-57.3303, -28.2671], [-57.3302, -28.267], [-57.33, -28.267], [-57.3299, -28.2668], [-57.3297, -28.2668], [-57.3296, -28.2667], [-57.3294, -28.2666], [-57.3289, -28.2666], [-57.3288, -28.2665], [-57.3284, -28.2665], [-57.3284, -28.2658], [-57.3283, -28.2656], [-57.3283, -28.2655], [-57.3282, -28.2653], [-57.3281, -28.2652], [-57.3279, -28.2651], [-57.3278, -28.265], [-57.3276, -28.265], [-57.3275, -28.2649], [-57.3273, -28.2648], [-57.3271, -28.2647], [-57.327, -28.2647], [-57.3268, -28.2646], [-57.3268, -28.2643], [-57.3266, -28.2641], [-57.3252, -28.2641], [-57.325, -28.264], [-57.3249, -28.2639], [-57.3248, -28.2637], [-57.3246, -28.2636], [-57.3242, -28.2636], [-57.324, -28.2635], [-57.3234, -28.2635], [-57.323, -28.2633], [-57.3229, -28.2633], [-57.3227, -28.2632], [-57.3225, -28.2632], [-57.3224, -28.263], [-57.3224, -28.2629], [-57.3222, -28.2628], [-57.3221, -28.2627], [-57.3219, -28.2626], [-57.3219, -28.2621], [-57.322, -28.262], [-57.322, -28.2612], [-57.3219, -28.2611], [-57.3219, -28.2608], [-57.3218, -28.2606], [-57.3217, -28.2605], [-57.3215, -28.2605], [-57.3212, -28.2602], [-57.321, -28.2601], [-57.3204, -28.2601], [-57.3199, -28.2601], [-57.3197, -28.2599], [-57.3197, -28.2597], [-57.3194, -28.2594], [-57.3192, -28.2593], [-57.3187, -28.259], [-57.3187, -28.2588], [-57.3185, -28.2588], [-57.3184, -28.2587], [-57.318, -28.2587], [-57.3179, -28.2586], [-57.3193, -28.2571], [-57.3254, -28.2509], [-57.326, -28.2502], [-57.3284, -28.2477], [-57.3295, -28.2465], [-57.3317, -28.2443], [-57.333, -28.2429], [-57.3334, -28.2425], [-57.3377, -28.238], [-57.3387, -28.2369], [-57.3421, -28.2334], [-57.3403, -28.2331], [-57.3383, -28.2329], [-57.3371798, -28.2321785], [-57.3359, -28.2312], [-57.3194, -28.2479], [-57.316, -28.2513], [-57.3138, -28.252], [-57.3115, -28.252], [-57.3104, -28.2515], [-57.3095, -28.2494], [-57.3103, -28.2494], [-57.3137, -28.249], [-57.314, -28.2489], [-57.3130775, -28.2470841], [-57.3132491, -28.2452505], [-57.3169, -28.2411], [-57.3184, -28.2396], [-57.304988, -28.2391825], [-57.2914267, -28.2323013], [-57.2871781, -28.2239828], [-57.2737, -28.2174], [-57.2725, -28.217], [-57.27, -28.2161], [-57.2679, -28.2145], [-57.2667, -28.2135], [-57.2662, -28.214], [-57.2655, -28.2133], [-57.2654, -28.2108], [-57.2652, -28.208], [-57.2615, -28.207], [-57.2635, -28.2045], [-57.2612035, -28.2001959], [-57.2496808, -28.1990045], [-57.2466016, -28.1947022], [-57.2161746, -28.1952033], [-57.2154665, -28.1871088], [-57.2182989, -28.1767819], [-57.21, -28.1769], [-57.2035, -28.1764], [-57.1929, -28.1699], [-57.1826, -28.1736], [-57.1724, -28.1574], [-57.1676, -28.1626], [-57.1516, -28.1536], [-57.1513, -28.1509], [-57.1501, -28.1387], [-57.1445, -28.1309], [-57.1301, -28.111], [-57.1369, -28.1066], [-57.1222, -28.0955], [-57.1084316, -28.1049169], [-57.1022267, -28.061435], [-57.0853662, -28.0822448], [-57.0716545, -28.067417], [-57.0139883, -28.0422757], [-56.9971961, -27.9794552], [-56.9978, -27.9855], [-56.9983, -27.9902], [-56.9993, -28.0002], [-57.0019, -28.0253], [-56.9648, -28.0007], [-56.9077, -27.9674], [-56.9033, -27.9649], [-56.8702, -27.9609], [-56.8379, -27.9665], [-56.829, -27.9588], [-56.827, -27.9527], [-56.8248, -27.9459], [-56.8339, -27.9387], [-56.8293, -27.9366], [-56.8344, -27.9248], [-56.8363, -27.916], [-56.8364, -27.916], [-56.8438, -27.9154], [-56.8492, -27.9148], [-56.8561, -27.9145], [-56.8599, -27.9143], [-56.863, -27.8995], [-56.8632, -27.8957], [-56.8627, -27.8957], [-56.8517, -27.8965], [-56.8514, -27.8965], [-56.8421, -27.8972], [-56.842, -27.8972], [-56.8396, -27.8981], [-56.8378, -27.8988], [-56.8329, -27.902], [-56.8322, -27.9232], [-56.8271, -27.9359], [-56.8236, -27.9351], [-56.8189, -27.9254], [-56.821, -27.9175], [-56.8217, -27.9043], [-56.8261, -27.8947], [-56.8137, -27.8803], [-56.8203, -27.8778], [-56.815, -27.8626], [-56.8166, -27.8566], [-56.8096, -27.8382], [-56.8129, -27.8295], [-56.8298, -27.8227], [-56.8343, -27.8155], [-56.8388, -27.8127], [-56.8529177, -27.8032848], [-56.8491197, -27.7782087], [-56.8209028, -27.804082], [-56.8064618, -27.8025256], [-56.7965913, -27.7919149], [-56.8004, -27.8321835], [-56.7981148, -27.8900288], [-56.7744685, -27.8992456], [-56.6906977, -27.8474813], [-56.6953111, -27.8147294], [-56.7202664, -27.8018423], [-56.7288494, -27.7986914], [-56.7280126, -27.7910797], [-56.737926, -27.7880994], [-56.7219186, -27.7263867], [-56.6938091, -27.7393018], [-56.6801191, -27.7195297], [-56.683099, -27.7043017], [-56.6777909, -27.6723025], [-56.6831017, -27.6350068], [-56.6138364, -27.6030847], [-56.6213895, -27.5938809], [-56.6052533, -27.5817094], [-56.5676595, -27.5870346], [-56.5537549, -27.5704495], [-56.536063, -27.5694474], [-56.5289176, -27.5779626], [-56.523521, -27.5851709], [-56.5192187, -27.5903057], [-56.516912, -27.5982928], [-56.5126956, -27.604606], [-56.5135002, -27.6108998], [-56.5109387, -27.6151256], [-56.5080875, -27.6290899], [-56.5078005, -27.6482939], [-56.5049279, -27.6585099], [-56.5049359, -27.6708107], [-56.5077925, -27.6779724], [-56.505239, -27.6864637], [-56.5018273, -27.6938263], [-56.4975143, -27.7030502], [-56.4952183, -27.7084835], [-56.4989466, -27.7164952], [-56.4975143, -27.7283051], [-56.4989305, -27.7406692], [-56.5003467, -27.7497657], [-56.5003574, -27.7575797], [-56.4972782, -27.7697791], [-56.4918065, -27.7863719], [-56.483202, -27.8047083], [-56.4863777, -27.8127177], [-56.4844036, -27.8209352], [-56.4880782, -27.8278855], [-56.4937592, -27.8354899], [-56.4971709, -27.846343], [-56.5052176, -27.8600785], [-56.5121055, -27.8637777], [-56.507814, -27.870967], [-56.5126634, -27.8868806], [-56.5160966, -27.9028866], [-56.5323186, -27.9545106], [-56.5380693, -27.9605189], [-56.5481973, -27.9680808], [-56.5571022, -27.9748084], [-56.5662003, -27.9816872], [-56.5758777, -27.9868602], [-56.5891171, -27.9962203], [-56.5931297, -28.0038555], [-56.5974856, -28.0187455], [-56.6027704, -28.0322962], [-56.6193724, -28.0396941], [-56.6290498, -28.0451295], [-56.6427827, -28.0490496], [-56.6513229, -28.0526287], [-56.6550994, -28.054314], [-56.6567731, -28.0599569], [-56.6582537, -28.0652398], [-56.6619659, -28.0747634], [-56.6702485, -28.0836426], [-56.6762781, -28.0896815], [-56.6836596, -28.0902494], [-56.6956973, -28.1019854], [-56.697371, -28.1087804], [-56.7041946, -28.1130767], [-56.7082286, -28.1191139], [-56.7154598, -28.1234287], [-56.717434, -28.1271189], [-56.7177129, -28.135691], [-56.712842, -28.1436379], [-56.7128206, -28.1553303], [-56.7179275, -28.1655648], [-56.729815, -28.1747201], [-56.7328406, -28.1773682], [-56.7324972, -28.1821724], [-56.7373252, -28.1903997], [-56.7416811, -28.1943901], [-56.7444706, -28.206058], [-56.7441702, -28.2191805], [-56.7441917, -28.2361768], [-56.7458868, -28.2446267], [-56.7547944, -28.2590132], [-56.7598987, -28.2613001], [-56.7725802, -28.2748291], [-56.7832929, -28.2832713], [-56.8057752, -28.3111628], [-56.8169546, -28.3257456], [-56.8485832, -28.3548298], [-56.8609643, -28.3654039], [-56.8703413, -28.3700486], [-56.8766928, -28.375807], [-56.8883443, -28.3763923], [-56.8980003, -28.3808289], [-56.9052905, -28.3829055], [-56.9121, -28.3829], [-56.9195, -28.3886], [-56.9261, -28.3935], [-56.9304, -28.3915], [-56.9387, -28.3964], [-56.9452, -28.4064], [-56.9501, -28.4109], [-56.9644, -28.4181], [-56.9667, -28.4232], [-56.9695, -28.4272], [-56.9792, -28.4318], [-56.9898, -28.4375], [-56.9955, -28.442], [-57.0012, -28.4446], [-57.0046, -28.4509], [-57.0106, -28.4569], [-57.0161, -28.4623], [-57.0243, -28.4672], [-57.0332, -28.4706], [-57.0523, -28.482], [-57.062, -28.49], [-57.0737, -28.4894], [-57.0789, -28.4914], [-57.0846, -28.4966], [-57.0866, -28.5029], [-57.0937, -28.5066], [-57.1054, -28.5129], [-57.1248, -28.5226], [-57.1311, -28.5251], [-57.1588417, -28.5320269], [-57.1593153, -28.5321289], [-57.1644994, -28.5332455], [-57.1648418, -28.5332632], [-57.165454, -28.5331484], [-57.1661321, -28.5329403], [-57.1674796, -28.5325267], [-57.168712, -28.5321482], [-57.1700872, -28.5317263], [-57.1706829, -28.5315435], [-57.1712955, -28.5313555], [-57.1726945, -28.5309458], [-57.1739886, -28.5305669], [-57.1752046, -28.5302108], [-57.1759117, -28.5300038], [-57.1762988, -28.5299817], [-57.176686, -28.5300513], [-57.1778734, -28.5305182], [-57.1780557, -28.530641], [-57.1782005, -28.5307823], [-57.1789657, -28.5317708], [-57.1797544, -28.5328824], [-57.1804628, -28.5338811], [-57.1804924, -28.5339228], [-57.1811614, -28.5350738], [-57.1819435, -28.5360492], [-57.1827074, -28.5372202], [-57.1831987, -28.5378456], [-57.1834435, -28.5380786], [-57.1837263, -28.5382758], [-57.184487, -28.5387854], [-57.1844767, -28.5388385], [-57.184251, -28.5389325], [-57.18375, -28.539], [-57.18325, -28.539], [-57.1825, -28.53975], [-57.1818957, -28.5395168], [-57.1807232, -28.5397363], [-57.1805208, -28.5399235], [-57.18025, -28.5405], [-57.18025, -28.541], [-57.1797479, -28.5412312], [-57.1786052, -28.540882], [-57.1780976, -28.5408934], [-57.1755, -28.54225], [-57.17475, -28.542], [-57.174, -28.5425], [-57.1735, -28.5425], [-57.17325, -28.54225], [-57.1720402, -28.5419264], [-57.17125, -28.54225], [-57.1708652, -28.5430706], [-57.17125, -28.544], [-57.1692655, -28.5442396], [-57.1688266, -28.5449857], [-57.169, -28.54575], [-57.17075, -28.54725], [-57.1708935, -28.5482936], [-57.1718278, -28.549189], [-57.1725074, -28.5498605], [-57.17425, -28.5495], [-57.17525, -28.54975], [-57.1755511, -28.550246], [-57.1750273, -28.5509921], [-57.1740505, -28.5515765], [-57.1729462, -28.5527827], [-57.1726065, -28.5534667], [-57.172111, -28.5543868], [-57.1719836, -28.5548842], [-57.1718986, -28.5553195], [-57.1717429, -28.5564759], [-57.1713607, -28.5577069], [-57.1711342, -28.5581172], [-57.1717429, -28.5593855], [-57.1717995, -28.5599699], [-57.1717429, -28.5608901], [-57.1701573, -28.561375], [-57.1687417, -28.5611636], [-57.1657121, -28.5600072], [-57.1583868, -28.5610561], [-57.1494604, -28.5615084], [-57.1453406, -28.5583421], [-57.1383025, -28.5584929], [-57.130921, -28.5539696], [-57.1233679, -28.545827], [-57.1113516, -28.5413031], [-57.1025969, -28.5399459], [-57.098992, -28.5419063], [-57.0976187, -28.5443191], [-57.1034552, -28.5467318], [-57.11118, -28.5489936], [-57.1204497, -28.5553266], [-57.1250845, -28.5615084], [-57.1262862, -28.564976], [-57.1238829, -28.5657299], [-57.121823, -28.5693482], [-57.1257712, -28.5690466], [-57.1295477, -28.564976], [-57.1360709, -28.5661822], [-57.1484305, -28.5702527], [-57.1546103, -28.5729663], [-57.1601035, -28.5771874], [-57.1618201, -28.5845738], [-57.1673132, -28.5903017], [-57.1671416, -28.5930148], [-57.1631934, -28.6020579], [-57.1571852, -28.6040172], [-57.1546103, -28.6028115], [-57.1501471, -28.6065792], [-57.1487738, -28.6095933], [-57.143109, -28.6115524], [-57.1374442, -28.6124566], [-57.1283461, -28.608237], [-57.1250845, -28.6079356], [-57.122338, -28.6059764], [-57.1166731, -28.6059764], [-57.10912, -28.6050721], [-57.1013953, -28.6025101], [-57.0902373, -28.5985915], [-57.0854308, -28.5987422], [-57.076161, -28.6011537], [-57.0723845, -28.5997972], [-57.067578, -28.6007015], [-57.0613982, -28.5987422], [-57.0581366, -28.5988929], [-57.05642, -28.6004001], [-57.0684363, -28.6073328], [-57.0833708, -28.6061271], [-57.0904089, -28.6092919], [-57.0959021, -28.6136622], [-57.0957304, -28.6169774], [-57.1001936, -28.6189364], [-57.1130682, -28.6184843], [-57.1201064, -28.6193885], [-57.1201064, -28.6216488], [-57.119763, -28.628128], [-57.1132399, -28.6326482], [-57.1139265, -28.6353602], [-57.119248, -28.6346069], [-57.1326376, -28.623909], [-57.1391608, -28.6246624], [-57.1494604, -28.627676], [-57.1528937, -28.6318948], [-57.154267, -28.6395787], [-57.1563269, -28.6433451], [-57.154782, -28.647714], [-57.1449973, -28.6522333], [-57.1449973, -28.6555474], [-57.1534087, -28.6579575], [-57.1578719, -28.6630789], [-57.1582152, -28.6656395], [-57.1546103, -28.6731703], [-57.1564986, -28.6787427], [-57.1597601, -28.6855196], [-57.1585585, -28.6892844], [-57.1551253, -28.6907903], [-57.1486021, -28.6904891], [-57.1417357, -28.6918444], [-57.130406, -28.6915432], [-57.122338, -28.6921455], [-57.121308, -28.6950066], [-57.1242262, -28.697717], [-57.1316077, -28.7025353], [-57.1489455, -28.7025353], [-57.1594168, -28.7031375], [-57.1621634, -28.7076545], [-57.1623351, -28.7117195], [-57.1619917, -28.7139778], [-57.1549536, -28.71458], [-57.151692, -28.7154833], [-57.1501471, -28.7187954], [-57.1511771, -28.722559], [-57.153752, -28.7243654], [-57.1539236, -28.7324941], [-57.1491171, -28.7355046], [-57.1455122, -28.7379129], [-57.143624, -28.7424283], [-57.1463705, -28.7475455], [-57.1451689, -28.7501041], [-57.1384741, -28.7501041], [-57.130406, -28.7493516], [-57.1257712, -28.7498031], [-57.1245695, -28.7507061], [-57.1269728, -28.753415], [-57.1444823, -28.7597356], [-57.1477438, -28.7631968], [-57.1501471, -28.7743318], [-57.1498038, -28.7836602], [-57.151692, -28.789979], [-57.1551253, -28.7952443], [-57.1552969, -28.8015624], [-57.1528937, -28.8084817], [-57.2021527, -28.8074872], [-57.2010018, -28.8055926], [-57.1989597, -28.8054427], [-57.198241, -28.8038033], [-57.19703, -28.8031758], [-57.1959807, -28.7981025], [-57.1927191, -28.7922356], [-57.197354, -28.7877223], [-57.1975256, -28.7823061], [-57.1922041, -28.7771906], [-57.1935774, -28.7622939], [-57.2004439, -28.7568764], [-57.2035338, -28.7514586], [-57.1976973, -28.7495021], [-57.1975256, -28.7434819], [-57.2006799, -28.7356551], [-57.2010577, -28.7352174], [-57.2012401, -28.7349351], [-57.2016692, -28.7345212], [-57.2020555, -28.734239], [-57.202431, -28.7337121], [-57.2028923, -28.7332417], [-57.2031069, -28.7328184], [-57.2033257, -28.7326518], [-57.2036755, -28.7323856], [-57.2039437, -28.7322445], [-57.2041369, -28.7320752], [-57.2043622, -28.7316612], [-57.2045875, -28.7313414], [-57.2050488, -28.7309933], [-57.2052205, -28.7307016], [-57.2054565, -28.7303159], [-57.2058213, -28.7298643], [-57.2063041, -28.7296761], [-57.2068405, -28.729535], [-57.2073877, -28.7293657], [-57.2078061, -28.7291587], [-57.2081494, -28.7287259], [-57.2082997, -28.7282649], [-57.2092223, -28.7277192], [-57.2093511, -28.7274558], [-57.2097588, -28.7282273], [-57.2105527, -28.7284343], [-57.2119904, -28.7282461], [-57.2141768, -28.727075], [-57.2157669, -28.7262703], [-57.2178269, -28.7242381], [-57.2212172, -28.7229209], [-57.2225905, -28.7223187], [-57.2238779, -28.7219047], [-57.2252942, -28.7220929], [-57.2275687, -28.7230714], [-57.2291136, -28.7242005], [-57.2315598, -28.7255177], [-57.2331477, -28.7256682], [-57.2373105, -28.7248026], [-57.2387696, -28.7248779], [-57.2411299, -28.7254424], [-57.242589, -28.72548], [-57.244649, -28.7250284], [-57.2459794, -28.7238994], [-57.2473097, -28.7231843], [-57.248683, -28.7225822], [-57.2498846, -28.7223187], [-57.2509575, -28.7227327], [-57.2519446, -28.7225069], [-57.2528887, -28.7217166], [-57.253747, -28.7210391], [-57.2545624, -28.7205122], [-57.2559357, -28.7206628], [-57.257309, -28.7211897], [-57.2582961, -28.7213402], [-57.2589398, -28.7207381], [-57.2597123, -28.7201735], [-57.260356, -28.7205875], [-57.2611714, -28.7213402], [-57.2620297, -28.7221682], [-57.2637034, -28.7222811], [-57.2657204, -28.7223564], [-57.2683382, -28.7225069], [-57.2696686, -28.7222058], [-57.2695874, -28.7213146], [-57.2685313, -28.7207945], [-57.2668362, -28.7197407], [-57.2652912, -28.7193455], [-57.2643364, -28.7189127], [-57.2638536, -28.7185175], [-57.2631026, -28.7180471], [-57.2622442, -28.7175578], [-57.2612572, -28.7171814], [-57.2603989, -28.7168992], [-57.2594118, -28.7160335], [-57.2581029, -28.7157701], [-57.2570515, -28.7154313], [-57.2556567, -28.7153372], [-57.2547341, -28.7152055], [-57.2540474, -28.7152808], [-57.2526098, -28.7155066], [-57.2517944, -28.7152243], [-57.2509361, -28.7145657], [-57.2502279, -28.7140764], [-57.2495198, -28.7139823], [-57.2483182, -28.7142269], [-57.2475028, -28.7139823], [-57.2467303, -28.7138882], [-57.2450996, -28.7137188], [-57.2441769, -28.7140199], [-57.243619, -28.7139634], [-57.2429109, -28.7137564], [-57.2421599, -28.7132671], [-57.2415161, -28.712759], [-57.2406149, -28.7121004], [-57.2399068, -28.7113099], [-57.239542, -28.7106136], [-57.2393275, -28.7096162], [-57.2392631, -28.7093903], [-57.2389627, -28.7087693], [-57.2382331, -28.7083929], [-57.2373533, -28.7081294], [-57.2367096, -28.7080541], [-57.2361946, -28.7080165], [-57.2353363, -28.7078283], [-57.234993, -28.7071884], [-57.2350145, -28.706492], [-57.2352934, -28.7058333], [-57.2362161, -28.7054005], [-57.2369027, -28.7050805], [-57.2373963, -28.704817], [-57.2382975, -28.7042148], [-57.2384691, -28.7035937], [-57.2384262, -28.7030479], [-57.2378683, -28.7025209], [-57.23701, -28.7020315], [-57.236023, -28.7016363], [-57.2345638, -28.7013351], [-57.2330404, -28.7012222], [-57.2319246, -28.7011093], [-57.230959, -28.7011093], [-57.2301865, -28.701354], [-57.2294784, -28.7016363], [-57.2286737, -28.7022009], [-57.2276759, -28.7029161], [-57.2269893, -28.7035937], [-57.2260237, -28.7041865], [-57.2254229, -28.7047417], [-57.2245967, -28.7050899], [-57.2238672, -28.7051652], [-57.2232556, -28.7055416], [-57.2229874, -28.7059274], [-57.2226763, -28.706078], [-57.2220433, -28.7061156], [-57.2215819, -28.7061345], [-57.2212386, -28.7062474], [-57.2210026, -28.7063979], [-57.2206807, -28.7067367], [-57.2206056, -28.7070943], [-57.2205842, -28.7072731], [-57.2205091, -28.7075836], [-57.2203267, -28.7079977], [-57.2199726, -28.7083458], [-57.2194255, -28.7084117], [-57.2189319, -28.7084305], [-57.2185135, -28.708534], [-57.217741, -28.7089481], [-57.2173011, -28.7091645], [-57.2170329, -28.7089575], [-57.2166789, -28.7089198], [-57.2160351, -28.709061], [-57.2157562, -28.7093903], [-57.2155094, -28.7097103], [-57.2150803, -28.7100867], [-57.2145546, -28.7104537], [-57.2142863, -28.7110465], [-57.213589, -28.7116487], [-57.2126877, -28.7123074], [-57.2115719, -28.712919], [-57.2105205, -28.7133518], [-57.2084313, -28.7143725], [-57.2076452, -28.7142269], [-57.2068191, -28.7133895], [-57.2063685, -28.7128814], [-57.2061646, -28.7119969], [-57.2056818, -28.7110088], [-57.2054029, -28.7104913], [-57.2050059, -28.7100208], [-57.2049308, -28.7092116], [-57.2052312, -28.7085434], [-57.2053921, -28.7080824], [-57.2053921, -28.7078001], [-57.2053117, -28.7074378], [-57.2052205, -28.7072119], [-57.2051239, -28.7067744], [-57.204963, -28.7065391], [-57.2047752, -28.7064591], [-57.2046518, -28.7062521], [-57.2045982, -28.7060357], [-57.2048503, -28.7060215], [-57.2049952, -28.7060498], [-57.2051507, -28.7059321], [-57.2052634, -28.7055699], [-57.2051776, -28.7053064], [-57.2048932, -28.7048876], [-57.2046357, -28.7044312], [-57.2044104, -28.7037442], [-57.2042173, -28.7032643], [-57.20411, -28.7029538], [-57.2042173, -28.7025162], [-57.2042204, -28.7022341], [-57.2042817, -28.7020221], [-57.2044212, -28.7018339], [-57.2045875, -28.7016457], [-57.2045875, -28.7013399], [-57.2044855, -28.7012316], [-57.2044426, -28.7010975], [-57.2044829, -28.7009587], [-57.2045445, -28.7008834], [-57.2044802, -28.7006717], [-57.2044212, -28.7007258], [-57.204338, -28.7007752], [-57.2042441, -28.700754], [-57.2041851, -28.7007188], [-57.2041208, -28.7006317], [-57.2041583, -28.7004435], [-57.2041932, -28.7003776], [-57.2041744, -28.7003], [-57.2041798, -28.7000929], [-57.2031905, -28.6859714], [-57.2001006, -28.6742246], [-57.1990706, -28.6569031], [-57.2013022, -28.6486179], [-57.2028471, -28.6383734], [-57.2052504, -28.6344562], [-57.2097136, -28.6352095], [-57.2110869, -28.6329495], [-57.1997572, -28.6273746], [-57.1980406, -28.6221008], [-57.2028471, -28.618183], [-57.2014738, -28.6166761], [-57.1922041, -28.6124566], [-57.1932341, -28.5996465], [-57.1934058, -28.5943713], [-57.1889426, -28.5830664], [-57.1822478, -28.580956], [-57.18025, -28.5765], [-57.18175, -28.57575], [-57.18225, -28.57575], [-57.18625, -28.5735], [-57.1865, -28.57325], [-57.1878675, -28.5702276], [-57.188363, -28.5687854], [-57.1894106, -28.5676042], [-57.1891982, -28.5659133], [-57.1893256, -28.5627676], [-57.1900759, -28.5620961], [-57.1911802, -28.5619469], [-57.1925, -28.561], [-57.193, -28.56075], [-57.1934736, -28.5588508], [-57.1941956, -28.5573214], [-57.194323, -28.5544988], [-57.1945778, -28.5532677], [-57.19575, -28.5525], [-57.196, -28.55225], [-57.195682, -28.5507807], [-57.1943513, -28.5482812], [-57.1941912, -28.548058], [-57.1942467, -28.5476747], [-57.1944836, -28.547191], [-57.1947224, -28.5467704], [-57.194902, -28.5463757], [-57.19494, -28.5461582], [-57.1950264, -28.5460835], [-57.1953615, -28.5463175], [-57.1954877, -28.5464057], [-57.1955791, -28.5464511], [-57.1960444, -28.5466822], [-57.1967011, -28.5470061], [-57.1968791, -28.5470939], [-57.1969218, -28.5471149], [-57.1988106, -28.5484054], [-57.1993296, -28.548783], [-57.2001244, -28.549435], [-57.2014142, -28.5506565], [-57.2023272, -28.5515141], [-57.2035249, -28.5526319], [-57.2086, -28.5489], [-57.2086, -28.5473], [-57.2085, -28.5469], [-57.2084435, -28.5461906], [-57.2088391, -28.5463442], [-57.2099796, -28.5471071], [-57.2112204, -28.548235], [-57.2115419, -28.5484787], [-57.2117436, -28.5485834], [-57.2118321, -28.5486517], [-57.2119313, -28.5487177], [-57.2120306, -28.5487896], [-57.212103, -28.5488178], [-57.2121164, -28.5488473], [-57.2121044, -28.5489062], [-57.2121164, -28.5489533], [-57.2121473, -28.5490016], [-57.2122344, -28.5490487], [-57.2123073, -28.5490565], [-57.2123651, -28.5492929], [-57.2125, -28.5494], [-57.2128, -28.5495], [-57.2132, -28.5497], [-57.2133, -28.5498], [-57.2139, -28.5501], [-57.2146, -28.5504], [-57.2149, -28.5506], [-57.2263, -28.5593], [-57.2305, -28.5633], [-57.2309, -28.5637], [-57.2346, -28.5677], [-57.2357499, -28.5688978], [-57.237, -28.5702], [-57.2397, -28.5708], [-57.2463, -28.5758], [-57.2551, -28.5791], [-57.2592, -28.5827], [-57.2674, -28.5867], [-57.2727, -28.5903], [-57.273, -28.5905], [-57.2762, -28.5914], [-57.2817, -28.5941], [-57.2887, -28.5953], [-57.3052, -28.6037], [-57.312, -28.6061], [-57.319, -28.6088], [-57.3239, -28.6096], [-57.3389, -28.612], [-57.3416, -28.6124], [-57.3459, -28.6116], [-57.3495, -28.6119], [-57.3565, -28.6125], [-57.3578, -28.6126], [-57.3701, -28.6124], [-57.3736, -28.6146], [-57.3852, -28.6175], [-57.3929, -28.617], [-57.4026, -28.6164], [-57.4087, -28.6205], [-57.4141, -28.6199], [-57.4174, -28.6204], [-57.4281, -28.622], [-57.4391, -28.625], [-57.441, -28.6306], [-57.4469, -28.6316], [-57.4474, -28.6316], [-57.4492, -28.6313], [-57.451, -28.6311], [-57.4517369, -28.6310047], [-57.452268, -28.6309293], [-57.4526113, -28.6312118], [-57.4534643, -28.6312589], [-57.4539256, -28.6311083], [-57.4548858, -28.6311271], [-57.455948, -28.6311789], [-57.4573696, -28.6311318], [-57.4581689, -28.6309246], [-57.4589199, -28.6305009], [-57.4594027, -28.6302843], [-57.4601215, -28.63003], [-57.4614036, -28.6300112], [-57.4624229, -28.6298087], [-57.4633402, -28.6298605], [-57.4644291, -28.6298511], [-57.4652982, -28.6298087], [-57.4660277, -28.6297193], [-57.4666983, -28.6295874], [-57.4673313, -28.6294932], [-57.4677873, -28.6293661], [-57.4684739, -28.6294885], [-57.4689299, -28.6295168], [-57.4695951, -28.6294179], [-57.470212, -28.6294744], [-57.4709952, -28.6293897], [-57.471478, -28.6294179], [-57.4719876, -28.6293755], [-57.4724543, -28.6293708], [-57.4731946, -28.6292578], [-57.473731, -28.6292578], [-57.4742353, -28.6292766], [-57.4747074, -28.629352], [-57.4750346, -28.6293331], [-57.4753779, -28.629319], [-57.4755067, -28.6291589], [-57.4755818, -28.6290224], [-57.4757266, -28.628834], [-57.4759358, -28.6286787], [-57.4762523, -28.6285939], [-57.4764937, -28.6284715], [-57.476719, -28.6283443], [-57.4773145, -28.628302], [-57.4782586, -28.6283585], [-57.478838, -28.6279818], [-57.4801254, -28.6276239], [-57.4816996, -28.6270321], [-57.4820137, -28.6272472], [-57.4822712, -28.6271531], [-57.4825072, -28.6270306], [-57.4826145, -28.6269553], [-57.4828076, -28.6267952], [-57.4830866, -28.626588], [-57.4833119, -28.626475], [-57.4834299, -28.6264279], [-57.4835479, -28.6263714], [-57.483666, -28.6263243], [-57.4838269, -28.6262961], [-57.4842507, -28.6260183], [-57.4844438, -28.6259429], [-57.4846852, -28.6258205], [-57.4848729, -28.6256698], [-57.4851197, -28.6255427], [-57.4852645, -28.625425], [-57.4854147, -28.6253167], [-57.4855435, -28.6252743], [-57.4856132, -28.6252649], [-57.485742, -28.6252225], [-57.4858868, -28.6251095], [-57.4859458, -28.6250812], [-57.4863321, -28.6249682], [-57.4863857, -28.6249353], [-57.4864501, -28.6249117], [-57.4866593, -28.6247799], [-57.4867934, -28.6247563], [-57.4869436, -28.624761], [-57.4870187, -28.6247516], [-57.4870831, -28.6247375], [-57.4872601, -28.6246433], [-57.4874586, -28.6246009], [-57.4875981, -28.6246057], [-57.4878824, -28.6246386], [-57.4880487, -28.6246292], [-57.4882579, -28.6245962], [-57.4883866, -28.6246198], [-57.4888104, -28.6246339], [-57.4890089, -28.6246669], [-57.4897653, -28.6246669], [-57.490232, -28.6246104], [-57.490527, -28.6246151], [-57.4906611, -28.6246292], [-57.490806, -28.6246339], [-57.4914175, -28.6246716], [-57.4916214, -28.6247045], [-57.4917609, -28.6247092], [-57.4918842, -28.6247281], [-57.4920076, -28.624761], [-57.492131, -28.6248176], [-57.4922437, -28.6248835], [-57.4924368, -28.6250342], [-57.4925709, -28.6250718], [-57.4926353, -28.6250765], [-57.4930322, -28.625133], [-57.49322, -28.6252884], [-57.4933326, -28.6253355], [-57.4935418, -28.6253402], [-57.4937511, -28.6253638], [-57.4938262, -28.6253685], [-57.4939603, -28.6254014], [-57.4941695, -28.6254344], [-57.4943036, -28.6254674], [-57.4945021, -28.6255003], [-57.4948347, -28.6255757], [-57.4949527, -28.625618], [-57.4950171, -28.6256322], [-57.4951619, -28.6256981], [-57.4953336, -28.6257875], [-57.495591, -28.6258676], [-57.4956876, -28.6259382], [-57.4957573, -28.6259665], [-57.4959719, -28.6260324], [-57.4964064, -28.6261172], [-57.4966425, -28.6262208], [-57.4967444, -28.6262867], [-57.4969268, -28.6263761], [-57.4972808, -28.6266869], [-57.4974525, -28.6267811], [-57.4975973, -28.6268941], [-57.4976885, -28.6269741], [-57.4977797, -28.6271201], [-57.4979085, -28.6272614], [-57.4979782, -28.6273508], [-57.498064, -28.6274309], [-57.4981713, -28.6275816], [-57.4983269, -28.6277558], [-57.4983805, -28.6277934], [-57.4986327, -28.6279112], [-57.4988312, -28.6280524], [-57.4990726, -28.6281654], [-57.4991959, -28.6282973], [-57.49933, -28.6284856], [-57.4994534, -28.6285986], [-57.4995124, -28.6286881], [-57.4996519, -28.6288058], [-57.4998987, -28.6290601], [-57.5000006, -28.6292766], [-57.5001025, -28.6294273], [-57.5002366, -28.6297334], [-57.5004083, -28.6299688], [-57.5004405, -28.6300724], [-57.5004941, -28.6301713], [-57.5005156, -28.630289], [-57.5004995, -28.6304067], [-57.5005049, -28.6304632], [-57.5005049, -28.6309152], [-57.5005424, -28.6310188], [-57.5006229, -28.6311083], [-57.5006658, -28.6312166], [-57.5006712, -28.6312778], [-57.5006872, -28.6313813], [-57.5006497, -28.6315461], [-57.5006497, -28.6316544], [-57.5006175, -28.6318239], [-57.5005692, -28.6319228], [-57.5005585, -28.6319793], [-57.5005639, -28.6320876], [-57.5006765, -28.6323795], [-57.500698, -28.6325443], [-57.500698, -28.6327233], [-57.5006336, -28.6330058], [-57.5006443, -28.6330623], [-57.5007194, -28.633147], [-57.5007838, -28.6331658], [-57.5010574, -28.6330952], [-57.5011218, -28.6330952], [-57.5011861, -28.633114], [-57.5012881, -28.6331941], [-57.5013202, -28.6332459], [-57.5013524, -28.6333636], [-57.5013095, -28.6335378], [-57.5013685, -28.6337073], [-57.5015456, -28.6338109], [-57.5016958, -28.6339192], [-57.5017816, -28.6340228], [-57.5018728, -28.6341876], [-57.5019211, -28.6342535], [-57.5020176, -28.6343382], [-57.5020766, -28.6343665], [-57.5021464, -28.6343806], [-57.5022215, -28.6344041], [-57.5023502, -28.634423], [-57.5024951, -28.634423], [-57.5026882, -28.6343618], [-57.5029135, -28.6341452], [-57.5029779, -28.6341169], [-57.5030422, -28.6341122], [-57.5031602, -28.6341546], [-57.5032032, -28.6341405], [-57.503348, -28.6342582], [-57.5036591, -28.6345595], [-57.5037235, -28.6346631], [-57.5037825, -28.6347808], [-57.5038469, -28.634875], [-57.5038952, -28.6349221], [-57.5039595, -28.6349597], [-57.504217, -28.6350586], [-57.5042975, -28.6350916], [-57.5043565, -28.6351057], [-57.5047803, -28.635374], [-57.5048983, -28.6354305], [-57.5050592, -28.6354776], [-57.5051236, -28.6355153], [-57.5051934, -28.6355388], [-57.5054777, -28.6356471], [-57.5057888, -28.6359249], [-57.5060463, -28.6360709], [-57.5061697, -28.636118], [-57.506336, -28.6362357], [-57.5063843, -28.6362875], [-57.5065076, -28.6365323], [-57.5065988, -28.6366971], [-57.5066149, -28.6368148], [-57.5067222, -28.637069], [-57.5067598, -28.6371114], [-57.5068456, -28.6372197], [-57.506969, -28.6374033], [-57.5072265, -28.6376811], [-57.507323, -28.6377564], [-57.5077146, -28.63794], [-57.5078809, -28.6380389], [-57.5080311, -28.6381707], [-57.5082243, -28.6382319], [-57.5086427, -28.6384862], [-57.5089109, -28.6387263], [-57.509045, -28.6388063], [-57.5090718, -28.6388534], [-57.5092006, -28.6389664], [-57.5093293, -28.6391029], [-57.5094205, -28.6391783], [-57.5094849, -28.6392018], [-57.5096512, -28.6393101], [-57.5097102, -28.6393336], [-57.5100321, -28.6394749], [-57.5102896, -28.6395502], [-57.5104022, -28.6396067], [-57.5105095, -28.639682], [-57.5105792, -28.6397009], [-57.5106382, -28.6397291], [-57.5107884, -28.6398421], [-57.5107616, -28.6398468], [-57.5109762, -28.6399739], [-57.5110781, -28.6400446], [-57.5111425, -28.6400634], [-57.5112605, -28.6401246], [-57.5114107, -28.6402376], [-57.5115287, -28.6402894], [-57.511797, -28.64036], [-57.5120491, -28.6404777], [-57.5121081, -28.6404918], [-57.5121725, -28.6404777], [-57.5123763, -28.6403977], [-57.5124246, -28.64036], [-57.5124997, -28.6402658], [-57.5125694, -28.6402376], [-57.5127143, -28.640247], [-57.5127894, -28.6402564], [-57.5129074, -28.6402941], [-57.5129986, -28.6403741], [-57.5131059, -28.6404495], [-57.5133526, -28.6404965], [-57.5135779, -28.6403741], [-57.5137281, -28.6402705], [-57.5137925, -28.6402517], [-57.5140768, -28.6402235], [-57.5142109, -28.6401811], [-57.5143129, -28.6401152], [-57.5143719, -28.6400022], [-57.5144148, -28.6399504], [-57.5144738, -28.6399174], [-57.5145382, -28.6398986], [-57.5146884, -28.639908], [-57.5150532, -28.6400022], [-57.5153428, -28.6401152], [-57.5155735, -28.64028], [-57.5156862, -28.6403506], [-57.5157934, -28.6404306], [-57.5159115, -28.6405954], [-57.5159597, -28.6407037], [-57.5160509, -28.6408638], [-57.5160939, -28.6409108], [-57.5161475, -28.6409391], [-57.5162226, -28.6409485], [-57.5163031, -28.6409438], [-57.5163621, -28.6409203], [-57.5164801, -28.6408591], [-57.5165445, -28.6408402], [-57.5166088, -28.6408543], [-57.5167, -28.640925], [-57.5167805, -28.6409579], [-57.5168824, -28.6411133], [-57.5169683, -28.6411933], [-57.5170273, -28.6412263], [-57.5172311, -28.6412781], [-57.5174886, -28.6413393], [-57.517612, -28.6413769], [-57.5176817, -28.6413864], [-57.5178748, -28.641457], [-57.5180733, -28.6416076], [-57.5181323, -28.6416312], [-57.5183094, -28.6417206], [-57.5183898, -28.6418054], [-57.5185132, -28.6420266], [-57.5184757, -28.6421961], [-57.5184757, -28.6422573], [-57.5184488, -28.642375], [-57.5184274, -28.6425775], [-57.5184166, -28.6430624], [-57.5183898, -28.6432931], [-57.5184274, -28.6434014], [-57.5184757, -28.6435002], [-57.5184703, -28.6438062], [-57.5185025, -28.6439946], [-57.5185829, -28.6442064], [-57.5185883, -28.6442629], [-57.5186473, -28.6443712], [-57.5186527, -28.6444842], [-57.5186795, -28.6445925], [-57.5186688, -28.6447714], [-57.5185937, -28.6449738], [-57.5185454, -28.645068], [-57.5185508, -28.6451762], [-57.5185937, -28.6452798], [-57.5186151, -28.6454493], [-57.5186366, -28.6455058], [-57.51876, -28.6456235], [-57.5189155, -28.6457223], [-57.519232, -28.6458871], [-57.5192857, -28.6459248], [-57.5193876, -28.6460095], [-57.5194681, -28.6461131], [-57.51957, -28.6461837], [-57.5196236, -28.6462402], [-57.5196666, -28.6463202], [-57.5197256, -28.646518], [-57.5199294, -28.6470829], [-57.5199616, -28.6471441], [-57.5200367, -28.6472382], [-57.5200367, -28.6473042], [-57.5200689, -28.6473512], [-57.5201279, -28.6475113], [-57.5202674, -28.6477467], [-57.5203639, -28.647822], [-57.5205892, -28.6479632], [-57.5207233, -28.6480291], [-57.520777, -28.6480762], [-57.5208306, -28.6481092], [-57.520895, -28.648128], [-57.5210077, -28.6481798], [-57.5212061, -28.648241], [-57.5212705, -28.6482739], [-57.5215387, -28.6483775], [-57.5216836, -28.6484905], [-57.5217909, -28.6485517], [-57.5221288, -28.6486741], [-57.5222576, -28.6487306], [-57.5223059, -28.6487635], [-57.5226975, -28.6489236], [-57.5228208, -28.6489989], [-57.5231856, -28.6491449], [-57.5233465, -28.6492531], [-57.5236148, -28.6493897], [-57.5237489, -28.6495168], [-57.5237972, -28.6495591], [-57.5238347, -28.6496062], [-57.524001, -28.649771], [-57.5241405, -28.6498934], [-57.5241941, -28.649997], [-57.5241941, -28.6501193], [-57.5242478, -28.6502276], [-57.5243872, -28.65035], [-57.5245535, -28.6504489], [-57.5247413, -28.6505289], [-57.5249505, -28.6505854], [-57.5252938, -28.6506325], [-57.5253743, -28.6506231], [-57.5254333, -28.6506042], [-57.5256479, -28.6504583], [-57.5258839, -28.65035], [-57.525959, -28.6503453], [-57.5262487, -28.6503971], [-57.5265867, -28.6505336], [-57.5266618, -28.6505572], [-57.526812, -28.6506654], [-57.5269836, -28.6508396], [-57.5270104, -28.6509008], [-57.5271553, -28.6511691], [-57.5271821, -28.6512209], [-57.527225, -28.6512633], [-57.5273269, -28.6514045], [-57.5274181, -28.6516069], [-57.527445, -28.6517199], [-57.5275147, -28.6518047], [-57.5276274, -28.65188], [-57.5280941, -28.6520259], [-57.5282925, -28.6521059], [-57.5286144, -28.652299], [-57.5287056, -28.6523602], [-57.5288183, -28.6524214], [-57.5290006, -28.6525296], [-57.5290597, -28.6525532], [-57.5293547, -28.6526379], [-57.5295532, -28.6526614], [-57.5297624, -28.6526002], [-57.5298911, -28.6525908], [-57.5300521, -28.6526756], [-57.5301486, -28.6526756], [-57.5304437, -28.6527791], [-57.5305456, -28.6528591], [-57.5305831, -28.6529109], [-57.5307441, -28.6530522], [-57.531082, -28.6532687], [-57.5312698, -28.6535041], [-57.5313824, -28.65357], [-57.5320047, -28.65373], [-57.5323319, -28.6538383], [-57.5325358, -28.6538854], [-57.5328845, -28.6539325], [-57.5330132, -28.6539842], [-57.5331903, -28.6541443], [-57.5332868, -28.6542949], [-57.5332922, -28.6543514], [-57.5332868, -28.6544597], [-57.5332224, -28.6545585], [-57.5332171, -28.6546668], [-57.5331903, -28.6547751], [-57.5331742, -28.6548881], [-57.5331366, -28.6550481], [-57.5331581, -28.6552882], [-57.5331366, -28.6554529], [-57.5331581, -28.6555612], [-57.5332117, -28.6557213], [-57.5332385, -28.655773], [-57.5332546, -28.6558295], [-57.5332493, -28.655886], [-57.5332224, -28.6559331], [-57.5331903, -28.6560367], [-57.5332224, -28.6560884], [-57.5333566, -28.6562061], [-57.533437, -28.6562909], [-57.5335389, -28.6563568], [-57.5336033, -28.6563709], [-57.5336784, -28.6563756], [-57.5338769, -28.6564227], [-57.534408, -28.6565921], [-57.5345367, -28.6566439], [-57.5346655, -28.6566674], [-57.5347298, -28.6566957], [-57.5347781, -28.6567286], [-57.53488, -28.6567898], [-57.5349176, -28.6568275], [-57.534982, -28.6569263], [-57.5351, -28.6572088], [-57.5351858, -28.6572982], [-57.5353038, -28.6573453], [-57.5353789, -28.6573547], [-57.5355291, -28.6573547], [-57.5356525, -28.6573312], [-57.5357169, -28.6573029], [-57.535851, -28.6570723], [-57.53591, -28.657044], [-57.5359798, -28.6570299], [-57.5360549, -28.6570346], [-57.5361836, -28.6570723], [-57.5364411, -28.6571758], [-57.5367093, -28.6572323], [-57.5368434, -28.6572276], [-57.5369775, -28.6572041], [-57.5370365, -28.6571711], [-57.5372565, -28.656997], [-57.5373799, -28.6570393], [-57.5374335, -28.6570676], [-57.537573, -28.6571994], [-57.5375998, -28.6572512], [-57.5376374, -28.6572982], [-57.5378305, -28.6576842], [-57.5379002, -28.6577737], [-57.5379539, -28.6578113], [-57.5380719, -28.6578584], [-57.5383401, -28.6579243], [-57.5384796, -28.657929], [-57.538619, -28.6579055], [-57.5387639, -28.6578631], [-57.5389248, -28.6578584], [-57.5390536, -28.6578913], [-57.5391716, -28.6579525], [-57.5392896, -28.6580843], [-57.5393164, -28.6583291], [-57.5393593, -28.6584374], [-57.5393969, -28.658475], [-57.5394505, -28.658508], [-57.5395846, -28.6585551], [-57.5397831, -28.658588], [-57.5399762, -28.6586727], [-57.5400245, -28.6587104], [-57.5402016, -28.6587998], [-57.5402927, -28.6588799], [-57.5404429, -28.6589834], [-57.5405502, -28.6591105], [-57.5406039, -28.6591576], [-57.5408346, -28.6592894], [-57.5411832, -28.6595436], [-57.5412476, -28.6595718], [-57.5414085, -28.6596801], [-57.5415427, -28.6598495], [-57.5416821, -28.6600614], [-57.541886, -28.6602826], [-57.5420147, -28.6604568], [-57.5423527, -28.6607392], [-57.5424546, -28.6608145], [-57.5426477, -28.6608992], [-57.5427818, -28.6609275], [-57.5429159, -28.6609322], [-57.5431144, -28.6609463], [-57.5432593, -28.6609181], [-57.5433236, -28.6608898], [-57.5437045, -28.6606168], [-57.5437635, -28.6605792], [-57.5438386, -28.6605697], [-57.5439137, -28.6605792], [-57.5440478, -28.6606309], [-57.5442731, -28.6608145], [-57.5443912, -28.6609699], [-57.5445038, -28.6610216], [-57.5445521, -28.6610593], [-57.5447667, -28.6611864], [-57.5448579, -28.6612758], [-57.5451154, -28.6613982], [-57.5452387, -28.6614406], [-57.5453138, -28.6614453], [-57.5454748, -28.6614311], [-57.5455338, -28.6614076], [-57.5455821, -28.6613652], [-57.5456357, -28.6611158], [-57.5456786, -28.6610358], [-57.545743, -28.6610169], [-57.5458825, -28.6610122], [-57.5463492, -28.6610781], [-57.5464189, -28.6610828], [-57.546671, -28.6611158], [-57.5468642, -28.6611723], [-57.5469554, -28.6612523], [-57.5470519, -28.6614311], [-57.5471699, -28.6615818], [-57.5472611, -28.6616665], [-57.5473362, -28.6617654], [-57.5474167, -28.6619348], [-57.5475293, -28.6621466], [-57.5475454, -28.6622031], [-57.5475937, -28.6623067], [-57.5476098, -28.6623584], [-57.5476366, -28.6624196], [-57.5476903, -28.6625891], [-57.5476903, -28.6626456], [-57.5476742, -28.6626974], [-57.5476688, -28.6628009], [-57.5475401, -28.6630598], [-57.5474703, -28.6632622], [-57.5474328, -28.6634269], [-57.5474006, -28.6634834], [-57.5473362, -28.6635729], [-57.5472236, -28.6637047], [-57.5470465, -28.6638459], [-57.546891, -28.6639212], [-57.5468159, -28.6640059], [-57.5467891, -28.6640671], [-57.5467891, -28.6641801], [-57.546714, -28.6644107], [-57.5466979, -28.6645237], [-57.546773, -28.6647072], [-57.5469339, -28.6648814], [-57.5469875, -28.6649096], [-57.5471914, -28.6649708], [-57.5473523, -28.6649708], [-57.5480712, -28.6648673], [-57.5481516, -28.6648673], [-57.5482911, -28.6648861], [-57.5485379, -28.6650273], [-57.5487149, -28.6651921], [-57.5487846, -28.6652203], [-57.5489187, -28.665258], [-57.5489938, -28.6652721], [-57.5492889, -28.665258], [-57.5495464, -28.6653286], [-57.5496697, -28.6653756], [-57.5498253, -28.6654886], [-57.5501096, -28.6657993], [-57.5501955, -28.6659263], [-57.5503618, -28.6663123], [-57.5504047, -28.6663547], [-57.550469, -28.6663782], [-57.5505441, -28.6663735], [-57.5506139, -28.6663453], [-57.5506514, -28.6662935], [-57.5507909, -28.666077], [-57.5508714, -28.6659216], [-57.5509411, -28.6658134], [-57.5510162, -28.6656533], [-57.5510216, -28.6655969], [-57.5509679, -28.6654321], [-57.5509143, -28.6653286], [-57.5508124, -28.6651921], [-57.5506461, -28.6650367], [-57.550571, -28.6649426], [-57.5504959, -28.6647967], [-57.5504798, -28.6647402], [-57.5503349, -28.6643966], [-57.5503564, -28.6640906], [-57.5504476, -28.6638741], [-57.5504261, -28.6637659], [-57.5502813, -28.6635776], [-57.5502759, -28.6635211], [-57.5505227, -28.6632669], [-57.550807, -28.6630033], [-57.5509143, -28.6629233], [-57.551043, -28.6628762], [-57.5511128, -28.6628762], [-57.5512362, -28.6628998], [-57.5516439, -28.6630127], [-57.551837, -28.6630363], [-57.5519121, -28.663041], [-57.5523681, -28.6631916], [-57.5524968, -28.6632104], [-57.5528991, -28.6631775], [-57.5529581, -28.6631586], [-57.5530279, -28.6631586], [-57.553221, -28.6632293], [-57.5535214, -28.6634081], [-57.5536877, -28.6634881], [-57.5538808, -28.6635587], [-57.5539881, -28.6636529], [-57.554251, -28.66394], [-57.5546747, -28.6641565], [-57.5548357, -28.6642977], [-57.5549054, -28.6643966], [-57.5549269, -28.6644578], [-57.5549269, -28.6645237], [-57.5548947, -28.6646366], [-57.5548786, -28.6647449], [-57.5549483, -28.6648485], [-57.5550395, -28.6649473], [-57.555179, -28.6650603], [-57.5552809, -28.6650885], [-57.5557047, -28.6650932], [-57.5557745, -28.6650979], [-57.5559139, -28.665145], [-57.5561446, -28.6652674], [-57.5562733, -28.6653192], [-57.5564611, -28.6653756], [-57.5566006, -28.6653945], [-57.5568044, -28.6653709], [-57.5570083, -28.6653239], [-57.5571638, -28.6653192], [-57.557652, -28.6654086], [-57.5578827, -28.6654274], [-57.5580221, -28.6654227], [-57.5580865, -28.6654415], [-57.5582475, -28.6655263], [-57.5583386, -28.6656063], [-57.5584406, -28.6656722], [-57.5585318, -28.6657522], [-57.5586283, -28.6657946], [-57.5587678, -28.6658134], [-57.5589126, -28.6657898], [-57.5589663, -28.6657522], [-57.5590199, -28.6656486], [-57.5590307, -28.6655168], [-57.559095, -28.6653427], [-57.5591379, -28.6653003], [-57.5591594, -28.6652485], [-57.5592184, -28.6650838], [-57.559213, -28.6649661], [-57.5591862, -28.6648579], [-57.5591809, -28.6648014], [-57.559154, -28.6647402], [-57.5591219, -28.6646178], [-57.5591219, -28.6645613], [-57.5591862, -28.6643213], [-57.5592667, -28.6640718], [-57.5592828, -28.6639494], [-57.5594008, -28.6636576], [-57.5594974, -28.6634928], [-57.5595403, -28.6634505], [-57.559669, -28.6633893], [-57.5600821, -28.663281], [-57.56042, -28.663234], [-57.5605595, -28.663201], [-57.5611281, -28.6631963], [-57.5612676, -28.6631822], [-57.5614017, -28.6631869], [-57.5619274, -28.6631069], [-57.5620991, -28.6631069], [-57.5621635, -28.663121], [-57.5624639, -28.6631257], [-57.5626248, -28.6631539], [-57.562834, -28.6632293], [-57.5628877, -28.6632763], [-57.5630969, -28.663554], [-57.5631613, -28.6636011], [-57.5633007, -28.6636623], [-57.5633705, -28.6636952], [-57.5637299, -28.6638082], [-57.5638533, -28.6638553], [-57.5640839, -28.6638506], [-57.564438, -28.6637611], [-57.5645077, -28.6637329], [-57.5645882, -28.6637235], [-57.564733, -28.6637235], [-57.5649262, -28.6637847], [-57.5649905, -28.6637753], [-57.5650549, -28.6637423], [-57.5650924, -28.6637], [-57.5651193, -28.6636482], [-57.5651676, -28.6636152], [-57.565307, -28.6636152], [-57.5654358, -28.6636435], [-57.5656718, -28.6637188], [-57.5660902, -28.6639118], [-57.566278, -28.6639588], [-57.5663424, -28.6639588], [-57.5664336, -28.6638647], [-57.5666213, -28.6636246], [-57.5666803, -28.6635729], [-57.5667501, -28.6635399], [-57.5668198, -28.6635352], [-57.5669485, -28.6635682], [-57.5671041, -28.6636341], [-57.5671524, -28.663667], [-57.5672489, -28.6638223], [-57.567265, -28.6638741], [-57.567324, -28.6639824], [-57.567367, -28.6640906], [-57.5673831, -28.6641518], [-57.567367, -28.6642648], [-57.567308, -28.6643731], [-57.5671792, -28.6647025], [-57.5670666, -28.6648532], [-57.5669807, -28.6649379], [-57.5668734, -28.6650085], [-57.5668359, -28.6650603], [-57.5667125, -28.6651685], [-57.566632, -28.6652627], [-57.566573, -28.6653662], [-57.566455, -28.6655027], [-57.5663531, -28.6655686], [-57.5662243, -28.6656863], [-57.5660741, -28.6660911], [-57.5660741, -28.6662605], [-57.5661224, -28.66643], [-57.5661385, -28.6665477], [-57.566101, -28.6666465], [-57.566042, -28.6667453], [-57.5659668, -28.6671078], [-57.5659561, -28.6672254], [-57.5658381, -28.6677008], [-57.5658274, -28.6678891], [-57.5658435, -28.6679503], [-57.5658864, -28.6679974], [-57.566058, -28.6680868], [-57.5661439, -28.6681621], [-57.5661546, -28.6682704], [-57.566058, -28.6684257], [-57.5659239, -28.6685481], [-57.5659025, -28.6685998], [-57.5659186, -28.6686516], [-57.5659615, -28.6686987], [-57.5660259, -28.6687316], [-57.5661814, -28.6687505], [-57.566455, -28.6687646], [-57.5667125, -28.6688258], [-57.5668573, -28.6688163], [-57.5671095, -28.6687222], [-57.5672811, -28.6686281], [-57.5674313, -28.6685151], [-57.5675547, -28.668468], [-57.5677854, -28.6683504], [-57.5679141, -28.6682986], [-57.5680214, -28.668228], [-57.5681233, -28.6680444], [-57.5682521, -28.6679173], [-57.5684077, -28.6678138], [-57.5685525, -28.6676961], [-57.5686222, -28.6676773], [-57.5687617, -28.6676867], [-57.5692982, -28.6678279], [-57.5695074, -28.667875], [-57.5695717, -28.667875], [-57.569781, -28.6678091], [-57.5699902, -28.6677385], [-57.5701082, -28.6676773], [-57.5701565, -28.6676396], [-57.5702208, -28.6675361], [-57.5702745, -28.6674937], [-57.5703442, -28.6674655], [-57.570473, -28.6674373], [-57.5706017, -28.6674373], [-57.5707412, -28.6674561], [-57.5707895, -28.667489], [-57.570827, -28.6675361], [-57.5708485, -28.6675879], [-57.5708699, -28.6677008], [-57.5708646, -28.6680586], [-57.570886, -28.6681715], [-57.5708753, -28.6683551], [-57.5707626, -28.6686187], [-57.5706178, -28.6688069], [-57.5703925, -28.6689952], [-57.5702477, -28.669094], [-57.5701618, -28.6691646], [-57.5701028, -28.6692588], [-57.5700921, -28.6693153], [-57.5700331, -28.6694753], [-57.5700116, -28.6695835], [-57.5700223, -28.6697671], [-57.5701135, -28.6698471], [-57.5704998, -28.6700636], [-57.5707519, -28.6701625], [-57.5709343, -28.6701766], [-57.5711489, -28.6702331], [-57.5712723, -28.6702943], [-57.5713742, -28.6703696], [-57.571519, -28.670459], [-57.5717658, -28.670699], [-57.5718892, -28.6707555], [-57.5720125, -28.6707932], [-57.5722379, -28.6708308], [-57.5723666, -28.6708355], [-57.572431, -28.6708167], [-57.5725222, -28.6707367], [-57.5725597, -28.6706802], [-57.5726938, -28.6703837], [-57.5728172, -28.6701625], [-57.572844, -28.6701107], [-57.5729567, -28.6699318], [-57.5731283, -28.6697577], [-57.5731659, -28.6697012], [-57.5732839, -28.669367], [-57.5734448, -28.6691035], [-57.5736862, -28.6689764], [-57.5737828, -28.6689058], [-57.5739062, -28.6688446], [-57.5740349, -28.6688211], [-57.5741047, -28.6688163], [-57.5743085, -28.6688681], [-57.5745875, -28.6689481], [-57.5747752, -28.6690329], [-57.5751668, -28.6691599], [-57.5752044, -28.669207], [-57.5752151, -28.6692635], [-57.5751668, -28.6695506], [-57.5751615, -28.6697389], [-57.5752097, -28.6699648], [-57.5752956, -28.6701672], [-57.5753278, -28.6702143], [-57.5753814, -28.6702566], [-57.5754565, -28.6702849], [-57.5755209, -28.670299], [-57.5755853, -28.6703225], [-57.575832, -28.6703649], [-57.5759125, -28.6703884], [-57.5762022, -28.670459], [-57.5765401, -28.6705531], [-57.5766099, -28.6705767], [-57.5766689, -28.6705908], [-57.5769317, -28.6706708], [-57.5771141, -28.6707602], [-57.577216, -28.6708402], [-57.5773716, -28.6710426], [-57.5774467, -28.6712074], [-57.5775218, -28.6713203], [-57.577672, -28.6714568], [-57.577908, -28.6715886], [-57.5780153, -28.6716686], [-57.5780958, -28.6717769], [-57.5781763, -28.6719416], [-57.5782514, -28.6720404], [-57.5783372, -28.6721346], [-57.5784606, -28.6722005], [-57.5786054, -28.6724076], [-57.5786966, -28.6724876], [-57.5790399, -28.6725817], [-57.579174, -28.6725864], [-57.5793082, -28.6725346], [-57.5794852, -28.6724452], [-57.5796247, -28.6724076], [-57.5797695, -28.6724076], [-57.5802684, -28.6724546], [-57.5804561, -28.6725205], [-57.5806117, -28.6726382], [-57.5806707, -28.6726758], [-57.5807458, -28.6727653], [-57.5808746, -28.6728264], [-57.5812715, -28.6728688], [-57.5813896, -28.6729018], [-57.5817061, -28.673123], [-57.5818992, -28.6732877], [-57.5820065, -28.6733583], [-57.582162, -28.6734807], [-57.5823015, -28.6736266], [-57.582382, -28.673796], [-57.5825322, -28.6740549], [-57.5826073, -28.6741443], [-57.5826609, -28.6741819], [-57.5828594, -28.6742478], [-57.5830847, -28.6742996], [-57.5834817, -28.6744173], [-57.5836265, -28.6744408], [-57.5837553, -28.6744737], [-57.5839591, -28.6744832], [-57.5844473, -28.6746196], [-57.584694, -28.674742], [-57.5848979, -28.6748832], [-57.585032, -28.675015], [-57.5850803, -28.6750526], [-57.5852144, -28.6751044], [-57.5859976, -28.6753397], [-57.586062, -28.6753539], [-57.5866896, -28.6755798], [-57.5869846, -28.6757398], [-57.5871402, -28.6759281], [-57.5872904, -28.6760598], [-57.5874567, -28.6762246], [-57.5875533, -28.6762999], [-57.5876498, -28.6763658], [-57.5877142, -28.6763752], [-57.5878269, -28.6764458], [-57.5878859, -28.6764881], [-57.5880146, -28.6765634], [-57.5885457, -28.6767658], [-57.5886476, -28.6768364], [-57.5889695, -28.6769776], [-57.5898546, -28.6772929], [-57.5899619, -28.6773635], [-57.5900853, -28.6773965], [-57.5902033, -28.6774529], [-57.5904125, -28.6775188], [-57.5905466, -28.6775706], [-57.5907558, -28.6776318], [-57.5909382, -28.6777118], [-57.5911367, -28.6778812], [-57.5912547, -28.6779424], [-57.591362, -28.678013], [-57.5916731, -28.6783989], [-57.5917536, -28.6784883], [-57.5918931, -28.6787707], [-57.592113, -28.679359], [-57.5922042, -28.6795755], [-57.5922793, -28.6796884], [-57.5923705, -28.6797685], [-57.59251, -28.6799379], [-57.5925797, -28.6800038], [-57.592628, -28.6801167], [-57.5927085, -28.680225], [-57.5927836, -28.6802626], [-57.5928587, -28.6802814], [-57.5933039, -28.6803285], [-57.593658, -28.6802814], [-57.5937867, -28.6802485], [-57.594114, -28.6801826], [-57.5942481, -28.6801873], [-57.5943661, -28.6801779], [-57.5945538, -28.6802438], [-57.5946879, -28.6802673], [-57.5948221, -28.6803003], [-57.5950688, -28.6804085], [-57.5951171, -28.6804367], [-57.5951546, -28.6804885], [-57.5952888, -28.680705], [-57.595675, -28.6808556], [-57.5958091, -28.6809356], [-57.5959057, -28.6810015], [-57.5960076, -28.6810862], [-57.5964582, -28.681345], [-57.5965226, -28.6813733], [-57.5968713, -28.6814815], [-57.5969356, -28.6815192], [-57.5974023, -28.6816557], [-57.5974613, -28.6816839], [-57.5976116, -28.6817827], [-57.5979602, -28.6820792], [-57.5982553, -28.6822439], [-57.5984109, -28.6823381], [-57.5988078, -28.682451], [-57.5989205, -28.6824604], [-57.5990599, -28.6824981], [-57.5994462, -28.6826487], [-57.5995588, -28.6827287], [-57.5996661, -28.682884], [-57.5998163, -28.683011], [-57.6004493, -28.6832322], [-57.6006103, -28.6833405], [-57.6007229, -28.6834016], [-57.600916, -28.6834769], [-57.6010394, -28.6835381], [-57.6011628, -28.6835805], [-57.6013613, -28.6836605], [-57.6018012, -28.6839617], [-57.602182, -28.6841123], [-57.6023644, -28.6841734], [-57.6026112, -28.6842864], [-57.602815, -28.6844511], [-57.6028794, -28.6845593], [-57.6030028, -28.6846911], [-57.6031852, -28.6848511], [-57.6032603, -28.6849311], [-57.6033622, -28.6850111], [-57.6035768, -28.68527], [-57.6037484, -28.6854629], [-57.6038933, -28.6856653], [-57.6042688, -28.68575], [-57.6044405, -28.6858064], [-57.6045263, -28.6858911], [-57.6047945, -28.6864935], [-57.6048696, -28.6867288], [-57.6049233, -28.6870959], [-57.6049125, -28.6875853], [-57.604934, -28.6877077], [-57.604934, -28.6878206], [-57.6049018, -28.6879241], [-57.6049018, -28.6880559], [-57.604934, -28.6885171], [-57.6049662, -28.68863], [-57.6050627, -28.6888277], [-57.6053417, -28.6891853], [-57.6053846, -28.6892982], [-57.6054597, -28.6894865], [-57.6055133, -28.6895994], [-57.6055884, -28.6897312], [-57.6056421, -28.6898441], [-57.6057708, -28.69007], [-57.6058138, -28.6901641], [-57.6058889, -28.6902771], [-57.6060605, -28.6904653], [-57.6061893, -28.6905312], [-57.6065862, -28.6906723], [-57.6067472, -28.6907194], [-57.6068759, -28.6907382], [-57.6070583, -28.6907759], [-57.6075304, -28.6908418], [-57.6076913, -28.6908512], [-57.6081419, -28.6908512], [-57.6083994, -28.6907288], [-57.6086676, -28.6906629], [-57.6089251, -28.69055], [-57.6090646, -28.6905029], [-57.6091611, -28.6904182], [-57.6092363, -28.6903053], [-57.6092899, -28.6901924], [-57.6093865, -28.6899477], [-57.6096118, -28.6894206], [-57.6097405, -28.6891947], [-57.6098049, -28.6890912], [-57.6098907, -28.6889877], [-57.6099873, -28.688903], [-57.6100946, -28.6888371], [-57.6099014, -28.6882347], [-57.6097942, -28.6880465], [-57.6097298, -28.6878018], [-57.6097083, -28.6875382], [-57.6097298, -28.6872935], [-57.6097942, -28.6870488], [-57.60988, -28.6868229], [-57.6099444, -28.6865594], [-57.6099873, -28.6863147], [-57.6100087, -28.68607], [-57.6100946, -28.6858253], [-57.6102019, -28.6856182], [-57.6102877, -28.6854111], [-57.6106525, -28.684677], [-57.6107812, -28.6844511], [-57.6108885, -28.6842064], [-57.6109743, -28.6839805], [-57.6111675, -28.6833216], [-57.6115108, -28.6823804], [-57.6116824, -28.6819474], [-57.6117897, -28.6817215], [-57.6119185, -28.6814768], [-57.6120472, -28.6812697], [-57.6122618, -28.6811191], [-57.6125193, -28.6810438], [-57.6128626, -28.6809874], [-57.6131416, -28.6809685], [-57.6134205, -28.6809685], [-57.613678, -28.6809874], [-57.6139355, -28.681025], [-57.6142144, -28.6810815], [-57.6144934, -28.6811003], [-57.6147723, -28.681138], [-57.6155877, -28.6812133], [-57.6158452, -28.6812697], [-57.6161456, -28.6813074], [-57.616446, -28.6813639], [-57.6170039, -28.6814015], [-57.6173043, -28.6814768], [-57.6180768, -28.6817404], [-57.6183129, -28.681891], [-57.6184845, -28.682098], [-57.6185918, -28.6822863], [-57.6186776, -28.6824933], [-57.6187635, -28.6829828], [-57.6187635, -28.6832275], [-57.6187206, -28.6834722], [-57.6185918, -28.6839052], [-57.6183343, -28.6846393], [-57.618227, -28.6848652], [-57.6181197, -28.6850535], [-57.6179052, -28.6855241], [-57.617755, -28.6856935], [-57.6176048, -28.6859194], [-57.61724, -28.6865782], [-57.6171327, -28.6868229], [-57.6168752, -28.6875194], [-57.6166821, -28.6879712], [-57.6165748, -28.6881782], [-57.6161456, -28.68927], [-57.6160813, -28.6894959], [-57.6159954, -28.6897029], [-57.6158667, -28.6903806], [-57.6157809, -28.6905876], [-57.6157165, -28.6908323], [-57.6156736, -28.691077], [-57.6156521, -28.6913406], [-57.6156736, -28.6915664], [-57.6158023, -28.6920182], [-57.6158881, -28.6922629], [-57.6161885, -28.6928088], [-57.6162315, -28.6930346], [-57.6164675, -28.6936558], [-57.6165748, -28.6938816], [-57.6168967, -28.6947098], [-57.6171112, -28.6953874], [-57.6173043, -28.6957827], [-57.6176691, -28.6962721], [-57.6178837, -28.6966862], [-57.6180339, -28.696912], [-57.6182056, -28.6971003], [-57.6184201, -28.6972508], [-57.6188922, -28.6974767], [-57.6197076, -28.697759], [-57.6204801, -28.6979849], [-57.6207161, -28.6980978], [-57.6209092, -28.6982296], [-57.6210594, -28.698399], [-57.6214028, -28.6987378], [-57.621553, -28.6989072], [-57.6217246, -28.6990577], [-57.6219392, -28.6991895], [-57.6221109, -28.6993212], [-57.6225722, -28.6993589], [-57.6228511, -28.6994436], [-57.623291, -28.6995659], [-57.623452, -28.699613], [-57.6235807, -28.6996412], [-57.6238275, -28.6997447], [-57.6240957, -28.69982], [-57.6244927, -28.699933], [-57.6249647, -28.7000459], [-57.6250935, -28.7000553], [-57.625587, -28.7000553], [-57.625941, -28.7000365], [-57.6263058, -28.7000365], [-57.6264882, -28.7000271], [-57.6267564, -28.7000271], [-57.6273358, -28.7001588], [-57.6275718, -28.7003], [-57.6277113, -28.7003658], [-57.6279259, -28.7005352], [-57.6282799, -28.7007046], [-57.6284301, -28.7007046], [-57.6285696, -28.7006858], [-57.6286984, -28.7006858], [-57.6291704, -28.7006576], [-57.6295352, -28.700827], [-57.6298034, -28.7009305], [-57.6302755, -28.7010528], [-57.630415, -28.7010622], [-57.6305759, -28.7010434], [-57.6307047, -28.7010152], [-57.6308119, -28.7009305], [-57.630887, -28.700827], [-57.6310372, -28.7005352], [-57.6311338, -28.7004505], [-57.6316917, -28.7003], [-57.6326895, -28.7002623], [-57.6334083, -28.7003564], [-57.6335156, -28.7004129], [-57.6337302, -28.7006105], [-57.6338053, -28.700714], [-57.6338697, -28.700827], [-57.6340091, -28.7010246], [-57.6340735, -28.7011469], [-57.6341486, -28.7013822], [-57.6344383, -28.7017116], [-57.6346636, -28.7018057], [-57.6349533, -28.7019092], [-57.6351249, -28.7019562], [-57.6353717, -28.7018621], [-57.635833, -28.701928], [-57.6361227, -28.7019374], [-57.6362729, -28.7019562], [-57.6364017, -28.7020033], [-57.6367772, -28.7020692], [-57.6371098, -28.7020315], [-57.6373136, -28.7019939], [-57.637732, -28.7019751], [-57.6380217, -28.7019374], [-57.6382256, -28.7018904], [-57.638365, -28.7018621], [-57.6386225, -28.7017774], [-57.6388693, -28.7016457], [-57.6390195, -28.7016175], [-57.6392877, -28.7015986], [-57.6393843, -28.7016739], [-57.6394379, -28.7017774], [-57.6394379, -28.7021162], [-57.6395238, -28.7021915], [-57.6396418, -28.7022574], [-57.6397812, -28.7022762], [-57.640543, -28.7020504], [-57.6406825, -28.7020315], [-57.6411009, -28.7020127], [-57.6412404, -28.7020409], [-57.6413906, -28.702088], [-57.6414979, -28.7021539], [-57.6418948, -28.702295], [-57.6420343, -28.7023138], [-57.6421952, -28.7023138], [-57.6423347, -28.7023327], [-57.642442, -28.7023891], [-57.6426029, -28.7025491], [-57.6427209, -28.7027561], [-57.6427639, -28.7028973], [-57.6430321, -28.7029914], [-57.6434612, -28.702982], [-57.6437402, -28.7029255], [-57.6440191, -28.7028691], [-57.6449096, -28.7028691], [-57.6452315, -28.7029161], [-57.6456392, -28.7030196], [-57.6461113, -28.7031137], [-57.6463688, -28.703189], [-57.6464653, -28.7032737], [-57.6465404, -28.7033866], [-57.6466262, -28.7034713], [-57.646873, -28.7035466], [-57.646991, -28.7035749], [-57.6471841, -28.7036031], [-57.6475167, -28.7036313], [-57.6476777, -28.7036313], [-57.6478171, -28.7036501], [-57.6480532, -28.7037066], [-57.6481819, -28.7037348], [-57.648654, -28.7038007], [-57.6489008, -28.703876], [-57.6492763, -28.7040171], [-57.6495445, -28.7040924], [-57.6497054, -28.7041207], [-57.650038, -28.7041207], [-57.6502955, -28.7040548], [-57.6506925, -28.703923], [-57.6511002, -28.7038383], [-57.6513469, -28.7039042], [-57.6514864, -28.7039607], [-57.6518941, -28.7040642], [-57.6526559, -28.7042336], [-57.6534176, -28.7043277], [-57.6536644, -28.7043841], [-57.653954, -28.7044124], [-57.6540935, -28.7043841], [-57.654233, -28.7043371], [-57.6546514, -28.7042242], [-57.6549089, -28.7041583], [-57.6551557, -28.704083], [-57.6552951, -28.704083], [-57.6554239, -28.7041301], [-57.655499, -28.7042148], [-57.655381, -28.7045253], [-57.6553381, -28.7047512], [-57.6553917, -28.7048547], [-57.6554883, -28.7049205], [-57.655617, -28.7049676], [-57.6560354, -28.7050523], [-57.6564431, -28.7051652], [-57.6565933, -28.705184], [-57.6567114, -28.7052123], [-57.6569903, -28.7052311], [-57.6572478, -28.7052969], [-57.6574731, -28.7054193], [-57.6576662, -28.7055604], [-57.657795, -28.7055887], [-57.6579344, -28.7056075], [-57.6582134, -28.7055698], [-57.6586211, -28.7055698], [-57.6587498, -28.7055134], [-57.6589429, -28.7053722], [-57.6590717, -28.7052593], [-57.659179, -28.705184], [-57.6592755, -28.7050993], [-57.6594794, -28.7049676], [-57.6596081, -28.7049488], [-57.6597369, -28.7049864], [-57.6598496, -28.7049832], [-57.6600394, -28.7050879], [-57.6602781, -28.7051259], [-57.6605113, -28.7052354], [-57.6609941, -28.7054257], [-57.6613955, -28.7055874], [-57.6616993, -28.7056969], [-57.6619, -28.7056921], [-57.6619813, -28.7056112], [-57.6622146, -28.7055303], [-57.6624641, -28.705478], [-57.662719, -28.7053971], [-57.6629035, -28.7052592], [-57.6631313, -28.7051497], [-57.6633916, -28.705164], [-57.6636466, -28.7051164], [-57.6638907, -28.7051022], [-57.6642107, -28.7050879], [-57.6644331, -28.7050879], [-57.664509, -28.7051069], [-57.6646447, -28.7051688], [-57.6648182, -28.7051307], [-57.6649213, -28.7050498], [-57.6651545, -28.7050165], [-57.6653824, -28.7049499], [-57.6656644, -28.7048881], [-57.6658217, -28.7049451], [-57.6658814, -28.7048167], [-57.666017, -28.7048214], [-57.6662123, -28.7048214], [-57.6663913, -28.7048357], [-57.6665052, -28.7048833], [-57.6665648, -28.7049547], [-57.6667113, -28.7050451], [-57.6668903, -28.7050403], [-57.6669988, -28.7049737], [-57.6670368, -28.7048405], [-57.6670205, -28.7047168], [-57.6671344, -28.7046692], [-57.667308, -28.7046787], [-57.6674599, -28.7047596], [-57.6677202, -28.7047311], [-57.6679318, -28.7046549], [-57.6680728, -28.7044789], [-57.6681596, -28.7043504], [-57.6681433, -28.704241], [-57.6682843, -28.7041744], [-57.668382, -28.7040792], [-57.6684742, -28.7041601], [-57.6683874, -28.7042315], [-57.6685393, -28.7043409], [-57.6686749, -28.7044741], [-57.6688539, -28.7044884], [-57.6693312, -28.7045741], [-57.6696296, -28.7046264], [-57.6697706, -28.7046216], [-57.6699008, -28.7045455], [-57.6699821, -28.7044266], [-57.6700961, -28.704379], [-57.6702859, -28.7042648], [-57.6703998, -28.7041839], [-57.6706222, -28.7040745], [-57.6708446, -28.7038889], [-57.671246, -28.7036701], [-57.6715823, -28.7035416], [-57.6720542, -28.7033751], [-57.672278, -28.7032929], [-57.672403, -28.7031741], [-57.6725419, -28.703031], [-57.6726703, -28.7029762], [-57.6729272, -28.7028818], [-57.6734202, -28.7026352], [-57.6735486, -28.7025377], [-57.6737604, -28.7024616], [-57.6739478, -28.7023824], [-57.674045, -28.7023063], [-57.6741769, -28.7023185], [-57.6742429, -28.7022454], [-57.6743957, -28.7020749], [-57.6746248, -28.702014], [-57.6747671, -28.702081], [-57.6749997, -28.7021114], [-57.6751768, -28.702081], [-57.675274, -28.7020018], [-57.6754302, -28.7019318], [-57.6757044, -28.701813], [-57.6758155, -28.7016608], [-57.6757877, -28.7014446], [-57.676003, -28.7010061], [-57.6762911, -28.7005372], [-57.6766174, -28.7000774], [-57.6767667, -28.6999312], [-57.6770063, -28.6997668], [-57.6772979, -28.6995871], [-57.6774819, -28.6995414], [-57.6776763, -28.6994988], [-57.6776763, -28.6993861], [-57.677586, -28.6992582], [-57.6776207, -28.6991456], [-57.6778533, -28.6989324], [-57.6781449, -28.6986949], [-57.6784018, -28.6985], [-57.6785893, -28.6982869], [-57.6784955, -28.6982503], [-57.6785511, -28.6981285], [-57.6786657, -28.6979549], [-57.678749, -28.6978362], [-57.6787281, -28.6976443], [-57.6788323, -28.6974951], [-57.6789746, -28.6973398], [-57.6791829, -28.6971449], [-57.6794988, -28.6970292], [-57.6798842, -28.6969135], [-57.6800196, -28.6968709], [-57.6802834, -28.6968374], [-57.6805195, -28.6968556], [-57.6806305, -28.6969896], [-57.6807625, -28.6971114], [-57.680936, -28.697148], [-57.6810784, -28.6970993], [-57.6812867, -28.697151], [-57.6814464, -28.6971419], [-57.6815817, -28.6970627], [-57.6818074, -28.6971053], [-57.6819254, -28.6972119], [-57.6820608, -28.6972393], [-57.682224, -28.6971571], [-57.6823281, -28.6970231], [-57.6824635, -28.697084], [-57.6826059, -28.6970932], [-57.682835, -28.6971815], [-57.6830467, -28.697215], [-57.683203, -28.6971906], [-57.6833592, -28.6972576], [-57.6834946, -28.6973459], [-57.6834842, -28.6975865], [-57.6835432, -28.6978514], [-57.68363, -28.6978697], [-57.6836438, -28.698028], [-57.6836404, -28.6981407], [-57.6835154, -28.6982899], [-57.6833314, -28.6985091], [-57.6831717, -28.6987771], [-57.6831258, -28.6989716], [-57.6830676, -28.6992186], [-57.6829843, -28.6995079], [-57.6829252, -28.6997698], [-57.6830572, -28.7000834], [-57.6831787, -28.7003666], [-57.6830849, -28.7007107], [-57.683012, -28.7010122], [-57.6831752, -28.700997], [-57.6833904, -28.7010457], [-57.6835466, -28.7010883], [-57.6838556, -28.7009696], [-57.6841333, -28.7008965], [-57.6843243, -28.7009117], [-57.6845048, -28.70097], [-57.6846914, -28.7010309], [-57.6848173, -28.7010956], [-57.6849388, -28.7012669], [-57.6849648, -28.7015486], [-57.6849041, -28.7018074], [-57.6848043, -28.7020167], [-57.6846697, -28.702268], [-57.6846263, -28.702405], [-57.6846046, -28.7025154], [-57.6844528, -28.7026638], [-57.6842315, -28.7027894], [-57.6840492, -28.702896], [-57.68388, -28.7029911], [-57.6837324, -28.7031167], [-57.6836022, -28.7033261], [-57.6835632, -28.7034859], [-57.6834243, -28.7037562], [-57.6833332, -28.7038133], [-57.6832768, -28.7040416], [-57.6830945, -28.7042243], [-57.6828472, -28.7044908], [-57.682691, -28.704761], [-57.6825781, -28.7049171], [-57.6824219, -28.705252], [-57.6822917, -28.7054956], [-57.6821702, -28.7057772], [-57.6820704, -28.706017], [-57.6819533, -28.7061655], [-57.6818014, -28.7064699], [-57.6816582, -28.7067021], [-57.6814759, -28.7068467], [-57.6813848, -28.7069762], [-57.6810463, -28.7074557], [-57.6808944, -28.7077754], [-57.6808901, -28.708019], [-57.6809812, -28.7083882], [-57.6809812, -28.7085176], [-57.6808727, -28.7089286], [-57.680812, -28.7093054], [-57.6808076, -28.7095871], [-57.6806514, -28.709804], [-57.680569, -28.7100172], [-57.6806427, -28.7103216], [-57.6804779, -28.7105233], [-57.6806037, -28.7108545], [-57.6806427, -28.7111285], [-57.6806254, -28.7114444], [-57.680608, -28.7115814], [-57.6806818, -28.711844], [-57.6807512, -28.7119277], [-57.6807382, -28.712099], [-57.6807209, -28.7122664], [-57.6806341, -28.7124834], [-57.6873978, -28.7113287], [-57.6873354, -28.7112221], [-57.6872763, -28.711076], [-57.6872381, -28.7110242], [-57.6872208, -28.7109237], [-57.6871965, -28.7108659], [-57.6872034, -28.7107593], [-57.6872937, -28.7106558], [-57.687384, -28.7105827], [-57.6875471, -28.7104274], [-57.6875228, -28.7103604], [-57.6874673, -28.7103452], [-57.6874534, -28.7102691], [-57.6874221, -28.710193], [-57.6874291, -28.7101169], [-57.6874846, -28.7100164], [-57.6875541, -28.7099677], [-57.6876339, -28.7098641], [-57.6877936, -28.7097941], [-57.6878908, -28.7098824], [-57.6879949, -28.7098885], [-57.6880783, -28.7099342], [-57.6881303, -28.7100225], [-57.6881651, -28.7101321], [-57.6882275, -28.7102295], [-57.6882727, -28.7103361], [-57.688349, -28.7104152], [-57.6886025, -28.7104487], [-57.6886823, -28.7101991], [-57.6887483, -28.7098154], [-57.6888316, -28.7095231], [-57.6888732, -28.7092735], [-57.6891163, -28.7090086], [-57.6891128, -28.708902], [-57.6891614, -28.708832], [-57.6892898, -28.7088502], [-57.6893974, -28.7088594], [-57.6893836, -28.7087832], [-57.6894808, -28.7087224], [-57.6894565, -28.7086341], [-57.6892898, -28.7085488], [-57.6892794, -28.7084514], [-57.6893072, -28.7083265], [-57.689335, -28.7082108], [-57.6893072, -28.7081043], [-57.6893625, -28.7080019], [-57.6893791, -28.707919], [-57.6894597, -28.7078776], [-57.6895346, -28.7079531], [-57.6895763, -28.7080189], [-57.689618, -28.7080189], [-57.6896568, -28.707941], [-57.6896513, -28.7077461], [-57.6895458, -28.7077729], [-57.689493, -28.7076901], [-57.6895735, -28.7076146], [-57.6895624, -28.7075342], [-57.6896291, -28.7074903], [-57.6897513, -28.7074026], [-57.6898235, -28.7073223], [-57.6899068, -28.707332], [-57.6899957, -28.7073028], [-57.6900651, -28.7072492], [-57.6899707, -28.7072005], [-57.6900957, -28.7070519], [-57.6901706, -28.7070568], [-57.6901734, -28.7071128], [-57.6902484, -28.707181], [-57.6903234, -28.7071737], [-57.6904011, -28.7070811], [-57.6904317, -28.7070178], [-57.6903845, -28.7069276], [-57.6903734, -28.7068132], [-57.69039, -28.7067596], [-57.6904539, -28.7067961], [-57.6904845, -28.7067377], [-57.6905844, -28.7067255], [-57.6906705, -28.70665], [-57.6906955, -28.706555], [-57.6907261, -28.7064892], [-57.6907205, -28.7064039], [-57.6907983, -28.7063211], [-57.6908622, -28.7062066], [-57.6909205, -28.7061944], [-57.6909483, -28.706365], [-57.6909899, -28.7064453], [-57.6909733, -28.7065428], [-57.6909288, -28.706628], [-57.6909149, -28.7067011], [-57.6910316, -28.70665], [-57.6911954, -28.7064892], [-57.6912982, -28.7063796], [-57.6916926, -28.7061433], [-57.6919703, -28.7059947], [-57.6923563, -28.7058583], [-57.6927312, -28.7058851], [-57.693034, -28.7060069], [-57.693345, -28.7057268], [-57.6936061, -28.7055879], [-57.6938505, -28.7056074], [-57.6941782, -28.7055489], [-57.6944254, -28.7053662], [-57.6946253, -28.7050301], [-57.6947725, -28.7049156], [-57.6950002, -28.7048523], [-57.6952224, -28.7047962], [-57.6954418, -28.7047987], [-57.6956723, -28.7047962], [-57.6959306, -28.7048182], [-57.6962528, -28.7048864], [-57.6965722, -28.7050447], [-57.6967666, -28.705186], [-57.6968971, -28.7052469], [-57.6970693, -28.7053394], [-57.6971915, -28.7054369], [-57.6973942, -28.7055148], [-57.6976303, -28.7056342], [-57.6977941, -28.7057779], [-57.6980524, -28.7060361], [-57.6982329, -28.7062359], [-57.6983079, -28.7063309], [-57.6984274, -28.7064161], [-57.6986468, -28.7065818], [-57.6988078, -28.7067035], [-57.7044011, -28.706172], [-57.717104, -28.7092585], [-57.7356435, -28.7158829], [-57.7677442, -28.7252918], [-57.7983693, -28.7173093], [-57.799126, -28.716476], [-57.8005338, -28.7159049], [-57.8008857, -28.7162599], [-57.8002874, -28.7167074], [-57.8000938, -28.7170933], [-57.8007097, -28.7172785], [-57.8009209, -28.7177723], [-57.8018535, -28.7184205], [-57.8030853, -28.7191303], [-57.8045107, -28.7199945], [-57.8056721, -28.7202106], [-57.8090331, -28.7201797], [-57.8101945, -28.7204421], [-57.8112327, -28.72126], [-57.8124997, -28.7212908], [-57.8136435, -28.7209359], [-57.8152272, -28.7211211], [-57.8169693, -28.7211674], [-57.8190634, -28.7203649], [-57.8207175, -28.7198865], [-57.8216325, -28.7191458], [-57.8221252, -28.7193155], [-57.8230051, -28.719439], [-57.823445, -28.7203649], [-57.8241489, -28.721584], [-57.8243425, -28.7225871], [-57.8256446, -28.7233124], [-57.8281082, -28.723405], [-57.8306598, -28.7231118], [-57.8317684, -28.7231427], [-57.8329122, -28.7234513], [-57.8344607, -28.7236828], [-57.8357453, -28.7237599], [-57.8366251, -28.7240068], [-57.8381033, -28.7239142], [-57.839775, -28.7237599], [-57.84113, -28.7235748], [-57.8421682, -28.7236056], [-57.8432064, -28.7237754], [-57.8441039, -28.7242537], [-57.8447374, -28.7250099], [-57.8460043, -28.7251488], [-57.8470778, -28.7253185], [-57.8483171, -28.7258016], [-57.8487837, -28.7259871], [-57.8491508, -28.7259653], [-57.8499471, -28.7256761], [-57.8506563, -28.7256652], [-57.8509114, -28.7257689], [-57.8514403, -28.7257743], [-57.8516891, -28.7261617], [-57.8521246, -28.7264181], [-57.8528339, -28.7266527], [-57.8533254, -28.7265654], [-57.8540284, -28.7265327], [-57.8545137, -28.7270346], [-57.8553287, -28.7269801], [-57.8558077, -28.7267509], [-57.8562059, -28.7262926], [-57.8574191, -28.7261726], [-57.8584643, -28.7261944], [-57.85885, -28.725998], [-57.8600819, -28.7261726], [-57.8608907, -28.7267073], [-57.8619799, -28.7271072], [-57.8737879, -28.7290928], [-57.8765682, -28.7307508], [-57.8812981, -28.7338532], [-57.884903, -28.7386511], [-57.8952241, -28.742], [-57.898636, -28.742301], [-57.9175187, -28.7392907], [-57.923441, -28.7419999], [-57.9267879, -28.7451132], [-57.9252863, -28.7511808], [-57.9266167, -28.757953], [-57.9265094, -28.7584327], [-57.9269493, -28.7593639], [-57.9274964, -28.7600316], [-57.9278076, -28.7606336], [-57.928226, -28.7613578], [-57.9289019, -28.7621854], [-57.92961, -28.7629849], [-57.9301787, -28.7636244], [-57.9310799, -28.7641605], [-57.9314017, -28.7644427], [-57.9320777, -28.7646966], [-57.9329682, -28.7652421], [-57.9335797, -28.7657405], [-57.9342234, -28.7660603], [-57.9351032, -28.7663142], [-57.9359293, -28.7663801], [-57.936616, -28.7662296], [-57.9371202, -28.7663236], [-57.9375923, -28.7665681], [-57.9384506, -28.7668691], [-57.9393196, -28.7671324], [-57.9399097, -28.7674146], [-57.9405213, -28.7674522], [-57.9414117, -28.7675368], [-57.9420126, -28.7676779], [-57.9425275, -28.7677814], [-57.9430425, -28.7677531], [-57.9435039, -28.7679036], [-57.943933, -28.7681481], [-57.9448342, -28.768261], [-57.9461217, -28.7683927], [-57.9470015, -28.7683833], [-57.9480958, -28.7682046], [-57.9486001, -28.7680541], [-57.9493189, -28.7679789], [-57.9500806, -28.7680165], [-57.9504347, -28.7680635], [-57.9508746, -28.7682328], [-57.9517114, -28.7681764], [-57.9521406, -28.7679789], [-57.9526341, -28.767913], [-57.9530525, -28.7677814], [-57.9532135, -28.7680447], [-57.9535461, -28.7682234], [-57.954061, -28.768355], [-57.9549086, -28.7683456], [-57.9556704, -28.7682046], [-57.9565394, -28.7679977], [-57.957623, -28.7677908], [-57.9587817, -28.7676591], [-57.9595006, -28.7675086], [-57.9606056, -28.7678002], [-57.9621077, -28.7677437], [-57.9639208, -28.7676779], [-57.9653907, -28.7675745], [-57.9659808, -28.7673864], [-57.9670966, -28.7670384], [-57.9680086, -28.7668785], [-57.9687703, -28.7667844], [-57.96906, -28.7668127], [-57.9693604, -28.7667562], [-57.9699183, -28.7667562], [-57.9701543, -28.7668127], [-57.9706478, -28.7669067], [-57.9709268, -28.7669255], [-57.9714632, -28.7670008], [-57.9717207, -28.7670008], [-57.9722679, -28.7668879], [-57.9725468, -28.7668691], [-57.9729653, -28.7667656], [-57.9735339, -28.7667186], [-57.9739845, -28.7666622], [-57.9748321, -28.7664083], [-57.9752827, -28.766286], [-57.9755509, -28.7661731], [-57.9756475, -28.7661073], [-57.9761195, -28.765844], [-57.9762805, -28.7658252], [-57.9766238, -28.7659568], [-57.9770637, -28.7659945], [-57.9775679, -28.7661355], [-57.9777074, -28.7661543], [-57.9779434, -28.7662296], [-57.9780507, -28.7662954], [-57.978158, -28.7663801], [-57.9783726, -28.7665211], [-57.9786515, -28.7665493], [-57.9792845, -28.7665399], [-57.9795742, -28.7665493], [-57.9797137, -28.7665305], [-57.9800999, -28.7663989], [-57.9802179, -28.7663518], [-57.9805076, -28.766333], [-57.9810548, -28.7665305], [-57.981602, -28.7666622], [-57.9823315, -28.766681], [-57.9829967, -28.7667939], [-57.9832971, -28.7668127], [-57.983737, -28.7668127], [-57.9841662, -28.7667468], [-57.984606, -28.766728], [-57.9853892, -28.7665587], [-57.9856682, -28.7665493], [-57.9857969, -28.7665681], [-57.9860222, -28.7666904], [-57.9863334, -28.7669067], [-57.9866767, -28.7669631], [-57.9868376, -28.7669631], [-57.9874063, -28.7670384], [-57.988168, -28.7672547], [-57.9886615, -28.7673393], [-57.9890263, -28.7675086], [-57.9898632, -28.7675556], [-57.9903245, -28.7676121], [-57.9908609, -28.7677531], [-57.9916656, -28.7679318], [-57.9919016, -28.7680165], [-57.9921806, -28.7680541], [-57.9930604, -28.7680823], [-57.9933608, -28.7680541], [-57.9934895, -28.7680259], [-57.9936183, -28.7679694], [-57.9940045, -28.7676779], [-57.9941708, -28.767598], [-57.9942405, -28.7675839], [-57.9945624, -28.7674663], [-57.9947501, -28.7672876], [-57.9948896, -28.7671324], [-57.9950666, -28.7666951], [-57.9951793, -28.7664976], [-57.9953241, -28.7661543], [-57.995351, -28.7660979], [-57.9955441, -28.7655901], [-57.9955548, -28.7655336], [-57.9956675, -28.7652656], [-57.9956943, -28.7652092], [-57.9957104, -28.765148], [-57.9958391, -28.7649129], [-57.9960322, -28.7647436], [-57.9961503, -28.7645179], [-57.9963863, -28.7639536], [-57.9966653, -28.7632482], [-57.9968476, -28.7625052], [-57.9969549, -28.762176], [-57.9970837, -28.7619503], [-57.9972339, -28.7617622], [-57.9974485, -28.7616305], [-57.9976952, -28.7615271], [-57.9978025, -28.7614424], [-57.9980385, -28.7611509], [-57.9981136, -28.7610286], [-57.9981995, -28.7609534], [-57.9982746, -28.7604643], [-57.9986179, -28.7595143], [-57.9986501, -28.7593921], [-57.9987037, -28.759251], [-57.9987359, -28.7591381], [-57.9989505, -28.7588089], [-57.9991436, -28.7586584], [-57.9995728, -28.7584703], [-57.9997444, -28.7584139], [-58.0001843, -28.7583104], [-58.000592, -28.7581223], [-58.0008495, -28.757953], [-58.0011284, -28.7576521], [-58.0013538, -28.7573511], [-58.0014503, -28.7572664], [-58.0019117, -28.7571536], [-58.0020726, -28.7571536], [-58.0025125, -28.7572006], [-58.0026412, -28.7572006], [-58.0027914, -28.757163], [-58.0028987, -28.7570783], [-58.0034888, -28.7567397], [-58.0037677, -28.7566457], [-58.0040467, -28.7565798], [-58.0049694, -28.7563165], [-58.0054951, -28.7561095], [-58.0056131, -28.7560531], [-58.0060208, -28.7557803], [-58.006289, -28.7556392], [-58.0065358, -28.755564], [-58.0067825, -28.7554323], [-58.0070615, -28.7551878], [-58.0072868, -28.7550467], [-58.0075657, -28.7549526], [-58.0079091, -28.7547739], [-58.0081987, -28.7545199], [-58.0085528, -28.7543695], [-58.0089605, -28.7544917], [-58.0091751, -28.754614], [-58.0093575, -28.7547551], [-58.0097652, -28.7549432], [-58.0105913, -28.7551972], [-58.0109668, -28.7553947], [-58.0116212, -28.7556486], [-58.011868, -28.7558368], [-58.0122113, -28.7560155], [-58.0131233, -28.756307], [-58.0135203, -28.7564858], [-58.0139494, -28.7566551], [-58.0144322, -28.7569184], [-58.0151403, -28.7571724], [-58.0152691, -28.7572382], [-58.0156875, -28.7573793], [-58.0161059, -28.757558], [-58.0174041, -28.7579624], [-58.0176509, -28.7580753], [-58.0177474, -28.7581411], [-58.0178654, -28.758207], [-58.0182088, -28.7584233], [-58.0190885, -28.7584515], [-58.0192173, -28.7584703], [-58.0195606, -28.7584703], [-58.0198825, -28.7584233], [-58.0200327, -28.7583857], [-58.0205691, -28.75816], [-58.0208373, -28.7580941], [-58.0211699, -28.7580283], [-58.0224466, -28.7576991], [-58.0228543, -28.7576332], [-58.0234444, -28.7575016], [-58.0239701, -28.7573229], [-58.0241311, -28.7572852], [-58.0245066, -28.7571159], [-58.0246139, -28.7570219], [-58.0246782, -28.7569184], [-58.0247319, -28.7568055], [-58.0248177, -28.7563259], [-58.0248177, -28.7562036], [-58.0247748, -28.7559778], [-58.024689, -28.7557521], [-58.024528, -28.7555922], [-58.023895, -28.7553853], [-58.023541, -28.7552254], [-58.0233586, -28.7550749], [-58.023262, -28.7550185], [-58.023144, -28.7548303], [-58.0231333, -28.7543601], [-58.0231655, -28.7542472], [-58.023305, -28.7540497], [-58.0235839, -28.7537957], [-58.0237126, -28.7537299], [-58.024292, -28.7537299], [-58.0247104, -28.7538427], [-58.0253434, -28.7540967], [-58.0256009, -28.7541813], [-58.0258799, -28.7541625], [-58.0265772, -28.7539462], [-58.026706, -28.7538992], [-58.0269206, -28.7537675], [-58.0271137, -28.7536828], [-58.027221, -28.7536076], [-58.0275643, -28.7534383], [-58.0279076, -28.7532219], [-58.0281651, -28.7531185], [-58.0283368, -28.752968], [-58.0285835, -28.7526952], [-58.0292058, -28.7523001], [-58.0294526, -28.7522249], [-58.0299783, -28.7521214], [-58.0302787, -28.7519145], [-58.0305147, -28.7517828], [-58.0309224, -28.7516417], [-58.0310619, -28.7516323], [-58.0311906, -28.75151], [-58.0314589, -28.7514348], [-58.0317378, -28.7514348], [-58.0322206, -28.7515947], [-58.0325103, -28.7515947], [-58.0331004, -28.7512655], [-58.0333793, -28.7510303], [-58.0335939, -28.7507481], [-58.0336475, -28.7506353], [-58.033787, -28.7504377], [-58.0341303, -28.7500897], [-58.0342484, -28.7498734], [-58.034302, -28.7496288], [-58.0343342, -28.7491114], [-58.03442, -28.7488951], [-58.0346131, -28.7487446], [-58.0348599, -28.7486317], [-58.0351174, -28.7485471], [-58.0356324, -28.7483119], [-58.0358899, -28.7482178], [-58.0367053, -28.7481332], [-58.0369628, -28.7479356], [-58.0373705, -28.7477663], [-58.0379176, -28.7476158], [-58.0383468, -28.7475688], [-58.0384755, -28.7475312], [-58.0385828, -28.7474653], [-58.0388188, -28.7473713], [-58.0392158, -28.747249], [-58.0396664, -28.7469762], [-58.0398274, -28.7468069], [-58.0400956, -28.7466846], [-58.0404925, -28.7465717], [-58.0407393, -28.74644], [-58.0409002, -28.7462613], [-58.0411041, -28.746092], [-58.0417264, -28.7456687], [-58.0421341, -28.7453677], [-58.042295, -28.7451513], [-58.0425525, -28.7449067], [-58.0429602, -28.7446527], [-58.0441833, -28.7444176], [-58.044312, -28.7444082], [-58.0447948, -28.7441918], [-58.0451703, -28.7440883], [-58.0455351, -28.7439472], [-58.0458248, -28.7438814], [-58.0460715, -28.7438061], [-58.0463183, -28.7436744], [-58.0465007, -28.7434863], [-58.0465973, -28.7432699], [-58.046608, -28.7431571], [-58.0466509, -28.7430536], [-58.0467367, -28.7430066], [-58.0469942, -28.7429031], [-58.0477023, -28.7428655], [-58.0480993, -28.7427902], [-58.0486894, -28.7422822], [-58.0488074, -28.7422164], [-58.0494297, -28.742], [-58.0495262, -28.7419342], [-58.0496442, -28.7418777], [-58.0498588, -28.7417272], [-58.0501163, -28.7416331], [-58.0506742, -28.7413039], [-58.0508566, -28.741144], [-58.0510712, -28.7410123], [-58.0514145, -28.7408241], [-58.052305, -28.7404102], [-58.0528951, -28.7400998], [-58.0532277, -28.7398928], [-58.0536568, -28.7395918], [-58.0537534, -28.7395071], [-58.0539572, -28.7393472], [-58.0546868, -28.7387169], [-58.0547941, -28.7386511], [-58.0552983, -28.738256], [-58.0556631, -28.7377668], [-58.0557811, -28.7375504], [-58.0562961, -28.7369295], [-58.056618, -28.7363933], [-58.0568004, -28.7359323], [-58.0569506, -28.7356125], [-58.0572724, -28.7352174], [-58.0573905, -28.7351233], [-58.0577982, -28.7350104], [-58.0580664, -28.7349728], [-58.0582166, -28.7349728], [-58.0586565, -28.735048], [-58.0587959, -28.7350198], [-58.0593324, -28.7348128], [-58.0595148, -28.7346435], [-58.0595577, -28.73454], [-58.0595684, -28.7341355], [-58.0595899, -28.7340132], [-58.0597293, -28.733524], [-58.0597615, -28.7332982], [-58.0597293, -28.7331759], [-58.0594182, -28.7326302], [-58.0593753, -28.7324985], [-58.0593538, -28.7319152], [-58.0593968, -28.7318024], [-58.0595577, -28.7316048], [-58.0596542, -28.7315295], [-58.0598796, -28.7314354], [-58.0604696, -28.731332], [-58.0610275, -28.7312849], [-58.0612958, -28.7313414], [-58.0619824, -28.7318682], [-58.062315, -28.7321599], [-58.0626476, -28.7323386], [-58.0627549, -28.7324233], [-58.0629695, -28.7325456], [-58.0631626, -28.7326867], [-58.0634308, -28.7327808], [-58.0640745, -28.7329407], [-58.0644608, -28.7330818], [-58.0646968, -28.7331571], [-58.064965, -28.7332229], [-58.065083, -28.73327], [-58.0653405, -28.7333452], [-58.0654693, -28.7333546], [-58.0658555, -28.7334487], [-58.0667353, -28.7337215], [-58.0676687, -28.7339003], [-58.0684626, -28.734079], [-58.0689883, -28.7340979], [-58.0692673, -28.7344553], [-58.0695248, -28.7345306], [-58.0699539, -28.7347752], [-58.0704475, -28.735001], [-58.0708766, -28.7352644], [-58.0711556, -28.7353773], [-58.0719066, -28.7356031], [-58.0730009, -28.73581], [-58.0733013, -28.7358477], [-58.0735803, -28.7358665], [-58.0738807, -28.7359041], [-58.0744815, -28.7359229], [-58.0753398, -28.7357724], [-58.0755973, -28.7356971], [-58.0758333, -28.7355654], [-58.0763698, -28.7354149], [-58.0772281, -28.7353773], [-58.077786, -28.7353208], [-58.0780435, -28.7352644], [-58.078301, -28.7352456], [-58.0791164, -28.7350386], [-58.0793953, -28.7349822], [-58.0801678, -28.7347376], [-58.0804467, -28.7346435], [-58.0810261, -28.7345494], [-58.0812836, -28.7345306], [-58.082099, -28.7345306], [-58.0829144, -28.7344365], [-58.0842447, -28.7344177], [-58.0849743, -28.7341731], [-58.0854464, -28.7339661], [-58.0859399, -28.7338721], [-58.0860901, -28.7336651], [-58.0863047, -28.7335146], [-58.0867982, -28.7332323], [-58.0871415, -28.7330065], [-58.0883217, -28.732348], [-58.0887509, -28.7320658], [-58.0889869, -28.7319529], [-58.0895663, -28.73184], [-58.0904675, -28.7317647], [-58.0910897, -28.7316706], [-58.0918408, -28.7314072], [-58.0923557, -28.7308427], [-58.0925489, -28.7306734], [-58.0928278, -28.7305229], [-58.0938363, -28.7302783], [-58.0948663, -28.7299584], [-58.0951238, -28.7298455], [-58.0953384, -28.7297138], [-58.0958104, -28.7295256], [-58.096025, -28.7293751], [-58.0962396, -28.7292622], [-58.0964971, -28.7291681], [-58.0967546, -28.7290928], [-58.0969906, -28.7289988], [-58.0977202, -28.728566], [-58.0979991, -28.7284719], [-58.0985356, -28.7280015], [-58.0989218, -28.7276816], [-58.0990935, -28.7275123], [-58.0993295, -28.7270795], [-58.099587, -28.7266843], [-58.1000161, -28.7264209], [-58.1001663, -28.7261951], [-58.1002736, -28.7259505], [-58.1007028, -28.7252731], [-58.1009388, -28.724765], [-58.1015182, -28.7238994], [-58.1017757, -28.7236172], [-58.1019902, -28.723429], [-58.1021404, -28.7232596], [-58.1023765, -28.7231091], [-58.1027842, -28.7227892], [-58.1029988, -28.722601], [-58.1031919, -28.7224505], [-58.1035567, -28.7221306], [-58.1040073, -28.7216037], [-58.1041146, -28.7213967], [-58.1042862, -28.7212085], [-58.1044579, -28.7210392], [-58.1046295, -28.720851], [-58.1048441, -28.7207004], [-58.1052089, -28.7203429], [-58.1053806, -28.7201359], [-58.1058526, -28.7194961], [-58.1060243, -28.7193455], [-58.1063247, -28.7191574], [-58.1068611, -28.718988], [-58.1070972, -28.7189127], [-58.1076122, -28.7187057], [-58.1078696, -28.7186869], [-58.1087494, -28.7187998], [-58.1095648, -28.7190445], [-58.1098223, -28.7191385], [-58.1102944, -28.7193267], [-58.1108523, -28.7197784], [-58.111496, -28.7201735], [-58.1117749, -28.7202676], [-58.1120539, -28.7202676], [-58.1128264, -28.7204558], [-58.1130195, -28.7206063], [-58.1134701, -28.720851], [-58.1136632, -28.7209827], [-58.1143928, -28.7211521], [-58.1153155, -28.7211897], [-58.1159377, -28.721265], [-58.1161523, -28.7213779], [-58.1163454, -28.7215284], [-58.1169248, -28.7219989], [-58.1174827, -28.7222435], [-58.1179548, -28.722394], [-58.1187916, -28.7224693], [-58.119371, -28.7224505], [-58.1205726, -28.722187], [-58.1213451, -28.7223376], [-58.1215811, -28.7224317], [-58.1223536, -28.7228645], [-58.1226111, -28.7232596], [-58.1228256, -28.7236548], [-58.1230402, -28.7237865], [-58.1198216, -28.734286], [-58.1233406, -28.7271924], [-58.1284261, -28.7203053], [-58.1256581, -28.7123074], [-58.1172896, -28.7042524], [-58.1542397, -28.6414664], [-58.1541646, -28.6413816], [-58.1539607, -28.6412498], [-58.1537032, -28.6410238], [-58.153553, -28.6408355], [-58.1533492, -28.6403835], [-58.1532097, -28.6401952], [-58.1526947, -28.6398468], [-58.152287, -28.6394231], [-58.1519866, -28.6390464], [-58.1512141, -28.6383685], [-58.1508386, -28.6382178], [-58.1504524, -28.6381236], [-58.1498408, -28.6380295], [-58.1495619, -28.6380295], [-58.1489933, -28.6381519], [-58.1481779, -28.6382649], [-58.1480706, -28.6382366], [-58.147974, -28.6381613], [-58.1470299, -28.6379447], [-58.1467295, -28.6376434], [-58.1465364, -28.6370973], [-58.1465364, -28.6365888], [-58.146708, -28.6359296], [-58.1467724, -28.63544], [-58.1467724, -28.6351951], [-58.1466222, -28.6347431], [-58.1464505, -28.6342911], [-58.1460858, -28.6336508], [-58.1456995, -28.6333683], [-58.1444764, -28.6329916], [-58.1440044, -28.6327844], [-58.1437469, -28.6326526], [-58.1431461, -28.6322571], [-58.1429315, -28.6321629], [-58.1426525, -28.6320311], [-58.1424809, -28.6318616], [-58.1422019, -28.6314661], [-58.1419659, -28.6309576], [-58.141644, -28.6305432], [-58.1409788, -28.6295639], [-58.1408072, -28.6294132], [-58.1405711, -28.6292813], [-58.1397987, -28.6292625], [-58.1395197, -28.629206], [-58.1389833, -28.6289988], [-58.1385756, -28.6287351], [-58.138361, -28.628302], [-58.1383181, -28.6278499], [-58.1381893, -28.6276428], [-58.1378031, -28.6273602], [-58.1370735, -28.6270589], [-58.136344, -28.6268329], [-58.1358934, -28.6266068], [-58.1357002, -28.6264562], [-58.1351638, -28.6259853], [-58.1347132, -28.6257593], [-58.1345415, -28.6256086], [-58.1344557, -28.6254014], [-58.1344557, -28.6251754], [-58.134327, -28.6249682], [-58.1341553, -28.6248175], [-58.1339836, -28.6246669], [-58.1335116, -28.624422], [-58.1332326, -28.6243655], [-58.1329322, -28.6243467], [-58.1326747, -28.624309], [-58.1324172, -28.6242713], [-58.1319022, -28.6241395], [-58.1312156, -28.6237816], [-58.1308937, -28.6234614], [-58.1305289, -28.6228775], [-58.1299496, -28.6221806], [-58.1295634, -28.6218792], [-58.1293059, -28.6217662], [-58.1290698, -28.6216532], [-58.1285978, -28.6215025], [-58.1281042, -28.6213142], [-58.1277395, -28.6210505], [-58.1274176, -28.6207491], [-58.1271601, -28.6203159], [-58.1270528, -28.6201087], [-58.1267739, -28.6197508], [-58.1266237, -28.6196001], [-58.1259799, -28.6192987], [-58.1257653, -28.6190162], [-58.1255508, -28.6189032], [-58.1252504, -28.6185641], [-58.1251216, -28.6183758], [-58.1246066, -28.6178672], [-58.1238771, -28.6175093], [-58.1236196, -28.6174339], [-58.1230831, -28.6173963], [-58.1225252, -28.6174151], [-58.1222892, -28.6174528], [-58.1220532, -28.6174716], [-58.1214953, -28.6173398], [-58.1212163, -28.6172267], [-58.1195855, -28.6167182], [-58.1191993, -28.6164545], [-58.1190706, -28.6162661], [-58.1189633, -28.6160212], [-58.118856, -28.6155691], [-58.1186843, -28.6151359], [-58.1184054, -28.614778], [-58.1179762, -28.6144954], [-58.1177402, -28.6144201], [-58.1166244, -28.6144201], [-58.1163454, -28.6143636], [-58.1161309, -28.6142882], [-58.1159592, -28.6141375], [-58.1157875, -28.613968], [-58.1154871, -28.6136478], [-58.1148005, -28.6130073], [-58.1143069, -28.6124987], [-58.1140065, -28.6121408], [-58.1138134, -28.6120278], [-58.1132555, -28.6115568], [-58.1129551, -28.6114438], [-58.1123543, -28.611312], [-58.1118179, -28.611312], [-58.1111312, -28.6115192], [-58.1108737, -28.6115192], [-58.1105089, -28.6114627], [-58.1093073, -28.6111801], [-58.1088138, -28.6111236], [-58.1085563, -28.6110671], [-58.1082988, -28.6110106], [-58.1077624, -28.6108599], [-58.1073547, -28.6105961], [-58.1057453, -28.610615], [-58.1054878, -28.6106715], [-58.1052089, -28.6106903], [-58.1037712, -28.6107092], [-58.1035137, -28.6106715], [-58.1028056, -28.6104643], [-58.1022907, -28.6103889], [-58.1017542, -28.6102947], [-58.1014967, -28.6102759], [-58.1012607, -28.6102382], [-58.1007672, -28.6102382], [-58.0999732, -28.6103324], [-58.0995655, -28.6104831], [-58.0993295, -28.6105585], [-58.0987716, -28.610615], [-58.0985141, -28.6106715], [-58.0976773, -28.6106903], [-58.0968404, -28.6107657], [-58.0964327, -28.6107657], [-58.0961323, -28.6107468], [-58.0950165, -28.6105208], [-58.094523, -28.6103889], [-58.0940294, -28.6101064], [-58.0933857, -28.6096919], [-58.0926562, -28.6093528], [-58.092463, -28.6091833], [-58.0922485, -28.6087877], [-58.0920124, -28.608411], [-58.0917335, -28.6080719], [-58.0915404, -28.6079023], [-58.0911112, -28.6076951], [-58.0904675, -28.6077328], [-58.0899954, -28.6076009], [-58.0897379, -28.6075067], [-58.089459, -28.6074314], [-58.0886436, -28.6071488], [-58.0879355, -28.6069604], [-58.0877209, -28.6068662], [-58.0872917, -28.6066213], [-58.0870772, -28.6064518], [-58.0867982, -28.6060939], [-58.0864334, -28.6057736], [-58.0857682, -28.6054534], [-58.0847597, -28.6050577], [-58.0845666, -28.6049447], [-58.0840731, -28.6047375], [-58.0837083, -28.6044549], [-58.0835152, -28.604323], [-58.0833435, -28.6041346], [-58.0831504, -28.6039651], [-58.0826783, -28.6037956], [-58.0824208, -28.603739], [-58.0816055, -28.6037202], [-58.0811334, -28.6035506], [-58.0805326, -28.603513], [-58.0795241, -28.6032304], [-58.0784726, -28.6030985], [-58.0782151, -28.6030608], [-58.0777431, -28.6030232], [-58.0774856, -28.6029666], [-58.0769491, -28.6028913], [-58.0767131, -28.6028536], [-58.0759192, -28.6027783], [-58.0754042, -28.6026275], [-58.074975, -28.6024391], [-58.0747819, -28.6023073], [-58.0745244, -28.6022131], [-58.0742669, -28.6021189], [-58.0740309, -28.6020435], [-58.0737734, -28.601987], [-58.0732584, -28.6018363], [-58.0722928, -28.6015537], [-58.0720782, -28.6014595], [-58.0717564, -28.6011581], [-58.0715847, -28.6010262], [-58.0711556, -28.6008001], [-58.0704046, -28.6005741], [-58.0701256, -28.600461], [-58.0693531, -28.600235], [-58.0688596, -28.6001408], [-58.0678296, -28.6000842], [-58.0646324, -28.6000654], [-58.063581, -28.6001973], [-58.063345, -28.6002726], [-58.0631089, -28.6003292], [-58.0620575, -28.6003103], [-58.0618429, -28.6002161], [-58.0614567, -28.5999147], [-58.061285, -28.599764], [-58.0611134, -28.5995944], [-58.0608988, -28.5991799], [-58.0607271, -28.5990292], [-58.0607271, -28.5984075], [-58.0606628, -28.5981626], [-58.0604267, -28.5977293], [-58.0601049, -28.5974278], [-58.059268, -28.5969003], [-58.0585385, -28.5965612], [-58.0575514, -28.5962598], [-58.0573154, -28.5961467], [-58.0567789, -28.5953554], [-58.0565429, -28.5948844], [-58.0562639, -28.5945265], [-58.0560923, -28.5943757], [-58.0558562, -28.5942627], [-58.0555988, -28.5942062], [-58.0540967, -28.593754], [-58.0535603, -28.593641], [-58.0533242, -28.5935279], [-58.0528307, -28.5930757], [-58.0523372, -28.5921902], [-58.0521655, -28.591983], [-58.051951, -28.5918511], [-58.0516935, -28.591738], [-58.0512214, -28.5916061], [-58.0509424, -28.5915873], [-58.050642, -28.5915685], [-58.0498696, -28.5913989], [-58.0493975, -28.5912482], [-58.04914, -28.591154], [-58.0479598, -28.5907771], [-58.0474019, -28.590551], [-58.0471873, -28.5904192], [-58.0469513, -28.589967], [-58.0467367, -28.5898539], [-58.0454064, -28.5898728], [-58.0451489, -28.5897974], [-58.0447626, -28.5895148], [-58.0444408, -28.5891945], [-58.0439472, -28.5887046], [-58.0434752, -28.5878567], [-58.043325, -28.587706], [-58.0429816, -28.5873857], [-58.0424023, -28.5869712], [-58.0418658, -28.5868204], [-58.0409217, -28.5871596], [-58.0404496, -28.5873668], [-58.0397201, -28.5876118], [-58.0394626, -28.5876495], [-58.0388403, -28.5876495], [-58.0380464, -28.5875176], [-58.0375314, -28.5873857], [-58.0372954, -28.5872538], [-58.0368662, -28.5869523], [-58.0365873, -28.5865566], [-58.0364156, -28.5863871], [-58.0361796, -28.5862552], [-58.0359435, -28.5861798], [-58.0353642, -28.5860479], [-58.0350852, -28.5860291], [-58.0348277, -28.5860102], [-58.0343342, -28.5858972], [-58.0340982, -28.5858218], [-58.0339051, -28.5856899], [-58.0337334, -28.5855392], [-58.0334115, -28.5851435], [-58.0330467, -28.5848232], [-58.0328965, -28.5846536], [-58.0328107, -28.5844463], [-58.0328322, -28.5842202], [-58.0329609, -28.584013], [-58.0330897, -28.5838245], [-58.0332184, -28.5835984], [-58.0333042, -28.5833723], [-58.0333042, -28.5831462], [-58.0325318, -28.5822794], [-58.0323172, -28.5821287], [-58.0321026, -28.5821852], [-58.0317378, -28.582449], [-58.0315876, -28.5825998], [-58.031373, -28.5826751], [-58.031137, -28.5826751], [-58.0309224, -28.5825998], [-58.0307293, -28.5824679], [-58.0305362, -28.582336], [-58.0299568, -28.5821852], [-58.0297208, -28.5820722], [-58.0292273, -28.58162], [-58.0290127, -28.5814881], [-58.0285192, -28.5810547], [-58.0283904, -28.5808851], [-58.0283475, -28.5806401], [-58.0282188, -28.5802256], [-58.0278969, -28.5799806], [-58.0276823, -28.580056], [-58.0274248, -28.5800183], [-58.0268669, -28.5798864], [-58.0260945, -28.579811], [-58.0253434, -28.5798487], [-58.024807, -28.5798487], [-58.0238414, -28.5796226], [-58.0229187, -28.5792834], [-58.0227256, -28.5791515], [-58.022275, -28.5789254], [-58.0220604, -28.57885], [-58.0218458, -28.578737], [-58.0216742, -28.5785862], [-58.0214596, -28.578492], [-58.0210519, -28.578247], [-58.0207944, -28.577889], [-58.0206228, -28.5777194], [-58.0201078, -28.5776629], [-58.0195713, -28.5777194], [-58.0190778, -28.5777948], [-58.0184126, -28.5779644], [-58.0178762, -28.5780586], [-58.0173612, -28.5780775], [-58.0170608, -28.5780963], [-58.0157519, -28.5780963], [-58.0152583, -28.5780209], [-58.0150008, -28.5779079], [-58.0146146, -28.5776817], [-58.0144, -28.5775875], [-58.0134988, -28.576928], [-58.0129838, -28.5767584], [-58.0124474, -28.5767019], [-58.0114174, -28.5767207], [-58.0103231, -28.5765323], [-58.0098295, -28.5765511], [-58.0095935, -28.5766077], [-58.0093146, -28.5766077], [-58.0085206, -28.5765323], [-58.0078125, -28.5763438], [-58.0076194, -28.5761931], [-58.0071473, -28.5756466], [-58.0069757, -28.5754959], [-58.0067826, -28.5753451], [-58.0065465, -28.5752509], [-58.0059242, -28.5751944], [-58.0056882, -28.5752321], [-58.0053663, -28.5752132], [-58.0043793, -28.5749117], [-58.0038858, -28.5748363], [-58.0036068, -28.5748175], [-58.0019117, -28.5743276], [-58.0011177, -28.5741391], [-58.0006027, -28.5739695], [-58.0000663, -28.5737622], [-57.9998303, -28.5736115], [-57.9993367, -28.5734607], [-57.9987788, -28.5732723], [-57.9982853, -28.5731781], [-57.9980707, -28.573065], [-57.9977274, -28.5727258], [-57.9975987, -28.5725373], [-57.9971695, -28.5723112], [-57.996676, -28.5721605], [-57.9961395, -28.5719343], [-57.9956889, -28.5716705], [-57.9954744, -28.5715951], [-57.9945517, -28.5705587], [-57.9942298, -28.5702572], [-57.9940367, -28.5701252], [-57.9936075, -28.5699556], [-57.993393, -28.5698049], [-57.9927707, -28.5696353], [-57.991612, -28.5695222], [-57.9900885, -28.5691453], [-57.9885864, -28.5687119], [-57.9860544, -28.5679392], [-57.985518, -28.5677885], [-57.985282, -28.5677131], [-57.9850888, -28.5675812], [-57.9841233, -28.5672419], [-57.9834366, -28.5669404], [-57.9831791, -28.5668462], [-57.9826856, -28.5667143], [-57.9822779, -28.5664127], [-57.9820633, -28.5659981], [-57.9816127, -28.5654893], [-57.9808402, -28.5647166], [-57.98069, -28.5645282], [-57.9803682, -28.5642078], [-57.9801965, -28.564057], [-57.9797459, -28.5635105], [-57.979188, -28.5630393], [-57.9787374, -28.5627943], [-57.9785228, -28.5627378], [-57.9780078, -28.5627001], [-57.9772568, -28.5625493], [-57.9770208, -28.5624928], [-57.9762483, -28.562474], [-57.9759693, -28.5624363], [-57.9754544, -28.5623986], [-57.9751969, -28.5623609], [-57.9749608, -28.5622667], [-57.9747462, -28.5621536], [-57.9739523, -28.5619463], [-57.9735017, -28.5617955], [-57.9730082, -28.5616447], [-57.9726219, -28.5613809], [-57.9718924, -28.5610982], [-57.9716778, -28.5609474], [-57.9713989, -28.5605705], [-57.9713774, -28.5603443], [-57.9714418, -28.560137], [-57.971592, -28.5599297], [-57.9716993, -28.5597224], [-57.9715705, -28.5592701], [-57.9714203, -28.5590816], [-57.9708839, -28.5585916], [-57.9706264, -28.5584785], [-57.9698324, -28.5579696], [-57.9693818, -28.5578], [-57.9687596, -28.557178], [-57.9672575, -28.5563488], [-57.967, -28.5562922], [-57.9666782, -28.5561791], [-57.9660988, -28.5561038], [-57.9657555, -28.5561038], [-57.9651118, -28.5561791], [-57.9648757, -28.5561791], [-57.9640174, -28.5563676], [-57.9635024, -28.5564053], [-57.9629874, -28.5563865], [-57.9626656, -28.5563488], [-57.9618931, -28.5560661], [-57.9612494, -28.5557268], [-57.9608846, -28.5554253], [-57.9603267, -28.5551048], [-57.9599619, -28.5547656], [-57.9597473, -28.5546148], [-57.9588461, -28.5541813], [-57.9582453, -28.5537667], [-57.9580522, -28.5536159], [-57.957387, -28.5531824], [-57.9570866, -28.5530316], [-57.956872, -28.5529185], [-57.9559493, -28.5524096], [-57.9551125, -28.551863], [-57.9546404, -28.5517688], [-57.9538465, -28.5517311], [-57.9536104, -28.5517876], [-57.9531598, -28.5519384], [-57.9528594, -28.551995], [-57.9523659, -28.5520515], [-57.9520655, -28.5520515], [-57.9517865, -28.5519761], [-57.9510784, -28.5516368], [-57.9509282, -28.5514484], [-57.9507995, -28.5512787], [-57.9506278, -28.5511279], [-57.9504132, -28.5510337], [-57.9501343, -28.550996], [-57.9496193, -28.5508829], [-57.9493618, -28.5508075], [-57.9491258, -28.5507887], [-57.9483962, -28.550619], [-57.9481173, -28.5506002], [-57.9473448, -28.5506002], [-57.9468727, -28.5505248], [-57.9466152, -28.5504683], [-57.9461217, -28.5502609], [-57.9455424, -28.5500913], [-57.9447913, -28.5499782], [-57.9437185, -28.549752], [-57.9430747, -28.5496955], [-57.9427529, -28.5496389], [-57.9421091, -28.5495447], [-57.9418302, -28.5494693], [-57.9412508, -28.5493562], [-57.9406286, -28.5491112], [-57.9402423, -28.5489981], [-57.9400063, -28.548885], [-57.9398132, -28.548753], [-57.939663, -28.5485834], [-57.9395557, -28.5483572], [-57.9394055, -28.5481499], [-57.9390407, -28.5478106], [-57.938633, -28.5475467], [-57.9382897, -28.5472451], [-57.9379678, -28.546887], [-57.9377747, -28.5467551], [-57.9371739, -28.5460388], [-57.9369593, -28.5458692], [-57.9367018, -28.5457749], [-57.9361654, -28.5456241], [-57.9356289, -28.5455864], [-57.9347277, -28.5454733], [-57.9344702, -28.5454733], [-57.9341912, -28.5454922], [-57.9339123, -28.5455676], [-57.9336977, -28.5456807], [-57.9334617, -28.5457749], [-57.9332471, -28.545888], [-57.9330325, -28.5459446], [-57.9322171, -28.54602], [-57.9316807, -28.54602], [-57.9312945, -28.5457938], [-57.9310584, -28.5457372], [-57.930522, -28.5456618], [-57.9297495, -28.5455864], [-57.9291487, -28.545511], [-57.9280329, -28.5452471], [-57.927711, -28.5450963], [-57.9268956, -28.5444366], [-57.9263592, -28.5440785], [-57.9258013, -28.5436449], [-57.9252219, -28.5433622], [-57.924943, -28.5431925], [-57.9247284, -28.5430417], [-57.9243207, -28.5426836], [-57.924192, -28.542514], [-57.9240418, -28.5422501], [-57.9239774, -28.5420427], [-57.9238916, -28.5418165], [-57.9233551, -28.540629], [-57.9230976, -28.5399315], [-57.9228401, -28.5394979], [-57.9223466, -28.5390078], [-57.922132, -28.5388947], [-57.9217673, -28.5385743], [-57.9215527, -28.5384612], [-57.9209948, -28.5380276], [-57.9203081, -28.5377449], [-57.9200721, -28.537726], [-57.9198575, -28.5376695], [-57.9195571, -28.5376506], [-57.9193211, -28.5375563], [-57.919128, -28.5374432], [-57.9186559, -28.5370474], [-57.9183984, -28.5369343], [-57.9181409, -28.5368777], [-57.917862, -28.5368023], [-57.9167676, -28.5365761], [-57.9160595, -28.5362933], [-57.915802, -28.5362368], [-57.9155231, -28.5361425], [-57.9152441, -28.5359917], [-57.9144073, -28.5354073], [-57.9141712, -28.5353131], [-57.9139781, -28.5351623], [-57.9137421, -28.5349926], [-57.9133344, -28.5347099], [-57.9124546, -28.5341066], [-57.91224, -28.5340124], [-57.9119396, -28.5338804], [-57.911768, -28.5337484], [-57.9109955, -28.5333714], [-57.9102016, -28.5331829], [-57.9093433, -28.532919], [-57.9086781, -28.5326551], [-57.908442, -28.5325608], [-57.9077554, -28.5322026], [-57.9075837, -28.5320518], [-57.9074121, -28.531901], [-57.9063606, -28.5314297], [-57.9056096, -28.5311846], [-57.9050946, -28.5310715], [-57.9043436, -28.5308642], [-57.9035282, -28.5307133], [-57.9027558, -28.5304306], [-57.9019618, -28.5302043], [-57.9012108, -28.5301855], [-57.9009104, -28.5301478], [-57.90061, -28.5300347], [-57.8997302, -28.5291486], [-57.8993011, -28.5286962], [-57.8991294, -28.5285453], [-57.898829, -28.5281683], [-57.8986144, -28.5279798], [-57.8982926, -28.5278667], [-57.8978205, -28.5277536], [-57.8973913, -28.5275462], [-57.8971768, -28.5273954], [-57.8961468, -28.5268298], [-57.8953958, -28.5266224], [-57.8951383, -28.5265281], [-57.8948379, -28.5264716], [-57.8943014, -28.5264527], [-57.8940439, -28.526415], [-57.8938079, -28.5263585], [-57.8935719, -28.5262642], [-57.8926707, -28.5263585], [-57.8924346, -28.5264339], [-57.8918767, -28.5265093], [-57.8906536, -28.5264716], [-57.8898168, -28.5263585], [-57.8894735, -28.5263396], [-57.8888941, -28.5261888], [-57.8878212, -28.5259437], [-57.8867054, -28.5258494], [-57.8858686, -28.5256986], [-57.8855896, -28.5256044], [-57.8847313, -28.5253593], [-57.8845167, -28.5252084], [-57.8843665, -28.5250011], [-57.8841734, -28.5247183], [-57.8833366, -28.5239076], [-57.8828645, -28.5236436], [-57.8822637, -28.5232289], [-57.8811908, -28.5231723], [-57.8809333, -28.5231158], [-57.8806758, -28.523078], [-57.8801179, -28.5229461], [-57.87956, -28.5228518], [-57.8792167, -28.5228141], [-57.8783369, -28.5226067], [-57.8772426, -28.5222862], [-57.8763199, -28.5217206], [-57.8757835, -28.5212681], [-57.8753543, -28.5209476], [-57.8750754, -28.5207214], [-57.8748608, -28.5204763], [-57.8742385, -28.5198918], [-57.8737664, -28.5195336], [-57.8735733, -28.5193262], [-57.8732944, -28.518968], [-57.8731871, -28.5187229], [-57.8729296, -28.5183458], [-57.8724575, -28.5172522], [-57.8722859, -28.5171014], [-57.8718996, -28.5168186], [-57.871449, -28.5165735], [-57.8710628, -28.5160078], [-57.8708482, -28.5158759], [-57.8706551, -28.5156496], [-57.8702474, -28.5153102], [-57.8700328, -28.5151405], [-57.8695393, -28.5148766], [-57.8688956, -28.514688], [-57.8680802, -28.5145183], [-57.8675866, -28.5143486], [-57.8673721, -28.5142921], [-57.8659344, -28.5137076], [-57.8646469, -28.5133682], [-57.8640676, -28.5133116], [-57.8632951, -28.5132739], [-57.8627372, -28.5131608], [-57.8625012, -28.5131419], [-57.8617501, -28.5131608], [-57.8615356, -28.5131985], [-57.8612781, -28.5132173], [-57.8610206, -28.5132362], [-57.8600121, -28.5127837], [-57.8588534, -28.5125197], [-57.858038, -28.5124066], [-57.8572655, -28.512218], [-57.8558064, -28.5120295], [-57.8551627, -28.5119163], [-57.8540039, -28.5116523], [-57.8522015, -28.5111998], [-57.8512145, -28.5108227], [-57.8507424, -28.5105587], [-57.8503561, -28.5102193], [-57.849412, -28.5095028], [-57.8488112, -28.5091634], [-57.848425, -28.5088994], [-57.84791, -28.5086355], [-57.8474808, -28.5083715], [-57.8469658, -28.5081075], [-57.846365, -28.5078435], [-57.8456355, -28.5076549], [-57.8450776, -28.5075418], [-57.8445197, -28.5073533], [-57.843833, -28.5071647], [-57.8431893, -28.5070516], [-57.8426743, -28.5069007], [-57.8422022, -28.5068253], [-57.841301, -28.506599], [-57.8394986, -28.506335], [-57.8389836, -28.5061842], [-57.837739, -28.5059956], [-57.8366232, -28.5057693], [-57.8360653, -28.5056185], [-57.8355933, -28.5055808], [-57.8341341, -28.5051282], [-57.8331471, -28.5049019], [-57.8308726, -28.5039968], [-57.8304005, -28.5036574], [-57.8299284, -28.5033934], [-57.8290272, -28.5030917], [-57.8280402, -28.5030917], [-57.8274394, -28.503054], [-57.8258944, -28.5028277], [-57.8253365, -28.50279], [-57.8247786, -28.5027146], [-57.8232336, -28.5022997], [-57.8221178, -28.5019226], [-57.8217316, -28.5016586], [-57.8210879, -28.5015831], [-57.8204871, -28.5016586], [-57.8198863, -28.5016586], [-57.8193283, -28.5013946], [-57.8191352, -28.5012249], [-57.8188992, -28.5008477], [-57.8185773, -28.5005272], [-57.8184271, -28.5003574], [-57.818234, -28.5001689], [-57.8180838, -28.4999614], [-57.8177405, -28.499622], [-57.8170538, -28.4992449], [-57.8168392, -28.4991694], [-57.8166032, -28.4990751], [-57.8152943, -28.4987546], [-57.8150368, -28.4986791], [-57.8141785, -28.4985094], [-57.8139425, -28.4984717], [-57.813685, -28.4983963], [-57.8117323, -28.4981134], [-57.8112602, -28.4980003], [-57.8099513, -28.4975288], [-57.8095007, -28.4973402], [-57.8092432, -28.4971894], [-57.8090286, -28.4971139], [-57.8082562, -28.4965482], [-57.8078699, -28.4961333], [-57.8077412, -28.4956619], [-57.8074193, -28.4947378], [-57.807312, -28.4945304], [-57.8068829, -28.4937195], [-57.8067327, -28.4935309], [-57.8063894, -28.4932103], [-57.8061748, -28.4931348], [-57.8056598, -28.4930971], [-57.8048659, -28.4930971], [-57.8046513, -28.4930217], [-57.8044367, -28.4928897], [-57.8042865, -28.49272], [-57.8041792, -28.4924937], [-57.8040505, -28.4923051], [-57.8038788, -28.4921542], [-57.8037286, -28.4919656], [-57.8034926, -28.4918336], [-57.803278, -28.4917393], [-57.803042, -28.4916827], [-57.8028059, -28.4915884], [-57.802527, -28.4915319], [-57.8022909, -28.4915319], [-57.8020334, -28.4914941], [-57.8013468, -28.4912301], [-57.8008962, -28.491117], [-57.8007031, -28.4909849], [-57.8005314, -28.4908341], [-57.8003597, -28.4906643], [-57.7997804, -28.4899666], [-57.7996731, -28.4895139], [-57.7996, -28.489]]]}, "properties": {"osm_id": 10421113, "name": "Parque Provincial Iberá", "match": "Iberá", "protect_class": "6", "boundary": "protected_area"}}, {"type": "Feature", "geometry": {"type": "MultiPolygon", "coordinates": [[[[-57.4349536, -28.6776247], [-57.4356, -28.6638], [-57.4356973, -28.6612982], [-57.4398, -28.6613], [-57.4488, -28.6613], [-57.4491, -28.6554], [-57.4492, -28.6554], [-57.4493, -28.6549], [-57.4494, -28.6529], [-57.4495, -28.6502], [-57.4495, -28.6489], [-57.4752, -28.6488], [-57.4806, -28.6487977], [-57.4806, -28.6478], [-57.4817, -28.6478], [-57.4818, -28.6426], [-57.4819, -28.6418], [-57.4819, -28.637], [-57.482, -28.6316], [-57.4820137, -28.6272472], [-57.4822712, -28.6271531], [-57.4825072, -28.6270306], [-57.4826145, -28.6269553], [-57.4828076, -28.6267952], [-57.4830866, -28.626588], [-57.4833119, -28.626475], [-57.4834299, -28.6264279], [-57.4835479, -28.6263714], [-57.483666, -28.6263243], [-57.4838269, -28.6262961], [-57.4842507, -28.6260183], [-57.4844438, -28.6259429], [-57.4846852, -28.6258205], [-57.4848729, -28.6256698], [-57.4851197, -28.6255427], [-57.4852645, -28.625425], [-57.4854147, -28.6253167], [-57.4855435, -28.6252743], [-57.4856132, -28.6252649], [-57.485742, -28.6252225], [-57.4858868, -28.6251095], [-57.4859458, -28.6250812], [-57.4863321, -28.6249682], [-57.4863857, -28.6249353], [-57.4864501, -28.6249117], [-57.4866593, -28.6247799], [-57.4867934, -28.6247563], [-57.4869436, -28.624761], [-57.4870187, -28.6247516], [-57.4870831, -28.6247375], [-57.4872601, -28.6246433], [-57.4874586, -28.6246009], [-57.4875981, -28.6246057], [-57.4878824, -28.6246386], [-57.4880487, -28.6246292], [-57.4882579, -28.6245962], [-57.4883866, -28.6246198], [-57.4888104, -28.6246339], [-57.4890089, -28.6246669], [-57.4897653, -28.6246669], [-57.490232, -28.6246104], [-57.490527, -28.6246151], [-57.4906611, -28.6246292], [-57.490806, -28.6246339], [-57.4914175, -28.6246716], [-57.4916214, -28.6247045], [-57.4917609, -28.6247092], [-57.4918842, -28.6247281], [-57.4920076, -28.624761], [-57.492131, -28.6248176], [-57.4922437, -28.6248835], [-57.4924368, -28.6250342], [-57.4925709, -28.6250718], [-57.4926353, -28.6250765], [-57.4930322, -28.625133], [-57.49322, -28.6252884], [-57.4933326, -28.6253355], [-57.4935418, -28.6253402], [-57.4937511, -28.6253638], [-57.4938262, -28.6253685], [-57.4939603, -28.6254014], [-57.4941695, -28.6254344], [-57.4943036, -28.6254674], [-57.4945021, -28.6255003], [-57.4948347, -28.6255757], [-57.4949527, -28.625618], [-57.4950171, -28.6256322], [-57.4951619, -28.6256981], [-57.4953336, -28.6257875], [-57.495591, -28.6258676], [-57.4956876, -28.6259382], [-57.4957573, -28.6259665], [-57.4959719, -28.6260324], [-57.4964064, -28.6261172], [-57.4966425, -28.6262208], [-57.4967444, -28.6262867], [-57.4969268, -28.6263761], [-57.4972808, -28.6266869], [-57.4974525, -28.6267811], [-57.4975973, -28.6268941], [-57.4976885, -28.6269741], [-57.4977797, -28.6271201], [-57.4979085, -28.6272614], [-57.4979782, -28.6273508], [-57.498064, -28.6274309], [-57.4981713, -28.6275816], [-57.4983269, -28.6277558], [-57.4983805, -28.6277934], [-57.4986327, -28.6279112], [-57.4988312, -28.6280524], [-57.4990726, -28.6281654], [-57.4991959, -28.6282973], [-57.49933, -28.6284856], [-57.4994534, -28.6285986], [-57.4995124, -28.6286881], [-57.4996519, -28.6288058], [-57.4998987, -28.6290601], [-57.5000006, -28.6292766], [-57.5001025, -28.6294273], [-57.5002366, -28.6297334], [-57.5004083, -28.6299688], [-57.5004405, -28.6300724], [-57.5004941, -28.6301713], [-57.5005156, -28.630289], [-57.5004995, -28.6304067], [-57.5005049, -28.6304632], [-57.5005049, -28.6309152], [-57.5005424, -28.6310188], [-57.5006229, -28.6311083], [-57.5006658, -28.6312166], [-57.5006712, -28.6312778], [-57.5006872, -28.6313813], [-57.5006497, -28.6315461], [-57.5006497, -28.6316544], [-57.5006175, -28.6318239], [-57.5005692, -28.6319228], [-57.5005585, -28.6319793], [-57.5005639, -28.6320876], [-57.5006765, -28.6323795], [-57.500698, -28.6325443], [-57.500698, -28.6327233], [-57.5006336, -28.6330058], [-57.5006443, -28.6330623], [-57.5007194, -28.633147], [-57.5007838, -28.6331658], [-57.5010574, -28.6330952], [-57.5011218, -28.6330952], [-57.5011861, -28.633114], [-57.5012881, -28.6331941], [-57.5013202, -28.6332459], [-57.5013524, -28.6333636], [-57.5013095, -28.6335378], [-57.5013685, -28.6337073], [-57.5015456, -28.6338109], [-57.5016958, -28.6339192], [-57.5017816, -28.6340228], [-57.5018728, -28.6341876], [-57.5019211, -28.6342535], [-57.5020176, -28.6343382], [-57.5020766, -28.6343665], [-57.5021464, -28.6343806], [-57.5022215, -28.6344041], [-57.5023502, -28.634423], [-57.5024951, -28.634423], [-57.5026882, -28.6343618], [-57.5029135, -28.6341452], [-57.5029779, -28.6341169], [-57.5030422, -28.6341122], [-57.5031602, -28.6341546], [-57.5032032, -28.6341405], [-57.503348, -28.6342582], [-57.5036591, -28.6345595], [-57.5037235, -28.6346631], [-57.5037825, -28.6347808], [-57.5038469, -28.634875], [-57.5038952, -28.6349221], [-57.5039595, -28.6349597], [-57.504217, -28.6350586], [-57.5042975, -28.6350916], [-57.5043565, -28.6351057], [-57.5047803, -28.635374], [-57.5048983, -28.6354305], [-57.5050592, -28.6354776], [-57.5051236, -28.6355153], [-57.5051934, -28.6355388], [-57.5054777, -28.6356471], [-57.5057888, -28.6359249], [-57.5060463, -28.6360709], [-57.5061697, -28.636118], [-57.506336, -28.6362357], [-57.5063843, -28.6362875], [-57.5065076, -28.6365323], [-57.5065988, -28.6366971], [-57.5066149, -28.6368148], [-57.5067222, -28.637069], [-57.5067598, -28.6371114], [-57.5068456, -28.6372197], [-57.506969, -28.6374033], [-57.5072265, -28.6376811], [-57.507323, -28.6377564], [-57.5077146, -28.63794], [-57.5078809, -28.6380389], [-57.5080311, -28.6381707], [-57.5082243, -28.6382319], [-57.5086427, -28.6384862], [-57.5089109, -28.6387263], [-57.509045, -28.6388063], [-57.5090718, -28.6388534], [-57.5092006, -28.6389664], [-57.5093293, -28.6391029], [-57.5094205, -28.6391783], [-57.5094849, -28.6392018], [-57.5096512, -28.6393101], [-57.5097102, -28.6393336], [-57.5100321, -28.6394749], [-57.5102896, -28.6395502], [-57.5104022, -28.6396067], [-57.5105095, -28.639682], [-57.5105792, -28.6397009], [-57.5106382, -28.6397291], [-57.5107884, -28.6398421], [-57.5107616, -28.6398468], [-57.5109762, -28.6399739], [-57.5110781, -28.6400446], [-57.5111425, -28.6400634], [-57.5112605, -28.6401246], [-57.5114107, -28.6402376], [-57.5115287, -28.6402894], [-57.511797, -28.64036], [-57.5120491, -28.6404777], [-57.5121081, -28.6404918], [-57.5121725, -28.6404777], [-57.5123763, -28.6403977], [-57.5124246, -28.64036], [-57.5124997, -28.6402658], [-57.5125694, -28.6402376], [-57.5127143, -28.640247], [-57.5127894, -28.6402564], [-57.5129074, -28.6402941], [-57.5129986, -28.6403741], [-57.5131059, -28.6404495], [-57.5133526, -28.6404965], [-57.5135779, -28.6403741], [-57.5137281, -28.6402705], [-57.5137925, -28.6402517], [-57.5140768, -28.6402235], [-57.5142109, -28.6401811], [-57.5143129, -28.6401152], [-57.5143719, -28.6400022], [-57.5144148, -28.6399504], [-57.5144738, -28.6399174], [-57.5145382, -28.6398986], [-57.5146884, -28.639908], [-57.5150532, -28.6400022], [-57.5153428, -28.6401152], [-57.5155735, -28.64028], [-57.5156862, -28.6403506], [-57.5157934, -28.6404306], [-57.5159115, -28.6405954], [-57.5159597, -28.6407037], [-57.5160509, -28.6408638], [-57.5160939, -28.6409108], [-57.5161475, -28.6409391], [-57.5162226, -28.6409485], [-57.5163031, -28.6409438], [-57.5163621, -28.6409203], [-57.5164801, -28.6408591], [-57.5165445, -28.6408402], [-57.5166088, -28.6408543], [-57.5167, -28.640925], [-57.5167805, -28.6409579], [-57.5168824, -28.6411133], [-57.5169683, -28.6411933], [-57.5170273, -28.6412263], [-57.5172311, -28.6412781], [-57.5174886, -28.6413393], [-57.517612, -28.6413769], [-57.5176817, -28.6413864], [-57.5178748, -28.641457], [-57.5180733, -28.6416076], [-57.5181323, -28.6416312], [-57.5183094, -28.6417206], [-57.5183898, -28.6418054], [-57.5185132, -28.6420266], [-57.5184757, -28.6421961], [-57.5184757, -28.6422573], [-57.5184488, -28.642375], [-57.5184274, -28.6425775], [-57.5184166, -28.6430624], [-57.5183898, -28.6432931], [-57.5184274, -28.6434014], [-57.5184757, -28.6435002], [-57.5184703, -28.6438062], [-57.5185025, -28.6439946], [-57.5185829, -28.6442064], [-57.5185883, -28.6442629], [-57.5186473, -28.6443712], [-57.5186527, -28.6444842], [-57.5186795, -28.6445925], [-57.5186688, -28.6447714], [-57.5185937, -28.6449738], [-57.5185454, -28.645068], [-57.5185508, -28.6451762], [-57.5185937, -28.6452798], [-57.5186151, -28.6454493], [-57.5186366, -28.6455058], [-57.51876, -28.6456235], [-57.5189155, -28.6457223], [-57.519232, -28.6458871], [-57.5192857, -28.6459248], [-57.5193876, -28.6460095], [-57.5194681, -28.6461131], [-57.51957, -28.6461837], [-57.5196236, -28.6462402], [-57.5196666, -28.6463202], [-57.5197256, -28.646518], [-57.5199294, -28.6470829], [-57.5199616, -28.6471441], [-57.5200367, -28.6472382], [-57.5200367, -28.6473042], [-57.5200689, -28.6473512], [-57.5201279, -28.6475113], [-57.5202674, -28.6477467], [-57.5203639, -28.647822], [-57.5205892, -28.6479632], [-57.5207233, -28.6480291], [-57.520777, -28.6480762], [-57.5208306, -28.6481092], [-57.520895, -28.648128], [-57.5210077, -28.6481798], [-57.5212061, -28.648241], [-57.5212705, -28.6482739], [-57.5215387, -28.6483775], [-57.5216836, -28.6484905], [-57.5217909, -28.6485517], [-57.5221288, -28.6486741], [-57.5222576, -28.6487306], [-57.5223059, -28.6487635], [-57.5226975, -28.6489236], [-57.5228208, -28.6489989], [-57.5231856, -28.6491449], [-57.5233465, -28.6492531], [-57.5236148, -28.6493897], [-57.5237489, -28.6495168], [-57.5237972, -28.6495591], [-57.5238347, -28.6496062], [-57.524001, -28.649771], [-57.5241405, -28.6498934], [-57.5241941, -28.649997], [-57.5241941, -28.6501193], [-57.5242478, -28.6502276], [-57.5243872, -28.65035], [-57.5245535, -28.6504489], [-57.5247413, -28.6505289], [-57.5249505, -28.6505854], [-57.5252938, -28.6506325], [-57.5253743, -28.6506231], [-57.5254333, -28.6506042], [-57.5256479, -28.6504583], [-57.5258839, -28.65035], [-57.525959, -28.6503453], [-57.5262487, -28.6503971], [-57.5265867, -28.6505336], [-57.5266618, -28.6505572], [-57.526812, -28.6506654], [-57.5269836, -28.6508396], [-57.5270104, -28.6509008], [-57.5271553, -28.6511691], [-57.5271821, -28.6512209], [-57.527225, -28.6512633], [-57.5273269, -28.6514045], [-57.5274181, -28.6516069], [-57.527445, -28.6517199], [-57.5275147, -28.6518047], [-57.5276274, -28.65188], [-57.5280941, -28.6520259], [-57.5282925, -28.6521059], [-57.5286144, -28.652299], [-57.5287056, -28.6523602], [-57.5288183, -28.6524214], [-57.5290006, -28.6525296], [-57.5290597, -28.6525532], [-57.5293547, -28.6526379], [-57.5295532, -28.6526614], [-57.5297624, -28.6526002], [-57.5298911, -28.6525908], [-57.5300521, -28.6526756], [-57.5301486, -28.6526756], [-57.5304437, -28.6527791], [-57.5305456, -28.6528591], [-57.5305831, -28.6529109], [-57.5307441, -28.6530522], [-57.531082, -28.6532687], [-57.5312698, -28.6535041], [-57.5313824, -28.65357], [-57.5320047, -28.65373], [-57.5323319, -28.6538383], [-57.5325358, -28.6538854], [-57.5328845, -28.6539325], [-57.5330132, -28.6539842], [-57.5331903, -28.6541443], [-57.5332868, -28.6542949], [-57.5332922, -28.6543514], [-57.5332868, -28.6544597], [-57.5332224, -28.6545585], [-57.5332171, -28.6546668], [-57.5331903, -28.6547751], [-57.5331742, -28.6548881], [-57.5331366, -28.6550481], [-57.5331581, -28.6552882], [-57.5331366, -28.6554529], [-57.5331581, -28.6555612], [-57.5332117, -28.6557213], [-57.5332385, -28.655773], [-57.5332546, -28.6558295], [-57.5332493, -28.655886], [-57.5332224, -28.6559331], [-57.5331903, -28.6560367], [-57.5332224, -28.6560884], [-57.5333566, -28.6562061], [-57.533437, -28.6562909], [-57.5335389, -28.6563568], [-57.5336033, -28.6563709], [-57.5336784, -28.6563756], [-57.5338769, -28.6564227], [-57.534408, -28.6565921], [-57.5345367, -28.6566439], [-57.5346655, -28.6566674], [-57.5347298, -28.6566957], [-57.5347781, -28.6567286], [-57.53488, -28.6567898], [-57.5349176, -28.6568275], [-57.534982, -28.6569263], [-57.5351, -28.6572088], [-57.5351858, -28.6572982], [-57.5353038, -28.6573453], [-57.5353789, -28.6573547], [-57.5355291, -28.6573547], [-57.5356525, -28.6573312], [-57.5357169, -28.6573029], [-57.535851, -28.6570723], [-57.53591, -28.657044], [-57.5359798, -28.6570299], [-57.5360549, -28.6570346], [-57.5361836, -28.6570723], [-57.5364411, -28.6571758], [-57.5367093, -28.6572323], [-57.5368434, -28.6572276], [-57.5369775, -28.6572041], [-57.5370365, -28.6571711], [-57.5372565, -28.656997], [-57.5373799, -28.6570393], [-57.5374335, -28.6570676], [-57.537573, -28.6571994], [-57.5375998, -28.6572512], [-57.5376374, -28.6572982], [-57.5378305, -28.6576842], [-57.5379002, -28.6577737], [-57.5379539, -28.6578113], [-57.5380719, -28.6578584], [-57.5383401, -28.6579243], [-57.5384796, -28.657929], [-57.538619, -28.6579055], [-57.5387639, -28.6578631], [-57.5389248, -28.6578584], [-57.5390536, -28.6578913], [-57.5391716, -28.6579525], [-57.5392896, -28.6580843], [-57.5393164, -28.6583291], [-57.5393593, -28.6584374], [-57.5393969, -28.658475], [-57.5394505, -28.658508], [-57.5395846, -28.6585551], [-57.5397831, -28.658588], [-57.5399762, -28.6586727], [-57.5400245, -28.6587104], [-57.5402016, -28.6587998], [-57.5402927, -28.6588799], [-57.5404429, -28.6589834], [-57.5405502, -28.6591105], [-57.5406039, -28.6591576], [-57.5408346, -28.6592894], [-57.5411832, -28.6595436], [-57.5412476, -28.6595718], [-57.5414085, -28.6596801], [-57.5415427, -28.6598495], [-57.5416821, -28.6600614], [-57.541886, -28.6602826], [-57.5420147, -28.6604568], [-57.5423527, -28.6607392], [-57.5424546, -28.6608145], [-57.5426477, -28.6608992], [-57.5427818, -28.6609275], [-57.5429159, -28.6609322], [-57.5431144, -28.6609463], [-57.5432593, -28.6609181], [-57.5433236, -28.6608898], [-57.5437045, -28.6606168], [-57.5437635, -28.6605792], [-57.5438386, -28.6605697], [-57.5439137, -28.6605792], [-57.5440478, -28.6606309], [-57.5442731, -28.6608145], [-57.5443912, -28.6609699], [-57.5445038, -28.6610216], [-57.5445521, -28.6610593], [-57.5447667, -28.6611864], [-57.5448579, -28.6612758], [-57.5451154, -28.6613982], [-57.5452387, -28.6614406], [-57.5453138, -28.6614453], [-57.5454748, -28.6614311], [-57.5455338, -28.6614076], [-57.5455821, -28.6613652], [-57.5456357, -28.6611158], [-57.5456786, -28.6610358], [-57.545743, -28.6610169], [-57.5458825, -28.6610122], [-57.5463492, -28.6610781], [-57.5464189, -28.6610828], [-57.546671, -28.6611158], [-57.5468642, -28.6611723], [-57.5469554, -28.6612523], [-57.5470519, -28.6614311], [-57.5471699, -28.6615818], [-57.5472611, -28.6616665], [-57.5473362, -28.6617654], [-57.5474167, -28.6619348], [-57.5475293, -28.6621466], [-57.5475454, -28.6622031], [-57.5475937, -28.6623067], [-57.5476098, -28.6623584], [-57.5476366, -28.6624196], [-57.5476903, -28.6625891], [-57.5476903, -28.6626456], [-57.5476742, -28.6626974], [-57.5476688, -28.6628009], [-57.5475401, -28.6630598], [-57.5474703, -28.6632622], [-57.5474328, -28.6634269], [-57.5474006, -28.6634834], [-57.5473362, -28.6635729], [-57.5472236, -28.6637047], [-57.5470465, -28.6638459], [-57.546891, -28.6639212], [-57.5468159, -28.6640059], [-57.5467891, -28.6640671], [-57.5467891, -28.6641801], [-57.546714, -28.6644107], [-57.5466979, -28.6645237], [-57.546773, -28.6647072], [-57.5469339, -28.6648814], [-57.5469875, -28.6649096], [-57.5471914, -28.6649708], [-57.5473523, -28.6649708], [-57.5480712, -28.6648673], [-57.5481516, -28.6648673], [-57.5482911, -28.6648861], [-57.5485379, -28.6650273], [-57.5487149, -28.6651921], [-57.5487846, -28.6652203], [-57.5489187, -28.665258], [-57.5489938, -28.6652721], [-57.5492889, -28.665258], [-57.5495464, -28.6653286], [-57.5496697, -28.6653756], [-57.5498253, -28.6654886], [-57.5501096, -28.6657993], [-57.5501955, -28.6659263], [-57.5503618, -28.6663123], [-57.5504047, -28.6663547], [-57.550469, -28.6663782], [-57.5505441, -28.6663735], [-57.5506139, -28.6663453], [-57.5506514, -28.6662935], [-57.5507909, -28.666077], [-57.5508714, -28.6659216], [-57.5509411, -28.6658134], [-57.5510162, -28.6656533], [-57.5510216, -28.6655969], [-57.5509679, -28.6654321], [-57.5509143, -28.6653286], [-57.5508124, -28.6651921], [-57.5506461, -28.6650367], [-57.550571, -28.6649426], [-57.5504959, -28.6647967], [-57.5504798, -28.6647402], [-57.5503349, -28.6643966], [-57.5503564, -28.6640906], [-57.5504476, -28.6638741], [-57.5504261, -28.6637659], [-57.5502813, -28.6635776], [-57.5502759, -28.6635211], [-57.5505227, -28.6632669], [-57.550807, -28.6630033], [-57.5509143, -28.6629233], [-57.551043, -28.6628762], [-57.5511128, -28.6628762], [-57.5512362, -28.6628998], [-57.5516439, -28.6630127], [-57.551837, -28.6630363], [-57.5519121, -28.663041], [-57.5523681, -28.6631916], [-57.5524968, -28.6632104], [-57.5528991, -28.6631775], [-57.5529581, -28.6631586], [-57.5530279, -28.6631586], [-57.553221, -28.6632293], [-57.5535214, -28.6634081], [-57.5536877, -28.6634881], [-57.5538808, -28.6635587], [-57.5539881, -28.6636529], [-57.554251, -28.66394], [-57.5546747, -28.6641565], [-57.5548357, -28.6642977], [-57.5549054, -28.6643966], [-57.5549269, -28.6644578], [-57.5549269, -28.6645237], [-57.5548947, -28.6646366], [-57.5548786, -28.6647449], [-57.5549483, -28.6648485], [-57.5550395, -28.6649473], [-57.555179, -28.6650603], [-57.5552809, -28.6650885], [-57.5557047, -28.6650932], [-57.5557745, -28.6650979], [-57.5559139, -28.665145], [-57.5561446, -28.6652674], [-57.5562733, -28.6653192], [-57.5564611, -28.6653756], [-57.5566006, -28.6653945], [-57.5568044, -28.6653709], [-57.5570083, -28.6653239], [-57.5571638, -28.6653192], [-57.557652, -28.6654086], [-57.5578827, -28.6654274], [-57.5580221, -28.6654227], [-57.5580865, -28.6654415], [-57.5582475, -28.6655263], [-57.5583386, -28.6656063], [-57.5584406, -28.6656722], [-57.5585318, -28.6657522], [-57.5586283, -28.6657946], [-57.5587678, -28.6658134], [-57.5589126, -28.6657898], [-57.5589663, -28.6657522], [-57.5590199, -28.6656486], [-57.5590307, -28.6655168], [-57.559095, -28.6653427], [-57.5591379, -28.6653003], [-57.5591594, -28.6652485], [-57.5592184, -28.6650838], [-57.559213, -28.6649661], [-57.5591862, -28.6648579], [-57.5591809, -28.6648014], [-57.559154, -28.6647402], [-57.5591219, -28.6646178], [-57.5591219, -28.6645613], [-57.5591862, -28.6643213], [-57.5592667, -28.6640718], [-57.5592828, -28.6639494], [-57.5594008, -28.6636576], [-57.5594974, -28.6634928], [-57.5595403, -28.6634505], [-57.559669, -28.6633893], [-57.5600821, -28.663281], [-57.56042, -28.663234], [-57.5605595, -28.663201], [-57.5611281, -28.6631963], [-57.5612676, -28.6631822], [-57.5614017, -28.6631869], [-57.5619274, -28.6631069], [-57.5620991, -28.6631069], [-57.5621635, -28.663121], [-57.5624639, -28.6631257], [-57.5626248, -28.6631539], [-57.562834, -28.6632293], [-57.5628877, -28.6632763], [-57.5630969, -28.663554], [-57.5631613, -28.6636011], [-57.5633007, -28.6636623], [-57.5633705, -28.6636952], [-57.5637299, -28.6638082], [-57.5638533, -28.6638553], [-57.5640839, -28.6638506], [-57.564438, -28.6637611], [-57.5645077, -28.6637329], [-57.5645882, -28.6637235], [-57.564733, -28.6637235], [-57.5649262, -28.6637847], [-57.5649905, -28.6637753], [-57.5650549, -28.6637423], [-57.5650924, -28.6637], [-57.5651193, -28.6636482], [-57.5651676, -28.6636152], [-57.565307, -28.6636152], [-57.5654358, -28.6636435], [-57.5656718, -28.6637188], [-57.5660902, -28.6639118], [-57.566278, -28.6639588], [-57.5663424, -28.6639588], [-57.5664336, -28.6638647], [-57.5666213, -28.6636246], [-57.5666803, -28.6635729], [-57.5667501, -28.6635399], [-57.5668198, -28.6635352], [-57.5669485, -28.6635682], [-57.5671041, -28.6636341], [-57.5671524, -28.663667], [-57.5672489, -28.6638223], [-57.567265, -28.6638741], [-57.567324, -28.6639824], [-57.567367, -28.6640906], [-57.5673831, -28.6641518], [-57.567367, -28.6642648], [-57.567308, -28.6643731], [-57.5671792, -28.6647025], [-57.5670666, -28.6648532], [-57.5669807, -28.6649379], [-57.5668734, -28.6650085], [-57.5668359, -28.6650603], [-57.5667125, -28.6651685], [-57.566632, -28.6652627], [-57.566573, -28.6653662], [-57.566455, -28.6655027], [-57.5663531, -28.6655686], [-57.5662243, -28.6656863], [-57.5660741, -28.6660911], [-57.5660741, -28.6662605], [-57.5661224, -28.66643], [-57.5661385, -28.6665477], [-57.566101, -28.6666465], [-57.566042, -28.6667453], [-57.5659668, -28.6671078], [-57.5659561, -28.6672254], [-57.5658381, -28.6677008], [-57.5658274, -28.6678891], [-57.5658435, -28.6679503], [-57.5658864, -28.6679974], [-57.566058, -28.6680868], [-57.5661439, -28.6681621], [-57.5661546, -28.6682704], [-57.566058, -28.6684257], [-57.5659239, -28.6685481], [-57.5659025, -28.6685998], [-57.5659186, -28.6686516], [-57.5659615, -28.6686987], [-57.5660259, -28.6687316], [-57.5661814, -28.6687505], [-57.566455, -28.6687646], [-57.5667125, -28.6688258], [-57.5668573, -28.6688163], [-57.5671095, -28.6687222], [-57.5672811, -28.6686281], [-57.5674313, -28.6685151], [-57.5675547, -28.668468], [-57.5677854, -28.6683504], [-57.5679141, -28.6682986], [-57.5680214, -28.668228], [-57.5681233, -28.6680444], [-57.5682521, -28.6679173], [-57.5684077, -28.6678138], [-57.5685525, -28.6676961], [-57.5686222, -28.6676773], [-57.5687617, -28.6676867], [-57.5692982, -28.6678279], [-57.5695074, -28.667875], [-57.5695717, -28.667875], [-57.569781, -28.6678091], [-57.5699902, -28.6677385], [-57.5701082, -28.6676773], [-57.5701565, -28.6676396], [-57.5702208, -28.6675361], [-57.5702745, -28.6674937], [-57.5703442, -28.6674655], [-57.570473, -28.6674373], [-57.5706017, -28.6674373], [-57.5707412, -28.6674561], [-57.5707895, -28.667489], [-57.570827, -28.6675361], [-57.5708485, -28.6675879], [-57.5708699, -28.6677008], [-57.5708646, -28.6680586], [-57.570886, -28.6681715], [-57.5708753, -28.6683551], [-57.5707626, -28.6686187], [-57.5706178, -28.6688069], [-57.5703925, -28.6689952], [-57.5702477, -28.669094], [-57.5701618, -28.6691646], [-57.5701028, -28.6692588], [-57.5700921, -28.6693153], [-57.5700331, -28.6694753], [-57.5700116, -28.6695835], [-57.5700223, -28.6697671], [-57.5701135, -28.6698471], [-57.5704998, -28.6700636], [-57.5707519, -28.6701625], [-57.5709343, -28.6701766], [-57.5711489, -28.6702331], [-57.5712723, -28.6702943], [-57.5713742, -28.6703696], [-57.571519, -28.670459], [-57.5717658, -28.670699], [-57.5718892, -28.6707555], [-57.5720125, -28.6707932], [-57.5722379, -28.6708308], [-57.5723666, -28.6708355], [-57.572431, -28.6708167], [-57.5725222, -28.6707367], [-57.5725597, -28.6706802], [-57.5726938, -28.6703837], [-57.5728172, -28.6701625], [-57.572844, -28.6701107], [-57.5729567, -28.6699318], [-57.5731283, -28.6697577], [-57.5731659, -28.6697012], [-57.5732839, -28.669367], [-57.5734448, -28.6691035], [-57.5736862, -28.6689764], [-57.5737828, -28.6689058], [-57.5739062, -28.6688446], [-57.5740349, -28.6688211], [-57.5741047, -28.6688163], [-57.5743085, -28.6688681], [-57.5745875, -28.6689481], [-57.5747752, -28.6690329], [-57.5751668, -28.6691599], [-57.5752044, -28.669207], [-57.5752151, -28.6692635], [-57.5751668, -28.6695506], [-57.5751615, -28.6697389], [-57.5752097, -28.6699648], [-57.5752956, -28.6701672], [-57.5753278, -28.6702143], [-57.5753814, -28.6702566], [-57.5754565, -28.6702849], [-57.5755209, -28.670299], [-57.5755853, -28.6703225], [-57.575832, -28.6703649], [-57.5759125, -28.6703884], [-57.5762022, -28.670459], [-57.5765401, -28.6705531], [-57.5766099, -28.6705767], [-57.5766689, -28.6705908], [-57.5769317, -28.6706708], [-57.5771141, -28.6707602], [-57.577216, -28.6708402], [-57.5773716, -28.6710426], [-57.5774467, -28.6712074], [-57.5775218, -28.6713203], [-57.577672, -28.6714568], [-57.577908, -28.6715886], [-57.5780153, -28.6716686], [-57.5780958, -28.6717769], [-57.5781763, -28.6719416], [-57.5782514, -28.6720404], [-57.5783372, -28.6721346], [-57.5784606, -28.6722005], [-57.5786054, -28.6724076], [-57.5786966, -28.6724876], [-57.5790399, -28.6725817], [-57.579174, -28.6725864], [-57.5793082, -28.6725346], [-57.5794852, -28.6724452], [-57.5796247, -28.6724076], [-57.5797695, -28.6724076], [-57.5802684, -28.6724546], [-57.5804561, -28.6725205], [-57.5806117, -28.6726382], [-57.5806707, -28.6726758], [-57.5807458, -28.6727653], [-57.5808746, -28.6728264], [-57.5812715, -28.6728688], [-57.5813896, -28.6729018], [-57.5817061, -28.673123], [-57.5818992, -28.6732877], [-57.5820065, -28.6733583], [-57.582162, -28.6734807], [-57.5823015, -28.6736266], [-57.582382, -28.673796], [-57.5825322, -28.6740549], [-57.5826073, -28.6741443], [-57.5826609, -28.6741819], [-57.5828594, -28.6742478], [-57.5830847, -28.6742996], [-57.5834817, -28.6744173], [-57.5836265, -28.6744408], [-57.5837553, -28.6744737], [-57.5839591, -28.6744832], [-57.5844473, -28.6746196], [-57.584694, -28.674742], [-57.5848979, -28.6748832], [-57.585032, -28.675015], [-57.5850803, -28.6750526], [-57.5852144, -28.6751044], [-57.5859976, -28.6753397], [-57.586062, -28.6753539], [-57.5866896, -28.6755798], [-57.5869846, -28.6757398], [-57.5871402, -28.6759281], [-57.5872904, -28.6760598], [-57.5874567, -28.6762246], [-57.5875533, -28.6762999], [-57.5876498, -28.6763658], [-57.5877142, -28.6763752], [-57.5878269, -28.6764458], [-57.5878859, -28.6764881], [-57.5880146, -28.6765634], [-57.5885457, -28.6767658], [-57.5886476, -28.6768364], [-57.5889695, -28.6769776], [-57.5898546, -28.6772929], [-57.5899619, -28.6773635], [-57.5900853, -28.6773965], [-57.5902033, -28.6774529], [-57.5904125, -28.6775188], [-57.5905466, -28.6775706], [-57.5907558, -28.6776318], [-57.5909382, -28.6777118], [-57.5911367, -28.6778812], [-57.5912547, -28.6779424], [-57.591362, -28.678013], [-57.5916731, -28.6783989], [-57.5917536, -28.6784883], [-57.5918931, -28.6787707], [-57.592113, -28.679359], [-57.5922042, -28.6795755], [-57.5922793, -28.6796884], [-57.5923705, -28.6797685], [-57.59251, -28.6799379], [-57.5925797, -28.6800038], [-57.592628, -28.6801167], [-57.5927085, -28.680225], [-57.5927836, -28.6802626], [-57.5928587, -28.6802814], [-57.5933039, -28.6803285], [-57.593658, -28.6802814], [-57.5937867, -28.6802485], [-57.594114, -28.6801826], [-57.5942481, -28.6801873], [-57.5943661, -28.6801779], [-57.5945538, -28.6802438], [-57.5946879, -28.6802673], [-57.5948221, -28.6803003], [-57.5950688, -28.6804085], [-57.5951171, -28.6804367], [-57.5951546, -28.6804885], [-57.5952888, -28.680705], [-57.595675, -28.6808556], [-57.5958091, -28.6809356], [-57.5959057, -28.6810015], [-57.5960076, -28.6810862], [-57.5964582, -28.681345], [-57.5965226, -28.6813733], [-57.5968713, -28.6814815], [-57.5969356, -28.6815192], [-57.5974023, -28.6816557], [-57.5974613, -28.6816839], [-57.5976116, -28.6817827], [-57.5979602, -28.6820792], [-57.5982553, -28.6822439], [-57.5984109, -28.6823381], [-57.5988078, -28.682451], [-57.5989205, -28.6824604], [-57.5990599, -28.6824981], [-57.5994462, -28.6826487], [-57.5995588, -28.6827287], [-57.5996661, -28.682884], [-57.5998163, -28.683011], [-57.6004493, -28.6832322], [-57.6006103, -28.6833405], [-57.6007229, -28.6834016], [-57.600916, -28.6834769], [-57.6010394, -28.6835381], [-57.6011628, -28.6835805], [-57.6013613, -28.6836605], [-57.6018012, -28.6839617], [-57.602182, -28.6841123], [-57.6023644, -28.6841734], [-57.6026112, -28.6842864], [-57.602815, -28.6844511], [-57.6028794, -28.6845593], [-57.6030028, -28.6846911], [-57.6031852, -28.6848511], [-57.6032603, -28.6849311], [-57.6033622, -28.6850111], [-57.6035768, -28.68527], [-57.6037484, -28.6854629], [-57.6038933, -28.6856653], [-57.6042688, -28.68575], [-57.6044405, -28.6858064], [-57.6045263, -28.6858911], [-57.6047945, -28.6864935], [-57.6048696, -28.6867288], [-57.6049233, -28.6870959], [-57.6049125, -28.6875853], [-57.604934, -28.6877077], [-57.604934, -28.6878206], [-57.6049018, -28.6879241], [-57.6049018, -28.6880559], [-57.604934, -28.6885171], [-57.6049662, -28.68863], [-57.6050627, -28.6888277], [-57.6053417, -28.6891853], [-57.6053846, -28.6892982], [-57.6054597, -28.6894865], [-57.6055133, -28.6895994], [-57.6055884, -28.6897312], [-57.6056421, -28.6898441], [-57.6057708, -28.69007], [-57.6058138, -28.6901641], [-57.6058889, -28.6902771], [-57.6060605, -28.6904653], [-57.6061893, -28.6905312], [-57.6065862, -28.6906723], [-57.6067472, -28.6907194], [-57.6068759, -28.6907382], [-57.6070583, -28.6907759], [-57.6075304, -28.6908418], [-57.6076913, -28.6908512], [-57.6081419, -28.6908512], [-57.6083994, -28.6907288], [-57.6086676, -28.6906629], [-57.6089251, -28.69055], [-57.6090646, -28.6905029], [-57.6091611, -28.6904182], [-57.6092363, -28.6903053], [-57.6092899, -28.6901924], [-57.6093865, -28.6899477], [-57.6096118, -28.6894206], [-57.6097405, -28.6891947], [-57.6098049, -28.6890912], [-57.6098907, -28.6889877], [-57.6099873, -28.688903], [-57.6100946, -28.6888371], [-57.6099014, -28.6882347], [-57.6097942, -28.6880465], [-57.6097298, -28.6878018], [-57.6097083, -28.6875382], [-57.6097298, -28.6872935], [-57.6097942, -28.6870488], [-57.60988, -28.6868229], [-57.6099444, -28.6865594], [-57.6099873, -28.6863147], [-57.6100087, -28.68607], [-57.6100946, -28.6858253], [-57.6102019, -28.6856182], [-57.6102877, -28.6854111], [-57.6106525, -28.684677], [-57.6107812, -28.6844511], [-57.6108885, -28.6842064], [-57.6109743, -28.6839805], [-57.6111675, -28.6833216], [-57.6115108, -28.6823804], [-57.6116824, -28.6819474], [-57.6117897, -28.6817215], [-57.6119185, -28.6814768], [-57.6120472, -28.6812697], [-57.6122618, -28.6811191], [-57.6125193, -28.6810438], [-57.6128626, -28.6809874], [-57.6131416, -28.6809685], [-57.6134205, -28.6809685], [-57.613678, -28.6809874], [-57.6139355, -28.681025], [-57.6142144, -28.6810815], [-57.6144934, -28.6811003], [-57.6147723, -28.681138], [-57.6155877, -28.6812133], [-57.6158452, -28.6812697], [-57.6161456, -28.6813074], [-57.616446, -28.6813639], [-57.6170039, -28.6814015], [-57.6173043, -28.6814768], [-57.6180768, -28.6817404], [-57.6183129, -28.681891], [-57.6184845, -28.682098], [-57.6185918, -28.6822863], [-57.6186776, -28.6824933], [-57.6187635, -28.6829828], [-57.6187635, -28.6832275], [-57.6187206, -28.6834722], [-57.6185918, -28.6839052], [-57.6183343, -28.6846393], [-57.618227, -28.6848652], [-57.6181197, -28.6850535], [-57.6179052, -28.6855241], [-57.617755, -28.6856935], [-57.6176048, -28.6859194], [-57.61724, -28.6865782], [-57.6171327, -28.6868229], [-57.6168752, -28.6875194], [-57.6166821, -28.6879712], [-57.6165748, -28.6881782], [-57.6161456, -28.68927], [-57.6160813, -28.6894959], [-57.6159954, -28.6897029], [-57.6158667, -28.6903806], [-57.6157809, -28.6905876], [-57.6157165, -28.6908323], [-57.6156736, -28.691077], [-57.6156521, -28.6913406], [-57.6156736, -28.6915664], [-57.6158023, -28.6920182], [-57.6158881, -28.6922629], [-57.6161885, -28.6928088], [-57.6162315, -28.6930346], [-57.6164675, -28.6936558], [-57.6165748, -28.6938816], [-57.6168967, -28.6947098], [-57.6171112, -28.6953874], [-57.6173043, -28.6957827], [-57.6176691, -28.6962721], [-57.6178837, -28.6966862], [-57.6180339, -28.696912], [-57.6182056, -28.6971003], [-57.6184201, -28.6972508], [-57.6188922, -28.6974767], [-57.6197076, -28.697759], [-57.6204801, -28.6979849], [-57.6207161, -28.6980978], [-57.6209092, -28.6982296], [-57.6210594, -28.698399], [-57.6214028, -28.6987378], [-57.621553, -28.6989072], [-57.6217246, -28.6990577], [-57.6219392, -28.6991895], [-57.6221109, -28.6993212], [-57.6225722, -28.6993589], [-57.6228511, -28.6994436], [-57.623291, -28.6995659], [-57.623452, -28.699613], [-57.6235807, -28.6996412], [-57.6238275, -28.6997447], [-57.6240957, -28.69982], [-57.6244927, -28.699933], [-57.6249647, -28.7000459], [-57.6250935, -28.7000553], [-57.625587, -28.7000553], [-57.625941, -28.7000365], [-57.6263058, -28.7000365], [-57.6264882, -28.7000271], [-57.6267564, -28.7000271], [-57.6273358, -28.7001588], [-57.6275718, -28.7003], [-57.6277113, -28.7003658], [-57.6279259, -28.7005352], [-57.6282799, -28.7007046], [-57.6284301, -28.7007046], [-57.6285696, -28.7006858], [-57.6286984, -28.7006858], [-57.6291704, -28.7006576], [-57.6295352, -28.700827], [-57.6298034, -28.7009305], [-57.6302755, -28.7010528], [-57.630415, -28.7010622], [-57.6305759, -28.7010434], [-57.6307047, -28.7010152], [-57.6308119, -28.7009305], [-57.630887, -28.700827], [-57.6310372, -28.7005352], [-57.6311338, -28.7004505], [-57.6316917, -28.7003], [-57.6326895, -28.7002623], [-57.6334083, -28.7003564], [-57.6335156, -28.7004129], [-57.6337302, -28.7006105], [-57.6338053, -28.700714], [-57.6338697, -28.700827], [-57.6340091, -28.7010246], [-57.6340735, -28.7011469], [-57.6341486, -28.7013822], [-57.6344383, -28.7017116], [-57.6346636, -28.7018057], [-57.6349533, -28.7019092], [-57.6351249, -28.7019562], [-57.6353717, -28.7018621], [-57.635833, -28.701928], [-57.6361227, -28.7019374], [-57.6362729, -28.7019562], [-57.6364017, -28.7020033], [-57.6367772, -28.7020692], [-57.6371098, -28.7020315], [-57.6373136, -28.7019939], [-57.637732, -28.7019751], [-57.6380217, -28.7019374], [-57.6382256, -28.7018904], [-57.638365, -28.7018621], [-57.6386225, -28.7017774], [-57.6388693, -28.7016457], [-57.6390195, -28.7016175], [-57.6392877, -28.7015986], [-57.6393843, -28.7016739], [-57.6394379, -28.7017774], [-57.6394379, -28.7021162], [-57.6395238, -28.7021915], [-57.6396418, -28.7022574], [-57.6397812, -28.7022762], [-57.640543, -28.7020504], [-57.6406825, -28.7020315], [-57.6411009, -28.7020127], [-57.6412404, -28.7020409], [-57.6413906, -28.702088], [-57.6414979, -28.7021539], [-57.6418948, -28.702295], [-57.6420343, -28.7023138], [-57.6421952, -28.7023138], [-57.6423347, -28.7023327], [-57.642442, -28.7023891], [-57.6426029, -28.7025491], [-57.6427209, -28.7027561], [-57.6427639, -28.7028973], [-57.6430321, -28.7029914], [-57.6434612, -28.702982], [-57.6437402, -28.7029255], [-57.6440191, -28.7028691], [-57.6449096, -28.7028691], [-57.6452315, -28.7029161], [-57.6456392, -28.7030196], [-57.6461113, -28.7031137], [-57.6463688, -28.703189], [-57.6464653, -28.7032737], [-57.6465404, -28.7033866], [-57.6466262, -28.7034713], [-57.646873, -28.7035466], [-57.646991, -28.7035749], [-57.6471841, -28.7036031], [-57.6475167, -28.7036313], [-57.6476777, -28.7036313], [-57.6478171, -28.7036501], [-57.6480532, -28.7037066], [-57.6481819, -28.7037348], [-57.648654, -28.7038007], [-57.6489008, -28.703876], [-57.6492763, -28.7040171], [-57.6495445, -28.7040924], [-57.6497054, -28.7041207], [-57.650038, -28.7041207], [-57.6502955, -28.7040548], [-57.6506925, -28.703923], [-57.6511002, -28.7038383], [-57.6513469, -28.7039042], [-57.6514864, -28.7039607], [-57.6518941, -28.7040642], [-57.6526559, -28.7042336], [-57.6534176, -28.7043277], [-57.6536644, -28.7043841], [-57.653954, -28.7044124], [-57.6540935, -28.7043841], [-57.654233, -28.7043371], [-57.6546514, -28.7042242], [-57.6549089, -28.7041583], [-57.6551557, -28.704083], [-57.6552951, -28.704083], [-57.6554239, -28.7041301], [-57.655499, -28.7042148], [-57.655381, -28.7045253], [-57.6553381, -28.7047512], [-57.6553917, -28.7048547], [-57.6554883, -28.7049205], [-57.655617, -28.7049676], [-57.6560354, -28.7050523], [-57.6564431, -28.7051652], [-57.6565933, -28.705184], [-57.6567114, -28.7052123], [-57.6569903, -28.7052311], [-57.6572478, -28.7052969], [-57.6574731, -28.7054193], [-57.6576662, -28.7055604], [-57.657795, -28.7055887], [-57.6579344, -28.7056075], [-57.6582134, -28.7055698], [-57.6586211, -28.7055698], [-57.6587498, -28.7055134], [-57.6589429, -28.7053722], [-57.6590717, -28.7052593], [-57.659179, -28.705184], [-57.6592755, -28.7050993], [-57.6594794, -28.7049676], [-57.6596081, -28.7049488], [-57.6597369, -28.7049864], [-57.6598496, -28.7049832], [-57.6600394, -28.7050879], [-57.6602781, -28.7051259], [-57.6605113, -28.7052354], [-57.6609941, -28.7054257], [-57.6613955, -28.7055874], [-57.6616993, -28.7056969], [-57.6619, -28.7056921], [-57.6619813, -28.7056112], [-57.6622146, -28.7055303], [-57.6624641, -28.705478], [-57.662719, -28.7053971], [-57.6629035, -28.7052592], [-57.6631313, -28.7051497], [-57.6633916, -28.705164], [-57.6636466, -28.7051164], [-57.6638907, -28.7051022], [-57.6642107, -28.7050879], [-57.6644331, -28.7050879], [-57.664509, -28.7051069], [-57.6646447, -28.7051688], [-57.6648182, -28.7051307], [-57.6649213, -28.7050498], [-57.6651545, -28.7050165], [-57.6653824, -28.7049499], [-57.6656644, -28.7048881], [-57.6658217, -28.7049451], [-57.6658814, -28.7048167], [-57.666017, -28.7048214], [-57.6662123, -28.7048214], [-57.6663913, -28.7048357], [-57.6665052, -28.7048833], [-57.6665648, -28.7049547], [-57.6667113, -28.7050451], [-57.6668903, -28.7050403], [-57.6669988, -28.7049737], [-57.6670368, -28.7048405], [-57.6670205, -28.7047168], [-57.6671344, -28.7046692], [-57.667308, -28.7046787], [-57.6674599, -28.7047596], [-57.6677202, -28.7047311], [-57.6679318, -28.7046549], [-57.6680728, -28.7044789], [-57.6681596, -28.7043504], [-57.6681433, -28.704241], [-57.6682843, -28.7041744], [-57.668382, -28.7040792], [-57.6684742, -28.7041601], [-57.6683874, -28.7042315], [-57.6685393, -28.7043409], [-57.6686749, -28.7044741], [-57.6688539, -28.7044884], [-57.6693312, -28.7045741], [-57.6696296, -28.7046264], [-57.6697706, -28.7046216], [-57.6699008, -28.7045455], [-57.6699821, -28.7044266], [-57.6700961, -28.704379], [-57.6702859, -28.7042648], [-57.6703998, -28.7041839], [-57.6706222, -28.7040745], [-57.6708446, -28.7038889], [-57.671246, -28.7036701], [-57.6715823, -28.7035416], [-57.6720542, -28.7033751], [-57.672278, -28.7032929], [-57.672403, -28.7031741], [-57.6725419, -28.703031], [-57.6726703, -28.7029762], [-57.6729272, -28.7028818], [-57.6734202, -28.7026352], [-57.6735486, -28.7025377], [-57.6737604, -28.7024616], [-57.6739478, -28.7023824], [-57.674045, -28.7023063], [-57.6741769, -28.7023185], [-57.6742429, -28.7022454], [-57.6743957, -28.7020749], [-57.6746248, -28.702014], [-57.6747671, -28.702081], [-57.6749997, -28.7021114], [-57.6751768, -28.702081], [-57.675274, -28.7020018], [-57.6754302, -28.7019318], [-57.6757044, -28.701813], [-57.6758155, -28.7016608], [-57.6757877, -28.7014446], [-57.676003, -28.7010061], [-57.6762911, -28.7005372], [-57.6766174, -28.7000774], [-57.6767667, -28.6999312], [-57.6770063, -28.6997668], [-57.6772979, -28.6995871], [-57.6774819, -28.6995414], [-57.6776763, -28.6994988], [-57.6776763, -28.6993861], [-57.677586, -28.6992582], [-57.6776207, -28.6991456], [-57.6778533, -28.6989324], [-57.6781449, -28.6986949], [-57.6784018, -28.6985], [-57.6785893, -28.6982869], [-57.6784955, -28.6982503], [-57.6785511, -28.6981285], [-57.6786657, -28.6979549], [-57.678749, -28.6978362], [-57.6787281, -28.6976443], [-57.6788323, -28.6974951], [-57.6789746, -28.6973398], [-57.6791829, -28.6971449], [-57.6794988, -28.6970292], [-57.6798842, -28.6969135], [-57.6800196, -28.6968709], [-57.6802834, -28.6968374], [-57.6805195, -28.6968556], [-57.6806305, -28.6969896], [-57.6807625, -28.6971114], [-57.680936, -28.697148], [-57.6810784, -28.6970993], [-57.6812867, -28.697151], [-57.6814464, -28.6971419], [-57.6815817, -28.6970627], [-57.6818074, -28.6971053], [-57.6819254, -28.6972119], [-57.6820608, -28.6972393], [-57.682224, -28.6971571], [-57.6823281, -28.6970231], [-57.6824635, -28.697084], [-57.6826059, -28.6970932], [-57.682835, -28.6971815], [-57.6830467, -28.697215], [-57.683203, -28.6971906], [-57.6833592, -28.6972576], [-57.6834946, -28.6973459], [-57.6834842, -28.6975865], [-57.6835432, -28.6978514], [-57.68363, -28.6978697], [-57.6836438, -28.698028], [-57.6836404, -28.6981407], [-57.6835154, -28.6982899], [-57.6833314, -28.6985091], [-57.6831717, -28.6987771], [-57.6831258, -28.6989716], [-57.6830676, -28.6992186], [-57.6829843, -28.6995079], [-57.6829252, -28.6997698], [-57.6830572, -28.7000834], [-57.6831787, -28.7003666], [-57.6830849, -28.7007107], [-57.683012, -28.7010122], [-57.6831752, -28.700997], [-57.6833904, -28.7010457], [-57.6835466, -28.7010883], [-57.6838556, -28.7009696], [-57.6841333, -28.7008965], [-57.6843243, -28.7009117], [-57.6845048, -28.70097], [-57.6846914, -28.7010309], [-57.6848173, -28.7010956], [-57.6849388, -28.7012669], [-57.6849648, -28.7015486], [-57.6849041, -28.7018074], [-57.6848043, -28.7020167], [-57.6846697, -28.702268], [-57.6846263, -28.702405], [-57.6846046, -28.7025154], [-57.6844528, -28.7026638], [-57.6842315, -28.7027894], [-57.6840492, -28.702896], [-57.68388, -28.7029911], [-57.6837324, -28.7031167], [-57.6836022, -28.7033261], [-57.6835632, -28.7034859], [-57.6834243, -28.7037562], [-57.6833332, -28.7038133], [-57.6832768, -28.7040416], [-57.6830945, -28.7042243], [-57.6828472, -28.7044908], [-57.682691, -28.704761], [-57.6825781, -28.7049171], [-57.6824219, -28.705252], [-57.6822917, -28.7054956], [-57.6821702, -28.7057772], [-57.6820704, -28.706017], [-57.6819533, -28.7061655], [-57.6818014, -28.7064699], [-57.6816582, -28.7067021], [-57.6814759, -28.7068467], [-57.6813848, -28.7069762], [-57.6810463, -28.7074557], [-57.6808944, -28.7077754], [-57.6808901, -28.708019], [-57.6809812, -28.7083882], [-57.6809812, -28.7085176], [-57.6808727, -28.7089286], [-57.680812, -28.7093054], [-57.6808076, -28.7095871], [-57.6806514, -28.709804], [-57.680569, -28.7100172], [-57.6806427, -28.7103216], [-57.6804779, -28.7105233], [-57.6806037, -28.7108545], [-57.6806427, -28.7111285], [-57.6806254, -28.7114444], [-57.680608, -28.7115814], [-57.6806818, -28.711844], [-57.6807512, -28.7119277], [-57.6807382, -28.712099], [-57.6807209, -28.7122664], [-57.6806341, -28.7124834], [-57.6873978, -28.7113287], [-57.6873354, -28.7112221], [-57.6872763, -28.711076], [-57.6872381, -28.7110242], [-57.6872208, -28.7109237], [-57.6871965, -28.7108659], [-57.6872034, -28.7107593], [-57.6872937, -28.7106558], [-57.687384, -28.7105827], [-57.6875471, -28.7104274], [-57.6875228, -28.7103604], [-57.6874673, -28.7103452], [-57.6874534, -28.7102691], [-57.6874221, -28.710193], [-57.6874291, -28.7101169], [-57.6874846, -28.7100164], [-57.6875541, -28.7099677], [-57.6876339, -28.7098641], [-57.6877936, -28.7097941], [-57.6878908, -28.7098824], [-57.6879949, -28.7098885], [-57.6880783, -28.7099342], [-57.6881303, -28.7100225], [-57.6881651, -28.7101321], [-57.6882275, -28.7102295], [-57.6882727, -28.7103361], [-57.688349, -28.7104152], [-57.6886025, -28.7104487], [-57.6886823, -28.7101991], [-57.6887483, -28.7098154], [-57.6888316, -28.7095231], [-57.6888732, -28.7092735], [-57.6891163, -28.7090086], [-57.6891128, -28.708902], [-57.6891614, -28.708832], [-57.6892898, -28.7088502], [-57.6893974, -28.7088594], [-57.6893836, -28.7087832], [-57.6894808, -28.7087224], [-57.6894565, -28.7086341], [-57.6892898, -28.7085488], [-57.6892794, -28.7084514], [-57.6893072, -28.7083265], [-57.689335, -28.7082108], [-57.6893072, -28.7081043], [-57.6893625, -28.7080019], [-57.6893791, -28.707919], [-57.6894597, -28.7078776], [-57.6895346, -28.7079531], [-57.6895763, -28.7080189], [-57.689618, -28.7080189], [-57.6896568, -28.707941], [-57.6896513, -28.7077461], [-57.6895458, -28.7077729], [-57.689493, -28.7076901], [-57.6895735, -28.7076146], [-57.6895624, -28.7075342], [-57.6896291, -28.7074903], [-57.6897513, -28.7074026], [-57.6898235, -28.7073223], [-57.6899068, -28.707332], [-57.6899957, -28.7073028], [-57.6900651, -28.7072492], [-57.6899707, -28.7072005], [-57.6900957, -28.7070519], [-57.6901706, -28.7070568], [-57.6901734, -28.7071128], [-57.6902484, -28.707181], [-57.6903234, -28.7071737], [-57.6904011, -28.7070811], [-57.6904317, -28.7070178], [-57.6903845, -28.7069276], [-57.6903734, -28.7068132], [-57.69039, -28.7067596], [-57.6904539, -28.7067961], [-57.6904845, -28.7067377], [-57.6905844, -28.7067255], [-57.6906705, -28.70665], [-57.6906955, -28.706555], [-57.6907261, -28.7064892], [-57.6907205, -28.7064039], [-57.6907983, -28.7063211], [-57.6908622, -28.7062066], [-57.6909205, -28.7061944], [-57.6909483, -28.706365], [-57.6909899, -28.7064453], [-57.6909733, -28.7065428], [-57.6909288, -28.706628], [-57.6909149, -28.7067011], [-57.6910316, -28.70665], [-57.6911954, -28.7064892], [-57.6912982, -28.7063796], [-57.6916926, -28.7061433], [-57.6919703, -28.7059947], [-57.6923563, -28.7058583], [-57.6927312, -28.7058851], [-57.693034, -28.7060069], [-57.693345, -28.7057268], [-57.6936061, -28.7055879], [-57.6938505, -28.7056074], [-57.6941782, -28.7055489], [-57.6944254, -28.7053662], [-57.6946253, -28.7050301], [-57.6947725, -28.7049156], [-57.6950002, -28.7048523], [-57.6952224, -28.7047962], [-57.6954418, -28.7047987], [-57.6956723, -28.7047962], [-57.6959306, -28.7048182], [-57.6962528, -28.7048864], [-57.6965722, -28.7050447], [-57.6967666, -28.705186], [-57.6968971, -28.7052469], [-57.6970693, -28.7053394], [-57.6971915, -28.7054369], [-57.6973942, -28.7055148], [-57.6976303, -28.7056342], [-57.6977941, -28.7057779], [-57.6980524, -28.7060361], [-57.6982329, -28.7062359], [-57.6983079, -28.7063309], [-57.6984274, -28.7064161], [-57.6986468, -28.7065818], [-57.6988078, -28.7067035], [-57.7044011, -28.706172], [-57.717104, -28.7092585], [-57.7356435, -28.7158829], [-57.7677442, -28.7252918], [-57.7983693, -28.7173093], [-57.799126, -28.716476], [-57.8005338, -28.7159049], [-57.8008857, -28.7162599], [-57.8002874, -28.7167074], [-57.8000938, -28.7170933], [-57.8007097, -28.7172785], [-57.8009209, -28.7177723], [-57.8018535, -28.7184205], [-57.8030853, -28.7191303], [-57.8045107, -28.7199945], [-57.8056721, -28.7202106], [-57.8090331, -28.7201797], [-57.8101945, -28.7204421], [-57.8112327, -28.72126], [-57.8124997, -28.7212908], [-57.8136435, -28.7209359], [-57.8152272, -28.7211211], [-57.8169693, -28.7211674], [-57.8190634, -28.7203649], [-57.8207175, -28.7198865], [-57.8216325, -28.7191458], [-57.8221252, -28.7193155], [-57.8230051, -28.719439], [-57.823445, -28.7203649], [-57.8241489, -28.721584], [-57.8243425, -28.7225871], [-57.8256446, -28.7233124], [-57.8281082, -28.723405], [-57.8306598, -28.7231118], [-57.8317684, -28.7231427], [-57.8329122, -28.7234513], [-57.8344607, -28.7236828], [-57.8357453, -28.7237599], [-57.8366251, -28.7240068], [-57.8381033, -28.7239142], [-57.839775, -28.7237599], [-57.84113, -28.7235748], [-57.8421682, -28.7236056], [-57.8432064, -28.7237754], [-57.8441039, -28.7242537], [-57.8447374, -28.7250099], [-57.8460043, -28.7251488], [-57.8470778, -28.7253185], [-57.8483171, -28.7258016], [-57.8487837, -28.7259871], [-57.8491508, -28.7259653], [-57.8499471, -28.7256761], [-57.8506563, -28.7256652], [-57.8509114, -28.7257689], [-57.8514403, -28.7257743], [-57.8516891, -28.7261617], [-57.8521246, -28.7264181], [-57.8528339, -28.7266527], [-57.8533254, -28.7265654], [-57.8540284, -28.7265327], [-57.8545137, -28.7270346], [-57.8553287, -28.7269801], [-57.8558077, -28.7267509], [-57.8562059, -28.7262926], [-57.8574191, -28.7261726], [-57.8584643, -28.7261944], [-57.85885, -28.725998], [-57.8600819, -28.7261726], [-57.8608907, -28.7267073], [-57.8619799, -28.7271072], [-57.8737879, -28.7290928], [-57.8765682, -28.7307508], [-57.8812981, -28.7338532], [-57.884903, -28.7386511], [-57.8952241, -28.742], [-57.898636, -28.742301], [-57.9175187, -28.7392907], [-57.923441, -28.7419999], [-57.9267879, -28.7451132], [-57.9252863, -28.7511808], [-57.9266167, -28.757953], [-57.9265094, -28.7584327], [-57.9269493, -28.7593639], [-57.9274964, -28.7600316], [-57.9278076, -28.7606336], [-57.928226, -28.7613578], [-57.9289019, -28.7621854], [-57.92961, -28.7629849], [-57.9301787, -28.7636244], [-57.9310799, -28.7641605], [-57.9314017, -28.7644427], [-57.9320777, -28.7646966], [-57.9329682, -28.7652421], [-57.9335797, -28.7657405], [-57.9342234, -28.7660603], [-57.9351032, -28.7663142], [-57.9359293, -28.7663801], [-57.936616, -28.7662296], [-57.9371202, -28.7663236], [-57.9375923, -28.7665681], [-57.9384506, -28.7668691], [-57.9393196, -28.7671324], [-57.9399097, -28.7674146], [-57.9405213, -28.7674522], [-57.9414117, -28.7675368], [-57.9420126, -28.7676779], [-57.9425275, -28.7677814], [-57.9430425, -28.7677531], [-57.9435039, -28.7679036], [-57.943933, -28.7681481], [-57.9448342, -28.768261], [-57.9461217, -28.7683927], [-57.9470015, -28.7683833], [-57.9480958, -28.7682046], [-57.9486001, -28.7680541], [-57.9493189, -28.7679789], [-57.9500806, -28.7680165], [-57.9504347, -28.7680635], [-57.9508746, -28.7682328], [-57.9517114, -28.7681764], [-57.9521406, -28.7679789], [-57.9526341, -28.767913], [-57.9530525, -28.7677814], [-57.9532135, -28.7680447], [-57.9535461, -28.7682234], [-57.954061, -28.768355], [-57.9549086, -28.7683456], [-57.9556704, -28.7682046], [-57.9565394, -28.7679977], [-57.957623, -28.7677908], [-57.9587817, -28.7676591], [-57.9595006, -28.7675086], [-57.9606056, -28.7678002], [-57.9621077, -28.7677437], [-57.9639208, -28.7676779], [-57.9653907, -28.7675745], [-57.9659808, -28.7673864], [-57.9670966, -28.7670384], [-57.9680086, -28.7668785], [-57.9687703, -28.7667844], [-57.96906, -28.7668127], [-57.9693604, -28.7667562], [-57.9699183, -28.7667562], [-57.9701543, -28.7668127], [-57.9706478, -28.7669067], [-57.9709268, -28.7669255], [-57.9714632, -28.7670008], [-57.9717207, -28.7670008], [-57.9722679, -28.7668879], [-57.9725468, -28.7668691], [-57.9729653, -28.7667656], [-57.9735339, -28.7667186], [-57.9739845, -28.7666622], [-57.9748321, -28.7664083], [-57.9752827, -28.766286], [-57.9755509, -28.7661731], [-57.9756475, -28.7661073], [-57.9761195, -28.765844], [-57.9762805, -28.7658252], [-57.9766238, -28.7659568], [-57.9770637, -28.7659945], [-57.9775679, -28.7661355], [-57.9777074, -28.7661543], [-57.9779434, -28.7662296], [-57.9780507, -28.7662954], [-57.978158, -28.7663801], [-57.9783726, -28.7665211], [-57.9786515, -28.7665493], [-57.9792845, -28.7665399], [-57.9795742, -28.7665493], [-57.9797137, -28.7665305], [-57.9800999, -28.7663989], [-57.9802179, -28.7663518], [-57.9805076, -28.766333], [-57.9810548, -28.7665305], [-57.981602, -28.7666622], [-57.9823315, -28.766681], [-57.9829967, -28.7667939], [-57.9832971, -28.7668127], [-57.983737, -28.7668127], [-57.9841662, -28.7667468], [-57.984606, -28.766728], [-57.9853892, -28.7665587], [-57.9856682, -28.7665493], [-57.9857969, -28.7665681], [-57.9860222, -28.7666904], [-57.9863334, -28.7669067], [-57.9866767, -28.7669631], [-57.9868376, -28.7669631], [-57.9874063, -28.7670384], [-57.988168, -28.7672547], [-57.9886615, -28.7673393], [-57.9890263, -28.7675086], [-57.9898632, -28.7675556], [-57.9903245, -28.7676121], [-57.9908609, -28.7677531], [-57.9916656, -28.7679318], [-57.9919016, -28.7680165], [-57.9921806, -28.7680541], [-57.9930604, -28.7680823], [-57.9933608, -28.7680541], [-57.9934895, -28.7680259], [-57.9936183, -28.7679694], [-57.9940045, -28.7676779], [-57.9941708, -28.767598], [-57.9942405, -28.7675839], [-57.9945624, -28.7674663], [-57.9947501, -28.7672876], [-57.9948896, -28.7671324], [-57.9950666, -28.7666951], [-57.9951793, -28.7664976], [-57.9953241, -28.7661543], [-57.995351, -28.7660979], [-57.9955441, -28.7655901], [-57.9955548, -28.7655336], [-57.9956675, -28.7652656], [-57.9956943, -28.7652092], [-57.9957104, -28.765148], [-57.9958391, -28.7649129], [-57.9960322, -28.7647436], [-57.9961503, -28.7645179], [-57.9963863, -28.7639536], [-57.9966653, -28.7632482], [-57.9968476, -28.7625052], [-57.9969549, -28.762176], [-57.9970837, -28.7619503], [-57.9972339, -28.7617622], [-57.9974485, -28.7616305], [-57.9976952, -28.7615271], [-57.9978025, -28.7614424], [-57.9980385, -28.7611509], [-57.9981136, -28.7610286], [-57.9981995, -28.7609534], [-57.9982746, -28.7604643], [-57.9986179, -28.7595143], [-57.9986501, -28.7593921], [-57.9987037, -28.759251], [-57.9987359, -28.7591381], [-57.9989505, -28.7588089], [-57.9991436, -28.7586584], [-57.9995728, -28.7584703], [-57.9997444, -28.7584139], [-58.0001843, -28.7583104], [-58.000592, -28.7581223], [-58.0008495, -28.757953], [-58.0011284, -28.7576521], [-58.0013538, -28.7573511], [-58.0014503, -28.7572664], [-58.0019117, -28.7571536], [-58.0020726, -28.7571536], [-58.0025125, -28.7572006], [-58.0026412, -28.7572006], [-58.0027914, -28.757163], [-58.0028987, -28.7570783], [-58.0034888, -28.7567397], [-58.0037677, -28.7566457], [-58.0040467, -28.7565798], [-58.0049694, -28.7563165], [-58.0054951, -28.7561095], [-58.0056131, -28.7560531], [-58.0060208, -28.7557803], [-58.006289, -28.7556392], [-58.0065358, -28.755564], [-58.0067825, -28.7554323], [-58.0070615, -28.7551878], [-58.0072868, -28.7550467], [-58.0075657, -28.7549526], [-58.0079091, -28.7547739], [-58.0081987, -28.7545199], [-58.0085528, -28.7543695], [-58.0089605, -28.7544917], [-58.0091751, -28.754614], [-58.0093575, -28.7547551], [-58.0097652, -28.7549432], [-58.0105913, -28.7551972], [-58.0109668, -28.7553947], [-58.0116212, -28.7556486], [-58.011868, -28.7558368], [-58.0122113, -28.7560155], [-58.0131233, -28.756307], [-58.0135203, -28.7564858], [-58.0139494, -28.7566551], [-58.0144322, -28.7569184], [-58.0151403, -28.7571724], [-58.0152691, -28.7572382], [-58.0156875, -28.7573793], [-58.0161059, -28.757558], [-58.0174041, -28.7579624], [-58.0176509, -28.7580753], [-58.0177474, -28.7581411], [-58.0178654, -28.758207], [-58.0182088, -28.7584233], [-58.0190885, -28.7584515], [-58.0192173, -28.7584703], [-58.0195606, -28.7584703], [-58.0198825, -28.7584233], [-58.0200327, -28.7583857], [-58.0205691, -28.75816], [-58.0208373, -28.7580941], [-58.0211699, -28.7580283], [-58.0224466, -28.7576991], [-58.0228543, -28.7576332], [-58.0234444, -28.7575016], [-58.0239701, -28.7573229], [-58.0241311, -28.7572852], [-58.0245066, -28.7571159], [-58.0246139, -28.7570219], [-58.0246782, -28.7569184], [-58.0247319, -28.7568055], [-58.0248177, -28.7563259], [-58.0248177, -28.7562036], [-58.0247748, -28.7559778], [-58.024689, -28.7557521], [-58.024528, -28.7555922], [-58.023895, -28.7553853], [-58.023541, -28.7552254], [-58.0233586, -28.7550749], [-58.023262, -28.7550185], [-58.023144, -28.7548303], [-58.0231333, -28.7543601], [-58.0231655, -28.7542472], [-58.023305, -28.7540497], [-58.0235839, -28.7537957], [-58.0237126, -28.7537299], [-58.024292, -28.7537299], [-58.0247104, -28.7538427], [-58.0253434, -28.7540967], [-58.0256009, -28.7541813], [-58.0258799, -28.7541625], [-58.0265772, -28.7539462], [-58.026706, -28.7538992], [-58.0269206, -28.7537675], [-58.0271137, -28.7536828], [-58.027221, -28.7536076], [-58.0275643, -28.7534383], [-58.0279076, -28.7532219], [-58.0281651, -28.7531185], [-58.0283368, -28.752968], [-58.0285835, -28.7526952], [-58.0292058, -28.7523001], [-58.0294526, -28.7522249], [-58.0299783, -28.7521214], [-58.0302787, -28.7519145], [-58.0305147, -28.7517828], [-58.0309224, -28.7516417], [-58.0310619, -28.7516323], [-58.0311906, -28.75151], [-58.0314589, -28.7514348], [-58.0317378, -28.7514348], [-58.0322206, -28.7515947], [-58.0325103, -28.7515947], [-58.0331004, -28.7512655], [-58.0333793, -28.7510303], [-58.0335939, -28.7507481], [-58.0336475, -28.7506353], [-58.033787, -28.7504377], [-58.0341303, -28.7500897], [-58.0342484, -28.7498734], [-58.034302, -28.7496288], [-58.0343342, -28.7491114], [-58.03442, -28.7488951], [-58.0346131, -28.7487446], [-58.0348599, -28.7486317], [-58.0351174, -28.7485471], [-58.0356324, -28.7483119], [-58.0358899, -28.7482178], [-58.0367053, -28.7481332], [-58.0369628, -28.7479356], [-58.0373705, -28.7477663], [-58.0379176, -28.7476158], [-58.0383468, -28.7475688], [-58.0384755, -28.7475312], [-58.0385828, -28.7474653], [-58.0388188, -28.7473713], [-58.0392158, -28.747249], [-58.0396664, -28.7469762], [-58.0398274, -28.7468069], [-58.0400956, -28.7466846], [-58.0404925, -28.7465717], [-58.0407393, -28.74644], [-58.0409002, -28.7462613], [-58.0411041, -28.746092], [-58.0417264, -28.7456687], [-58.0421341, -28.7453677], [-58.042295, -28.7451513], [-58.0425525, -28.7449067], [-58.0429602, -28.7446527], [-58.0441833, -28.7444176], [-58.044312, -28.7444082], [-58.0447948, -28.7441918], [-58.0451703, -28.7440883], [-58.0455351, -28.7439472], [-58.0458248, -28.7438814], [-58.0460715, -28.7438061], [-58.0463183, -28.7436744], [-58.0465007, -28.7434863], [-58.0465973, -28.7432699], [-58.046608, -28.7431571], [-58.0466509, -28.7430536], [-58.0467367, -28.7430066], [-58.0469942, -28.7429031], [-58.0477023, -28.7428655], [-58.0480993, -28.7427902], [-58.0486894, -28.7422822], [-58.0488074, -28.7422164], [-58.0494297, -28.742], [-58.0495262, -28.7419342], [-58.0496442, -28.7418777], [-58.0498588, -28.7417272], [-58.0501163, -28.7416331], [-58.0506742, -28.7413039], [-58.0508566, -28.741144], [-58.0510712, -28.7410123], [-58.0514145, -28.7408241], [-58.052305, -28.7404102], [-58.0528951, -28.7400998], [-58.0532277, -28.7398928], [-58.0536568, -28.7395918], [-58.0537534, -28.7395071], [-58.0539572, -28.7393472], [-58.0546868, -28.7387169], [-58.0547941, -28.7386511], [-58.0552983, -28.738256], [-58.0556631, -28.7377668], [-58.0557811, -28.7375504], [-58.0562961, -28.7369295], [-58.056618, -28.7363933], [-58.0568004, -28.7359323], [-58.0569506, -28.7356125], [-58.0572724, -28.7352174], [-58.0573905, -28.7351233], [-58.0577982, -28.7350104], [-58.0580664, -28.7349728], [-58.0582166, -28.7349728], [-58.0586565, -28.735048], [-58.0587959, -28.7350198], [-58.0593324, -28.7348128], [-58.0595148, -28.7346435], [-58.0595577, -28.73454], [-58.0595684, -28.7341355], [-58.0595899, -28.7340132], [-58.0597293, -28.733524], [-58.0597615, -28.7332982], [-58.0597293, -28.7331759], [-58.0594182, -28.7326302], [-58.0593753, -28.7324985], [-58.0593538, -28.7319152], [-58.0593968, -28.7318024], [-58.0595577, -28.7316048], [-58.0596542, -28.7315295], [-58.0598796, -28.7314354], [-58.0604696, -28.731332], [-58.0610275, -28.7312849], [-58.0612958, -28.7313414], [-58.0619824, -28.7318682], [-58.062315, -28.7321599], [-58.0626476, -28.7323386], [-58.0627549, -28.7324233], [-58.0629695, -28.7325456], [-58.0631626, -28.7326867], [-58.0634308, -28.7327808], [-58.0640745, -28.7329407], [-58.0644608, -28.7330818], [-58.0646968, -28.7331571], [-58.064965, -28.7332229], [-58.065083, -28.73327], [-58.0653405, -28.7333452], [-58.0654693, -28.7333546], [-58.0658555, -28.7334487], [-58.0667353, -28.7337215], [-58.0676687, -28.7339003], [-58.0684626, -28.734079], [-58.0689883, -28.7340979], [-58.0692673, -28.7344553], [-58.0695248, -28.7345306], [-58.0699539, -28.7347752], [-58.0704475, -28.735001], [-58.0708766, -28.7352644], [-58.0711556, -28.7353773], [-58.0719066, -28.7356031], [-58.0730009, -28.73581], [-58.0733013, -28.7358477], [-58.0735803, -28.7358665], [-58.0738807, -28.7359041], [-58.0744815, -28.7359229], [-58.0753398, -28.7357724], [-58.0755973, -28.7356971], [-58.0758333, -28.7355654], [-58.0763698, -28.7354149], [-58.0772281, -28.7353773], [-58.077786, -28.7353208], [-58.0780435, -28.7352644], [-58.078301, -28.7352456], [-58.0791164, -28.7350386], [-58.0793953, -28.7349822], [-58.0801678, -28.7347376], [-58.0804467, -28.7346435], [-58.0810261, -28.7345494], [-58.0812836, -28.7345306], [-58.082099, -28.7345306], [-58.0829144, -28.7344365], [-58.0842447, -28.7344177], [-58.0849743, -28.7341731], [-58.0854464, -28.7339661], [-58.0859399, -28.7338721], [-58.0860901, -28.7336651], [-58.0863047, -28.7335146], [-58.0867982, -28.7332323], [-58.0871415, -28.7330065], [-58.0883217, -28.732348], [-58.0887509, -28.7320658], [-58.0889869, -28.7319529], [-58.0895663, -28.73184], [-58.0904675, -28.7317647], [-58.0910897, -28.7316706], [-58.0918408, -28.7314072], [-58.0923557, -28.7308427], [-58.0925489, -28.7306734], [-58.0928278, -28.7305229], [-58.0938363, -28.7302783], [-58.0948663, -28.7299584], [-58.0951238, -28.7298455], [-58.0953384, -28.7297138], [-58.0958104, -28.7295256], [-58.096025, -28.7293751], [-58.0962396, -28.7292622], [-58.0964971, -28.7291681], [-58.0967546, -28.7290928], [-58.0969906, -28.7289988], [-58.0977202, -28.728566], [-58.0979991, -28.7284719], [-58.0985356, -28.7280015], [-58.0989218, -28.7276816], [-58.0990935, -28.7275123], [-58.0993295, -28.7270795], [-58.099587, -28.7266843], [-58.1000161, -28.7264209], [-58.1001663, -28.7261951], [-58.1002736, -28.7259505], [-58.1007028, -28.7252731], [-58.1009388, -28.724765], [-58.1015182, -28.7238994], [-58.1017757, -28.7236172], [-58.1019902, -28.723429], [-58.1021404, -28.7232596], [-58.1023765, -28.7231091], [-58.1027842, -28.7227892], [-58.1029988, -28.722601], [-58.1031919, -28.7224505], [-58.1035567, -28.7221306], [-58.1040073, -28.7216037], [-58.1041146, -28.7213967], [-58.1042862, -28.7212085], [-58.1044579, -28.7210392], [-58.1046295, -28.720851], [-58.1048441, -28.7207004], [-58.1052089, -28.7203429], [-58.1053806, -28.7201359], [-58.1058526, -28.7194961], [-58.1060243, -28.7193455], [-58.1063247, -28.7191574], [-58.1068611, -28.718988], [-58.1070972, -28.7189127], [-58.1076122, -28.7187057], [-58.1078696, -28.7186869], [-58.1087494, -28.7187998], [-58.1095648, -28.7190445], [-58.1098223, -28.7191385], [-58.1102944, -28.7193267], [-58.1108523, -28.7197784], [-58.111496, -28.7201735], [-58.1117749, -28.7202676], [-58.1120539, -28.7202676], [-58.1128264, -28.7204558], [-58.1130195, -28.7206063], [-58.1134701, -28.720851], [-58.1136632, -28.7209827], [-58.1143928, -28.7211521], [-58.1153155, -28.7211897], [-58.1159377, -28.721265], [-58.1161523, -28.7213779], [-58.1163454, -28.7215284], [-58.1169248, -28.7219989], [-58.1174827, -28.7222435], [-58.1179548, -28.722394], [-58.1187916, -28.7224693], [-58.119371, -28.7224505], [-58.1205726, -28.722187], [-58.1213451, -28.7223376], [-58.1215811, -28.7224317], [-58.1223536, -28.7228645], [-58.1226111, -28.7232596], [-58.1228256, -28.7236548], [-58.1230402, -28.7237865], [-58.1198216, -28.734286], [-58.1233406, -28.7271924], [-58.1284261, -28.7203053], [-58.1256581, -28.7123074], [-58.1172896, -28.7042524], [-58.1542397, -28.6414664], [-58.1541646, -28.6413816], [-58.1539607, -28.6412498], [-58.1537032, -28.6410238], [-58.153553, -28.6408355], [-58.1533492, -28.6403835], [-58.1532097, -28.6401952], [-58.1526947, -28.6398468], [-58.152287, -28.6394231], [-58.1519866, -28.6390464], [-58.1512141, -28.6383685], [-58.1508386, -28.6382178], [-58.1504524, -28.6381236], [-58.1498408, -28.6380295], [-58.1495619, -28.6380295], [-58.1489933, -28.6381519], [-58.1481779, -28.6382649], [-58.1480706, -28.6382366], [-58.147974, -28.6381613], [-58.1470299, -28.6379447], [-58.1467295, -28.6376434], [-58.1465364, -28.6370973], [-58.1465364, -28.6365888], [-58.146708, -28.6359296], [-58.1467724, -28.63544], [-58.1467724, -28.6351951], [-58.1466222, -28.6347431], [-58.1464505, -28.6342911], [-58.1460858, -28.6336508], [-58.1456995, -28.6333683], [-58.1444764, -28.6329916], [-58.1440044, -28.6327844], [-58.1437469, -28.6326526], [-58.1431461, -28.6322571], [-58.1429315, -28.6321629], [-58.1426525, -28.6320311], [-58.1424809, -28.6318616], [-58.1422019, -28.6314661], [-58.1419659, -28.6309576], [-58.141644, -28.6305432], [-58.1409788, -28.6295639], [-58.1408072, -28.6294132], [-58.1405711, -28.6292813], [-58.1397987, -28.6292625], [-58.1395197, -28.629206], [-58.1389833, -28.6289988], [-58.1385756, -28.6287351], [-58.138361, -28.628302], [-58.1383181, -28.6278499], [-58.1381893, -28.6276428], [-58.1378031, -28.6273602], [-58.1370735, -28.6270589], [-58.136344, -28.6268329], [-58.1358934, -28.6266068], [-58.1357002, -28.6264562], [-58.1351638, -28.6259853], [-58.1347132, -28.6257593], [-58.1345415, -28.6256086], [-58.1344557, -28.6254014], [-58.1344557, -28.6251754], [-58.134327, -28.6249682], [-58.1341553, -28.6248175], [-58.1339836, -28.6246669], [-58.1335116, -28.624422], [-58.1332326, -28.6243655], [-58.1329322, -28.6243467], [-58.1326747, -28.624309], [-58.1324172, -28.6242713], [-58.1319022, -28.6241395], [-58.1312156, -28.6237816], [-58.1308937, -28.6234614], [-58.1305289, -28.6228775], [-58.1299496, -28.6221806], [-58.1295634, -28.6218792], [-58.1293059, -28.6217662], [-58.1290698, -28.6216532], [-58.1285978, -28.6215025], [-58.1281042, -28.6213142], [-58.1277395, -28.6210505], [-58.1274176, -28.6207491], [-58.1271601, -28.6203159], [-58.1270528, -28.6201087], [-58.1267739, -28.6197508], [-58.1266237, -28.6196001], [-58.1259799, -28.6192987], [-58.1257653, -28.6190162], [-58.1255508, -28.6189032], [-58.1252504, -28.6185641], [-58.1251216, -28.6183758], [-58.1246066, -28.6178672], [-58.1238771, -28.6175093], [-58.1236196, -28.6174339], [-58.1230831, -28.6173963], [-58.1225252, -28.6174151], [-58.1222892, -28.6174528], [-58.1220532, -28.6174716], [-58.1214953, -28.6173398], [-58.1212163, -28.6172267], [-58.1195855, -28.6167182], [-58.1191993, -28.6164545], [-58.1190706, -28.6162661], [-58.1189633, -28.6160212], [-58.118856, -28.6155691], [-58.1186843, -28.6151359], [-58.1184054, -28.614778], [-58.1179762, -28.6144954], [-58.1177402, -28.6144201], [-58.1166244, -28.6144201], [-58.1163454, -28.6143636], [-58.1161309, -28.6142882], [-58.1159592, -28.6141375], [-58.1157875, -28.613968], [-58.1154871, -28.6136478], [-58.1148005, -28.6130073], [-58.1143069, -28.6124987], [-58.1140065, -28.6121408], [-58.1138134, -28.6120278], [-58.1132555, -28.6115568], [-58.1129551, -28.6114438], [-58.1123543, -28.611312], [-58.1118179, -28.611312], [-58.1111312, -28.6115192], [-58.1108737, -28.6115192], [-58.1105089, -28.6114627], [-58.1093073, -28.6111801], [-58.1088138, -28.6111236], [-58.1085563, -28.6110671], [-58.1082988, -28.6110106], [-58.1077624, -28.6108599], [-58.1073547, -28.6105961], [-58.1057453, -28.610615], [-58.1054878, -28.6106715], [-58.1052089, -28.6106903], [-58.1037712, -28.6107092], [-58.1035137, -28.6106715], [-58.1028056, -28.6104643], [-58.1022907, -28.6103889], [-58.1017542, -28.6102947], [-58.1014967, -28.6102759], [-58.1012607, -28.6102382], [-58.1007672, -28.6102382], [-58.0999732, -28.6103324], [-58.0995655, -28.6104831], [-58.0993295, -28.6105585], [-58.0987716, -28.610615], [-58.0985141, -28.6106715], [-58.0976773, -28.6106903], [-58.0968404, -28.6107657], [-58.0964327, -28.6107657], [-58.0961323, -28.6107468], [-58.0950165, -28.6105208], [-58.094523, -28.6103889], [-58.0940294, -28.6101064], [-58.0933857, -28.6096919], [-58.0926562, -28.6093528], [-58.092463, -28.6091833], [-58.0922485, -28.6087877], [-58.0920124, -28.608411], [-58.0917335, -28.6080719], [-58.0915404, -28.6079023], [-58.0911112, -28.6076951], [-58.0904675, -28.6077328], [-58.0899954, -28.6076009], [-58.0897379, -28.6075067], [-58.089459, -28.6074314], [-58.0886436, -28.6071488], [-58.0879355, -28.6069604], [-58.0877209, -28.6068662], [-58.0872917, -28.6066213], [-58.0870772, -28.6064518], [-58.0867982, -28.6060939], [-58.0864334, -28.6057736], [-58.0857682, -28.6054534], [-58.0847597, -28.6050577], [-58.0845666, -28.6049447], [-58.0840731, -28.6047375], [-58.0837083, -28.6044549], [-58.0835152, -28.604323], [-58.0833435, -28.6041346], [-58.0831504, -28.6039651], [-58.0826783, -28.6037956], [-58.0824208, -28.603739], [-58.0816055, -28.6037202], [-58.0811334, -28.6035506], [-58.0805326, -28.603513], [-58.0795241, -28.6032304], [-58.0784726, -28.6030985], [-58.0782151, -28.6030608], [-58.0777431, -28.6030232], [-58.0774856, -28.6029666], [-58.0769491, -28.6028913], [-58.0767131, -28.6028536], [-58.0759192, -28.6027783], [-58.0754042, -28.6026275], [-58.074975, -28.6024391], [-58.0747819, -28.6023073], [-58.0745244, -28.6022131], [-58.0742669, -28.6021189], [-58.0740309, -28.6020435], [-58.0737734, -28.601987], [-58.0732584, -28.6018363], [-58.0722928, -28.6015537], [-58.0720782, -28.6014595], [-58.0717564, -28.6011581], [-58.0715847, -28.6010262], [-58.0711556, -28.6008001], [-58.0704046, -28.6005741], [-58.0701256, -28.600461], [-58.0693531, -28.600235], [-58.0688596, -28.6001408], [-58.0678296, -28.6000842], [-58.0646324, -28.6000654], [-58.063581, -28.6001973], [-58.063345, -28.6002726], [-58.0631089, -28.6003292], [-58.0620575, -28.6003103], [-58.0618429, -28.6002161], [-58.0614567, -28.5999147], [-58.061285, -28.599764], [-58.0611134, -28.5995944], [-58.0608988, -28.5991799], [-58.0607271, -28.5990292], [-58.0607271, -28.5984075], [-58.0606628, -28.5981626], [-58.0604267, -28.5977293], [-58.0601049, -28.5974278], [-58.059268, -28.5969003], [-58.0585385, -28.5965612], [-58.0575514, -28.5962598], [-58.0573154, -28.5961467], [-58.0567789, -28.5953554], [-58.0565429, -28.5948844], [-58.0562639, -28.5945265], [-58.0560923, -28.5943757], [-58.0558562, -28.5942627], [-58.0555988, -28.5942062], [-58.0540967, -28.593754], [-58.0535603, -28.593641], [-58.0533242, -28.5935279], [-58.0528307, -28.5930757], [-58.0523372, -28.5921902], [-58.0521655, -28.591983], [-58.051951, -28.5918511], [-58.0516935, -28.591738], [-58.0512214, -28.5916061], [-58.0509424, -28.5915873], [-58.050642, -28.5915685], [-58.0498696, -28.5913989], [-58.0493975, -28.5912482], [-58.04914, -28.591154], [-58.0479598, -28.5907771], [-58.0474019, -28.590551], [-58.0471873, -28.5904192], [-58.0469513, -28.589967], [-58.0467367, -28.5898539], [-58.0454064, -28.5898728], [-58.0451489, -28.5897974], [-58.0447626, -28.5895148], [-58.0444408, -28.5891945], [-58.0439472, -28.5887046], [-58.0434752, -28.5878567], [-58.043325, -28.587706], [-58.0429816, -28.5873857], [-58.0424023, -28.5869712], [-58.0418658, -28.5868204], [-58.0409217, -28.5871596], [-58.0404496, -28.5873668], [-58.0397201, -28.5876118], [-58.0394626, -28.5876495], [-58.0388403, -28.5876495], [-58.0380464, -28.5875176], [-58.0375314, -28.5873857], [-58.0372954, -28.5872538], [-58.0368662, -28.5869523], [-58.0365873, -28.5865566], [-58.0364156, -28.5863871], [-58.0361796, -28.5862552], [-58.0359435, -28.5861798], [-58.0353642, -28.5860479], [-58.0350852, -28.5860291], [-58.0348277, -28.5860102], [-58.0343342, -28.5858972], [-58.0340982, -28.5858218], [-58.0339051, -28.5856899], [-58.0337334, -28.5855392], [-58.0334115, -28.5851435], [-58.0330467, -28.5848232], [-58.0328965, -28.5846536], [-58.0328107, -28.5844463], [-58.0328322, -28.5842202], [-58.0329609, -28.584013], [-58.0330897, -28.5838245], [-58.0332184, -28.5835984], [-58.0333042, -28.5833723], [-58.0333042, -28.5831462], [-58.0325318, -28.5822794], [-58.0323172, -28.5821287], [-58.0321026, -28.5821852], [-58.0317378, -28.582449], [-58.0315876, -28.5825998], [-58.031373, -28.5826751], [-58.031137, -28.5826751], [-58.0309224, -28.5825998], [-58.0307293, -28.5824679], [-58.0305362, -28.582336], [-58.0299568, -28.5821852], [-58.0297208, -28.5820722], [-58.0292273, -28.58162], [-58.0290127, -28.5814881], [-58.0285192, -28.5810547], [-58.0283904, -28.5808851], [-58.0283475, -28.5806401], [-58.0282188, -28.5802256], [-58.0278969, -28.5799806], [-58.0276823, -28.580056], [-58.0274248, -28.5800183], [-58.0268669, -28.5798864], [-58.0260945, -28.579811], [-58.0253434, -28.5798487], [-58.024807, -28.5798487], [-58.0238414, -28.5796226], [-58.0229187, -28.5792834], [-58.0227256, -28.5791515], [-58.022275, -28.5789254], [-58.0220604, -28.57885], [-58.0218458, -28.578737], [-58.0216742, -28.5785862], [-58.0214596, -28.578492], [-58.0210519, -28.578247], [-58.0207944, -28.577889], [-58.0206228, -28.5777194], [-58.0201078, -28.5776629], [-58.0195713, -28.5777194], [-58.0190778, -28.5777948], [-58.0184126, -28.5779644], [-58.0178762, -28.5780586], [-58.0173612, -28.5780775], [-58.0170608, -28.5780963], [-58.0157519, -28.5780963], [-58.0152583, -28.5780209], [-58.0150008, -28.5779079], [-58.0146146, -28.5776817], [-58.0144, -28.5775875], [-58.0134988, -28.576928], [-58.0129838, -28.5767584], [-58.0124474, -28.5767019], [-58.0114174, -28.5767207], [-58.0103231, -28.5765323], [-58.0098295, -28.5765511], [-58.0095935, -28.5766077], [-58.0093146, -28.5766077], [-58.0085206, -28.5765323], [-58.0078125, -28.5763438], [-58.0076194, -28.5761931], [-58.0071473, -28.5756466], [-58.0069757, -28.5754959], [-58.0067826, -28.5753451], [-58.0065465, -28.5752509], [-58.0059242, -28.5751944], [-58.0056882, -28.5752321], [-58.0053663, -28.5752132], [-58.0043793, -28.5749117], [-58.0038858, -28.5748363], [-58.0036068, -28.5748175], [-58.0019117, -28.5743276], [-58.0011177, -28.5741391], [-58.0006027, -28.5739695], [-58.0000663, -28.5737622], [-57.9998303, -28.5736115], [-57.9993367, -28.5734607], [-57.9987788, -28.5732723], [-57.9982853, -28.5731781], [-57.9980707, -28.573065], [-57.9977274, -28.5727258], [-57.9975987, -28.5725373], [-57.9971695, -28.5723112], [-57.996676, -28.5721605], [-57.9961395, -28.5719343], [-57.9956889, -28.5716705], [-57.9954744, -28.5715951], [-57.9945517, -28.5705587], [-57.9942298, -28.5702572], [-57.9940367, -28.5701252], [-57.9936075, -28.5699556], [-57.993393, -28.5698049], [-57.9927707, -28.5696353], [-57.991612, -28.5695222], [-57.9900885, -28.5691453], [-57.9885864, -28.5687119], [-57.9860544, -28.5679392], [-57.985518, -28.5677885], [-57.985282, -28.5677131], [-57.9850888, -28.5675812], [-57.9841233, -28.5672419], [-57.9834366, -28.5669404], [-57.9831791, -28.5668462], [-57.9826856, -28.5667143], [-57.9822779, -28.5664127], [-57.9820633, -28.5659981], [-57.9816127, -28.5654893], [-57.9808402, -28.5647166], [-57.98069, -28.5645282], [-57.9803682, -28.5642078], [-57.9801965, -28.564057], [-57.9797459, -28.5635105], [-57.979188, -28.5630393], [-57.9787374, -28.5627943], [-57.9785228, -28.5627378], [-57.9780078, -28.5627001], [-57.9772568, -28.5625493], [-57.9770208, -28.5624928], [-57.9762483, -28.562474], [-57.9759693, -28.5624363], [-57.9754544, -28.5623986], [-57.9751969, -28.5623609], [-57.9749608, -28.5622667], [-57.9747462, -28.5621536], [-57.9739523, -28.5619463], [-57.9735017, -28.5617955], [-57.9730082, -28.5616447], [-57.9726219, -28.5613809], [-57.9718924, -28.5610982], [-57.9716778, -28.5609474], [-57.9713989, -28.5605705], [-57.9713774, -28.5603443], [-57.9714418, -28.560137], [-57.971592, -28.5599297], [-57.9716993, -28.5597224], [-57.9715705, -28.5592701], [-57.9714203, -28.5590816], [-57.9708839, -28.5585916], [-57.9706264, -28.5584785], [-57.9698324, -28.5579696], [-57.9693818, -28.5578], [-57.9687596, -28.557178], [-57.9672575, -28.5563488], [-57.967, -28.5562922], [-57.9666782, -28.5561791], [-57.9660988, -28.5561038], [-57.9657555, -28.5561038], [-57.9651118, -28.5561791], [-57.9648757, -28.5561791], [-57.9640174, -28.5563676], [-57.9635024, -28.5564053], [-57.9629874, -28.5563865], [-57.9626656, -28.5563488], [-57.9618931, -28.5560661], [-57.9612494, -28.5557268], [-57.9608846, -28.5554253], [-57.9603267, -28.5551048], [-57.9599619, -28.5547656], [-57.9597473, -28.5546148], [-57.9588461, -28.5541813], [-57.9582453, -28.5537667], [-57.9580522, -28.5536159], [-57.957387, -28.5531824], [-57.9570866, -28.5530316], [-57.956872, -28.5529185], [-57.9559493, -28.5524096], [-57.9551125, -28.551863], [-57.9546404, -28.5517688], [-57.9538465, -28.5517311], [-57.9536104, -28.5517876], [-57.9531598, -28.5519384], [-57.9528594, -28.551995], [-57.9523659, -28.5520515], [-57.9520655, -28.5520515], [-57.9517865, -28.5519761], [-57.9510784, -28.5516368], [-57.9509282, -28.5514484], [-57.9507995, -28.5512787], [-57.9506278, -28.5511279], [-57.9504132, -28.5510337], [-57.9501343, -28.550996], [-57.9496193, -28.5508829], [-57.9493618, -28.5508075], [-57.9491258, -28.5507887], [-57.9483962, -28.550619], [-57.9481173, -28.5506002], [-57.9473448, -28.5506002], [-57.9468727, -28.5505248], [-57.9466152, -28.5504683], [-57.9461217, -28.5502609], [-57.9455424, -28.5500913], [-57.9447913, -28.5499782], [-57.9437185, -28.549752], [-57.9430747, -28.5496955], [-57.9427529, -28.5496389], [-57.9421091, -28.5495447], [-57.9418302, -28.5494693], [-57.9412508, -28.5493562], [-57.9406286, -28.5491112], [-57.9402423, -28.5489981], [-57.9400063, -28.548885], [-57.9398132, -28.548753], [-57.939663, -28.5485834], [-57.9395557, -28.5483572], [-57.9394055, -28.5481499], [-57.9390407, -28.5478106], [-57.938633, -28.5475467], [-57.9382897, -28.5472451], [-57.9379678, -28.546887], [-57.9377747, -28.5467551], [-57.9371739, -28.5460388], [-57.9369593, -28.5458692], [-57.9367018, -28.5457749], [-57.9361654, -28.5456241], [-57.9356289, -28.5455864], [-57.9347277, -28.5454733], [-57.9344702, -28.5454733], [-57.9341912, -28.5454922], [-57.9339123, -28.5455676], [-57.9336977, -28.5456807], [-57.9334617, -28.5457749], [-57.9332471, -28.545888], [-57.9330325, -28.5459446], [-57.9322171, -28.54602], [-57.9316807, -28.54602], [-57.9312945, -28.5457938], [-57.9310584, -28.5457372], [-57.930522, -28.5456618], [-57.9297495, -28.5455864], [-57.9291487, -28.545511], [-57.9280329, -28.5452471], [-57.927711, -28.5450963], [-57.9268956, -28.5444366], [-57.9263592, -28.5440785], [-57.9258013, -28.5436449], [-57.9252219, -28.5433622], [-57.924943, -28.5431925], [-57.9247284, -28.5430417], [-57.9243207, -28.5426836], [-57.924192, -28.542514], [-57.9240418, -28.5422501], [-57.9239774, -28.5420427], [-57.9238916, -28.5418165], [-57.9233551, -28.540629], [-57.9230976, -28.5399315], [-57.9228401, -28.5394979], [-57.9223466, -28.5390078], [-57.922132, -28.5388947], [-57.9217673, -28.5385743], [-57.9215527, -28.5384612], [-57.9209948, -28.5380276], [-57.9203081, -28.5377449], [-57.9200721, -28.537726], [-57.9198575, -28.5376695], [-57.9195571, -28.5376506], [-57.9193211, -28.5375563], [-57.919128, -28.5374432], [-57.9186559, -28.5370474], [-57.9183984, -28.5369343], [-57.9181409, -28.5368777], [-57.917862, -28.5368023], [-57.9167676, -28.5365761], [-57.9160595, -28.5362933], [-57.915802, -28.5362368], [-57.9155231, -28.5361425], [-57.9152441, -28.5359917], [-57.9144073, -28.5354073], [-57.9141712, -28.5353131], [-57.9139781, -28.5351623], [-57.9137421, -28.5349926], [-57.9133344, -28.5347099], [-57.9124546, -28.5341066], [-57.91224, -28.5340124], [-57.9119396, -28.5338804], [-57.911768, -28.5337484], [-57.9109955, -28.5333714], [-57.9102016, -28.5331829], [-57.9093433, -28.532919], [-57.9086781, -28.5326551], [-57.908442, -28.5325608], [-57.9077554, -28.5322026], [-57.9075837, -28.5320518], [-57.9074121, -28.531901], [-57.9063606, -28.5314297], [-57.9056096, -28.5311846], [-57.9050946, -28.5310715], [-57.9043436, -28.5308642], [-57.9035282, -28.5307133], [-57.9027558, -28.5304306], [-57.9019618, -28.5302043], [-57.9012108, -28.5301855], [-57.9009104, -28.5301478], [-57.90061, -28.5300347], [-57.8997302, -28.5291486], [-57.8993011, -28.5286962], [-57.8991294, -28.5285453], [-57.898829, -28.5281683], [-57.8986144, -28.5279798], [-57.8982926, -28.5278667], [-57.8978205, -28.5277536], [-57.8973913, -28.5275462], [-57.8971768, -28.5273954], [-57.8961468, -28.5268298], [-57.8953958, -28.5266224], [-57.8951383, -28.5265281], [-57.8948379, -28.5264716], [-57.8943014, -28.5264527], [-57.8940439, -28.526415], [-57.8938079, -28.5263585], [-57.8935719, -28.5262642], [-57.8926707, -28.5263585], [-57.8924346, -28.5264339], [-57.8918767, -28.5265093], [-57.8906536, -28.5264716], [-57.8898168, -28.5263585], [-57.8894735, -28.5263396], [-57.8888941, -28.5261888], [-57.8878212, -28.5259437], [-57.8867054, -28.5258494], [-57.8858686, -28.5256986], [-57.8855896, -28.5256044], [-57.8847313, -28.5253593], [-57.8845167, -28.5252084], [-57.8843665, -28.5250011], [-57.8841734, -28.5247183], [-57.8833366, -28.5239076], [-57.8828645, -28.5236436], [-57.8822637, -28.5232289], [-57.8811908, -28.5231723], [-57.8809333, -28.5231158], [-57.8806758, -28.523078], [-57.8801179, -28.5229461], [-57.87956, -28.5228518], [-57.8792167, -28.5228141], [-57.8783369, -28.5226067], [-57.8772426, -28.5222862], [-57.8763199, -28.5217206], [-57.8757835, -28.5212681], [-57.8753543, -28.5209476], [-57.8750754, -28.5207214], [-57.8748608, -28.5204763], [-57.8742385, -28.5198918], [-57.8737664, -28.5195336], [-57.8735733, -28.5193262], [-57.8732944, -28.518968], [-57.8731871, -28.5187229], [-57.8729296, -28.5183458], [-57.8724575, -28.5172522], [-57.8722859, -28.5171014], [-57.8718996, -28.5168186], [-57.871449, -28.5165735], [-57.8710628, -28.5160078], [-57.8708482, -28.5158759], [-57.8706551, -28.5156496], [-57.8702474, -28.5153102], [-57.8700328, -28.5151405], [-57.8695393, -28.5148766], [-57.8688956, -28.514688], [-57.8680802, -28.5145183], [-57.8675866, -28.5143486], [-57.8673721, -28.5142921], [-57.8659344, -28.5137076], [-57.8646469, -28.5133682], [-57.8640676, -28.5133116], [-57.8632951, -28.5132739], [-57.8627372, -28.5131608], [-57.8625012, -28.5131419], [-57.8617501, -28.5131608], [-57.8615356, -28.5131985], [-57.8612781, -28.5132173], [-57.8610206, -28.5132362], [-57.8600121, -28.5127837], [-57.8588534, -28.5125197], [-57.858038, -28.5124066], [-57.8572655, -28.512218], [-57.8558064, -28.5120295], [-57.8551627, -28.5119163], [-57.8540039, -28.5116523], [-57.8522015, -28.5111998], [-57.8512145, -28.5108227], [-57.8507424, -28.5105587], [-57.8503561, -28.5102193], [-57.849412, -28.5095028], [-57.8488112, -28.5091634], [-57.848425, -28.5088994], [-57.84791, -28.5086355], [-57.8474808, -28.5083715], [-57.8469658, -28.5081075], [-57.846365, -28.5078435], [-57.8456355, -28.5076549], [-57.8450776, -28.5075418], [-57.8445197, -28.5073533], [-57.843833, -28.5071647], [-57.8431893, -28.5070516], [-57.8426743, -28.5069007], [-57.8422022, -28.5068253], [-57.841301, -28.506599], [-57.8394986, -28.506335], [-57.8389836, -28.5061842], [-57.837739, -28.5059956], [-57.8366232, -28.5057693], [-57.8360653, -28.5056185], [-57.8355933, -28.5055808], [-57.8341341, -28.5051282], [-57.8331471, -28.5049019], [-57.8308726, -28.5039968], [-57.8304005, -28.5036574], [-57.8299284, -28.5033934], [-57.8290272, -28.5030917], [-57.8280402, -28.5030917], [-57.8274394, -28.503054], [-57.8258944, -28.5028277], [-57.8253365, -28.50279], [-57.8247786, -28.5027146], [-57.8232336, -28.5022997], [-57.8221178, -28.5019226], [-57.8217316, -28.5016586], [-57.8210879, -28.5015831], [-57.8204871, -28.5016586], [-57.8198863, -28.5016586], [-57.8193283, -28.5013946], [-57.8191352, -28.5012249], [-57.8188992, -28.5008477], [-57.8185773, -28.5005272], [-57.8184271, -28.5003574], [-57.818234, -28.5001689], [-57.8180838, -28.4999614], [-57.8177405, -28.499622], [-57.8170538, -28.4992449], [-57.8168392, -28.4991694], [-57.8166032, -28.4990751], [-57.8152943, -28.4987546], [-57.8150368, -28.4986791], [-57.8141785, -28.4985094], [-57.8139425, -28.4984717], [-57.813685, -28.4983963], [-57.8117323, -28.4981134], [-57.8112602, -28.4980003], [-57.8099513, -28.4975288], [-57.8095007, -28.4973402], [-57.8092432, -28.4971894], [-57.8090286, -28.4971139], [-57.8082562, -28.4965482], [-57.8078699, -28.4961333], [-57.8077412, -28.4956619], [-57.8074193, -28.4947378], [-57.807312, -28.4945304], [-57.8068829, -28.4937195], [-57.8067327, -28.4935309], [-57.8063894, -28.4932103], [-57.8061748, -28.4931348], [-57.8056598, -28.4930971], [-57.8048659, -28.4930971], [-57.8046513, -28.4930217], [-57.8044367, -28.4928897], [-57.8042865, -28.49272], [-57.8041792, -28.4924937], [-57.8040505, -28.4923051], [-57.8038788, -28.4921542], [-57.8037286, -28.4919656], [-57.8034926, -28.4918336], [-57.803278, -28.4917393], [-57.803042, -28.4916827], [-57.8028059, -28.4915884], [-57.802527, -28.4915319], [-57.8022909, -28.4915319], [-57.8020334, -28.4914941], [-57.8013468, -28.4912301], [-57.8008962, -28.491117], [-57.8007031, -28.4909849], [-57.8005314, -28.4908341], [-57.8003597, -28.4906643], [-57.7997804, -28.4899666], [-57.7996731, -28.4895139], [-57.7996, -28.489], [-57.8013, -28.4869], [-57.8011273, -28.4867596], [-57.8012931, -28.4865533], [-57.8012019, -28.4864891], [-57.8047813, -28.4821103], [-57.8043039, -28.4816009], [-57.8069848, -28.4783676], [-57.8083715, -28.4766936], [-57.8096831, -28.4750904], [-57.8130794, -28.4709348], [-57.8132323, -28.4708629], [-57.8359915, -28.443307], [-57.8252345, -28.4365805], [-57.8264804, -28.43517], [-57.8355268, -28.4237785], [-57.8294972, -28.4200349], [-57.8198983, -28.4284301], [-57.8181186, -28.4299857], [-57.8157816, -28.4320063], [-57.8156727, -28.4320725], [-57.8140308, -28.4329321], [-57.8089073, -28.4356532], [-57.804521, -28.4379228], [-57.8043871, -28.4380133], [-57.8158602, -28.4455545], [-57.804898, -28.4627988], [-57.8035972, -28.4648196], [-57.8005086, -28.4684897], [-57.7868025, -28.4593873], [-57.7867053, -28.4592765], [-57.7937011, -28.4505695], [-57.7772512, -28.4265147], [-57.784119, -28.4245262], [-57.6912233, -28.3641377], [-57.6875058, -28.3616819], [-57.6857228, -28.3605059], [-57.6856638, -28.3605749], [-57.6854767, -28.3603495], [-57.6810014, -28.3575537], [-57.6761815, -28.3545419], [-57.6759616, -28.3544049], [-57.6683588, -28.3496521], [-57.6572671, -28.3587277], [-57.6564, -28.3594], [-57.6488, -28.3493], [-57.6505, -28.3473], [-57.6545, -28.3484], [-57.6585, -28.3496], [-57.6629, -28.3463], [-57.6629, -28.3462], [-57.6617, -28.3455], [-57.6607, -28.3449], [-57.6559, -28.3418], [-57.6557, -28.3417], [-57.6543, -28.3409], [-57.6541, -28.3407], [-57.6535, -28.3404], [-57.6528, -28.3399], [-57.6522, -28.3395], [-57.6516, -28.3392], [-57.6473, -28.343], [-57.6471, -28.3431], [-57.6466, -28.3436], [-57.6438, -28.346], [-57.6434, -28.3464], [-57.6432, -28.3465], [-57.6429, -28.3468], [-57.642, -28.3476], [-57.6426, -28.3484], [-57.6437, -28.3497], [-57.6439, -28.3501], [-57.6447, -28.3511], [-57.6452, -28.3518], [-57.6467, -28.3538], [-57.6474, -28.3547], [-57.6476, -28.355], [-57.6441, -28.357], [-57.6345, -28.3624], [-57.6328, -28.3634], [-57.6311, -28.3643], [-57.6325, -28.3674], [-57.6405, -28.3845], [-57.6199, -28.3895], [-57.5993, -28.3705], [-57.5731, -28.34], [-57.5816, -28.3217], [-57.5872, -28.3204], [-57.585, -28.294], [-57.5842, -28.2834], [-57.571, -28.2692], [-57.5602, -28.265], [-57.563, -28.2569], [-57.5535, -28.2472], [-57.5525, -28.2477], [-57.544, -28.2131], [-57.5047, -28.1728], [-57.4839, -28.1635], [-57.4803, -28.1587], [-57.4767, -28.1572], [-57.4735, -28.1558], [-57.4708, -28.1547], [-57.4645, -28.149], [-57.4562, -28.1481], [-57.4536, -28.1465], [-57.4506, -28.1448], [-57.443, -28.1363], [-57.4423, -28.1346], [-57.4431, -28.1346], [-57.4433, -28.1347], [-57.4435, -28.1347], [-57.4436, -28.1348], [-57.4438, -28.1349], [-57.4439, -28.135], [-57.4443, -28.1352], [-57.4444, -28.1354], [-57.4445, -28.1355], [-57.4447, -28.1356], [-57.4449, -28.1356], [-57.445, -28.1358], [-57.445, -28.1359], [-57.4452, -28.136], [-57.4455, -28.1363], [-57.4455, -28.137], [-57.4456, -28.1371], [-57.4457, -28.1373], [-57.4458, -28.1374], [-57.4459, -28.1376], [-57.446, -28.1377], [-57.447, -28.1377], [-57.4472, -28.1375], [-57.4474, -28.1374], [-57.4476, -28.1374], [-57.4477, -28.1373], [-57.4479, -28.1372], [-57.448, -28.1371], [-57.4481, -28.1369], [-57.4482, -28.1368], [-57.4483, -28.1367], [-57.4485, -28.1366], [-57.4486, -28.1365], [-57.4488, -28.1365], [-57.449, -28.1364], [-57.4491, -28.1364], [-57.4493, -28.1363], [-57.4496, -28.1363], [-57.4498, -28.1362], [-57.4499, -28.1361], [-57.4502, -28.1361], [-57.4504, -28.136], [-57.4506, -28.136], [-57.4507, -28.1358], [-57.4511, -28.1356], [-57.4512, -28.1355], [-57.4514, -28.1354], [-57.4515, -28.1353], [-57.4522, -28.1353], [-57.4523, -28.1352], [-57.4527, -28.1352], [-57.4528, -28.1351], [-57.453, -28.1351], [-57.4532, -28.135], [-57.4535, -28.135], [-57.4536, -28.1349], [-57.4538, -28.1348], [-57.4538, -28.1334], [-57.4537, -28.1332], [-57.4536, -28.1331], [-57.4535, -28.1329], [-57.4535, -28.1328], [-57.4533, -28.1327], [-57.4532, -28.1326], [-57.4532, -28.1323], [-57.4531, -28.1321], [-57.4528, -28.1318], [-57.4528, -28.1316], [-57.4527, -28.1315], [-57.4527, -28.1312], [-57.4525, -28.1311], [-57.4524, -28.1309], [-57.4524, -28.1308], [-57.4516, -28.1308], [-57.4514, -28.1309], [-57.4511, -28.1309], [-57.4509, -28.131], [-57.4506, -28.131], [-57.4504, -28.1311], [-57.4503, -28.1311], [-57.4497, -28.1314], [-57.4494, -28.1314], [-57.4492, -28.1315], [-57.449, -28.1315], [-57.4489, -28.1316], [-57.4487, -28.1316], [-57.4486, -28.1317], [-57.4482, -28.1319], [-57.4481, -28.132], [-57.4479, -28.132], [-57.4478, -28.1321], [-57.4468, -28.1321], [-57.4467, -28.1319], [-57.4465, -28.1318], [-57.4464, -28.1317], [-57.4462, -28.1316], [-57.4461, -28.1315], [-57.446, -28.1313], [-57.4459, -28.1312], [-57.4457, -28.1312], [-57.4455, -28.1311], [-57.4453, -28.1309], [-57.4449, -28.1307], [-57.4448, -28.1307], [-57.4447, -28.1305], [-57.4445, -28.1305], [-57.4444, -28.1304], [-57.4442, -28.1303], [-57.444, -28.1303], [-57.4439, -28.1302], [-57.4437, -28.1301], [-57.4434, -28.1301], [-57.4433, -28.13], [-57.4412, -28.13], [-57.441, -28.1299], [-57.4409, -28.1299], [-57.4405, -28.1297], [-57.4403, -28.1295], [-57.4401, -28.1294], [-57.44, -28.1293], [-57.4393, -28.1278], [-57.441, -28.1225], [-57.4414, -28.1215], [-57.4416, -28.1208], [-57.4422, -28.1191], [-57.4397, -28.114], [-57.4397, -28.1127], [-57.4395, -28.1125], [-57.4395, -28.1117], [-57.4393, -28.1116], [-57.4391, -28.1114], [-57.4389, -28.1113], [-57.4388, -28.1112], [-57.4387, -28.111], [-57.4386, -28.1109], [-57.4385, -28.1107], [-57.4384, -28.1106], [-57.4384, -28.1103], [-57.4383, -28.1101], [-57.4383, -28.11], [-57.4382, -28.1098], [-57.4632, -28.0936], [-57.4662092, -28.0914601], [-57.4677, -28.0904], [-57.4634, -28.0805], [-57.4556, -28.0746], [-57.4527, -28.0763], [-57.4526, -28.0758], [-57.4523, -28.0744], [-57.4519, -28.0724], [-57.4516, -28.0707], [-57.4511, -28.0685], [-57.4501, -28.0668], [-57.4506, -28.0647], [-57.4509, -28.0638], [-57.4509, -28.0636], [-57.4506, -28.0632], [-57.45, -28.0623], [-57.4499, -28.062], [-57.449, -28.0576], [-57.448, -28.0562], [-57.4469, -28.0549], [-57.4433, -28.0501], [-57.4374, -28.0539], [-57.4366, -28.0545], [-57.4363, -28.0546], [-57.4187, -28.0661], [-57.4185, -28.0662], [-57.4178, -28.0667], [-57.4176, -28.066], [-57.4134, -28.0493], [-57.414, -28.0489], [-57.4223, -28.0433], [-57.4247, -28.0416], [-57.4257, -28.0427], [-57.4262, -28.0432], [-57.4321201, -28.039359], [-57.4298466, -28.035542], [-57.4258453, -28.0281107], [-57.4217822, -28.0206953], [-57.4174746, -28.0125118], [-57.4146798, -28.0072111], [-57.4038, -28.0111], [-57.4035, -28.01], [-57.3996, -27.9969], [-57.3978, -27.9908], [-57.4026652, -27.9869926], [-57.4033169, -27.9865046], [-57.4025948, -27.9796214], [-57.4022313, -27.9762544], [-57.4021844, -27.9757683], [-57.3944035, -27.9671088], [-57.3926472, -27.965292], [-57.3870044, -27.9616645], [-57.3811176, -27.9580024], [-57.3811826, -27.9490854], [-57.3752179, -27.9426666], [-57.3712988, -27.9340054], [-57.3616, -27.9392], [-57.3566, -27.9325], [-57.3481, -27.924], [-57.3472, -27.9232], [-57.3471, -27.9231], [-57.3436, -27.92], [-57.3415, -27.9181], [-57.337, -27.9139], [-57.3332, -27.9105], [-57.3331, -27.9104], [-57.3318, -27.9092], [-57.3294, -27.9035], [-57.3282, -27.9001], [-57.3277, -27.9006], [-57.3211, -27.8912], [-57.3155, -27.8818], [-57.3006, -27.8612], [-57.2956, -27.8562], [-57.2881, -27.8486], [-57.286, -27.8465], [-57.2826, -27.8429], [-57.2819, -27.8422], [-57.2832, -27.8475], [-57.2934, -27.8577], [-57.2961, -27.8615], [-57.2865, -27.8721], [-57.2952, -27.8783], [-57.2897, -27.8836], [-57.2635, -27.8677], [-57.2486, -27.8586], [-57.2563, -27.8683], [-57.2671, -27.8773], [-57.2645, -27.88], [-57.2401, -27.8766], [-57.2229, -27.8742], [-57.2108, -27.8962], [-57.2115, -27.8966], [-57.2115, -27.8967], [-57.2102, -27.8972], [-57.207, -27.8988], [-57.2051, -27.8996], [-57.2048, -27.8997], [-57.2044, -27.8999], [-57.2025, -27.9009], [-57.2018, -27.9012], [-57.2013, -27.9014], [-57.1991, -27.9165], [-57.1968, -27.9355], [-57.2203, -27.9527], [-57.2254658, -27.9055413], [-57.2269, -27.901], [-57.2489, -27.9077], [-57.2658, -27.91], [-57.2244, -27.9554], [-57.2243, -27.9556], [-57.2547, -27.9777], [-57.2708, -27.9895], [-57.2714, -27.993], [-57.2809, -28.0017], [-57.2788, -28.0251], [-57.2674, -28.0203], [-57.2488, -28.0124], [-57.2337, -28.0059], [-57.2271, -28.0031], [-57.2271, -28.0032], [-57.2276, -28.004], [-57.2333, -28.015], [-57.2383, -28.0247], [-57.2455, -28.0384], [-57.2466, -28.0391], [-57.2474, -28.0395], [-57.2675, -28.0509], [-57.2864, -28.0617], [-57.2872, -28.0628], [-57.2954, -28.0737], [-57.2133, -28.0617], [-57.214, -28.0593], [-57.2174, -28.0468], [-57.2174, -28.0466], [-57.2103, -28.0294], [-57.2027, -28.0112], [-57.1921, -27.9867], [-57.1909, -27.9866], [-57.1808, -27.986], [-57.1806, -27.986], [-57.1785, -27.9859], [-57.1619, -27.9849], [-57.1616, -27.9849], [-57.1581, -27.9848], [-57.1516, -27.9824], [-57.123, -27.9717], [-57.1118, -27.9675], [-57.1105, -27.969], [-57.1095, -27.9702], [-57.1092, -27.9756], [-57.1045, -27.9745], [-57.1024, -27.9739], [-57.0994, -27.9826], [-57.0973, -27.985], [-57.0967, -27.9857], [-57.0964, -27.9983], [-57.0974, -27.9996], [-57.1016, -28.005], [-57.1096, -28.0119], [-57.1118, -28.0207], [-57.115, -28.0264], [-57.115, -28.0309], [-57.1243, -28.0379], [-57.1255, -28.0468], [-57.1255, -28.0472], [-57.1257, -28.0487], [-57.1228, -28.0512], [-57.1303, -28.0597], [-57.1311, -28.0641], [-57.1366, -28.0682], [-57.1379, -28.0692], [-57.1412, -28.0717], [-57.1464, -28.0746], [-57.1521, -28.0764], [-57.155, -28.0728], [-57.1551, -28.0727], [-57.1381, -28.0585], [-57.1323, -28.0522], [-57.1277, -28.0402], [-57.1275, -28.0394], [-57.1261, -28.0329], [-57.1248, -28.0271], [-57.1205, -28.0251], [-57.1272, -28.0266], [-57.1275, -28.0267], [-57.1276, -28.0269], [-57.1327, -28.0469], [-57.1467, -28.0581], [-57.1635, -28.0715], [-57.1641, -28.0719], [-57.1297, -28.0913], [-57.1222, -28.0955], [-57.1084316, -28.1049169], [-57.1314383, -28.076297], [-57.1364245, -28.0729459], [-57.1291503, -28.0714738], [-57.1247086, -28.0662445], [-57.123633, -28.059267], [-57.1204224, -28.0567119], [-57.1021373, -28.0609162], [-57.1021807, -28.0610789], [-57.1022267, -28.061435], [-57.0853662, -28.0822448], [-57.0716545, -28.067417], [-57.0139883, -28.0422757], [-56.9971961, -27.9794552], [-56.9924569, -27.9739699], [-56.9915455, -27.9719991], [-56.9949854, -27.9655968], [-57.0097622, -27.9588661], [-57.040317, -27.9444387], [-57.0473, -27.9412], [-57.0453, -27.9339], [-57.0389, -27.9106], [-57.0383, -27.9083], [-57.0358, -27.8995], [-57.0282, -27.901], [-57.0235, -27.8832], [-57.0232, -27.8821], [-56.987, -27.889], [-56.9842005, -27.8733987], [-56.981, -27.8741], [-56.973, -27.8759], [-56.9693, -27.8768], [-56.9672, -27.8773], [-56.9644, -27.8813], [-56.9646, -27.8812], [-56.9781, -27.878], [-56.977, -27.8868], [-56.9763, -27.8927], [-56.9759, -27.8953], [-56.9652, -27.8979], [-56.9634, -27.8983], [-56.9597, -27.891], [-56.9134, -27.9019], [-56.911, -27.894], [-56.9038, -27.8957], [-56.9011, -27.887], [-56.8935, -27.8618], [-56.8926, -27.862], [-56.8923, -27.862], [-56.8767864, -27.8651027], [-56.8767358, -27.8651129], [-56.8693, -27.8666], [-56.8561, -27.8472], [-56.861, -27.8324], [-56.861, -27.8323], [-56.8388, -27.8127], [-56.8529177, -27.8032848], [-56.8491197, -27.7782087], [-56.8209028, -27.804082], [-56.8064618, -27.8025256], [-56.7965913, -27.7919149], [-56.8004, -27.8321835], [-56.7981148, -27.8900288], [-56.7744685, -27.8992456], [-56.6906977, -27.8474813], [-56.6953111, -27.8147294], [-56.7202664, -27.8018423], [-56.7288494, -27.7986914], [-56.7280126, -27.7910797], [-56.737926, -27.7880994], [-56.7219186, -27.7263867], [-56.6938091, -27.7393018], [-56.6801191, -27.7195297], [-56.683099, -27.7043017], [-56.6777909, -27.6723025], [-56.6831017, -27.6350068], [-56.6138364, -27.6030847], [-56.6213895, -27.5938809], [-56.6052533, -27.5817094], [-56.5676595, -27.5870346], [-56.5537549, -27.5704495], [-56.536063, -27.5694474], [-56.5289176, -27.5779626], [-56.523521, -27.5851709], [-56.5192187, -27.5903057], [-56.516912, -27.5982928], [-56.5126956, -27.604606], [-56.5135002, -27.6108998], [-56.5109387, -27.6151256], [-56.5080875, -27.6290899], [-56.5078005, -27.6482939], [-56.5049279, -27.6585099], [-56.5049359, -27.6708107], [-56.5077925, -27.6779724], [-56.505239, -27.6864637], [-56.5018273, -27.6938263], [-56.4975143, -27.7030502], [-56.4952183, -27.7084835], [-56.4989466, -27.7164952], [-56.4975143, -27.7283051], [-56.4989305, -27.7406692], [-56.5003467, -27.7497657], [-56.5003574, -27.7575797], [-56.4972782, -27.7697791], [-56.4918065, -27.7863719], [-56.483202, -27.8047083], [-56.4863777, -27.8127177], [-56.4844036, -27.8209352], [-56.4880782, -27.8278855], [-56.4937592, -27.8354899], [-56.4971709, -27.846343], [-56.5052176, -27.8600785], [-56.5121055, -27.8637777], [-56.507814, -27.870967], [-56.5126634, -27.8868806], [-56.5160966, -27.9028866], [-56.5323186, -27.9545106], [-56.5380693, -27.9605189], [-56.5481973, -27.9680808], [-56.5571022, -27.9748084], [-56.5662003, -27.9816872], [-56.5758777, -27.9868602], [-56.5891171, -27.9962203], [-56.5931297, -28.0038555], [-56.5974856, -28.0187455], [-56.6027704, -28.0322962], [-56.6193724, -28.0396941], [-56.6290498, -28.0451295], [-56.6427827, -28.0490496], [-56.6513229, -28.0526287], [-56.6550994, -28.054314], [-56.6567731, -28.0599569], [-56.6582537, -28.0652398], [-56.6619659, -28.0747634], [-56.6702485, -28.0836426], [-56.6762781, -28.0896815], [-56.6836596, -28.0902494], [-56.6956973, -28.1019854], [-56.697371, -28.1087804], [-56.7041946, -28.1130767], [-56.7082286, -28.1191139], [-56.7154598, -28.1234287], [-56.717434, -28.1271189], [-56.7177129, -28.135691], [-56.712842, -28.1436379], [-56.7128206, -28.1553303], [-56.7179275, -28.1655648], [-56.729815, -28.1747201], [-56.7328406, -28.1773682], [-56.7324972, -28.1821724], [-56.7373252, -28.1903997], [-56.7416811, -28.1943901], [-56.7444706, -28.206058], [-56.7441702, -28.2191805], [-56.7441917, -28.2361768], [-56.7458868, -28.2446267], [-56.7547944, -28.2590132], [-56.7598987, -28.2613001], [-56.7725802, -28.2748291], [-56.7832929, -28.2832713], [-56.8057752, -28.3111628], [-56.8169546, -28.3257456], [-56.8485832, -28.3548298], [-56.8609643, -28.3654039], [-56.8703413, -28.3700486], [-56.8766928, -28.375807], [-56.8883443, -28.3763923], [-56.8980003, -28.3808289], [-56.9052905, -28.3829055], [-56.9121, -28.3829], [-56.9195, -28.3886], [-56.9261, -28.3935], [-56.9304, -28.3915], [-56.9387, -28.3964], [-56.9452, -28.4064], [-56.9501, -28.4109], [-56.9644, -28.4181], [-56.9667, -28.4232], [-56.9695, -28.4272], [-56.9792, -28.4318], [-56.9898, -28.4375], [-56.9955, -28.442], [-57.0012, -28.4446], [-57.0046, -28.4509], [-57.0106, -28.4569], [-57.0161, -28.4623], [-57.0243, -28.4672], [-57.0332, -28.4706], [-57.0523, -28.482], [-57.062, -28.49], [-57.0737, -28.4894], [-57.0789, -28.4914], [-57.0846, -28.4966], [-57.0866, -28.5029], [-57.0937, -28.5066], [-57.1054, -28.5129], [-57.1248, -28.5226], [-57.1311, -28.5251], [-57.1588417, -28.5320269], [-57.1585107, -28.5320687], [-57.1538542, -28.5334614], [-57.1488121, -28.5349694], [-57.1451703, -28.5360586], [-57.1394921, -28.5377568], [-57.1391787, -28.5377825], [-57.1388821, -28.5377494], [-57.1349052, -28.5365113], [-57.1332836, -28.5357435], [-57.1260472, -28.5323171], [-57.1257362, -28.5320723], [-57.1255671, -28.5318008], [-57.1238239, -28.5273539], [-57.1235688, -28.5269949], [-57.1231504, -28.5266112], [-57.1193994, -28.5242182], [-57.1189364, -28.5239654], [-57.1136441, -28.5217334], [-57.111604, -28.5208477], [-57.1094905, -28.5197228], [-57.1079393, -28.5187202], [-57.1077397, -28.5185912], [-57.1068877, -28.5179901], [-57.1048715, -28.5161026], [-57.1034434, -28.5147212], [-57.1028766, -28.5143657], [-57.0913319, -28.507297], [-57.090814, -28.5070913], [-57.0876758, -28.5061205], [-57.0781577, -28.5030577], [-57.0649034, -28.4987997], [-57.0602863, -28.4975443], [-57.0593228, -28.4972983], [-57.058877, -28.4970957], [-57.0514198, -28.4911714], [-57.0474715, -28.4880388], [-57.0439137, -28.4852076], [-57.0428512, -28.4843576], [-57.0423682, -28.4840684], [-57.0417374, -28.4837791], [-57.0312169, -28.4786825], [-57.0210378, -28.473634], [-57.0201274, -28.4732335], [-57.0193827, -28.4729593], [-57.014649, -28.4712678], [-57.0143015, -28.4710681], [-57.0116423, -28.4692657], [-57.0112616, -28.468852], [-57.0110042, -28.4685033], [-57.0096555, -28.4657375], [-57.0086751, -28.4637319], [-57.0085015, -28.4634308], [-57.0082539, -28.463173], [-57.0043563, -28.4590662], [-56.9925267, -28.4470098], [-56.9921854, -28.4467529], [-56.984716, -28.4415862], [-56.9749192, -28.4352256], [-56.9743448, -28.4348963], [-56.9447045, -28.4185941], [-56.9442068, -28.4182775], [-56.9438323, -28.4179609], [-56.9208208, -28.3959478], [-56.9204769, -28.3956933], [-56.9200098, -28.3954388], [-56.9104192, -28.3914903], [-56.8978919, -28.3862405], [-56.8927043, -28.3839268], [-56.8885687, -28.3820822], [-56.888171, -28.3819455], [-56.8876458, -28.3818088], [-56.879419, -28.3804482], [-56.8745598, -28.3797352], [-56.8739564, -28.3796228], [-56.8736927, -28.3795478], [-56.8726167, -28.3790597], [-56.8633407, -28.3745044], [-56.8630128, -28.3743747], [-56.8625957, -28.3742693], [-56.8460577, -28.3706444], [-56.8456552, -28.3704952], [-56.8453761, -28.3703334], [-56.8451961, -28.3701716], [-56.8441821, -28.3690765], [-56.8161477, -28.3348875], [-56.8160443, -28.3347709], [-56.8158419, -28.3346419], [-56.8109075, -28.3315905], [-56.8064427, -28.3288294], [-56.8062118, -28.3286007], [-56.804144, -28.3253435], [-56.8016615, -28.3213812], [-56.7912528, -28.3046988], [-56.7909269, -28.3042062], [-56.7780496, -28.2872112], [-56.7777775, -28.2870385], [-56.7774487, -28.2869656], [-56.7771393, -28.2869473], [-56.7768158, -28.2870412], [-56.7598106, -28.2962995], [-56.7500152, -28.2732939], [-56.7381185, -28.2453079], [-56.7315087, -28.2297094], [-56.7300965, -28.2261807], [-56.7285926, -28.2226775], [-56.7270029, -28.2192025], [-56.7253674, -28.215357], [-56.7201231, -28.203023], [-56.7186993, -28.1996741], [-56.7158047, -28.1928668], [-56.7114765, -28.182687], [-56.7086644, -28.1760754], [-56.7082623, -28.1751296], [-56.7074122, -28.1731302], [-56.703168, -28.163087], [-56.6972751, -28.1491405], [-56.6913266, -28.1350609], [-56.6879541, -28.127351], [-56.687646, -28.1268156], [-56.6872728, -28.1263806], [-56.6814548, -28.119794], [-56.6707028, -28.1076722], [-56.6689485, -28.1056943], [-56.6646616, -28.1008742], [-56.6645013, -28.1006507], [-56.6630769, -28.0990096], [-56.6625832, -28.0983592], [-56.6618781, -28.0972928], [-56.6583033, -28.0912773], [-56.6555433, -28.0866327], [-56.6553512, -28.0863094], [-56.6491241, -28.0761158], [-56.6467102, -28.0720356], [-56.6466561, -28.0719455], [-56.6418664, -28.0639698], [-56.6415118, -28.0634524], [-56.6411572, -28.0630641], [-56.6405456, -28.0624455], [-56.6402005, -28.0621266], [-56.6333098, -28.0566439], [-56.612323, -28.040048], [-56.6065636, -28.0355124], [-56.6026937, -28.0324368], [-56.6003613, -28.0305875], [-56.5983105, -28.0289628], [-56.5941523, -28.0256686], [-56.5938474, -28.0253973], [-56.5935843, -28.0251418], [-56.5932898, -28.0248087], [-56.5930089, -28.0243944], [-56.5928022, -28.0240074], [-56.5909064, -28.0191767], [-56.5893062, -28.0150583], [-56.5891937, -28.0147685], [-56.5868424, -28.0088127], [-56.5846697, -28.0032667], [-56.5844945, -28.0029649], [-56.5842475, -28.0026196], [-56.5839655, -28.0022568], [-56.5835859, -28.0018939], [-56.5832032, -28.0015965], [-56.5826579, -28.001299], [-56.5512734, -27.9842983], [-56.5506273, -27.9839056], [-56.5501823, -27.9835584], [-56.5498511, -27.9832256], [-56.5443463, -27.9774259], [-56.5275216, -27.9601555], [-56.5271712, -27.9597514], [-56.5190279, -27.9485096], [-56.5007628, -27.9231801], [-56.5005047, -27.9227109], [-56.5004406, -27.9225253], [-56.5003766, -27.9222417], [-56.4999729, -27.9190711], [-56.4998822, -27.918359], [-56.4998106, -27.9177793], [-56.4894086, -27.8406172], [-56.4893341, -27.8402366], [-56.4892379, -27.8398531], [-56.4886052, -27.8385777], [-56.4847492, -27.8314884], [-56.4804354, -27.8234725], [-56.480219, -27.8230224], [-56.4800786, -27.8224747], [-56.4800026, -27.821965], [-56.4778516, -27.7697292], [-56.4773168, -27.7588136], [-56.4772344, -27.7569686], [-56.4771614, -27.7561708], [-56.4757389, -27.7442693], [-56.4755067, -27.7424325], [-56.4753883, -27.7414957], [-56.4753835, -27.7414403], [-56.4753707, -27.7413408], [-56.4749492, -27.7367833], [-56.4735153, -27.7255176], [-56.4734533, -27.7245534], [-56.4734771, -27.7235892], [-56.4750596, -27.7020723], [-56.4764158, -27.6834476], [-56.4763826, -27.6830667], [-56.4763039, -27.6827568], [-56.4761715, -27.6823423], [-56.475682, -27.6813401], [-56.4675966, -27.6638708], [-56.466744, -27.6619879], [-56.4649201, -27.6580918], [-56.4617962, -27.6513921], [-56.4506271, -27.6271418], [-56.444869, -27.6145707], [-56.4438671, -27.6124119], [-56.4419213, -27.6082193], [-56.4419673, -27.6078364], [-56.4420287, -27.6076674], [-56.4420887, -27.6075462], [-56.4421239, -27.6074072], [-56.4421419, -27.6073364], [-56.4585179, -27.599758], [-56.4617325, -27.5983096], [-56.4620125, -27.5981835], [-56.4656105, -27.596682], [-56.4715719, -27.5939285], [-56.4776391, -27.5912423], [-56.4897155, -27.5859091], [-56.496769, -27.5828004], [-56.5011798, -27.5808564], [-56.5034804, -27.5798775], [-56.5049076, -27.5792151], [-56.5060618, -27.5787031], [-56.5081198, -27.5778677], [-56.5536221, -27.5573416], [-56.5549201, -27.5568309], [-56.5562665, -27.5565419], [-56.5570489, -27.5564314], [-56.5577854, -27.5563912], [-56.5592579, -27.5564297], [-56.560711, -27.5566372], [-56.562032, -27.5570425], [-56.6186928, -27.5786344], [-56.6187479, -27.5786549], [-56.6187958, -27.5786727], [-56.6246974, -27.5809029], [-56.6328261, -27.5840924], [-56.6336667, -27.5844909], [-56.6354355, -27.5851926], [-56.6361655, -27.5854833], [-56.6373056, -27.5859556], [-56.6376049, -27.5860658], [-56.6378441, -27.5861487], [-56.6380836, -27.5862166], [-56.638496, -27.5863511], [-56.640139, -27.5870149], [-56.6447807, -27.5888813], [-56.6486943, -27.5904664], [-56.6524941, -27.5919921], [-56.6693252, -27.5988253], [-56.6697061, -27.5989584], [-56.6700548, -27.599063], [-56.671307, -27.5993548], [-56.6719348, -27.5996007], [-56.6724326, -27.5998784], [-56.6727952, -27.6001399], [-56.6730073, -27.6003359], [-56.6732347, -27.6004721], [-56.673542, -27.6005756], [-56.6738462, -27.6006001], [-56.6742703, -27.6006382], [-56.6747497, -27.6007363], [-56.6753913, -27.6009877], [-56.6767377, -27.6017591], [-56.677597, -27.6021647], [-56.6843223, -27.6048212], [-56.6847245, -27.60498], [-56.6851961, -27.6051663], [-56.6862026, -27.6055639], [-56.6890438, -27.6066553], [-56.6891096, -27.6066906], [-56.692087, -27.6078747], [-56.6940923, -27.6086794], [-56.6954265, -27.6092148], [-56.6979857, -27.6102237], [-56.7014472, -27.6115882], [-56.7064013, -27.6135411], [-56.7105923, -27.6151932], [-56.7108114, -27.6152795], [-56.7137103, -27.61643], [-56.7138053, -27.6164677], [-56.7164801, -27.6175293], [-56.7167787, -27.6176478], [-56.7187937, -27.6184475], [-56.7229854, -27.6201111], [-56.7265341, -27.6215194], [-56.7360254, -27.625286], [-56.7372642, -27.6257249], [-56.737816, -27.6258806], [-56.7385403, -27.6260145], [-56.7472116, -27.6270908], [-56.7533694, -27.6277609], [-56.7572793, -27.6282751], [-56.7576541, -27.628324], [-56.7724324, -27.6302524], [-56.7725188, -27.6302637], [-56.7740202, -27.6304607], [-56.8056074, -27.6346044], [-56.807274, -27.6348182], [-56.8082488, -27.634844], [-56.8094251, -27.6347674], [-56.813741, -27.6341676], [-56.8316172, -27.6316831], [-56.8387832, -27.6306604], [-56.8425137, -27.6301687], [-56.8437368, -27.6300356], [-56.8447882, -27.6300736], [-56.8459898, -27.6302257], [-56.8470842, -27.6304728], [-56.8481141, -27.630796], [-56.8536368, -27.6326074], [-56.8628192, -27.635619], [-56.8637409, -27.6358481], [-56.8647485, -27.6360392], [-56.8657224, -27.6360951], [-56.8670094, -27.6360294], [-56.8854136, -27.6343447], [-56.8942335, -27.6335373], [-56.9008614, -27.6329193], [-56.9012273, -27.6328735], [-56.9013539, -27.6328595], [-56.9019492, -27.6327731], [-56.9023879, -27.6326911], [-56.9030005, -27.6325461], [-56.9042381, -27.632118], [-56.9047292, -27.6318908], [-56.9069462, -27.6307326], [-56.9077973, -27.6302955], [-56.9078515, -27.6302684], [-56.9087757, -27.6297794], [-56.9091282, -27.6295929], [-56.9128949, -27.6276577], [-56.9135159, -27.6273972], [-56.9140662, -27.6271869], [-56.9143034, -27.6271182], [-56.9147672, -27.6269839], [-56.9154488, -27.6268429], [-56.9175528, -27.6265386], [-56.9196077, -27.6262418], [-56.9237002, -27.6256507], [-56.9289166, -27.6248679], [-56.9338608, -27.6241259], [-56.9528956, -27.6212226], [-56.9726642, -27.6182217], [-56.9941994, -27.6149526], [-56.9953744, -27.6147017], [-56.996422, -27.6144007], [-56.9978802, -27.6138989], [-57.0052134, -27.6108381], [-57.013563, -27.6073849], [-57.0166935, -27.6061959], [-57.0726622, -27.5847948], [-57.0727374, -27.5847661], [-57.0735138, -27.5844693], [-57.0736881, -27.5844026], [-57.0829645, -27.5808553], [-57.1471532, -27.5550316], [-57.1493295, -27.554156], [-57.1497211, -27.5539984], [-57.1498372, -27.5542284], [-57.1508812, -27.5562971], [-57.1696293, -27.5934397], [-57.1701592, -27.5945866], [-57.1703431, -27.5952217], [-57.1704304, -27.5956242], [-57.1705167, -27.5966181], [-57.1698312, -27.6055507], [-57.1697883, -27.6068437], [-57.1698526, -27.6079655], [-57.1702174, -27.6124909], [-57.1703033, -27.6138789], [-57.1702603, -27.6152669], [-57.1699814, -27.6178146], [-57.1700243, -27.6188223], [-57.1701745, -27.6198489], [-57.170432, -27.6207045], [-57.1747864, -27.6313693], [-57.1749333, -27.6317533], [-57.175014, -27.6319627], [-57.1753244, -27.6325295], [-57.1757038, -27.6331801], [-57.176011, -27.6335751], [-57.1769122, -27.6345446], [-57.1821976, -27.6406996], [-57.1869296, -27.646059], [-57.1877286, -27.6470543], [-57.1879596, -27.647342], [-57.1885175, -27.6482069], [-57.1890539, -27.6493284], [-57.1892446, -27.6498567], [-57.1893151, -27.6501932], [-57.1893961, -27.6507414], [-57.1894696, -27.6517775], [-57.189762, -27.6577483], [-57.1898371, -27.658425], [-57.1899122, -27.6588886], [-57.1900585, -27.6594139], [-57.190277, -27.660067], [-57.1906632, -27.6611883], [-57.1927577, -27.6666084], [-57.192965, -27.6672896], [-57.1931482, -27.6681838], [-57.1932413, -27.6689981], [-57.1932382, -27.6700253], [-57.1930451, -27.6720777], [-57.1930545, -27.6728208], [-57.1930879, -27.6733509], [-57.1932141, -27.6740514], [-57.1933884, -27.6746241], [-57.1936085, -27.6751338], [-57.1939248, -27.6757073], [-57.1946329, -27.6767144], [-57.1951118, -27.6772571], [-57.1957711, -27.6778105], [-57.1966928, -27.6784246], [-57.1980233, -27.6792607], [-57.2003924, -27.6807061], [-57.2033224, -27.6824936], [-57.204292, -27.6829787], [-57.2130867, -27.6870762], [-57.2144741, -27.6877368], [-57.2148174, -27.6879221], [-57.2151192, -27.6880966], [-57.2154383, -27.6883056], [-57.2157379, -27.6885264], [-57.2160673, -27.6887866], [-57.2164173, -27.6891131], [-57.2167352, -27.6894338], [-57.2170127, -27.6897452], [-57.21745, -27.6903185], [-57.2178159, -27.6908957], [-57.2185797, -27.6921154], [-57.2196153, -27.6938004], [-57.2275739, -27.7067496], [-57.2277909, -27.7071869], [-57.2279791, -27.7077956], [-57.2280799, -27.7083904], [-57.2294802, -27.7162896], [-57.2298879, -27.7179042], [-57.2301617, -27.7186165], [-57.2305677, -27.7194991], [-57.2310604, -27.7202009], [-57.2316973, -27.7209239], [-57.2327846, -27.7219691], [-57.2387284, -27.7273255], [-57.2398871, -27.7283701], [-57.2404382, -27.72896], [-57.2409171, -27.7295287], [-57.24261, -27.7319454], [-57.2468552, -27.738005], [-57.2469424, -27.7381295], [-57.2490362, -27.7411182], [-57.2532614, -27.747149], [-57.253384, -27.747324], [-57.2576755, -27.7534007], [-57.2599571, -27.7563102], [-57.2623813, -27.7593185], [-57.2647376, -27.7622424], [-57.2670625, -27.7652988], [-57.2675043, -27.7661495], [-57.2677329, -27.7667126], [-57.268019, -27.7677008], [-57.2681692, -27.7685267], [-57.2686949, -27.7716595], [-57.2688719, -27.772229], [-57.2691294, -27.7728129], [-57.2694137, -27.7733872], [-57.2699609, -27.7741893], [-57.2705241, -27.7748119], [-57.27113, -27.7753152], [-57.2717954, -27.7757912], [-57.2729538, -27.7763837], [-57.2733177, -27.7765698], [-57.274287, -27.7770124], [-57.2802031, -27.7795508], [-57.2803118, -27.7795926], [-57.2804618, -27.7796593], [-57.2808098, -27.7798051], [-57.2813533, -27.7800293], [-57.2833639, -27.7808855], [-57.2842813, -27.7812605], [-57.2853053, -27.7815718], [-57.2855169, -27.7816358], [-57.2877767, -27.782319], [-57.2936023, -27.7841269], [-57.2986423, -27.7859761], [-57.3024082, -27.7873981], [-57.305111, -27.7884187], [-57.308467, -27.789686], [-57.3089068, -27.7898861], [-57.3100174, -27.7903913], [-57.3129636, -27.7919717], [-57.3164533, -27.7939758], [-57.3183215, -27.7951559], [-57.3192227, -27.7957633], [-57.320124, -27.7965036], [-57.3207248, -27.797149], [-57.3212612, -27.7978513], [-57.3217333, -27.7987054], [-57.3237503, -27.8033368], [-57.3241151, -27.804134], [-57.3243319, -27.8045251], [-57.324613, -27.8049542], [-57.3265827, -27.8076073], [-57.3276127, -27.80886], [-57.3279401, -27.809242], [-57.3284066, -27.8096571], [-57.3290718, -27.8101885], [-57.331518, -27.8120864], [-57.3354488, -27.8149234], [-57.3361303, -27.8153915], [-57.3367, -27.8158442], [-57.3371613, -27.8162712], [-57.3580826, -27.8366803], [-57.3748166, -27.8521016], [-57.3802976, -27.8569715], [-57.3830408, -27.8594088], [-57.3974217, -27.872267], [-57.4050272, -27.8790667], [-57.4053562, -27.8793608], [-57.4138924, -27.886992], [-57.4148438, -27.8878425], [-57.4227183, -27.8948816], [-57.428571, -27.900113], [-57.4291826, -27.900625], [-57.4296654, -27.9009663], [-57.4302769, -27.9013835], [-57.4322075, -27.902484], [-57.4341638, -27.9036344], [-57.4418926, -27.9081791], [-57.445262, -27.9101747], [-57.4530745, -27.9148095], [-57.4541747, -27.9154748], [-57.4550284, -27.9159084], [-57.45623, -27.9165531], [-57.4568308, -27.916828], [-57.457496, -27.917103], [-57.464856, -27.9200039], [-57.4658055, -27.9202883], [-57.4666262, -27.9204589], [-57.467624, -27.9206106], [-57.4736547, -27.9213245], [-57.4852163, -27.9225874], [-57.4863347, -27.9227201], [-57.4868953, -27.9227959], [-57.4875444, -27.9229381], [-57.4884832, -27.9232131], [-57.4947517, -27.9251384], [-57.5378, -27.981], [-57.5767, -27.9771], [-57.5847894, -27.9872606], [-57.5921, -27.9919], [-57.6017, -28.001], [-57.5993, -28.0185], [-57.6117, -28.0198], [-57.6282, -28.0437], [-57.6248, -28.0825], [-57.6605, -28.105], [-57.6612, -28.133], [-57.6489, -28.1587], [-57.6594, -28.1758], [-57.6601, -28.187], [-57.6496, -28.1932], [-57.6522, -28.2081], [-57.6805, -28.2323], [-57.6858, -28.2571], [-57.7259, -28.276], [-57.7371, -28.31], [-57.7628, -28.3248], [-57.7662, -28.3564], [-57.7815, -28.3751], [-57.8397, -28.4117], [-57.8643, -28.4139], [-57.8704749, -28.4238263], [-57.875, -28.4311], [-57.8868, -28.4274], [-57.8866, -28.4358], [-57.9057, -28.4537], [-57.9481, -28.4773], [-57.9576, -28.4913], [-57.9707, -28.4934], [-57.9877972, -28.5223091], [-57.9914, -28.5284], [-58.0089, -28.5167], [-58.0348, -28.5232], [-58.0332, -28.5439], [-58.0492, -28.5428], [-58.0726, -28.5568], [-58.0945, -28.5493], [-58.1026286, -28.5378391], [-58.102755, -28.5379503], [-58.1039577, -28.5389699], [-58.104852, -28.5397072], [-58.1060108, -28.541139], [-58.1077874, -28.5435084], [-58.1095755, -28.5458212], [-58.1100212, -28.546449], [-58.1141294, -28.5521254], [-58.1165838, -28.5553547], [-58.1196665, -28.559468], [-58.1302034, -28.5735264], [-58.1334568, -28.5778671], [-58.135222, -28.5803437], [-58.1397117, -28.5866426], [-58.1444244, -28.5930169], [-58.1491169, -28.5999712], [-58.150174, -28.6012847], [-58.1509871, -28.6021414], [-58.1531548, -28.6043683], [-58.1536698, -28.6048974], [-58.1541045, -28.6053439], [-58.1549062, -28.6061675], [-58.1559469, -28.6074381], [-58.1569552, -28.6088515], [-58.1595546, -28.6130929], [-58.1605978, -28.6149902], [-58.1614109, -28.6161465], [-58.1617386, -28.6166013], [-58.1621411, -28.6170889], [-58.1631184, -28.617831], [-58.1641429, -28.6184449], [-58.1650172, -28.6189174], [-58.1673436, -28.6201746], [-58.1742253, -28.6238407], [-58.1796499, -28.6269335], [-58.180665, -28.6275663], [-58.1989935, -28.6400138], [-58.1994024, -28.6402915], [-58.2248322, -28.6570663], [-58.233077, -28.6624887], [-58.234069, -28.6632878], [-58.2349308, -28.6641011], [-58.2362481, -28.6654566], [-58.2389135, -28.6686708], [-58.2401997, -28.6700083], [-58.2413055, -28.67095], [-58.2417845, -28.6713117], [-58.2425251, -28.6717062], [-58.2442652, -28.6725194], [-58.2638502, -28.6810796], [-58.2649635, -28.6815662], [-58.265752, -28.6819906], [-58.2663163, -28.6823495], [-58.2677798, -28.6833624], [-58.2701287, -28.6850779], [-58.2737642, -28.6876279], [-58.2752115, -28.6885552], [-58.2759921, -28.6890402], [-58.2768377, -28.6894111], [-58.282495, -28.6916175], [-58.2828686, -28.6917632], [-58.2887251, -28.6940473], [-58.2897008, -28.6944753], [-58.290579, -28.6949603], [-58.2912945, -28.6954167], [-58.2914829, -28.6955641], [-58.2918962, -28.6958875], [-58.2925141, -28.6964723], [-58.2931646, -28.6972283], [-58.2934265, -28.6975886], [-58.293994, -28.6983695], [-58.3005851, -28.7107906], [-58.300889, -28.7113634], [-58.3015557, -28.7124616], [-58.3019419, -28.713068], [-58.3023281, -28.7134451], [-58.3032739, -28.7142746], [-58.3061694, -28.716835], [-58.3092445, -28.7195108], [-58.3097803, -28.7199807], [-58.311106, -28.7210817], [-58.3132968, -28.7229011], [-58.3146953, -28.7241846], [-58.3165329, -28.7261526], [-58.3178481, -28.727719], [-58.3225724, -28.7333461], [-58.3266832, -28.7382421], [-58.3294976, -28.741594], [-58.3295587, -28.7416668], [-58.3341734, -28.747275], [-58.3343105, -28.7474416], [-58.3410368, -28.7556155], [-58.3456164, -28.7611803], [-58.352179, -28.7683265], [-58.3587254, -28.7752425], [-58.3587385, -28.7752563], [-58.3658745, -28.7827947], [-58.3663756, -28.7834212], [-58.3664077, -28.7834769], [-58.3694003, -28.788666], [-58.3757259, -28.7998557], [-58.3773849, -28.802746], [-58.3802254, -28.807002], [-58.3873964, -28.8169814], [-58.3885045, -28.8185641], [-58.3889903, -28.8191412], [-58.3897764, -28.8197306], [-58.3899003, -28.8198143], [-58.3906304, -28.8203076], [-58.3914839, -28.8208704], [-58.3916751, -28.8210081], [-58.3958329, -28.8240033], [-58.3980627, -28.8256017], [-58.3989263, -28.8262207], [-58.4012898, -28.827766], [-58.4021589, -28.8283346], [-58.4030654, -28.8287396], [-58.4045259, -28.8292334], [-58.4099346, -28.831154], [-58.4106241, -28.8313988], [-58.4116036, -28.8317542], [-58.4121721, -28.8320441], [-58.4127828, -28.8324601], [-58.4133561, -28.8329089], [-58.4195958, -28.8384153], [-58.42204, -28.8407723], [-58.4236336, -28.8420686], [-58.424341, -28.8426162], [-58.4250484, -28.8430657], [-58.4350628, -28.8483917], [-58.4356349, -28.8488061], [-58.4362691, -28.8493474], [-58.4397492, -28.8525664], [-58.454748, -28.8664945], [-58.457323, -28.8687506], [-58.4577877, -28.8691215], [-58.4580479, -28.8692785], [-58.4589958, -28.8699266], [-58.4759156, -28.8812767], [-58.4881915, -28.8894276], [-58.489852, -28.8905033], [-58.4900454, -28.8906064], [-58.4913481, -28.8913007], [-58.4927954, -28.8919698], [-58.5044559, -28.8971194], [-58.5084868, -28.898843], [-58.5091195, -28.8992108], [-58.509676, -28.8996094], [-58.5157654, -28.9052968], [-58.5255879, -28.9144348], [-58.5291307, -28.9176798], [-58.5309413, -28.9192729], [-58.5337544, -28.9216386], [-58.5383506, -28.9252065], [-58.5422371, -28.9283493], [-58.5514818, -28.9355129], [-58.5510866, -28.9356613], [-58.555, -28.9517], [-58.5333, -28.9701], [-58.5045, -28.9658], [-58.503, -28.9749], [-58.4799, -28.9818], [-58.4767, -28.9896], [-58.4631, -28.9813], [-58.4533, -28.9961], [-58.4323, -28.9945], [-58.4263, -28.9919], [-58.364, -28.9821], [-58.3366, -28.9599], [-58.3126, -28.9592], [-58.2966, -28.9621], [-58.289, -28.9621], [-58.2647, -28.9476], [-58.2306, -28.9224], [-58.1454, -28.9155], [-58.0753, -28.885], [-58.0327, -28.8881], [-57.9984, -28.8523], [-57.9565, -28.8333], [-57.9085, -28.834], [-57.8956, -28.815], [-57.8712, -28.8142], [-57.8461, -28.7944], [-57.8065, -28.7975], [-57.7799, -28.7708], [-57.7418, -28.7625], [-57.723, -28.7408], [-57.7204, -28.7388], [-57.6931, -28.7375], [-57.6609, -28.7657], [-57.6266, -28.7714], [-57.6163, -28.7406], [-57.5627, -28.7383], [-57.5354, -28.7593], [-57.533, -28.7466], [-57.4836, -28.6991], [-57.4538, -28.6782], [-57.4349536, -28.6776247]]], [[[-57.4099, -28.0355], [-57.4091, -28.0342], [-57.4082, -28.0318], [-57.4065, -28.0321], [-57.4037, -28.0217], [-57.4008, -28.0108], [-57.3989, -28.0038], [-57.3975, -28.0039], [-57.3924, -28.0042], [-57.3931, -28.0181], [-57.3932, -28.0197], [-57.3931, -28.0213], [-57.4005, -28.0335], [-57.4018, -28.0401], [-57.402, -28.0407], [-57.4032, -28.0467], [-57.4048, -28.0464], [-57.4083, -28.0455], [-57.4095, -28.0453], [-57.4099, -28.0355]]], [[[-57.6267, -28.3957], [-57.6413799, -28.409596], [-57.6393199, -28.4209383], [-57.6384402, -28.4349401], [-57.6376677, -28.4420346], [-57.6391697, -28.4487512], [-57.6384401, -28.4530056], [-57.6367235, -28.4590236], [-57.6362086, -28.4698042], [-57.6500488, -28.4798764], [-57.6688028, -28.4974911], [-57.6844937, -28.5083904], [-57.7055919, -28.5107002], [-57.7207948, -28.5258682], [-57.7419841, -28.5430795], [-57.7479601, -28.5530127], [-57.75311, -28.5621724], [-57.7543545, -28.5672608], [-57.7534533, -28.5829012], [-57.7525011, -28.5974962], [-57.7493763, -28.6006871], [-57.7306652, -28.5781905], [-57.7077486, -28.5610038], [-57.6856471, -28.5500724], [-57.6712275, -28.5573477], [-57.6645756, -28.5424951], [-57.6539755, -28.5384989], [-57.6538897, -28.5345025], [-57.6422167, -28.5342763], [-57.6336337, -28.5297519], [-57.627486, -28.5223899], [-57.6150298, -28.5118221], [-57.6094, -28.5055], [-57.6091, -28.5052], [-57.6043, -28.5005], [-57.6038, -28.4991], [-57.6037, -28.4988], [-57.6031, -28.4974], [-57.6023, -28.4951], [-57.6001, -28.4935], [-57.5984, -28.4923], [-57.5945, -28.4894], [-57.5943, -28.4892], [-57.5941, -28.4891], [-57.592, -28.4874], [-57.5911, -28.4867], [-57.591, -28.4866], [-57.5885, -28.4846], [-57.5878, -28.4842], [-57.5875, -28.484], [-57.5873, -28.4839], [-57.5858, -28.483], [-57.5857, -28.4829], [-57.5852, -28.4826], [-57.5837, -28.48], [-57.5838, -28.4796], [-57.5841, -28.4786], [-57.5845, -28.4769], [-57.5845, -28.4768], [-57.5848, -28.4758], [-57.5848335, -28.4755808], [-57.5850964, -28.474864], [-57.5856, -28.4728], [-57.5842, -28.4686], [-57.5841, -28.4685], [-57.5838, -28.4674], [-57.5837, -28.4671], [-57.5828, -28.4646], [-57.5818, -28.4653], [-57.5806, -28.4661], [-57.5805, -28.4661], [-57.5797, -28.4666], [-57.5788, -28.4672], [-57.5786, -28.4673], [-57.5782, -28.4676], [-57.5791, -28.4703], [-57.5794, -28.4713], [-57.5769, -28.4722], [-57.5753, -28.4726], [-57.5753, -28.4725], [-57.5751, -28.4724], [-57.5734, -28.4711], [-57.5703, -28.4687], [-57.569903, -28.4683028], [-57.5684, -28.4672], [-57.5683, -28.4671], [-57.5677, -28.4667], [-57.5671, -28.4662], [-57.5641, -28.4639], [-57.558, -28.4703], [-57.5443, -28.4848], [-57.5390912, -28.4683894], [-57.4984986, -28.4327135], [-57.5164318, -28.4316945], [-57.5480175, -28.4326946], [-57.55409, -28.4396761], [-57.5603986, -28.4445062], [-57.5718141, -28.4421855], [-57.5779939, -28.4464684], [-57.5888515, -28.4351287], [-57.597456, -28.4216932], [-57.5842166, -28.4179566], [-57.5694108, -28.4108227], [-57.5691426, -28.3997058], [-57.5691909, -28.3997105], [-57.5694859, -28.3997105], [-57.5695986, -28.39972], [-57.5696763, -28.39972], [-57.5699419, -28.3996987], [-57.5700116, -28.3996846], [-57.5700974, -28.3996633], [-57.570127, -28.3996492], [-57.5701618, -28.3996421], [-57.5702718, -28.3996303], [-57.570363, -28.3996303], [-57.5703979, -28.3996327], [-57.5704354, -28.3996398], [-57.5704649, -28.3996515], [-57.5705507, -28.3996964], [-57.5705937, -28.3997035], [-57.5706258, -28.3997129], [-57.570658, -28.3997129], [-57.5706875, -28.3996964], [-57.5707278, -28.3996232], [-57.5707519, -28.3995996], [-57.5707814, -28.3995855], [-57.5708511, -28.3995643], [-57.5708967, -28.3995171], [-57.5709336, -28.3994858], [-57.5723961, -28.4013963], [-57.578305, -28.3978018], [-57.5823015, -28.3948937], [-57.5810945, -28.3898053], [-57.5786913, -28.3843874], [-57.5772, -28.3772], [-57.6267, -28.3957]]], [[[-57.7057, -28.3987], [-57.7053, -28.3989], [-57.7032, -28.3999], [-57.703198, -28.3999925], [-57.704, -28.4012], [-57.7046, -28.4022], [-57.7022, -28.4048], [-57.6738, -28.4056], [-57.6738, -28.4036], [-57.6712, -28.4036], [-57.6712, -28.4038], [-57.6711, -28.4038], [-57.6712, -28.4039], [-57.6714, -28.4077], [-57.6708, -28.4077], [-57.6688, -28.4078], [-57.6686, -28.4028], [-57.6502, -28.4033], [-57.6458429, -28.3908354], [-57.6464, -28.3907], [-57.65, -28.39], [-57.6617, -28.3876], [-57.6627, -28.3874], [-57.6659, -28.3867], [-57.6671, -28.3865], [-57.6684, -28.3862], [-57.6687, -28.3861], [-57.6742999, -28.3849998], [-57.6759857, -28.3846281], [-57.6795074, -28.3838966], [-57.6857436, -28.3874456], [-57.7057, -28.3987]]], [[[-57.6442, -28.4357], [-57.6509, -28.4446], [-57.6573, -28.4492], [-57.6725, -28.4602], [-57.6732, -28.4607], [-57.6732, -28.4599], [-57.6741, -28.4429], [-57.6745, -28.4349], [-57.6783, -28.4384], [-57.6895, -28.4491], [-57.6899, -28.4511], [-57.6918, -28.4591], [-57.6919, -28.4594], [-57.6897, -28.4677], [-57.694, -28.4683], [-57.6941, -28.4686], [-57.6949, -28.4721], [-57.6966, -28.4793], [-57.6967, -28.4798], [-57.6985, -28.4875], [-57.7114, -28.5017], [-57.6992083, -28.5019226], [-57.6944018, -28.4928331], [-57.6748753, -28.4904569], [-57.6749182, -28.4823472], [-57.6593399, -28.4753308], [-57.6484395, -28.4702003], [-57.6424742, -28.4647677], [-57.6439763, -28.4548072], [-57.6443625, -28.4502039], [-57.6442, -28.4357]]], [[[-57.21, -28.1769], [-57.2201, -28.1572], [-57.2208, -28.1559], [-57.2152, -28.1502], [-57.2232, -28.1381], [-57.2273, -28.1368], [-57.2352, -28.1341], [-57.2411, -28.132], [-57.2558, -28.1293], [-57.2632, -28.1428], [-57.271, -28.1572], [-57.2967, -28.1834], [-57.3161, -28.1848], [-57.2886, -28.1577], [-57.3043, -28.138], [-57.311, -28.1408], [-57.3247, -28.1465], [-57.3252, -28.1445], [-57.3232, -28.1397], [-57.3225, -28.138], [-57.3401, -28.1447], [-57.3429, -28.1458], [-57.3447, -28.1465], [-57.3591, -28.1423], [-57.3736, -28.1381], [-57.3758, -28.1373], [-57.38, -28.1361], [-57.3804, -28.138], [-57.3805, -28.1395], [-57.3805, -28.1419], [-57.3853, -28.1457], [-57.3865, -28.1465], [-57.3865, -28.1466], [-57.3869, -28.1506], [-57.3868, -28.1507], [-57.3871, -28.1558], [-57.3872, -28.1561], [-57.3871, -28.1561], [-57.387, -28.1562], [-57.387, -28.1569], [-57.3875, -28.1574], [-57.3876, -28.1576], [-57.3877, -28.1576], [-57.3877, -28.1585], [-57.387, -28.1759], [-57.387, -28.176], [-57.3722, -28.1806], [-57.371, -28.181], [-57.3777, -28.1951], [-57.3774, -28.1958], [-57.3739, -28.2061], [-57.3804, -28.2104], [-57.3932, -28.2152], [-57.3972, -28.228], [-57.398, -28.2306], [-57.3981, -28.2308], [-57.3829, -28.2502], [-57.3625, -28.2369], [-57.3552, -28.2318], [-57.3304, -28.2168], [-57.3295, -28.2179], [-57.3268, -28.221], [-57.2964, -28.2015], [-57.2927, -28.1991], [-57.2932, -28.1986], [-57.2947, -28.1972], [-57.296, -28.1959], [-57.2952, -28.1947], [-57.2912, -28.1893], [-57.2909, -28.1889], [-57.2908, -28.1887], [-57.29, -28.1877], [-57.2847, -28.1862], [-57.2822, -28.1851], [-57.2821, -28.1851], [-57.2817, -28.1855], [-57.2811, -28.1862], [-57.2807, -28.1866], [-57.2754, -28.192], [-57.2753, -28.1922], [-57.2723, -28.1952], [-57.2701, -28.1975], [-57.2663, -28.2014], [-57.2648, -28.2029], [-57.2646, -28.2032], [-57.2635, -28.2045], [-57.2612035, -28.2001959], [-57.2496808, -28.1990045], [-57.2466016, -28.1947022], [-57.2161746, -28.1952033], [-57.2154665, -28.1871088], [-57.2182989, -28.1767819], [-57.21, -28.1769]]], [[[-57.3184, -28.2396], [-57.304988, -28.2391825], [-57.2914267, -28.2323013], [-57.2871781, -28.2239828], [-57.2737, -28.2174], [-57.2742, -28.2169], [-57.2863, -28.2052], [-57.2882, -28.2034], [-57.2886, -28.2031], [-57.2899, -28.2017], [-57.2921, -28.2032], [-57.2933, -28.2039], [-57.3217, -28.2222], [-57.3197, -28.2245], [-57.3195, -28.2248], [-57.3194, -28.2248], [-57.3231, -28.2253], [-57.3248, -28.2256], [-57.3294, -28.2271], [-57.3308, -28.2277], [-57.3184, -28.2396]]], [[[-57.3364, -27.9341], [-57.3242, -27.9222], [-57.2971, -27.9165], [-57.2972, -27.9185], [-57.2978, -27.9287], [-57.3098, -27.932], [-57.3311, -27.948], [-57.3364, -27.9341]]]]}, "properties": {"osm_id": 10421198, "name": "Reserva Natural Iberá", "match": "Iberá", "protect_class": "6", "boundary": "protected_area"}}, {"type": "Feature", "geometry": {"type": "Polygon", "coordinates": [[[-67.2515144, -54.6427804], [-67.2517926, -54.6427933], [-67.2523469, -54.6427551], [-67.2528032, -54.6428274], [-67.2529122, -54.6429044], [-67.2529197, -54.64302], [-67.2527808, -54.6433033], [-67.2527164, -54.6434182], [-67.2527111, -54.6435299], [-67.2527272, -54.6436448], [-67.2528505, -54.6437348], [-67.2530651, -54.6438124], [-67.2532529, -54.6438527], [-67.2534514, -54.6438248], [-67.2536552, -54.6437472], [-67.2538805, -54.6437627], [-67.2540307, -54.6438248], [-67.2543687, -54.6439148], [-67.2546476, -54.6439397], [-67.254771, -54.6438652], [-67.2549748, -54.6438062], [-67.2552699, -54.6438124], [-67.2556322, -54.643811], [-67.2558922, -54.6438217], [-67.256155, -54.6437534], [-67.2563803, -54.6437379], [-67.2568309, -54.643741], [-67.2573137, -54.6437131], [-67.2575283, -54.6436106], [-67.2574854, -54.6434927], [-67.257421, -54.6433157], [-67.2574269, -54.6431314], [-67.2574586, -54.6430488], [-67.2576624, -54.6429805], [-67.2579253, -54.6429556], [-67.2581184, -54.6430146], [-67.2582471, -54.6430798], [-67.2584027, -54.6432319], [-67.258575, -54.6432765], [-67.2587192, -54.6433095], [-67.259025, -54.6432505], [-67.2594434, -54.6431698], [-67.2598243, -54.6431015], [-67.2601354, -54.6430332], [-67.2603037, -54.6430168], [-67.260549, -54.6431085], [-67.2607094, -54.6431978], [-67.2608382, -54.6433375], [-67.2609845, -54.6434063], [-67.2611386, -54.6434771], [-67.2613907, -54.6434368], [-67.2615409, -54.6433778], [-67.2617179, -54.6432567], [-67.2618681, -54.6432133], [-67.2621685, -54.6431916], [-67.2624099, -54.6431419], [-67.262587, -54.6430612], [-67.2627533, -54.6429649], [-67.2629732, -54.6429153], [-67.2632521, -54.6428625], [-67.2633863, -54.6429277], [-67.2635311, -54.6430488], [-67.2637081, -54.6431077], [-67.2638261, -54.6431015], [-67.2638959, -54.643027], [-67.2639334, -54.6429308], [-67.2639549, -54.6428346], [-67.2640568, -54.6427042], [-67.2642338, -54.6426266], [-67.2645211, -54.6426732], [-67.2646201, -54.6427042], [-67.2648239, -54.6428066], [-67.2651672, -54.6428501], [-67.265355, -54.6427756], [-67.2654194, -54.6427073], [-67.2653604, -54.6426297], [-67.2652745, -54.6424465], [-67.2651833, -54.6423162], [-67.2651029, -54.6421734], [-67.2651941, -54.6419936], [-67.2653604, -54.6419778], [-67.2655481, -54.6420492], [-67.2657305, -54.6421609], [-67.2660123, -54.6422914], [-67.2661114, -54.6423503], [-67.2663903, -54.6424403], [-67.2665995, -54.6424093], [-67.2666639, -54.6423255], [-67.2667296, -54.6421919], [-67.2670099, -54.6421284], [-67.2672379, -54.6421035], [-67.267372, -54.6420616], [-67.2674203, -54.6419949], [-67.2674391, -54.641911], [-67.2674391, -54.6418614], [-67.2673854, -54.6417465], [-67.2673935, -54.6416751], [-67.2675061, -54.6416286], [-67.2676054, -54.6416565], [-67.2676966, -54.6417077], [-67.2677636, -54.6417465], [-67.2678253, -54.6418226], [-67.2678924, -54.64188], [-67.267997, -54.6419142], [-67.268182, -54.6418552], [-67.2683027, -54.6417946], [-67.2685093, -54.6417077], [-67.2687748, -54.641627], [-67.2689116, -54.6415789], [-67.2690752, -54.6415106], [-67.2691825, -54.6414206], [-67.2692925, -54.6413259], [-67.2693676, -54.6411955], [-67.2694615, -54.6410667], [-67.2695071, -54.640958], [-67.2696331, -54.6409006], [-67.2698611, -54.64084], [-67.2700623, -54.6407888], [-67.270301, -54.64075], [-67.270411, -54.6407236], [-67.270529, -54.6406724], [-67.2706684, -54.6406041], [-67.2707704, -54.6405405], [-67.2708857, -54.6404815], [-67.2709903, -54.6404147], [-67.2710305, -54.640317], [-67.2710225, -54.6402331], [-67.270993, -54.6401726], [-67.2709501, -54.6401152], [-67.2708026, -54.6400453], [-67.2707275, -54.6399537], [-67.2707784, -54.6398963], [-67.2708884, -54.6398404], [-67.2709935, -54.6398332], [-67.2711325, -54.6398389], [-67.2713578, -54.6398839], [-67.271736, -54.6399662], [-67.2719023, -54.6400127], [-67.2721839, -54.6401012], [-67.2723448, -54.640171], [-67.2724468, -54.6402207], [-67.2725728, -54.6402378], [-67.272723, -54.6402161], [-67.2728384, -54.6401571], [-67.2728866, -54.6401121], [-67.2729349, -54.6400329], [-67.2729617, -54.6399568], [-67.2730583, -54.6398637], [-67.2733024, -54.6397861], [-67.2734613, -54.639753], [-67.2738683, -54.6396371], [-67.274048, -54.6396045], [-67.2741956, -54.6395657], [-67.2743377, -54.63953], [-67.2744879, -54.6394943], [-67.2746328, -54.6394167], [-67.27474, -54.6393484], [-67.2747642, -54.6392863], [-67.2747481, -54.6392273], [-67.2747266, -54.6391559], [-67.2746998, -54.6390845], [-67.2747293, -54.6390208], [-67.2748205, -54.638974], [-67.2750163, -54.6389153], [-67.2751397, -54.638892], [-67.2752818, -54.6388563], [-67.275373, -54.638833], [-67.2754481, -54.6387942], [-67.2755823, -54.638743], [-67.2756627, -54.6387104], [-67.2757566, -54.6386762], [-67.2758907, -54.6386374], [-67.2759819, -54.6386266], [-67.2760892, -54.6386374], [-67.2761938, -54.6386592], [-67.2762823, -54.6387088], [-67.2763118, -54.6387787], [-67.2763172, -54.6388656], [-67.2763695, -54.6389618], [-67.276395, -54.6390286], [-67.2764647, -54.6390829], [-67.276623, -54.639131], [-67.2767517, -54.6391186], [-67.2768402, -54.6390829], [-67.2769877, -54.6390038], [-67.2770548, -54.6389525], [-67.277154, -54.6388967], [-67.2772506, -54.6388128], [-67.2773096, -54.6387337], [-67.2773445, -54.6386483], [-67.2773525, -54.6385567], [-67.2773606, -54.6384512], [-67.2774062, -54.6383301], [-67.2774732, -54.6382711], [-67.277551, -54.6382261], [-67.2776476, -54.6381966], [-67.2777656, -54.6382074], [-67.2778246, -54.6382602], [-67.2778621, -54.6383208], [-67.277846, -54.6383813], [-67.2778782, -54.6384294], [-67.2780392, -54.6384682], [-67.2781611, -54.6385298], [-67.2783583, -54.6385893], [-67.2786078, -54.6386467], [-67.2788787, -54.6386623], [-67.2790477, -54.6386685], [-67.2791523, -54.6386545], [-67.2791979, -54.6386157], [-67.2791737, -54.6385629], [-67.2791737, -54.6384962], [-67.2791952, -54.6384527], [-67.2792622, -54.638403], [-67.2793883, -54.638417], [-67.2795761, -54.6384139], [-67.2796995, -54.6384294], [-67.2798389, -54.6383984], [-67.2798604, -54.6383456], [-67.2798282, -54.6382773], [-67.2797101, -54.6382328], [-67.2796619, -54.6381283], [-67.2796914, -54.6380114], [-67.2797638, -54.6379699], [-67.279914, -54.6378985], [-67.2801286, -54.6378395], [-67.2802627, -54.6377712], [-67.2803271, -54.6376564], [-67.280311, -54.6375539], [-67.2802037, -54.6374577], [-67.2800561, -54.6373767], [-67.2796834, -54.6372652], [-67.279501, -54.6370975], [-67.2794527, -54.6369361], [-67.2794259, -54.6367871], [-67.2794527, -54.6366474], [-67.2796082, -54.6364586], [-67.2796512, -54.6363307], [-67.2796887, -54.6361009], [-67.2797424, -54.635955], [-67.2798135, -54.6358051], [-67.2800696, -54.6357004], [-67.2802681, -54.6357004], [-67.2804827, -54.6357594], [-67.280547, -54.6358588], [-67.2808026, -54.636275], [-67.2809799, -54.6364478], [-67.2810996, -54.6364983], [-67.2812551, -54.6364859], [-67.2814912, -54.636489], [-67.2818238, -54.6364176], [-67.2820544, -54.6363524], [-67.2821885, -54.6362282], [-67.2821724, -54.6360947], [-67.2820973, -54.6359457], [-67.2819901, -54.6358246], [-67.2818935, -54.6356849], [-67.2818238, -54.6354738], [-67.2816575, -54.6352906], [-67.2815126, -54.6350981], [-67.2813463, -54.6349801], [-67.2812122, -54.6348621], [-67.2810298, -54.6347628], [-67.2807839, -54.634644], [-67.2806436, -54.6345734], [-67.2803485, -54.6344771], [-67.2800642, -54.6344492], [-67.2799248, -54.634505], [-67.2794869, -54.6346602], [-67.2789699, -54.6348807], [-67.2785997, -54.6348373], [-67.2782993, -54.6346572], [-67.2781277, -54.6345019], [-67.2779752, -54.6344063], [-67.2779346, -54.6342722], [-67.2777683, -54.6340486], [-67.2776663, -54.6338841], [-67.2775215, -54.6337257], [-67.2773767, -54.6334928], [-67.2772372, -54.6332817], [-67.2770548, -54.6331234], [-67.2768275, -54.6329913], [-67.2765935, -54.6328843], [-67.2761089, -54.632786], [-67.2758746, -54.6326856], [-67.2757566, -54.6325645], [-67.2756708, -54.6324806], [-67.2756171, -54.6322757], [-67.2755367, -54.6321794], [-67.2754347, -54.6320645], [-67.2751612, -54.6319776], [-67.274968, -54.6319372], [-67.2746944, -54.6319], [-67.2745067, -54.6317975], [-67.2742707, -54.6316671], [-67.2741956, -54.6315212], [-67.274158, -54.6313783], [-67.2743136, -54.6312696], [-67.2745818, -54.63122], [-67.2748306, -54.6312035], [-67.2751182, -54.6311734], [-67.2753489, -54.6311703], [-67.2757673, -54.6311361], [-67.2760087, -54.6310989], [-67.2761965, -54.6310678], [-67.2763038, -54.6310088], [-67.2763467, -54.6309126], [-67.2762984, -54.6308349], [-67.2761214, -54.6307635], [-67.2759658, -54.6306455], [-67.2757351, -54.6305648], [-67.2755152, -54.6304157], [-67.2752094, -54.6302946], [-67.274968, -54.6301487], [-67.2747695, -54.6301207], [-67.2745496, -54.6300586], [-67.2744316, -54.6299903], [-67.274437, -54.6299251], [-67.2744477, -54.6297885], [-67.2745496, -54.6296487], [-67.274673, -54.6295587], [-67.2747695, -54.629478], [-67.27485, -54.6293413], [-67.274968, -54.6292171], [-67.27507, -54.6290774], [-67.2751343, -54.6289035], [-67.2751933, -54.6287513], [-67.2753328, -54.6286023], [-67.2753167, -54.628506], [-67.2753596, -54.628329], [-67.2756118, -54.6280775], [-67.275939, -54.6277856], [-67.2761929, -54.627552], [-67.2765023, -54.6273601], [-67.27683, -54.6272404], [-67.2769851, -54.6271893], [-67.2772694, -54.6271458], [-67.2775537, -54.6271552], [-67.2778648, -54.6271614], [-67.2781116, -54.6271831], [-67.2784871, -54.6272763], [-67.2787714, -54.6272297], [-67.2790182, -54.6271707], [-67.2792703, -54.6270899], [-67.2794581, -54.6269875], [-67.2795439, -54.6268726], [-67.2796029, -54.6266738], [-67.2796083, -54.6265154], [-67.2796512, -54.626357], [-67.2797746, -54.6261645], [-67.2799355, -54.6260434], [-67.2801608, -54.6259626], [-67.2804003, -54.6259205], [-67.2807133, -54.6259005], [-67.2809172, -54.6258012], [-67.2810565, -54.6257144], [-67.2811961, -54.6255651], [-67.2811854, -54.6253974], [-67.2811532, -54.6252422], [-67.281062, -54.625121], [-67.2809869, -54.6250341], [-67.2807992, -54.6249037], [-67.2806865, -54.6248384], [-67.2804934, -54.6246707], [-67.2803325, -54.6245341], [-67.2802895, -54.6243571], [-67.2803003, -54.6241862], [-67.28037, -54.6240527], [-67.2804612, -54.6239285], [-67.280649, -54.6237546], [-67.2809011, -54.623562], [-67.2811317, -54.6234067], [-67.2814107, -54.6233508], [-67.2815985, -54.6233229], [-67.2818452, -54.6233011], [-67.2819847, -54.6232359], [-67.2820705, -54.6231707], [-67.282013, -54.6230551], [-67.281931, -54.6229843], [-67.2817111, -54.6229284], [-67.2815663, -54.622885], [-67.2814536, -54.622798], [-67.2814858, -54.6227048], [-67.281577, -54.6226241], [-67.2816896, -54.6226148], [-67.2819793, -54.6226365], [-67.2822529, -54.6226489], [-67.2824675, -54.6226179], [-67.2826231, -54.6225744], [-67.2828966, -54.6225309], [-67.2831434, -54.6225061], [-67.2833633, -54.6225185], [-67.2836477, -54.6225589], [-67.2838569, -54.6225899], [-67.2841573, -54.6226241], [-67.2843075, -54.6225899], [-67.2844255, -54.6225371], [-67.2845006, -54.6224719], [-67.2845274, -54.6223911], [-67.2845006, -54.6223135], [-67.2843719, -54.6222514], [-67.2840446, -54.6221799], [-67.2837369, -54.6220506], [-67.2835028, -54.6219501], [-67.283358, -54.6218321], [-67.2833151, -54.6217203], [-67.2832882, -54.6216426], [-67.2832882, -54.6214687], [-67.2833097, -54.6212917], [-67.2833473, -54.6212233], [-67.2834277, -54.6211457], [-67.2836262, -54.6211146], [-67.2838515, -54.6210991], [-67.2840875, -54.6210587], [-67.2842163, -54.6210152], [-67.284388, -54.6209221], [-67.2844416, -54.6208258], [-67.2844255, -54.6207295], [-67.2843826, -54.6206363], [-67.2843182, -54.6205152], [-67.2841948, -54.6204127], [-67.2840446, -54.6202978], [-67.2839749, -54.6202077], [-67.2839212, -54.6200555], [-67.2839534, -54.6198101], [-67.2840124, -54.6196797], [-67.2840822, -54.6195213], [-67.2842056, -54.6193039], [-67.2842968, -54.6191827], [-67.2844094, -54.619102], [-67.2845489, -54.6190119], [-67.284801, -54.6189622], [-67.2849459, -54.6189498], [-67.28508, -54.6189622], [-67.285198, -54.6190336], [-67.2852194, -54.619102], [-67.2852087, -54.6191983], [-67.2851443, -54.619338], [-67.2851121, -54.6194778], [-67.2851175, -54.6196331], [-67.2852033, -54.6197263], [-67.2853535, -54.6197791], [-67.2855145, -54.6197791], [-67.2856218, -54.6197449], [-67.2857559, -54.6196859], [-67.2860348, -54.6196766], [-67.2863245, -54.6196642], [-67.2866517, -54.6196486], [-67.2870648, -54.6195834], [-67.2872847, -54.6195244], [-67.2874939, -54.6194312], [-67.2876012, -54.6193442], [-67.2877139, -54.6192045], [-67.28773, -54.6191082], [-67.2877085, -54.6190026], [-67.2876549, -54.6189436], [-67.2874618, -54.6188845], [-67.287274, -54.6188411], [-67.287038, -54.6187789], [-67.2868502, -54.6186795], [-67.2867644, -54.6185584], [-67.2867751, -54.6184652], [-67.2868734, -54.6183542], [-67.2870058, -54.6183472], [-67.2872311, -54.6183348], [-67.2875315, -54.6183161], [-67.2878373, -54.6182633], [-67.2879714, -54.6182136], [-67.2881216, -54.6181298], [-67.2882021, -54.6180179], [-67.2882932, -54.6179279], [-67.2883254, -54.6178191], [-67.2883791, -54.6176794], [-67.2884274, -54.6176017], [-67.2884703, -54.6175179], [-67.2885615, -54.6174433], [-67.2888136, -54.6173439], [-67.2890174, -54.617288], [-67.2891891, -54.6171793], [-67.289393, -54.6171948], [-67.2895861, -54.6172352], [-67.2897738, -54.6172911], [-67.2899669, -54.6173563], [-67.2901493, -54.6173688], [-67.2903264, -54.6173936], [-67.2905141, -54.6173998], [-67.2906321, -54.6173377], [-67.2908092, -54.6172259], [-67.2910184, -54.6171327], [-67.2912115, -54.6170395], [-67.2915334, -54.6168966], [-67.2917587, -54.6168221], [-67.2918552, -54.6167475], [-67.2918713, -54.6166699], [-67.291823, -54.6165829], [-67.2917372, -54.6165301], [-67.2915892, -54.6164286], [-67.2913832, -54.6163748], [-67.2912008, -54.6163561], [-67.2910345, -54.6163623], [-67.2908145, -54.6163903], [-67.2906268, -54.6163779], [-67.2905141, -54.616294], [-67.2904927, -54.6161977], [-67.2905141, -54.6160797], [-67.2905409, -54.6159337], [-67.290659, -54.6158094], [-67.2907287, -54.615679], [-67.2908253, -54.6155454], [-67.2909862, -54.6154242], [-67.2911777, -54.6153144], [-67.291469, -54.6152285], [-67.2917748, -54.6151602], [-67.2919947, -54.6150856], [-67.2921825, -54.6149956], [-67.2922736, -54.6148993], [-67.2923863, -54.6149024], [-67.2924829, -54.6149676], [-67.2925043, -54.6150111], [-67.2925472, -54.615154], [-67.2926438, -54.6152969], [-67.2927672, -54.6154864], [-67.2928906, -54.6155671], [-67.2930086, -54.6155982], [-67.2931534, -54.6156168], [-67.293309, -54.6155671], [-67.2934699, -54.615505], [-67.2936684, -54.6154118], [-67.2938347, -54.6153497], [-67.2940707, -54.6152938], [-67.2944462, -54.6152596], [-67.2947305, -54.6151944], [-67.2949505, -54.6151447], [-67.2950953, -54.6151074], [-67.2952187, -54.6150453], [-67.2952563, -54.6149893], [-67.2952294, -54.614921], [-67.2951329, -54.614834], [-67.2950038, -54.6147992], [-67.2948325, -54.6146756], [-67.2947198, -54.6145514], [-67.2946072, -54.6143991], [-67.2945803, -54.6142687], [-67.2945535, -54.6141475], [-67.2945106, -54.6140139], [-67.2944301, -54.6138679], [-67.2943014, -54.613725], [-67.2942102, -54.613607], [-67.2941136, -54.6134392], [-67.2939795, -54.6133088], [-67.2938561, -54.6132094], [-67.2937328, -54.6130571], [-67.293722, -54.6129329], [-67.2937971, -54.6128211], [-67.2939688, -54.6127185], [-67.2941458, -54.612644], [-67.2943819, -54.6125818], [-67.2947145, -54.612498], [-67.2950149, -54.6123986], [-67.295267, -54.6122836], [-67.2954601, -54.6122122], [-67.2958195, -54.6121314], [-67.2959966, -54.6121097], [-67.2961146, -54.6121562], [-67.2963131, -54.6122588], [-67.2966027, -54.6123364], [-67.2968495, -54.6123613], [-67.2970802, -54.612324], [-67.2973216, -54.6122339], [-67.2975147, -54.6121469], [-67.2976059, -54.6120724], [-67.297799, -54.6119481], [-67.2979492, -54.6117928], [-67.2980779, -54.6116437], [-67.2980779, -54.6115132], [-67.2979599, -54.6113796], [-67.2978473, -54.6112647], [-67.2975254, -54.6110379], [-67.2972035, -54.6108297], [-67.2971231, -54.6106899], [-67.297166, -54.6105097], [-67.297343, -54.6103792], [-67.2975791, -54.6102363], [-67.2977775, -54.6100965], [-67.2979063, -54.6099443], [-67.2979331, -54.6097796], [-67.2980216, -54.6095824], [-67.298086, -54.6093991], [-67.2980833, -54.6093276], [-67.2981235, -54.6092826], [-67.2983515, -54.6091257], [-67.2984374, -54.6090868], [-67.2986197, -54.6089796], [-67.2987834, -54.6088507], [-67.2987807, -54.6087109], [-67.2987324, -54.6086084], [-67.2987646, -54.6085059], [-67.2987887, -54.6083521], [-67.2987539, -54.60822], [-67.2986865, -54.608132], [-67.2985849, -54.6079963], [-67.2984991, -54.6078969], [-67.2983542, -54.607754], [-67.298254, -54.6076947], [-67.2980779, -54.6076359], [-67.2979867, -54.6076204], [-67.2978124, -54.6075831], [-67.297504, -54.6075318], [-67.2972867, -54.6075054], [-67.2971875, -54.6074821], [-67.2970855, -54.6074138], [-67.2969836, -54.6073237], [-67.2969327, -54.6072665], [-67.2970372, -54.6072134], [-67.2971472, -54.6071606], [-67.2973725, -54.6070565], [-67.2974798, -54.6069695], [-67.2975844, -54.6068965], [-67.2976568, -54.606811], [-67.2976407, -54.6067225], [-67.2975776, -54.6066425], [-67.2971123, -54.6062626], [-67.2970077, -54.6061601], [-67.2969112, -54.6060374], [-67.2968066, -54.6059411], [-67.296769, -54.6058401], [-67.2968334, -54.6057469], [-67.2969689, -54.6056713], [-67.2970507, -54.6056583], [-67.2971553, -54.6056676], [-67.2972626, -54.6056987], [-67.2974476, -54.6057562], [-67.2976568, -54.605795], [-67.2978553, -54.605823], [-67.2980109, -54.6058463], [-67.2982925, -54.6058323], [-67.2985876, -54.6058044], [-67.2988156, -54.6057469], [-67.2989818, -54.6056521], [-67.2990301, -54.6055403], [-67.2990006, -54.6054564], [-67.2989363, -54.6053274], [-67.2988799, -54.6052606], [-67.2987512, -54.6051425], [-67.2986412, -54.6050198], [-67.2985098, -54.6049188], [-67.2984159, -54.6048039], [-67.2983623, -54.6046439], [-67.2983435, -54.6045335], [-67.2983971, -54.6044636], [-67.298491, -54.6044295], [-67.2986261, -54.6043958], [-67.2987404, -54.6044232], [-67.2988236, -54.6044854], [-67.2989577, -54.6045522], [-67.2990999, -54.6046485], [-67.2993305, -54.6047542], [-67.2994968, -54.6048287], [-67.2996497, -54.604908], [-67.3000038, -54.6050307], [-67.3004222, -54.6051239], [-67.3007467, -54.6051938], [-67.3010793, -54.6052249], [-67.3013636, -54.6052233], [-67.3016667, -54.6052466], [-67.3020583, -54.6052202], [-67.3023373, -54.6051876], [-67.3025572, -54.6051286], [-67.3027208, -54.6050587], [-67.3029676, -54.6049965], [-67.30315, -54.6049157], [-67.3033914, -54.6047883], [-67.3036355, -54.6046625], [-67.3037428, -54.6046019], [-67.3037857, -54.6045087], [-67.3037455, -54.6044279], [-67.3036757, -54.6043176], [-67.3036033, -54.6042632], [-67.3034987, -54.604212], [-67.303319, -54.6042042], [-67.3031929, -54.6042135], [-67.3031098, -54.6042306], [-67.3029247, -54.6042865], [-67.3027182, -54.6043285], [-67.302568, -54.6043844], [-67.3023453, -54.6044403], [-67.3021683, -54.6044776], [-67.3019698, -54.6045227], [-67.3017311, -54.6045988], [-67.3014709, -54.6046439], [-67.3013341, -54.6046547], [-67.3012215, -54.6046749], [-67.3010793, -54.6046625], [-67.3009425, -54.6046128], [-67.3008433, -54.6045009], [-67.300787, -54.6044403], [-67.3007548, -54.6043689], [-67.3007494, -54.6042834], [-67.3007575, -54.6041607], [-67.3007789, -54.6040286], [-67.3008058, -54.6039214], [-67.3009238, -54.6037583], [-67.3010498, -54.6035967], [-67.3011491, -54.6035128], [-67.3012376, -54.6033326], [-67.3013368, -54.6032316], [-67.3014468, -54.6031244], [-67.3014897, -54.6030499], [-67.3015299, -54.6029566], [-67.3014683, -54.6028914], [-67.3013395, -54.6028386], [-67.3012456, -54.602805], [-67.3010123, -54.6028261], [-67.3007441, -54.6029069], [-67.300508, -54.6030079], [-67.30028, -54.6030965], [-67.3001272, -54.6031508], [-67.300036, -54.6032114], [-67.2998589, -54.6032891], [-67.299698, -54.6033155], [-67.299529, -54.6032891], [-67.2993574, -54.6032425], [-67.2991428, -54.6031198], [-67.299014, -54.6030203], [-67.2989014, -54.6028898], [-67.2987726, -54.6027314], [-67.2987109, -54.6026475], [-67.2986707, -54.6024968], [-67.2986466, -54.6023927], [-67.2986171, -54.6021689], [-67.2986171, -54.6019934], [-67.2986117, -54.6018427], [-67.2986117, -54.60165], [-67.29855, -54.6015071], [-67.2984964, -54.6014573], [-67.2983596, -54.6013501], [-67.2981933, -54.6012958], [-67.2980211, -54.601288], [-67.2978151, -54.6012678], [-67.2976032, -54.6012756], [-67.2972661, -54.6012834], [-67.2971016, -54.6012989], [-67.2969407, -54.6012833], [-67.2968173, -54.601201], [-67.2967637, -54.6010705], [-67.2967771, -54.6009633], [-67.2968656, -54.6008498], [-67.2970185, -54.6006168], [-67.2972384, -54.6004365], [-67.2973993, -54.6002905], [-67.2976783, -54.6001491], [-67.2978982, -54.6000201], [-67.2980672, -54.599916], [-67.2982845, -54.5998166], [-67.2985098, -54.5997078], [-67.2987887, -54.5995618], [-67.2988611, -54.5994825], [-67.2990811, -54.5993505], [-67.2993118, -54.5992339], [-67.2994593, -54.5991998], [-67.2996363, -54.5991531], [-67.2997838, -54.5991609], [-67.2999877, -54.5991563], [-67.3001272, -54.5991376], [-67.3002264, -54.5990879], [-67.3003283, -54.5990149], [-67.3003981, -54.5989387], [-67.3005268, -54.5988315], [-67.3006153, -54.5987554], [-67.3007119, -54.5986513], [-67.3008138, -54.5985254], [-67.3009023, -54.5984073], [-67.3009989, -54.5982659], [-67.3010337, -54.5981432], [-67.3010525, -54.5980655], [-67.3010606, -54.5979738], [-67.3010471, -54.5978837], [-67.3010471, -54.5978277], [-67.3010203, -54.5977594], [-67.3009801, -54.5977019], [-67.3009184, -54.5976506], [-67.3008487, -54.5976195], [-67.3007414, -54.5975853], [-67.3005778, -54.5975449], [-67.3004758, -54.5975154], [-67.3003417, -54.5974906], [-67.3002452, -54.5974564], [-67.3001379, -54.5974191], [-67.3000762, -54.5973787], [-67.3000118, -54.5973181], [-67.2999984, -54.5972637], [-67.299985, -54.5972248], [-67.2999957, -54.5971813], [-67.3000279, -54.5971363], [-67.3001272, -54.5970834], [-67.3002318, -54.5970415], [-67.3003176, -54.597012], [-67.3003686, -54.5969871], [-67.3004463, -54.5969591], [-67.3006287, -54.596911], [-67.3007467, -54.5968581], [-67.3008218, -54.596782], [-67.3009104, -54.5966872], [-67.3009694, -54.5966064], [-67.3009935, -54.5965474], [-67.3010257, -54.5964712], [-67.3010579, -54.5963687], [-67.3010659, -54.5962863], [-67.3010981, -54.5962008], [-67.301141, -54.5961231], [-67.3012725, -54.5960268], [-67.3013851, -54.5959646], [-67.3015192, -54.5959227], [-67.3016748, -54.5958497], [-67.3018867, -54.5957735], [-67.3020691, -54.5957067], [-67.3022595, -54.5956321], [-67.3023561, -54.5955435], [-67.302517, -54.5954612], [-67.3026672, -54.5954052], [-67.3027879, -54.5953415], [-67.3029622, -54.5952825], [-67.3030856, -54.5952157], [-67.3032385, -54.5951426], [-67.3034048, -54.5950851], [-67.3035362, -54.5950478], [-67.3036811, -54.5950416], [-67.3038796, -54.5950478], [-67.3040646, -54.5950805], [-67.3042175, -54.5951255], [-67.3043677, -54.5951784], [-67.304467, -54.5952436], [-67.3046574, -54.5953307], [-67.3048083, -54.5954016], [-67.3048773, -54.5954348], [-67.3049819, -54.5954721], [-67.3051322, -54.5955094], [-67.3052421, -54.5955016], [-67.3053092, -54.5954627], [-67.3053467, -54.5954037], [-67.3053467, -54.5953369], [-67.3053333, -54.5952856], [-67.3053011, -54.5952234], [-67.3052636, -54.5951877], [-67.3051751, -54.5951457], [-67.3050892, -54.5950945], [-67.3050088, -54.5950525], [-67.3048908, -54.5949981], [-67.3046896, -54.5949064], [-67.3045566, -54.5948275], [-67.3044536, -54.594779], [-67.3043945, -54.5947013], [-67.3043436, -54.5946174], [-67.3043248, -54.5945381], [-67.3043194, -54.594462], [-67.3043355, -54.594375], [-67.3043302, -54.5943144], [-67.3044026, -54.5942336], [-67.3044831, -54.5941823], [-67.3045662, -54.594145], [-67.3047513, -54.5941061], [-67.3048425, -54.5940549], [-67.3049015, -54.594016], [-67.30499, -54.5939554], [-67.3049739, -54.5938917], [-67.3049203, -54.5938388], [-67.3048161, -54.5937431], [-67.3047513, -54.5936974], [-67.3046359, -54.5936601], [-67.3044884, -54.5936586], [-67.304365, -54.5936757], [-67.3042524, -54.5936866], [-67.3040727, -54.5937021], [-67.3039573, -54.5936648], [-67.3038554, -54.5936228], [-67.3037455, -54.5935483], [-67.3036516, -54.5934379], [-67.3034772, -54.5933167], [-67.3033834, -54.5932452], [-67.3033512, -54.5931722], [-67.3033217, -54.5930587], [-67.3033002, -54.5929406], [-67.3033083, -54.5928287], [-67.3033941, -54.5927542], [-67.3034745, -54.5926935], [-67.3035523, -54.5926252], [-67.3035845, -54.5925412], [-67.3036489, -54.5924651], [-67.3037535, -54.592389], [-67.3038769, -54.5923299], [-67.3040271, -54.592246], [-67.3041746, -54.5921372], [-67.3043087, -54.5920797], [-67.3043785, -54.5920253], [-67.3044992, -54.5919771], [-67.3046413, -54.5919492], [-67.3047513, -54.5919258], [-67.3048988, -54.5919119], [-67.3050195, -54.5919383], [-67.3051053, -54.5919911], [-67.3051268, -54.5920455], [-67.3051563, -54.5921496], [-67.3052073, -54.5922211], [-67.3052931, -54.5923299], [-67.3053896, -54.5924309], [-67.3055586, -54.5925226], [-67.3057759, -54.5925754], [-67.3061326, -54.59265], [-67.3064357, -54.5926764], [-67.3065618, -54.5926951], [-67.3068085, -54.5927169], [-67.3070848, -54.5927402], [-67.3073718, -54.5927417], [-67.3075649, -54.5927106], [-67.3077098, -54.5926811], [-67.3077822, -54.5926376], [-67.30786, -54.5925848], [-67.3079297, -54.5925117], [-67.3079914, -54.5924402], [-67.3080289, -54.5923672], [-67.3080343, -54.5922538], [-67.3080584, -54.5921388], [-67.3080745, -54.5920269], [-67.3080853, -54.5919258], [-67.3081094, -54.591786], [-67.3081335, -54.5916446], [-67.3081416, -54.5915715], [-67.3081335, -54.5914581], [-67.3081255, -54.5913648], [-67.3081523, -54.5912234], [-67.3081899, -54.5911115], [-67.3083025, -54.59104], [-67.3084018, -54.5910058], [-67.3085386, -54.590995], [-67.3086968, -54.5909903], [-67.3088524, -54.5910183], [-67.3089892, -54.5910851], [-67.3091206, -54.5911566], [-67.3092681, -54.5912498], [-67.3093727, -54.5913306], [-67.3094854, -54.591385], [-67.3096544, -54.5914565], [-67.3098743, -54.5914612], [-67.3099843, -54.5914487], [-67.3100969, -54.5913975], [-67.3101774, -54.5913353], [-67.3102869, -54.5912594], [-67.3104617, -54.5912576], [-67.3106119, -54.5912421], [-67.3108345, -54.5912094], [-67.3109874, -54.5911519], [-67.3111618, -54.5910789], [-67.3111644, -54.5910136], [-67.3111591, -54.5909406], [-67.3111376, -54.590852], [-67.3110545, -54.5907991], [-67.3109284, -54.5907867], [-67.3107353, -54.5907929], [-67.310628, -54.5907976], [-67.3104858, -54.5907416], [-67.3103544, -54.5906981], [-67.3102525, -54.590636], [-67.3102579, -54.5905753], [-67.3103008, -54.590507], [-67.3103732, -54.5904339], [-67.3104188, -54.590392], [-67.3104832, -54.5903453], [-67.3105368, -54.5902847], [-67.3105797, -54.5902163], [-67.3105744, -54.5901651], [-67.3104912, -54.5901402], [-67.3103571, -54.5901495], [-67.310231, -54.5901573], [-67.3101372, -54.5901573], [-67.309995, -54.5901417], [-67.3098609, -54.5900936], [-67.3097482, -54.5900236], [-67.3096892, -54.5899148], [-67.3097295, -54.5898154], [-67.3097616, -54.589761], [-67.3098502, -54.5897221], [-67.3100433, -54.5896522], [-67.3101908, -54.5895823], [-67.3104, -54.5895077], [-67.3105663, -54.5894237], [-67.3107997, -54.5893383], [-67.3109606, -54.5893103], [-67.3111698, -54.5893041], [-67.31143, -54.5892885], [-67.3116767, -54.5892683], [-67.3119101, -54.5892419], [-67.3122159, -54.5892108], [-67.3124224, -54.5891843], [-67.3126853, -54.5891657], [-67.3129374, -54.5891844], [-67.3132566, -54.5892124], [-67.3134234, -54.5892487], [-67.3135945, -54.5892947], [-67.313675, -54.5893445], [-67.3137823, -54.5894346], [-67.313852, -54.5895403], [-67.3138976, -54.5896366], [-67.3139593, -54.589761], [-67.3139834, -54.5898294], [-67.31408, -54.5899009], [-67.3142007, -54.5899242], [-67.3143777, -54.5899242], [-67.3145011, -54.5899071], [-67.3145923, -54.5898791], [-67.3147211, -54.5898107], [-67.314764, -54.5897423], [-67.3148149, -54.5896771], [-67.3148444, -54.5895993], [-67.3148927, -54.5894874], [-67.3149598, -54.589416], [-67.3150107, -54.5893507], [-67.3150054, -54.5892823], [-67.3149571, -54.5892279], [-67.314882, -54.5891595], [-67.314831, -54.5890523], [-67.3148337, -54.588987], [-67.3148766, -54.5889233], [-67.3149812, -54.5888502], [-67.3150917, -54.5888363], [-67.3152065, -54.588858], [-67.3153192, -54.588886], [-67.3155499, -54.5889093], [-67.3157296, -54.588945], [-67.315928, -54.5889684], [-67.3161373, -54.5890165], [-67.3163304, -54.5890414], [-67.3164511, -54.5890523], [-67.3165932, -54.5890787], [-67.3167595, -54.5890958], [-67.3169258, -54.589074], [-67.3170358, -54.5890212], [-67.3171592, -54.5889497], [-67.3172182, -54.5888984], [-67.3172343, -54.5888316], [-67.317237, -54.5887617], [-67.3172289, -54.5886793], [-67.3172638, -54.5885814], [-67.3173255, -54.5885052], [-67.317422, -54.5884617], [-67.3175401, -54.5884648], [-67.3176581, -54.5884772], [-67.3178807, -54.5884757], [-67.3181033, -54.5885052], [-67.3184386, -54.5885192], [-67.3185834, -54.5885099], [-67.3187739, -54.588527], [-67.3188999, -54.5885798], [-67.3190501, -54.5886109], [-67.3192298, -54.5886233], [-67.3193452, -54.5886125], [-67.3194551, -54.5885907], [-67.3195866, -54.5885301], [-67.3196778, -54.5884835], [-67.3197717, -54.5884322], [-67.3199621, -54.5883047], [-67.3200533, -54.5882177], [-67.3201793, -54.5881182], [-67.320351, -54.588039], [-67.3204717, -54.5880001], [-67.3205656, -54.587997], [-67.3206916, -54.5880327], [-67.3208472, -54.5880949], [-67.3209813, -54.5881695], [-67.3210779, -54.5882534], [-67.3211449, -54.588328], [-67.3212254, -54.5884011], [-67.32133, -54.5884586], [-67.3214266, -54.5884648], [-67.321507, -54.5884337], [-67.321558, -54.5883716], [-67.3215634, -54.588297], [-67.3215553, -54.5882223], [-67.3215419, -54.5881804], [-67.3215017, -54.5881291], [-67.3214759, -54.58805], [-67.321499, -54.5879612], [-67.3215634, -54.5879037], [-67.3216814, -54.5878338], [-67.321794, -54.5877623], [-67.3218182, -54.5876939], [-67.3217887, -54.5876317], [-67.321735, -54.5875603], [-67.3217163, -54.5875136], [-67.3217189, -54.5874825], [-67.3218289, -54.5874266], [-67.3218799, -54.587352], [-67.3218906, -54.5872898], [-67.3220462, -54.5872416], [-67.3224002, -54.5871639], [-67.322706, -54.587108], [-67.3230279, -54.5870909], [-67.3236394, -54.5869945], [-67.3241034, -54.586923], [-67.3246425, -54.5868484], [-67.3251763, -54.5867707], [-67.3254767, -54.5867287], [-67.3256832, -54.5867039], [-67.3259354, -54.5866557], [-67.3261312, -54.5866106], [-67.3263672, -54.5865453], [-67.3265603, -54.5864645], [-67.3267078, -54.5864008], [-67.3268339, -54.5863277], [-67.3269331, -54.5862485], [-67.3270136, -54.5861568], [-67.3270512, -54.5860651], [-67.3271102, -54.5859687], [-67.3271477, -54.5858257], [-67.3271611, -54.5857309], [-67.3272041, -54.585591], [-67.3272684, -54.5854962], [-67.3273623, -54.5854433], [-67.3275661, -54.5853874], [-67.3278102, -54.5853454], [-67.3280436, -54.5853128], [-67.328285, -54.5853221], [-67.3283869, -54.5853361], [-67.3285478, -54.5853703], [-67.3286793, -54.5854138], [-67.3288134, -54.5854853], [-67.3289126, -54.5855413], [-67.3290682, -54.585619], [-67.3292506, -54.5856516], [-67.3294035, -54.5856641], [-67.3295295, -54.5856501], [-67.3297066, -54.5855832], [-67.3298621, -54.5854977], [-67.3300257, -54.5854325], [-67.3301813, -54.5854231], [-67.3303476, -54.5854247], [-67.3304468, -54.5854294], [-67.3306426, -54.5854698], [-67.3308224, -54.5855148], [-67.3310047, -54.585563], [-67.3311952, -54.5855832], [-67.3312783, -54.5855801], [-67.3313507, -54.5855475], [-67.3314124, -54.5855055], [-67.3314688, -54.5854511], [-67.3315251, -54.5853594], [-67.3315546, -54.585263], [-67.3315814, -54.5851791], [-67.3316538, -54.5849895], [-67.3317423, -54.5848169], [-67.331863, -54.5846848], [-67.3319542, -54.584531], [-67.3320884, -54.584374], [-67.3322278, -54.5842014], [-67.3324049, -54.5838735], [-67.3324746, -54.5836994], [-67.3325658, -54.5835719], [-67.3326811, -54.5835066], [-67.3329359, -54.5833776], [-67.3330566, -54.583275], [-67.3331907, -54.5831662], [-67.3333865, -54.5830496], [-67.333703, -54.5829051], [-67.3338747, -54.5828398], [-67.3341107, -54.5827574], [-67.3343307, -54.582689], [-67.3344541, -54.5826175], [-67.3346499, -54.5825211], [-67.3348349, -54.5823672], [-67.3350388, -54.5822273], [-67.3353119, -54.582043], [-67.3355001, -54.5818745], [-67.3356906, -54.5816693], [-67.336042, -54.5813172], [-67.3356369, -54.580962], [-67.3354049, -54.5807811], [-67.3347652, -54.5804164], [-67.3344353, -54.5801879], [-67.3342178, -54.5799618], [-67.332518, -54.5783789], [-67.3300069, -54.577595], [-67.3295678, -54.5773068], [-67.3283746, -54.5766987], [-67.3250582, -54.5767511], [-67.322411, -54.5766022], [-67.3214578, -54.5766577], [-67.3210012, -54.5765925], [-67.3202843, -54.5764258], [-67.3198699, -54.5760463], [-67.3188482, -54.5752682], [-67.3171964, -54.5736939], [-67.3165126, -54.5733007], [-67.3147489, -54.573], [-67.31375, -54.5725], [-67.3134578, -54.572412], [-67.3127797, -54.5717778], [-67.312, -54.57075], [-67.3118144, -54.5703847], [-67.31125, -54.57025], [-67.3111352, -54.5700095], [-67.3104719, -54.5700466], [-67.3097009, -54.5699534], [-67.3091454, -54.569801], [-67.3089418, -54.5695923], [-67.3082032, -54.5692781], [-67.30725, -54.569], [-67.3068836, -54.5689906], [-67.3055, -54.56875], [-67.3044886, -54.5686947], [-67.3038207, -54.5684727], [-67.3025855, -54.5679724], [-67.3021741, -54.5673705], [-67.3015828, -54.5671759], [-67.2965804, -54.5667219], [-67.2950781, -54.5668053], [-67.2920575, -54.5659528], [-67.291, -54.56575], [-67.28925, -54.565], [-67.2888137, -54.5648165], [-67.2879294, -54.5646048], [-67.2869719, -54.5644083], [-67.2857346, -54.563999], [-67.2842938, -54.5637107], [-67.2832147, -54.5634148], [-67.2805661, -54.5631747], [-67.2783058, -54.5634696], [-67.2755145, -54.5641445], [-67.2737063, -54.5643148], [-67.2724293, -54.5644524], [-67.2702708, -54.5645442], [-67.2689147, -54.5648849], [-67.2673884, -54.5651149], [-67.2670554, -54.5651378], [-67.2667886, -54.5651211], [-67.2660664, -54.5653428], [-67.2651541, -54.5653559], [-67.2645198, -54.5652369], [-67.2636695, -54.5650111], [-67.263, -54.56475], [-67.2624548, -54.5645076], [-67.2620579, -54.5643024], [-67.2615, -54.564], [-67.2602464, -54.5635306], [-67.2603189, -54.5684543], [-67.2492811, -54.5685029], [-67.2515157, -54.6421693], [-67.2515144, -54.6427804]]]}, "properties": {"osm_id": 10779027, "name": "Reserva Provincial de Uso Múltiple Río Valdez", "match": null, "protect_class": "6", "boundary": "protected_area"}}, {"type": "Feature", "geometry": {"type": "MultiPolygon", "coordinates": [[[[-71.1942298, -49.6173979], [-71.1286909, -49.6222526], [-71.1165541, -49.6258937], [-71.109272, -49.6307484], [-71.1104857, -49.6404579], [-71.112913, -49.6623041], [-71.112913, -49.6853641], [-71.1116994, -49.7339114], [-71.1153404, -49.804305], [-71.1602467, -49.8055187], [-71.1966571, -49.7982366], [-71.1905887, -49.7193472], [-71.1942298, -49.6173979]]], [[[-71.3908463, -49.5312265], [-71.2512728, -49.5336538], [-71.2515762, -49.5792307], [-71.2518797, -49.624765], [-71.2521831, -49.6702569], [-71.2524865, -49.7157062], [-71.3568632, -49.7108514], [-71.395701, -49.7096378], [-71.3908463, -49.6186116], [-71.3908463, -49.5312265]]]]}, "properties": {"osm_id": 10791876, "name": "Reserva Natural Provincial Bosque Petrificado Estancia La Urbana", "match": "Bosque Petrificado Sarmiento", "protect_class": "6", "boundary": "protected_area"}}, {"type": "Feature", "geometry": {"type": "Polygon", "coordinates": [[[-68.0909953, -47.6549703], [-67.9583648, -47.6545506], [-67.9580893, -47.6852077], [-67.9580846, -47.685385], [-67.9575611, -47.744443], [-67.9969476, -47.7445689], [-68.1575765, -47.7450823], [-68.1579788, -47.66728], [-68.1580411, -47.6551824], [-68.1447301, -47.6551403], [-68.0909953, -47.6549703]]]}, "properties": {"osm_id": 10792062, "name": "Monumento Natural Bosques Petrificados", "match": null, "protect_class": "3", "boundary": "protected_area"}}, {"type": "Feature", "geometry": {"type": "Polygon", "coordinates": [[[-69.0440941, -45.8387675], [-69.069103, -45.8386628], [-69.0747491, -45.836028], [-69.0798962, -45.8327744], [-69.0816262, -45.8194255], [-69.0745989, -45.8161], [-69.0606601, -45.8139132], [-69.0570089, -45.8025994], [-68.9966297, -45.8060286], [-68.9981344, -45.8112842], [-68.9982659, -45.8146306], [-69.0005243, -45.8177922], [-68.9998966, -45.8194601], [-69.0059263, -45.8251696], [-69.0086849, -45.8268331], [-69.0440941, -45.8387675]]]}, "properties": {"osm_id": 10812997, "name": "Monumento Provincial Bosque Petrificado Sarmiento", "match": "Bosque Petrificado Sarmiento", "protect_class": "3", "boundary": "protected_area"}}, {"type": "Feature", "geometry": {"type": "Polygon", "coordinates": [[[-65.5703652, -44.9095575], [-65.5701077, -44.9095993], [-65.5694747, -44.9096373], [-65.569185, -44.9090826], [-65.5677796, -44.9087635], [-65.5664384, -44.9097513], [-65.5656445, -44.9107543], [-65.5644322, -44.9117344], [-65.5627263, -44.9123119], [-65.5626083, -44.9128134], [-65.5626029, -44.9134592], [-65.5625841, -44.9135124], [-65.5626029, -44.9135751], [-65.5623481, -44.9145571], [-65.5618438, -44.9156207], [-65.5616292, -44.9160101], [-65.5604759, -44.9171308], [-65.5587968, -44.9178582], [-65.558027, -44.9180215], [-65.5564687, -44.9181488], [-65.5549666, -44.9177063], [-65.554457, -44.9171308], [-65.5542371, -44.9167794], [-65.5533171, -44.9163026], [-65.5519679, -44.9175638], [-65.5513054, -44.9180994], [-65.5503345, -44.9185211], [-65.5502835, -44.9185116], [-65.5502433, -44.9185211], [-65.5485025, -44.9184375], [-65.5474377, -44.918333], [-65.547376, -44.918314], [-65.5472767, -44.9184318], [-65.5456889, -44.9198069], [-65.5452034, -44.9201753], [-65.5447367, -44.9204431], [-65.5428377, -44.9213946], [-65.5416924, -44.9221524], [-65.5412552, -44.9225835], [-65.5409279, -44.9234324], [-65.5408341, -44.9235312], [-65.5407912, -44.9236281], [-65.539965, -44.9247276], [-65.5389431, -44.9256487], [-65.5380365, -44.9261159], [-65.5364594, -44.9267634], [-65.5357942, -44.9259545], [-65.5341017, -44.9248017], [-65.5306444, -44.9223404], [-65.5307168, -44.9223404], [-65.5308616, -44.9223366], [-65.5313015, -44.9223518], [-65.5317575, -44.9222455], [-65.532487, -44.9222607], [-65.5327767, -44.9224202], [-65.532943, -44.922443], [-65.5331576, -44.9223366], [-65.5331576, -44.9222189], [-65.5330932, -44.9221277], [-65.5332434, -44.921896], [-65.5334795, -44.921896], [-65.5339569, -44.9215884], [-65.5345523, -44.9210528], [-65.5352604, -44.9205932], [-65.5355448, -44.9202931], [-65.5356628, -44.9201753], [-65.5358881, -44.9200082], [-65.5357801, -44.91979], [-65.5355877, -44.9196549], [-65.5355448, -44.9194992], [-65.5353892, -44.9194764], [-65.5349976, -44.9193434], [-65.5348527, -44.9190889], [-65.534901, -44.9189332], [-65.5348849, -44.9185951], [-65.53499, -44.9182701], [-65.5352068, -44.917938], [-65.5359256, -44.9175695], [-65.5363799, -44.9169599], [-65.5370629, -44.9165325], [-65.53743, -44.9161501], [-65.5379158, -44.9159019], [-65.5383182, -44.9154042], [-65.5393213, -44.9150205], [-65.5397183, -44.9148458], [-65.5401635, -44.914842], [-65.5409575, -44.9143177], [-65.5411989, -44.9139834], [-65.5418694, -44.9139568], [-65.541805, -44.9136529], [-65.5419874, -44.913387], [-65.5421162, -44.9132806], [-65.5423629, -44.9132085], [-65.5425775, -44.9130755], [-65.5428565, -44.9128628], [-65.5432301, -44.9127001], [-65.5431032, -44.912574], [-65.5430657, -44.9124525], [-65.543173, -44.9122967], [-65.5434251, -44.9120498], [-65.5433714, -44.9119966], [-65.5431515, -44.9120042], [-65.5429691, -44.9119814], [-65.5428457, -44.9117762], [-65.5426794, -44.9115293], [-65.5426472, -44.9112444], [-65.5429637, -44.9110924], [-65.5433232, -44.9110506], [-65.5432856, -44.9108075], [-65.54332, -44.91052], [-65.5432963, -44.9103022], [-65.5437094, -44.9101502], [-65.544042, -44.910116], [-65.5443209, -44.9101464], [-65.5445677, -44.9102604], [-65.54476, -44.9106099], [-65.544616, -44.911081], [-65.5449271, -44.9112976], [-65.5451256, -44.9116737], [-65.5455333, -44.9118674], [-65.5460912, -44.911875], [-65.5465901, -44.9119586], [-65.5466169, -44.9121106], [-65.5465955, -44.9122777], [-65.5465096, -44.9124715], [-65.5466008, -44.9126614], [-65.5467671, -44.912783], [-65.5471587, -44.9128893], [-65.54811, -44.9127199], [-65.5484623, -44.9124525], [-65.5488378, -44.9122891], [-65.5491543, -44.9120042], [-65.5494011, -44.9116281], [-65.5496424, -44.9112064], [-65.5495942, -44.9109366], [-65.5497497, -44.9108265], [-65.5500448, -44.9106821], [-65.5502111, -44.9107049], [-65.5504203, -44.9108797], [-65.5506724, -44.9109328], [-65.5507958, -44.9107201], [-65.550769, -44.9104124], [-65.5508333, -44.9101008], [-65.5508977, -44.9098121], [-65.5512464, -44.9095423], [-65.5519277, -44.9093562], [-65.5525339, -44.9097931], [-65.5526787, -44.9100172], [-65.5526948, -44.9102642], [-65.5526894, -44.9104314], [-65.5526573, -44.9106403], [-65.5527216, -44.9109366], [-65.5532098, -44.9113697], [-65.5537838, -44.9116889], [-65.554043, -44.9118382], [-65.5544543, -44.9115103], [-65.5548369, -44.9112911], [-65.5549854, -44.9113735], [-65.5549264, -44.9115863], [-65.5550498, -44.912065], [-65.5553556, -44.9122321], [-65.5555648, -44.9125018], [-65.5557042, -44.9125968], [-65.5557579, -44.912726], [-65.5557472, -44.9128931], [-65.5558223, -44.9129501], [-65.5560599, -44.9130499], [-65.5562961, -44.9128563], [-65.5564338, -44.9123119], [-65.5567359, -44.9118306], [-65.5567199, -44.9116299], [-65.5565089, -44.9114495], [-65.5563051, -44.9114761], [-65.55606, -44.9112835], [-65.5560368, -44.9111076], [-65.5558598, -44.9110354], [-65.5556506, -44.9110278], [-65.5554897, -44.9110012], [-65.5554431, -44.9107972], [-65.5556935, -44.9105301], [-65.5557594, -44.9102638], [-65.5555969, -44.9098199], [-65.5561298, -44.9098056], [-65.5567037, -44.9096955], [-65.5567144, -44.9091864], [-65.5565089, -44.9086512], [-65.5563014, -44.9083999], [-65.5564195, -44.9082669], [-65.5565536, -44.908077], [-65.5566984, -44.9079934], [-65.5567681, -44.9078756], [-65.5568915, -44.9076743], [-65.5567413, -44.9074425], [-65.5568164, -44.9070702], [-65.5569935, -44.9066864], [-65.5574316, -44.9064383], [-65.5578286, -44.9065903], [-65.5579358, -44.9066815], [-65.5582416, -44.9068449], [-65.5585957, -44.9067347], [-65.5587834, -44.9065903], [-65.5590731, -44.9064345], [-65.5594503, -44.906542], [-65.5596739, -44.9067689], [-65.5600757, -44.906962], [-65.560336, -44.9067657], [-65.5602818, -44.9065306], [-65.5602925, -44.9063597], [-65.5603193, -44.906219], [-65.560373, -44.9060253], [-65.5606627, -44.9060405], [-65.5614781, -44.9065724], [-65.5616498, -44.906732], [-65.5614781, -44.9069448], [-65.561757, -44.9071651], [-65.56212, -44.9071501], [-65.56234, -44.9071108], [-65.562154, -44.9066484], [-65.5617231, -44.9061382], [-65.5617285, -44.9058456], [-65.5619823, -44.9057366], [-65.5624437, -44.9058733], [-65.5625901, -44.9056001], [-65.5618321, -44.9052198], [-65.5614352, -44.9051058], [-65.561006, -44.9051666], [-65.5608451, -44.9050375], [-65.5604464, -44.9049793], [-65.5602747, -44.9048957], [-65.5600119, -44.9049071], [-65.5598778, -44.9048425], [-65.5596042, -44.9048046], [-65.5595183, -44.9049945], [-65.5593752, -44.9052122], [-65.5591929, -44.9052502], [-65.5590695, -44.9051743], [-65.5589049, -44.9051108], [-65.5587047, -44.9048588], [-65.5586349, -44.9047145], [-65.5588227, -44.90446], [-65.558989, -44.9042472], [-65.5592465, -44.9040267], [-65.5598365, -44.9038444], [-65.5602389, -44.9035823], [-65.5607736, -44.9033417], [-65.5608916, -44.9031973], [-65.5611545, -44.9031137], [-65.5615032, -44.9030226], [-65.5617678, -44.9028831], [-65.5621737, -44.9029922], [-65.5624044, -44.9028326], [-65.5628729, -44.9029591], [-65.5632573, -44.9030529], [-65.5633056, -44.9031631], [-65.5633664, -44.9034568], [-65.5636489, -44.9034747], [-65.5641496, -44.9032289], [-65.564509, -44.9032289], [-65.5647129, -44.9033048], [-65.5648363, -44.903624], [-65.5652117, -44.9035784], [-65.5656302, -44.903605], [-65.5659896, -44.9036202], [-65.566306, -44.9036963], [-65.566569, -44.9035404], [-65.566555, -44.9032363], [-65.5668372, -44.9027919], [-65.5671321, -44.9024309], [-65.5675559, -44.9023018], [-65.5679476, -44.9022486], [-65.5683499, -44.902279], [-65.5686771, -44.9024309], [-65.5689882, -44.9027159], [-65.5691438, -44.9028831], [-65.5694854, -44.9030491], [-65.5697101, -44.9033799], [-65.5697, -44.9038509], [-65.5698359, -44.9044143], [-65.5694264, -44.9045158], [-65.5695123, -44.904664], [-65.5698663, -44.9045918], [-65.5700648, -44.9046602], [-65.5701828, -44.9049375], [-65.5699646, -44.905539], [-65.5701899, -44.9056986], [-65.5707783, -44.9053783], [-65.5710053, -44.9050679], [-65.5719172, -44.9047715], [-65.5723447, -44.9047742], [-65.5726897, -44.9049311], [-65.5727112, -44.9053946], [-65.5725807, -44.905724], [-65.5723554, -44.9059368], [-65.5723125, -44.9063091], [-65.5721355, -44.9069512], [-65.5716812, -44.9074463], [-65.57135, -44.9077001], [-65.5711645, -44.9080226], [-65.5711323, -44.9082468], [-65.5710787, -44.9083228], [-65.5709821, -44.908357], [-65.5706817, -44.9083228], [-65.57073, -44.9084216], [-65.5709606, -44.9085887], [-65.5706388, -44.9093334], [-65.5704778, -44.909341], [-65.5702311, -44.9094284], [-65.5702686, -44.9094778], [-65.5703652, -44.9095575]]]}, "properties": {"osm_id": 10813417, "name": "Reserva Natural Turística de Objetivo Integral Cabo Dos Bahías", "match": "Cabo Dos Bahías", "protect_class": "4", "boundary": "protected_area"}}, {"type": "Feature", "geometry": {"type": "Polygon", "coordinates": [[[-63.6227878, -42.3110424], [-63.6053735, -42.3075303], [-63.6047137, -42.3091965], [-63.603732, -42.3122194], [-63.6028737, -42.3142941], [-63.6025143, -42.3152223], [-63.6022192, -42.3162536], [-63.6003792, -42.3236272], [-63.5991776, -42.3275378], [-63.5985822, -42.329144], [-63.5983247, -42.3302584], [-63.5981798, -42.3321143], [-63.5981369, -42.3336887], [-63.5982442, -42.3345333], [-63.5985661, -42.3366033], [-63.5986894, -42.3405527], [-63.5988987, -42.3481693], [-63.5989684, -42.35322], [-63.5991079, -42.3569583], [-63.599301, -42.3581792], [-63.5995477, -42.3593962], [-63.5998938, -42.3607657], [-63.6006099, -42.3632173], [-63.6010578, -42.3646799], [-63.6015004, -42.3661742], [-63.6017579, -42.3668797], [-63.6021334, -42.36814], [-63.602289, -42.3687088], [-63.6024499, -42.3693627], [-63.6028254, -42.3707935], [-63.6031687, -42.3724362], [-63.6036623, -42.374814], [-63.6039573, -42.3763279], [-63.6042523, -42.378127], [-63.60466, -42.3808573], [-63.6048532, -42.3825374], [-63.6052877, -42.3858499], [-63.6056739, -42.3887621], [-63.6062425, -42.3925577], [-63.6064249, -42.3941543], [-63.6066985, -42.3972404], [-63.6069667, -42.3996768], [-63.607074, -42.4008335], [-63.6073691, -42.4034558], [-63.6076695, -42.4065692], [-63.6077553, -42.4077298], [-63.6080611, -42.411144], [-63.6081469, -42.4138055], [-63.6082703, -42.4166095], [-63.6083508, -42.4201618], [-63.6084098, -42.422423], [-63.6083347, -42.4274836], [-63.6082703, -42.4305879], [-63.6082166, -42.4317876], [-63.6080986, -42.4348758], [-63.6079592, -42.4387715], [-63.607766, -42.4420099], [-63.6075139, -42.444195], [-63.6073262, -42.4465702], [-63.6070794, -42.4487116], [-63.6067736, -42.4515061], [-63.6064464, -42.4543282], [-63.6061674, -42.4567069], [-63.6057544, -42.4603599], [-63.6055398, -42.4628135], [-63.6053467, -42.4670161], [-63.6052609, -42.468595], [-63.6052126, -42.4718081], [-63.6052716, -42.4779211], [-63.6054969, -42.4808013], [-63.6057651, -42.4840889], [-63.605918, -42.4858276], [-63.6059555, -42.4865179], [-63.6059609, -42.4873051], [-63.6058778, -42.4879835], [-63.6057302, -42.4885255], [-63.6055881, -42.48884], [-63.605234, -42.4893898], [-63.6048478, -42.4899673], [-63.6045662, -42.4904717], [-63.6044669, -42.4908475], [-63.604424, -42.4911184], [-63.6043958, -42.4913004], [-63.6044428, -42.4913993], [-63.6045085, -42.4914665], [-63.6046305, -42.4915457], [-63.604711, -42.4915674], [-63.6048317, -42.4915674], [-63.604998, -42.4915417], [-63.6050999, -42.4914962], [-63.6051938, -42.4913894], [-63.6052474, -42.491243], [-63.6053628, -42.4910018], [-63.6053842, -42.4908653], [-63.6053923, -42.4907684], [-63.6054245, -42.4907229], [-63.6054915, -42.4906695], [-63.6059368, -42.4903708], [-63.6063552, -42.4900821], [-63.6073154, -42.4892652], [-63.6078975, -42.4887826], [-63.6080624, -42.488569], [-63.6080745, -42.4885235], [-63.6080758, -42.4884622], [-63.6080195, -42.488298], [-63.6080021, -42.4882545], [-63.6080208, -42.4881873], [-63.6080879, -42.4880844], [-63.6082542, -42.487944], [-63.6084339, -42.4878095], [-63.6085573, -42.4876908], [-63.6086029, -42.4875978], [-63.6085841, -42.4874574], [-63.6085117, -42.4873288], [-63.6084084, -42.4872458], [-63.6082971, -42.487223], [-63.6082032, -42.487229], [-63.6081402, -42.4872675], [-63.6080785, -42.4873269], [-63.6080262, -42.4873377], [-63.6079484, -42.4873199], [-63.6078894, -42.4872804], [-63.6077526, -42.4871528], [-63.6076051, -42.4869431], [-63.60753, -42.4867513], [-63.6075166, -42.4866366], [-63.6075783, -42.486506], [-63.6078304, -42.4863676], [-63.6080959, -42.4862251], [-63.60856, -42.4860214], [-63.6087236, -42.4858928], [-63.6087799, -42.4857841], [-63.608746, -42.4854114], [-63.6086874, -42.4851333], [-63.6086217, -42.4849622], [-63.6084607, -42.4847674], [-63.6083883, -42.4846408], [-63.6083481, -42.4845043], [-63.6083695, -42.4844113], [-63.6084245, -42.4843164], [-63.6085144, -42.4842165], [-63.6085895, -42.4841324], [-63.6085922, -42.4840454], [-63.60856, -42.4839544], [-63.6084259, -42.4836973], [-63.6083132, -42.4834421], [-63.6081898, -42.4831394], [-63.6080691, -42.4819407], [-63.6080235, -42.4808468], [-63.6080048, -42.4806134], [-63.6077419, -42.4795452], [-63.60764, -42.4787163], [-63.6075999, -42.4784996], [-63.6074603, -42.478206], [-63.6072484, -42.4779211], [-63.6071357, -42.4777648], [-63.6070848, -42.4775828], [-63.6070579, -42.4773019], [-63.6070311, -42.4771061], [-63.6070231, -42.4769122], [-63.6070982, -42.4766768], [-63.6071947, -42.4765422], [-63.6072886, -42.4764275], [-63.6073288, -42.4763504], [-63.6073235, -42.4762237], [-63.6072966, -42.4760675], [-63.6072913, -42.4758874], [-63.6073154, -42.4757272], [-63.6073718, -42.4755036], [-63.6074522, -42.4750763], [-63.6074415, -42.4749715], [-63.6074147, -42.474837], [-63.6073181, -42.4745719], [-63.6072752, -42.474465], [-63.6072698, -42.4743542], [-63.6073127, -42.4740971], [-63.6073047, -42.4739487], [-63.6072457, -42.4738161], [-63.6071625, -42.4736994], [-63.6071357, -42.4735748], [-63.6071438, -42.473371], [-63.6071947, -42.4731455], [-63.6072457, -42.4728388], [-63.607235, -42.4724847], [-63.6072262, -42.4724471], [-63.6072108, -42.4724214], [-63.6071304, -42.4723185], [-63.6070552, -42.4722305], [-63.6070257, -42.4721869], [-63.6069801, -42.4720534], [-63.6069721, -42.4719446], [-63.6070432, -42.4716943], [-63.6070955, -42.4715479], [-63.6070928, -42.4713965], [-63.6070552, -42.4713006], [-63.6069493, -42.4711621], [-63.6069185, -42.4710859], [-63.6069024, -42.4709484], [-63.6069359, -42.4708238], [-63.6069708, -42.4706922], [-63.6069587, -42.4706062], [-63.6069211, -42.4704825], [-63.6068916, -42.4704222], [-63.6068916, -42.4702975], [-63.6069131, -42.47016], [-63.6069801, -42.4699958], [-63.6070029, -42.4698702], [-63.6069936, -42.4697594], [-63.6069734, -42.4696961], [-63.6068782, -42.4695368], [-63.606842, -42.4694398], [-63.6068353, -42.4693488], [-63.6068514, -42.4692697], [-63.6068849, -42.4692034], [-63.6069962, -42.4690906], [-63.6070392, -42.4690244], [-63.6070432, -42.4689274], [-63.6070298, -42.4688176], [-63.6069641, -42.4686247], [-63.6068541, -42.4682013], [-63.6068326, -42.4677621], [-63.6068755, -42.4676295], [-63.6069936, -42.4675108], [-63.6070552, -42.4674851], [-63.607121, -42.4674435], [-63.6071438, -42.4674029], [-63.6071464, -42.4673406], [-63.6071518, -42.4672377], [-63.6071223, -42.4670478], [-63.6070756, -42.4667082], [-63.6069305, -42.466013], [-63.6068594, -42.4657182], [-63.6068501, -42.4655836], [-63.6068836, -42.4654313], [-63.6069815, -42.465089], [-63.607007, -42.4649792], [-63.6069882, -42.4648426], [-63.6069386, -42.4647209], [-63.6068581, -42.4645676], [-63.6068434, -42.4644667], [-63.6068527, -42.4643519], [-63.6068849, -42.4642302], [-63.6069372, -42.4640729], [-63.606952, -42.4639859], [-63.6069359, -42.4638998], [-63.606897, -42.4638365], [-63.6067736, -42.4636762], [-63.606728, -42.4634981], [-63.6067146, -42.4633477], [-63.6066556, -42.4628036], [-63.6066717, -42.4625761], [-63.6067387, -42.4624435], [-63.606838, -42.4622832], [-63.607007, -42.4619528], [-63.6070552, -42.4617984], [-63.607074, -42.4615788], [-63.6070687, -42.4614462], [-63.6070231, -42.4611949], [-63.6070177, -42.4610683], [-63.607074, -42.4609377], [-63.6071491, -42.4608664], [-63.6072055, -42.4607615], [-63.6072162, -42.4606685], [-63.6072162, -42.4605122], [-63.6071545, -42.4599542], [-63.6071786, -42.4598414], [-63.6072484, -42.4597029], [-63.6072966, -42.4595763], [-63.6073127, -42.4593249], [-63.6073101, -42.4590677], [-63.6073476, -42.4589628], [-63.6074576, -42.45885], [-63.607522, -42.4587907], [-63.6075649, -42.4587174], [-63.6075729, -42.4586462], [-63.6075783, -42.4585354], [-63.607538, -42.4582148], [-63.6075354, -42.4580822], [-63.6075702, -42.4579635], [-63.6076883, -42.457827], [-63.6077848, -42.4577577], [-63.6078277, -42.4577122], [-63.6078841, -42.4575737], [-63.6079082, -42.4573184], [-63.6078867, -42.4571462], [-63.6077714, -42.4568415], [-63.6077499, -42.456699], [-63.6077741, -42.4565545], [-63.6078411, -42.4564615], [-63.6079189, -42.4563428], [-63.6079538, -42.4562577], [-63.6079592, -42.4562023], [-63.6079296, -42.4560163], [-63.6078706, -42.4558283], [-63.6078706, -42.4556799], [-63.6079296, -42.4554859], [-63.607994, -42.4552801], [-63.6079806, -42.4551], [-63.607927, -42.4548823], [-63.6078814, -42.4547755], [-63.6078519, -42.4546429], [-63.6078948, -42.4544212], [-63.6079243, -42.4542451], [-63.6078841, -42.4540769], [-63.6078277, -42.4539621], [-63.6077821, -42.4538731], [-63.6077499, -42.4537385], [-63.6077124, -42.4532615], [-63.6076909, -42.4529884], [-63.6077338, -42.4527945], [-63.6078116, -42.45265], [-63.6079913, -42.4523769], [-63.6080316, -42.4522621], [-63.6081067, -42.4520425], [-63.6083132, -42.4515299], [-63.6083695, -42.45133], [-63.6084178, -42.4509401], [-63.6083722, -42.4507026], [-63.6083373, -42.45057], [-63.6083454, -42.4504968], [-63.6083883, -42.4503761], [-63.6084473, -42.4502534], [-63.608501, -42.4500792], [-63.6085063, -42.4499407], [-63.6084688, -42.4497586], [-63.6084312, -42.4496399], [-63.6084634, -42.4494815], [-63.6085439, -42.4493034], [-63.6085466, -42.4491886], [-63.6085224, -42.449058], [-63.6085197, -42.4489887], [-63.6085412, -42.4488403], [-63.6086163, -42.4486206], [-63.6086243, -42.4484583], [-63.6085546, -42.4482248], [-63.6085627, -42.448015], [-63.6086726, -42.4476746], [-63.6087209, -42.4471501], [-63.6088014, -42.446776], [-63.6088577, -42.4465326], [-63.6088698, -42.4463732], [-63.6088322, -42.4461694], [-63.6088148, -42.4460496], [-63.6088309, -42.4459645], [-63.6089006, -42.4458101], [-63.6089166, -42.4456944], [-63.6089355, -42.4451322], [-63.6088993, -42.4449274], [-63.6088966, -42.4448185], [-63.6089207, -42.4446909], [-63.6089636, -42.44458], [-63.6089784, -42.4445058], [-63.6090428, -42.4438764], [-63.6090884, -42.4435379], [-63.6090978, -42.443433], [-63.6091393, -42.4432836], [-63.6091983, -42.4431114], [-63.609205, -42.4430629], [-63.6091943, -42.4430015], [-63.6091648, -42.4428897], [-63.6091594, -42.4427591], [-63.6091729, -42.4426631], [-63.6092144, -42.4425344], [-63.6092278, -42.4422573], [-63.6092815, -42.4417387], [-63.6093324, -42.4409212], [-63.6094639, -42.4400305], [-63.6095014, -42.4396623], [-63.6095095, -42.4394505], [-63.609488, -42.4392427], [-63.6094531, -42.4388092], [-63.6094934, -42.4378649], [-63.6096168, -42.4355449], [-63.6096597, -42.4349115], [-63.6097589, -42.4339098], [-63.6097562, -42.4335356], [-63.6097804, -42.4333317], [-63.609834, -42.43311], [-63.6098367, -42.4329328], [-63.6098501, -42.4317995], [-63.6098582, -42.4314629], [-63.6098903, -42.4312372], [-63.6099198, -42.4310531], [-63.6099306, -42.4308175], [-63.6099011, -42.4306077], [-63.6099252, -42.4303187], [-63.6099359, -42.429307], [-63.6099574, -42.4287566], [-63.609944, -42.4282835], [-63.6099815, -42.4278697], [-63.6099681, -42.4273252], [-63.6099896, -42.426753], [-63.6099654, -42.4264759], [-63.6099842, -42.4262759], [-63.6100674, -42.4259532], [-63.6101505, -42.4253553], [-63.6102015, -42.4241931], [-63.6102283, -42.4239376], [-63.6102511, -42.4237624], [-63.6102806, -42.423609], [-63.6103034, -42.4235308], [-63.6103088, -42.4234565], [-63.6103007, -42.423207], [-63.6103007, -42.4228407], [-63.6103517, -42.422623], [-63.6103624, -42.4224349], [-63.6103651, -42.4222685], [-63.6103034, -42.4221082], [-63.6102846, -42.4219913], [-63.6102873, -42.4218211], [-63.6103356, -42.4214983], [-63.6103329, -42.4213775], [-63.6103356, -42.4210389], [-63.6102927, -42.4207954], [-63.610239, -42.4205677], [-63.6102551, -42.4203558], [-63.6102766, -42.4201143], [-63.6102632, -42.4195004], [-63.6102699, -42.4193579], [-63.6102337, -42.419244], [-63.6101532, -42.4189371], [-63.6101452, -42.4185837], [-63.6101814, -42.4183609], [-63.6102337, -42.4182668], [-63.6102954, -42.4180233], [-63.6103007, -42.4178035], [-63.6102605, -42.4176708], [-63.6102176, -42.4175421], [-63.6102176, -42.4174342], [-63.6102498, -42.4173342], [-63.6102779, -42.4172204], [-63.6102712, -42.4171431], [-63.6101747, -42.4170312], [-63.6099038, -42.4164431], [-63.6097616, -42.4160412], [-63.6096463, -42.4152926], [-63.609539, -42.4148194], [-63.6094397, -42.414455], [-63.6094531, -42.4141916], [-63.6095269, -42.4138976], [-63.6096087, -42.4137827], [-63.6097133, -42.4136728], [-63.6098689, -42.4135649], [-63.6100781, -42.4133837], [-63.6101639, -42.4132827], [-63.6102363, -42.4131203], [-63.6102819, -42.412851], [-63.6103222, -42.4124312], [-63.6103624, -42.411649], [-63.6103919, -42.4114905], [-63.6104858, -42.4113064], [-63.6106521, -42.4110192], [-63.6112475, -42.4101419], [-63.6114004, -42.4098548], [-63.6114675, -42.4095874], [-63.6114299, -42.4090982], [-63.6113951, -42.4087774], [-63.6113682, -42.408116], [-63.6112851, -42.4066484], [-63.6114514, -42.4056899], [-63.6115882, -42.4046224], [-63.6115935, -42.4035014], [-63.611505, -42.4027388], [-63.6114728, -42.4015168], [-63.6114085, -42.4009682], [-63.6114031, -42.4005899], [-63.6114433, -42.4003938], [-63.6115238, -42.4001105], [-63.6117035, -42.3995559], [-63.6116982, -42.3991915], [-63.6116633, -42.3990429], [-63.611619, -42.398935], [-63.6115654, -42.3988389], [-63.611493, -42.3987676], [-63.6113521, -42.3986319], [-63.6112395, -42.3985052], [-63.6111657, -42.3984091], [-63.6111242, -42.3983219], [-63.6111175, -42.3982388], [-63.6111242, -42.3981397], [-63.6111014, -42.3980852], [-63.6110531, -42.3980308], [-63.6108694, -42.3978485], [-63.610695, -42.3975356], [-63.6103785, -42.3968542], [-63.6102498, -42.3962629], [-63.6102189, -42.3959401], [-63.6102337, -42.3958608], [-63.6102605, -42.3958133], [-63.610298, -42.3957737], [-63.6103329, -42.3957241], [-63.610349, -42.3956677], [-63.6102632, -42.3949288], [-63.6102873, -42.3947783], [-63.610349, -42.3946495], [-63.6105676, -42.3943207], [-63.6105663, -42.394187], [-63.61053, -42.3940622], [-63.6104643, -42.3939701], [-63.610341, -42.3938403], [-63.6102994, -42.393775], [-63.6102806, -42.3937284], [-63.6103007, -42.3936304], [-63.6103946, -42.3934353], [-63.6104107, -42.3933758], [-63.610408, -42.3932708], [-63.6103302, -42.3930648], [-63.6102846, -42.3928707], [-63.6102846, -42.3926647], [-63.6103302, -42.3925399], [-63.6105783, -42.3921922], [-63.6105917, -42.392108], [-63.6105797, -42.3920328], [-63.6105247, -42.3919119], [-63.6103705, -42.3916207], [-63.6103678, -42.3915237], [-63.6104053, -42.3914048], [-63.6104643, -42.3912642], [-63.6104563, -42.3911988], [-63.610408, -42.3910898], [-63.6102659, -42.3908541], [-63.6102417, -42.3907392], [-63.6102659, -42.3905827], [-63.6103195, -42.3904282], [-63.6103302, -42.3902855], [-63.6102927, -42.3901172], [-63.610231, -42.3899567], [-63.6101827, -42.3896813], [-63.6102068, -42.3895189], [-63.6102739, -42.3891326], [-63.6103544, -42.3887869], [-63.6103597, -42.3887235], [-63.6103477, -42.3886433], [-63.6103088, -42.3885571], [-63.6102296, -42.388468], [-63.610168, -42.3884046], [-63.610117, -42.3883263], [-63.6100982, -42.3882342], [-63.6100902, -42.3880737], [-63.6100593, -42.3879479], [-63.6099923, -42.3877855], [-63.6099413, -42.3876567], [-63.6096275, -42.3865275], [-63.6095122, -42.3860183], [-63.6094826, -42.3855409], [-63.6094505, -42.3852734], [-63.6093405, -42.3848178], [-63.6093244, -42.3845424], [-63.6093378, -42.3843205], [-63.6094075, -42.3834646], [-63.6094505, -42.383317], [-63.6094947, -42.3832496], [-63.6095564, -42.3831942], [-63.6096275, -42.3831337], [-63.6096704, -42.3830505], [-63.6096972, -42.3828544], [-63.6096731, -42.382688], [-63.6096476, -42.3826206], [-63.6096127, -42.3825671], [-63.6094679, -42.3824423], [-63.6093995, -42.3823432], [-63.609315, -42.3822184], [-63.6092828, -42.3821322], [-63.6092721, -42.3820817], [-63.6092842, -42.3819985], [-63.6093083, -42.3818974], [-63.6092922, -42.3818281], [-63.609264, -42.3817677], [-63.6091688, -42.3816438], [-63.6090991, -42.3814893], [-63.6090723, -42.3813288], [-63.6090642, -42.381099], [-63.6090964, -42.3810019], [-63.6091366, -42.3809009], [-63.6091366, -42.3808414], [-63.609083, -42.3807483], [-63.6089891, -42.3806413], [-63.6088792, -42.3805264], [-63.6088201, -42.3804214], [-63.6087504, -42.3801836], [-63.6087236, -42.3800667], [-63.6086351, -42.3798547], [-63.6084822, -42.379508], [-63.6083508, -42.3791137], [-63.6078331, -42.3775068], [-63.6075863, -42.3769916], [-63.6073959, -42.3763358], [-63.6073852, -42.3760683], [-63.6075166, -42.3758384], [-63.6080128, -42.3752222], [-63.6081094, -42.3750597], [-63.6081429, -42.3748685], [-63.6080879, -42.3746733], [-63.6080638, -42.3743959], [-63.6080772, -42.3739085], [-63.6081992, -42.3731119], [-63.6083239, -42.3725392], [-63.6083239, -42.3723708], [-63.6082622, -42.3722083], [-63.6081764, -42.3720973], [-63.6080959, -42.3719725], [-63.6080664, -42.3718497], [-63.6080048, -42.371701], [-63.6079216, -42.371598], [-63.6077902, -42.3715049], [-63.6076748, -42.3713661], [-63.6075541, -42.3711502], [-63.6073959, -42.3706032], [-63.6073583, -42.3703179], [-63.6073557, -42.3699968], [-63.6072966, -42.3692914], [-63.6073637, -42.3689486], [-63.6075327, -42.3687127], [-63.6077312, -42.3684908], [-63.607758, -42.3683422], [-63.6076883, -42.3682114], [-63.6073181, -42.3679954], [-63.6071438, -42.3678537], [-63.6070566, -42.3677358], [-63.6069909, -42.3675515], [-63.6069131, -42.3670897], [-63.606779, -42.366734], [-63.606602, -42.366511], [-63.6061835, -42.3659205], [-63.6060655, -42.3654845], [-63.6061031, -42.3647671], [-63.6061755, -42.3641309], [-63.6064357, -42.3634234], [-63.6064839, -42.3632728], [-63.6064625, -42.3631261], [-63.6064678, -42.3629775], [-63.6065322, -42.3628289], [-63.6066945, -42.3626584], [-63.6067843, -42.3625118], [-63.6068165, -42.3623096], [-63.6068139, -42.3619152], [-63.6067951, -42.361828], [-63.6067387, -42.3617567], [-63.6065483, -42.3616675], [-63.6060843, -42.3614059], [-63.605741, -42.3611621], [-63.6055586, -42.3609421], [-63.6051643, -42.3601612], [-63.6048773, -42.3594754], [-63.6048049, -42.3591266], [-63.6047968, -42.358861], [-63.6048558, -42.3585954], [-63.6050409, -42.3583239], [-63.6053869, -42.3579275], [-63.6057302, -42.3576639], [-63.6061379, -42.3574379], [-63.6066932, -42.3571862], [-63.6073369, -42.3568156], [-63.6076534, -42.3565639], [-63.6078116, -42.3563518], [-63.6078841, -42.3561793], [-63.6079323, -42.3559712], [-63.6080262, -42.3557611], [-63.6081389, -42.3555788], [-63.6084071, -42.3552002], [-63.6085439, -42.3549405], [-63.6086056, -42.3547324], [-63.6086673, -42.3544192], [-63.608686, -42.3541556], [-63.6086485, -42.3539237], [-63.6084902, -42.3535788], [-63.6084017, -42.353335], [-63.6083561, -42.353115], [-63.6083615, -42.3528514], [-63.6084071, -42.352562], [-63.6084232, -42.3523459], [-63.6084151, -42.3519871], [-63.6084312, -42.3516561], [-63.6085063, -42.3512814], [-63.6086082, -42.3509227], [-63.6087263, -42.3506333], [-63.6091662, -42.3495926], [-63.6095765, -42.3485578], [-63.6097401, -42.3482505], [-63.6099815, -42.3479017], [-63.6102363, -42.347531], [-63.6104375, -42.3471484], [-63.6107191, -42.3467063], [-63.6109659, -42.3464902], [-63.611269, -42.3463396], [-63.6114997, -42.3462761], [-63.6116445, -42.3462067], [-63.6116552, -42.3461532], [-63.6114648, -42.3458539], [-63.6112234, -42.3452611], [-63.6108774, -42.3444662], [-63.6107299, -42.344145], [-63.6106548, -42.3438814], [-63.610687, -42.3435086], [-63.6108345, -42.3432301], [-63.6113226, -42.3428406], [-63.6121085, -42.3425352], [-63.6128247, -42.342337], [-63.6132753, -42.3421943], [-63.6137339, -42.3419187], [-63.6140639, -42.3416431], [-63.6143884, -42.3412526], [-63.6148042, -42.3406637], [-63.615126, -42.3403426], [-63.6155203, -42.3400313], [-63.6161909, -42.3395238], [-63.61673, -42.3390618], [-63.6173844, -42.3384155], [-63.6179692, -42.3377572], [-63.6185753, -42.3369443], [-63.6192513, -42.3356635], [-63.6197501, -42.3345115], [-63.6198467, -42.3338771], [-63.6197394, -42.3328123], [-63.6195329, -42.3319974], [-63.6194752, -42.3316771], [-63.6194605, -42.3313985], [-63.6194605, -42.3310991], [-63.6194417, -42.3309564], [-63.6193706, -42.3307888], [-63.6193277, -42.3306044], [-63.6192513, -42.330191], [-63.6191681, -42.3298757], [-63.6191547, -42.3297349], [-63.6191788, -42.3296417], [-63.6192834, -42.3294692], [-63.6193398, -42.3293224], [-63.6193465, -42.3291638], [-63.6193223, -42.3290488], [-63.6192915, -42.3289457], [-63.6192647, -42.3288664], [-63.6192754, -42.3287652], [-63.6192888, -42.3286185], [-63.6192593, -42.3285372], [-63.6192177, -42.3284837], [-63.619144, -42.3284232], [-63.6190715, -42.3283528], [-63.6190313, -42.3282437], [-63.6190152, -42.3280851], [-63.6190715, -42.3278452], [-63.6191627, -42.3275318], [-63.6191896, -42.3272641], [-63.6191627, -42.3267486], [-63.619034, -42.3261675], [-63.6189562, -42.3260644], [-63.6188248, -42.3260148], [-63.6186692, -42.3260505], [-63.6184654, -42.3261695], [-63.6175185, -42.3268061], [-63.6169553, -42.3273583], [-63.6169238, -42.3274129], [-63.6169318, -42.3274419], [-63.6169687, -42.3274575], [-63.6170599, -42.3274615], [-63.6172302, -42.3274396], [-63.6172731, -42.3274545], [-63.6172892, -42.3274793], [-63.6172879, -42.3275576], [-63.6172664, -42.3277044], [-63.6170787, -42.328207], [-63.6169499, -42.3283369], [-63.6167608, -42.3283706], [-63.6164068, -42.328324], [-63.6161721, -42.3282338], [-63.6159977, -42.3280891], [-63.6159387, -42.3279146], [-63.6159736, -42.327744], [-63.6160889, -42.3274644], [-63.6162914, -42.3270272], [-63.6164054, -42.3268229], [-63.6167729, -42.3260942], [-63.617076, -42.325301], [-63.617304, -42.3248627], [-63.6175346, -42.3245752], [-63.6177814, -42.324242], [-63.617878, -42.3241627], [-63.6180443, -42.3241091], [-63.6182079, -42.3241052], [-63.6184198, -42.324123], [-63.6185673, -42.3240992], [-63.6189777, -42.3239267], [-63.6191627, -42.3238493], [-63.6193559, -42.3238018], [-63.6195329, -42.3238256], [-63.6197072, -42.3239108], [-63.6197823, -42.3240596], [-63.6198333, -42.3246089], [-63.6198762, -42.3247655], [-63.6199808, -42.3249916], [-63.6200532, -42.3251502], [-63.6201149, -42.3252316], [-63.6202115, -42.3252732], [-63.6203107, -42.3252534], [-63.6203805, -42.325174], [-63.6204341, -42.3250372], [-63.6205012, -42.3240159], [-63.6207748, -42.3231394], [-63.62133, -42.3219257], [-63.6213756, -42.3216897], [-63.62133, -42.3214775], [-63.6212334, -42.3213169], [-63.620984, -42.3210908], [-63.6208364, -42.3208766], [-63.620764, -42.320601], [-63.6206782, -42.3196609], [-63.6206058, -42.3193912], [-63.6204743, -42.3190362], [-63.6204717, -42.3188914], [-63.6205682, -42.3187903], [-63.6209196, -42.3186356], [-63.6210322, -42.3185344], [-63.6210752, -42.3184234], [-63.6210644, -42.3181378], [-63.6210322, -42.3178125], [-63.621043, -42.3176023], [-63.6210752, -42.3174238], [-63.6210859, -42.3172691], [-63.6210698, -42.3171184], [-63.6210537, -42.3168486], [-63.6210805, -42.3167713], [-63.6211583, -42.3167296], [-63.6212415, -42.3167396], [-63.6213461, -42.3167971], [-63.6217569, -42.317916], [-63.6219357, -42.3184302], [-63.6220637, -42.3187436], [-63.6221741, -42.3189623], [-63.6224169, -42.3193769], [-63.6224833, -42.3195102], [-63.6225504, -42.3196907], [-63.6225799, -42.3198711], [-63.6225826, -42.3201071], [-63.6225488, -42.3204882], [-63.6225546, -42.3210582], [-63.6225979, -42.321515], [-63.6225721, -42.3218397], [-63.6224758, -42.3221743], [-63.6221984, -42.3227529], [-63.621994, -42.3232645], [-63.621775, -42.3238905], [-63.6216057, -42.3243396], [-63.6215093, -42.3247195], [-63.6214451, -42.3250476], [-63.6213516, -42.3253239], [-63.6211998, -42.3254794], [-63.6209137, -42.3256262], [-63.6205867, -42.3258334], [-63.6204261, -42.3260061], [-63.620137, -42.3263882], [-63.6199764, -42.3267487], [-63.6198713, -42.3272948], [-63.6197837, -42.3276618], [-63.6197448, -42.3278432], [-63.6197582, -42.3279681], [-63.6198092, -42.328095], [-63.6198961, -42.3282112], [-63.6201035, -42.3282896], [-63.6203353, -42.3282847], [-63.6205627, -42.3281949], [-63.6207385, -42.3280568], [-63.6210527, -42.3276613], [-63.6212962, -42.3274265], [-63.6216024, -42.3272272], [-63.6219048, -42.3271015], [-63.6224898, -42.3269465], [-63.6228982, -42.3268779], [-63.623397, -42.3268551], [-63.6235937, -42.3268606], [-63.6236487, -42.3268408], [-63.6236769, -42.3267724], [-63.6236809, -42.3267049], [-63.6236597, -42.3260848], [-63.6236995, -42.3256963], [-63.6237679, -42.3255168], [-63.6239152, -42.325311], [-63.6241021, -42.3251772], [-63.6243561, -42.3250347], [-63.6246364, -42.3248253], [-63.6259356, -42.323764], [-63.6261244, -42.3235886], [-63.6263202, -42.323422], [-63.6265647, -42.3233005], [-63.6268727, -42.3231979], [-63.6270862, -42.3230767], [-63.6273343, -42.3229083], [-63.6275971, -42.3227939], [-63.6279709, -42.3226708], [-63.6286862, -42.3224096], [-63.6298913, -42.3218153], [-63.6310171, -42.3212049], [-63.6316732, -42.3207667], [-63.6320732, -42.3204667], [-63.6322834, -42.3202486], [-63.6324995, -42.3199312], [-63.6326893, -42.3197629], [-63.6329077, -42.3196133], [-63.6333275, -42.3194457], [-63.6338425, -42.3192722], [-63.6349813, -42.3187913], [-63.6352587, -42.3186186], [-63.6353521, -42.3184761], [-63.6353521, -42.3183552], [-63.6352821, -42.3178263], [-63.6353259, -42.3176428], [-63.6355332, -42.3171397], [-63.6355595, -42.3169886], [-63.6355379, -42.3167751], [-63.6353697, -42.3161746], [-63.6351857, -42.3156716], [-63.6351215, -42.3154255], [-63.6351624, -42.3152074], [-63.6353843, -42.3146979], [-63.6354222, -42.3145273], [-63.6355186, -42.3142207], [-63.6355671, -42.3140769], [-63.6355857, -42.3139854], [-63.635577, -42.3138752], [-63.6355859, -42.313703], [-63.6356762, -42.3133873], [-63.6356383, -42.3132988], [-63.6355507, -42.313234], [-63.6350806, -42.3131131], [-63.6346104, -42.3129386], [-63.6342002, -42.3126062], [-63.6329199, -42.3110662], [-63.6326163, -42.3108243], [-63.6321666, -42.3106473], [-63.6315885, -42.3105393], [-63.6310805, -42.3106041], [-63.6296965, -42.3109712], [-63.6282401, -42.3114309], [-63.6267533, -42.3116708], [-63.6251883, -42.3118219], [-63.6243182, -42.3117787], [-63.6236641, -42.3116017], [-63.6231561, -42.3114073], [-63.6228628, -42.3111828], [-63.6227878, -42.3110424]]]}, "properties": {"osm_id": 10815385, "name": "Reserva Natural Turística Caleta Valdés", "match": "Península Valdés", "protect_class": "4", "boundary": "protected_area"}}, {"type": "Feature", "geometry": {"type": "Polygon", "coordinates": [[[-65.2176709, -44.0564512], [-65.2179122, -44.0560502], [-65.2180785, -44.0555953], [-65.2182072, -44.0551211], [-65.2183789, -44.0543308], [-65.2184433, -44.0537602], [-65.2183735, -44.0530316], [-65.2179658, -44.0517014], [-65.2174079, -44.050271], [-65.2170539, -44.0495423], [-65.2165443, -44.0488907], [-65.2160615, -44.0485321], [-65.2152675, -44.0481543], [-65.2146399, -44.0480078], [-65.2138782, -44.0478612], [-65.2126336, -44.04768], [-65.2115285, -44.0475104], [-65.2102464, -44.0472443], [-65.209372, -44.0469783], [-65.2087176, -44.0466814], [-65.2082455, -44.0463691], [-65.2077627, -44.046022], [-65.2072156, -44.045675], [-65.2071029, -44.0455362], [-65.2071136, -44.0454398], [-65.2072102, -44.0453781], [-65.2073604, -44.0453627], [-65.2076018, -44.0453588], [-65.2076984, -44.0453318], [-65.2077681, -44.0452817], [-65.2078217, -44.045193], [-65.2078646, -44.0450157], [-65.2079183, -44.044846], [-65.2079719, -44.0446455], [-65.2079344, -44.0444816], [-65.2078432, -44.0443409], [-65.2076715, -44.0442059], [-65.2075106, -44.0440382], [-65.2074999, -44.0439533], [-65.2075401, -44.0438512], [-65.2076983, -44.0437721], [-65.2078754, -44.0437008], [-65.208098, -44.0436526], [-65.2083528, -44.0436237], [-65.208503, -44.04356], [-65.2086318, -44.0434193], [-65.2087659, -44.0432072], [-65.2088705, -44.0428775], [-65.2089188, -44.0425498], [-65.2089214, -44.0421275], [-65.2088839, -44.0417631], [-65.2087176, -44.0414527], [-65.2085218, -44.0412869], [-65.2082911, -44.0412155], [-65.2079344, -44.0411828], [-65.2076876, -44.0411712], [-65.2074999, -44.0411731], [-65.2073362, -44.04115], [-65.2071592, -44.0411018], [-65.2069473, -44.041042], [-65.2066737, -44.0409938], [-65.2062982, -44.040961], [-65.2059549, -44.0409533], [-65.2056304, -44.0409745], [-65.2052817, -44.0410015], [-65.2048418, -44.0410883], [-65.2042437, -44.0412599], [-65.2038494, -44.0414238], [-65.2036884, -44.0414787], [-65.2035449, -44.0414903], [-65.2033854, -44.0414787], [-65.2032606, -44.0414209], [-65.2030393, -44.0412965], [-65.2028985, -44.0412204], [-65.2028529, -44.0412088], [-65.2028006, -44.0412213], [-65.2027376, -44.041283], [-65.2026907, -44.041363], [-65.2025713, -44.0415076], [-65.2025136, -44.0415616], [-65.2024654, -44.0416108], [-65.2024157, -44.0416204], [-65.2023634, -44.0416098], [-65.2023272, -44.0415742], [-65.202338, -44.0415298], [-65.2024895, -44.0413814], [-65.2026102, -44.0412232], [-65.2026055, -44.04119], [-65.2025793, -44.0411688], [-65.2025358, -44.0411572], [-65.2024868, -44.0411635], [-65.2024131, -44.04119], [-65.2021328, -44.0413428], [-65.2020067, -44.0414103], [-65.2019115, -44.0414604], [-65.2018672, -44.0414739], [-65.2018391, -44.0414633], [-65.2017881, -44.041418], [-65.2017425, -44.041365], [-65.2016419, -44.0412984], [-65.2014622, -44.0412608], [-65.2012624, -44.0412599], [-65.2010626, -44.0412984], [-65.2009338, -44.0413544], [-65.2007917, -44.0414122], [-65.2006334, -44.0414546], [-65.2004457, -44.0414546], [-65.2002874, -44.041418], [-65.2001774, -44.0413409], [-65.2001023, -44.0412907], [-65.2000272, -44.0412753], [-65.1999521, -44.0412772], [-65.1997054, -44.0413601], [-65.1995069, -44.0413852], [-65.199295, -44.0413293], [-65.1991904, -44.0412194], [-65.1990724, -44.0410285], [-65.1989543, -44.0409533], [-65.1988041, -44.0409148], [-65.1986325, -44.0409591], [-65.1984742, -44.0410189], [-65.1981926, -44.0412001], [-65.1980692, -44.0412849], [-65.1979834, -44.0413158], [-65.1978734, -44.0413062], [-65.1977795, -44.0412445], [-65.1976562, -44.0410497], [-65.1975247, -44.0409302], [-65.1974148, -44.0408878], [-65.1973236, -44.0409205], [-65.1972297, -44.0410034], [-65.1970392, -44.0412078], [-65.196881, -44.04131], [-65.1967791, -44.0413466], [-65.1966423, -44.0413544], [-65.1965109, -44.0413293], [-65.1963982, -44.0412946], [-65.1962507, -44.0411808], [-65.1960897, -44.0410536], [-65.1958886, -44.0408743], [-65.1957464, -44.0408145], [-65.1955158, -44.040774], [-65.1953173, -44.0407701], [-65.195159, -44.0408473], [-65.1948077, -44.0411076], [-65.1946521, -44.0411924], [-65.1945126, -44.0411847], [-65.1943973, -44.0411712], [-65.1942766, -44.0410497], [-65.1942605, -44.040855], [-65.1943409, -44.0405735], [-65.1944938, -44.0403286], [-65.1946065, -44.040105], [-65.1947674, -44.0397251], [-65.1948291, -44.0395439], [-65.1948237, -44.0393511], [-65.1947781, -44.0392662], [-65.1946574, -44.0391852], [-65.1944643, -44.039112], [-65.1941907, -44.0390715], [-65.1939037, -44.0390483], [-65.1936275, -44.0389963], [-65.1934156, -44.0389134], [-65.1932198, -44.038815], [-65.1929247, -44.0386897], [-65.1926619, -44.0385817], [-65.1924339, -44.0384872], [-65.1921737, -44.0383446], [-65.1920477, -44.0382269], [-65.1919645, -44.0381537], [-65.1918948, -44.0381209], [-65.1917526, -44.0381228], [-65.1916131, -44.0381402], [-65.1909801, -44.0381942], [-65.1906905, -44.0382154], [-65.1904088, -44.0382057], [-65.1902264, -44.0381768], [-65.1900896, -44.038117], [-65.189977, -44.0379705], [-65.1898563, -44.0378606], [-65.1897745, -44.0378047], [-65.1896873, -44.0377314], [-65.1896645, -44.037689], [-65.1896726, -44.0376543], [-65.1897115, -44.0376321], [-65.1897477, -44.0376273], [-65.1899596, -44.0375916], [-65.1900132, -44.0375636], [-65.1900159, -44.0375357], [-65.1899931, -44.0375068], [-65.1899073, -44.0374672], [-65.1897249, -44.0374229], [-65.1894714, -44.0373448], [-65.1892957, -44.0372677], [-65.1892219, -44.0372079], [-65.1892072, -44.037071], [-65.189234, -44.0369929], [-65.1893131, -44.0369081], [-65.1894137, -44.0368762], [-65.1896498, -44.0368579], [-65.1899368, -44.0368203], [-65.1900025, -44.0367933], [-65.19004, -44.0367644], [-65.1900306, -44.036722], [-65.1899609, -44.0366863], [-65.1897906, -44.0366747], [-65.1895934, -44.0366535], [-65.1894781, -44.0366188], [-65.1893118, -44.0364954], [-65.1892206, -44.0363913], [-65.1891428, -44.0362409], [-65.1891106, -44.0361907], [-65.1890275, -44.0361657], [-65.1888129, -44.0361233], [-65.1885125, -44.0360712], [-65.1882738, -44.0359941], [-65.1881182, -44.0359381], [-65.187909, -44.0358225], [-65.1877615, -44.0356759], [-65.1877105, -44.0355679], [-65.1877132, -44.0354773], [-65.1877776, -44.035377], [-65.1880592, -44.035244], [-65.1883703, -44.0351611], [-65.1888585, -44.0351553], [-65.1893735, -44.0351938], [-65.1898295, -44.0353018], [-65.1903579, -44.0354966], [-65.1908782, -44.0356682], [-65.1912832, -44.0358687], [-65.1916078, -44.0360365], [-65.1919162, -44.0362023], [-65.1922622, -44.0363219], [-65.1925546, -44.0364048], [-65.193032, -44.0364723], [-65.1935738, -44.0364973], [-65.1939788, -44.0364819], [-65.1943114, -44.0364973], [-65.1945636, -44.0365533], [-65.1948962, -44.0366555], [-65.1953763, -44.0368483], [-65.1958752, -44.037018], [-65.1964116, -44.0371221], [-65.1976669, -44.0373323], [-65.1981255, -44.0374557], [-65.1986593, -44.0376099], [-65.1989624, -44.037741], [-65.199244, -44.0378683], [-65.1995176, -44.0379358], [-65.199987, -44.0379474], [-65.2004993, -44.0378895], [-65.2015024, -44.0378008], [-65.2024841, -44.0377314], [-65.2038521, -44.037768], [-65.2058154, -44.0378201], [-65.207296, -44.0378934], [-65.208503, -44.0379126], [-65.2089107, -44.0378664], [-65.2091628, -44.0377931], [-65.2094364, -44.0377314], [-65.2097046, -44.0377198], [-65.2099085, -44.0377622], [-65.2103323, -44.0378664], [-65.2106059, -44.0379474], [-65.2109385, -44.0381903], [-65.2112764, -44.0386993], [-65.2114213, -44.0390348], [-65.2115178, -44.0393858], [-65.2116895, -44.0396943], [-65.2119094, -44.0399025], [-65.2121723, -44.0400567], [-65.2124405, -44.0402341], [-65.2126229, -44.0404694], [-65.212698, -44.0406429], [-65.2127463, -44.0409591], [-65.2127409, -44.0413254], [-65.2127624, -44.0415491], [-65.2129072, -44.0418075], [-65.2130628, -44.0420003], [-65.2133149, -44.0421931], [-65.2138111, -44.0423666], [-65.2141517, -44.0424572], [-65.214373, -44.0425247], [-65.214538, -44.0425777], [-65.2146386, -44.0425777], [-65.2147914, -44.042571], [-65.214925, -44.0425562], [-65.2150321, -44.0425801], [-65.2150999, -44.0426134], [-65.2151656, -44.0426519], [-65.2152582, -44.0427107], [-65.2154043, -44.0427695], [-65.2155384, -44.0427908], [-65.2156162, -44.0427753], [-65.215686, -44.0427387], [-65.2157852, -44.0426751], [-65.2159059, -44.0426346], [-65.2160454, -44.0426288], [-65.2161983, -44.0426481], [-65.216327, -44.0426809], [-65.2164508, -44.0427239], [-65.216563, -44.0427715], [-65.2166489, -44.0428409], [-65.2166435, -44.0429489], [-65.216547, -44.0430607], [-65.2164772, -44.0431609], [-65.2164692, -44.0432593], [-65.2165309, -44.0433788], [-65.2166596, -44.0435292], [-65.2168393, -44.0436661], [-65.2170941, -44.043882], [-65.2172497, -44.044042], [-65.2173463, -44.0441249], [-65.2176037, -44.0442021], [-65.2178934, -44.0442117], [-65.2182475, -44.0441577], [-65.2185854, -44.0440285], [-65.2188644, -44.0438743], [-65.2191916, -44.0436969], [-65.2194947, -44.0436275], [-65.2197656, -44.0435716], [-65.2200499, -44.0435157], [-65.2203771, -44.0434521], [-65.2205957, -44.0434212], [-65.2207299, -44.0434019], [-65.2208371, -44.0433904], [-65.2209324, -44.0433769], [-65.2210236, -44.0433614], [-65.2211148, -44.0433441], [-65.2212247, -44.0433311], [-65.2213119, -44.0433402], [-65.2214125, -44.0433788], [-65.2214581, -44.0434328], [-65.2214985, -44.0435066], [-65.2215734, -44.0436757], [-65.2215855, -44.0437577], [-65.2215815, -44.0438483], [-65.2215345, -44.0438907], [-65.2214353, -44.043936], [-65.2213468, -44.0440064], [-65.2213374, -44.0440922], [-65.2213655, -44.0441336], [-65.2214339, -44.0441731], [-65.2215345, -44.0441886], [-65.2216364, -44.044176], [-65.2217491, -44.0441134], [-65.2218626, -44.0440663], [-65.2219369, -44.0440517], [-65.2220053, -44.044071], [-65.2220643, -44.0440999], [-65.222488, -44.0444238], [-65.2227697, -44.0446455], [-65.2229789, -44.0448113], [-65.2233034, -44.0450041], [-65.2235609, -44.045087], [-65.2238345, -44.0450986], [-65.2242234, -44.0450272], [-65.2247492, -44.0448826], [-65.2252534, -44.0447072], [-65.2261841, -44.0444045], [-65.2270693, -44.0441249], [-65.2277666, -44.0438165], [-65.2286035, -44.0433152], [-65.2296227, -44.0427406], [-65.231055, -44.0420118], [-65.2313267, -44.0418647], [-65.2474487, -44.0453627], [-65.2464509, -44.0487481], [-65.243994, -44.049897], [-65.2304649, -44.0456095], [-65.2250576, -44.0479384], [-65.2220106, -44.0563124], [-65.2176709, -44.0564512]]]}, "properties": {"osm_id": 10873416, "name": "Reserva Natural Turística de Objetivo Específico Punta Tombo", "match": "Punta Tombo", "protect_class": "4", "boundary": "protected_area"}}, {"type": "Feature", "geometry": {"type": "Polygon", "coordinates": [[[-57.2334266, -28.6000899], [-57.2334145, -28.4499698], [-57.0833456, -28.449967], [-57.0833623, -28.599998], [-57.2334266, -28.6000899]]]}, "properties": {"osm_id": 11341440, "name": "Sitio Ramsar Lagunas y Esteros del Iberá", "match": "Iberá", "protect_class": "6", "boundary": "protected_area"}}, {"type": "Feature", "geometry": {"type": "Polygon", "coordinates": [[[-54.8876866, -27.0679405], [-54.8863649, -27.0726731], [-54.8856193, -27.0751522], [-54.885217, -27.0766472], [-54.8913002, -27.0808027], [-54.8929739, -27.0819347], [-54.8983866, -27.0856028], [-54.9036813, -27.0853878], [-54.9079406, -27.0853066], [-54.9101025, -27.0851347], [-54.9127632, -27.0847526], [-54.9162287, -27.0867108], [-54.9162448, -27.0860517], [-54.9163091, -27.0856266], [-54.9165773, -27.085321], [-54.9170333, -27.0850678], [-54.9178273, -27.0847813], [-54.9184495, -27.0846237], [-54.9190503, -27.084638], [-54.9193239, -27.084786], [-54.9196726, -27.0850869], [-54.9200535, -27.0858416], [-54.9205899, -27.0865866], [-54.9209654, -27.0868875], [-54.9217057, -27.0872887], [-54.9219203, -27.0875084], [-54.9222314, -27.0881436], [-54.92221, -27.0896862], [-54.922269, -27.0901447], [-54.9223119, -27.0909184], [-54.9224621, -27.091119], [-54.9228966, -27.0913005], [-54.9232185, -27.0913244], [-54.9236047, -27.0911906], [-54.9240768, -27.0911381], [-54.9245006, -27.0911954], [-54.9258417, -27.0917303], [-54.9263835, -27.0920646], [-54.9269307, -27.0922843], [-54.9276978, -27.0929099], [-54.9281377, -27.0931535], [-54.9284917, -27.0931631], [-54.9288726, -27.0930341], [-54.9296504, -27.0924849], [-54.9305785, -27.0918354], [-54.932338, -27.090374], [-54.9329254, -27.0896862], [-54.933427, -27.0890892], [-54.9340868, -27.0883991], [-54.9343684, -27.0881579], [-54.9347895, -27.0879526], [-54.9352306, -27.087952], [-54.9359241, -27.08822], [-54.9362031, -27.088392], [-54.9364364, -27.0890844], [-54.9400467, -27.0882678], [-54.9407548, -27.0875371], [-54.9415433, -27.0870451], [-54.9428066, -27.0870416], [-54.944011, -27.0872457], [-54.9443248, -27.0870189], [-54.9449873, -27.0868779], [-54.9451697, -27.0871645], [-54.9472833, -27.0868875], [-54.9489301, -27.0868302], [-54.9493164, -27.0867777], [-54.9499494, -27.086792], [-54.9506843, -27.0867299], [-54.9515855, -27.0867323], [-54.9531978, -27.0874386], [-54.9518913, -27.0862571], [-54.9528167, -27.0852588], [-54.9547345, -27.0842511], [-54.957835, -27.0820349], [-54.9588222, -27.083038], [-54.9598789, -27.0836732], [-54.9600265, -27.0836159], [-54.9598548, -27.0798594], [-54.960748, -27.0792743], [-54.9620059, -27.0781303], [-54.9649296, -27.0768072], [-54.9658978, -27.0761505], [-54.9675045, -27.0767642], [-54.9689515, -27.0767141], [-54.972834, -27.0758496], [-54.9736011, -27.0732654], [-54.9745855, -27.0712449], [-54.9745184, -27.0707505], [-54.9740437, -27.0699504], [-54.9740839, -27.0690524], [-54.9728152, -27.0670509], [-54.9728125, -27.0658854], [-54.9722332, -27.0625367], [-54.9624324, -27.0610701], [-54.9628079, -27.0510281], [-54.9734751, -27.0502542], [-54.9745077, -27.0427053], [-54.9744595, -27.0421844], [-54.9747974, -27.0416207], [-54.974615, -27.0410569], [-54.9745613, -27.0407081], [-54.9746257, -27.0402685], [-54.9748886, -27.0392842], [-54.9750549, -27.0385819], [-54.975248, -27.0377935], [-54.9753606, -27.0369143], [-54.9751327, -27.0362], [-54.9597019, -27.0357389], [-54.9632505, -27.0256636], [-54.9650905, -27.0268916], [-54.9655089, -27.0265165], [-54.9657261, -27.0256564], [-54.9661875, -27.0252215], [-54.9668473, -27.023948], [-54.9676895, -27.0227223], [-54.9677512, -27.0224547], [-54.9676654, -27.0221655], [-54.9671504, -27.0220556], [-54.9662894, -27.0223615], [-54.9660587, -27.0223615], [-54.9658012, -27.0223352], [-54.9649429, -27.0220437], [-54.964495, -27.0216566], [-54.9640846, -27.0214822], [-54.9638405, -27.0214129], [-54.9630708, -27.0213818], [-54.962419, -27.0214583], [-54.9618101, -27.0217546], [-54.9615902, -27.021757], [-54.9611583, -27.0215754], [-54.9608526, -27.0213842], [-54.9605227, -27.0212719], [-54.9593264, -27.0206602], [-54.9586666, -27.0201322], [-54.9584037, -27.019996], [-54.9573416, -27.0196017], [-54.9570036, -27.0195587], [-54.956097, -27.0192074], [-54.9555793, -27.0189183], [-54.9549007, -27.0186722], [-54.9542704, -27.0187463], [-54.95386, -27.0188418], [-54.9535006, -27.0188514], [-54.9517036, -27.0187774], [-54.9515641, -27.01872], [-54.9488846, -27.0160605], [-54.948855, -27.0158574], [-54.9502605, -27.0137331], [-54.950974, -27.0130926], [-54.9510545, -27.0128943], [-54.9354386, -27.0057755], [-54.938888, -26.998716], [-54.9369622, -26.9901168], [-54.9355888, -26.990222], [-54.93509, -26.9899399], [-54.9347788, -26.9890126], [-54.9354976, -26.9880709], [-54.9358892, -26.9879274], [-54.9377668, -26.9846147], [-54.9370372, -26.9844617], [-54.9354815, -26.9839742], [-54.9356049, -26.9807784], [-54.9346662, -26.9808382], [-54.9348405, -26.9676407], [-54.9586049, -26.9691945], [-54.966445, -26.9692112], [-54.9672282, -26.9670693], [-54.9677539, -26.9640763], [-54.9642456, -26.9584725], [-54.9654365, -26.9556992], [-54.9669251, -26.9549461], [-54.9675662, -26.9496216], [-54.968226, -26.9494614], [-54.968285, -26.9488745], [-54.9566576, -26.9523544], [-54.9415407, -26.9570309], [-54.9377775, -26.9470179], [-54.9143752, -26.9529821], [-54.9134097, -26.9533789], [-54.9124386, -26.9539802], [-54.911693, -26.9541691], [-54.909271, -26.9533466], [-54.9079252, -26.9535409], [-54.9071574, -26.9552019], [-54.9056501, -26.9563041], [-54.900924, -26.95634], [-54.8970837, -26.95586], [-54.8952323, -26.9387818], [-54.8917099, -26.9390293], [-54.8841092, -26.9300095], [-54.8820118, -26.9314658], [-54.8750916, -26.9363344], [-54.8749226, -26.9364707], [-54.860656, -26.9484166], [-54.8604682, -26.9481608], [-54.8604843, -26.9479623], [-54.860251, -26.9476587], [-54.8602, -26.9474937], [-54.8597467, -26.946621], [-54.8599452, -26.9461762], [-54.8600525, -26.9458463], [-54.8600471, -26.9457793], [-54.8601973, -26.9452892], [-54.8601866, -26.9447297], [-54.8599049, -26.9442443], [-54.8597494, -26.9440602], [-54.8595965, -26.9439287], [-54.8592317, -26.9438426], [-54.8590574, -26.9436824], [-54.8588482, -26.9435891], [-54.8587221, -26.943252], [-54.8585263, -26.9431755], [-54.8583305, -26.9431635], [-54.8582742, -26.9430535], [-54.8582071, -26.9430201], [-54.8577216, -26.942922], [-54.8575768, -26.9427977], [-54.857499, -26.9424653], [-54.8573381, -26.942066], [-54.8570913, -26.9419345], [-54.856866, -26.9417361], [-54.856402, -26.9415232], [-54.8561338, -26.9411598], [-54.8561204, -26.9405501], [-54.8560774, -26.9401723], [-54.8560667, -26.9398829], [-54.8561016, -26.9395817], [-54.8554203, -26.9396151], [-54.8550019, -26.9398196], [-54.8547149, -26.9400718], [-54.8546505, -26.9403229], [-54.8547363, -26.9411144], [-54.8547927, -26.9421115], [-54.8546398, -26.9442132], [-54.8547202, -26.9446842], [-54.8550126, -26.9451792], [-54.8557395, -26.9461499], [-54.8561901, -26.9475033], [-54.8561096, -26.9478404], [-54.8546129, -26.9497077], [-54.8535749, -26.9512475], [-54.8531511, -26.952003], [-54.8523894, -26.9541715], [-54.8523948, -26.9544369], [-54.8525852, -26.9549031], [-54.8526335, -26.9551709], [-54.8526469, -26.9555582], [-54.8528507, -26.956132], [-54.8530747, -26.9565874], [-54.8540872, -26.9576645], [-54.8546773, -26.9588503], [-54.8547095, -26.9591276], [-54.8546559, -26.9593332], [-54.8544681, -26.959534], [-54.8540819, -26.9597205], [-54.853363, -26.9598974], [-54.8532879, -26.9600122], [-54.8533255, -26.9601126], [-54.8536098, -26.9602321], [-54.8552084, -26.9605859], [-54.8558736, -26.9608202], [-54.8567265, -26.9613701], [-54.8578536, -26.9626685], [-54.8584163, -26.9632635], [-54.8593175, -26.9645449], [-54.8597601, -26.9658501], [-54.8600873, -26.9663139], [-54.8601437, -26.9665291], [-54.8598969, -26.9672988], [-54.859854, -26.9676526], [-54.859857, -26.9680225], [-54.8598728, -26.9687642], [-54.8596153, -26.9696559], [-54.8592854, -26.9702989], [-54.8586819, -26.9708966], [-54.8581105, -26.9713006], [-54.858073, -26.9715707], [-54.858183, -26.97175], [-54.8586121, -26.9719771], [-54.8586845, -26.972197], [-54.8586255, -26.9724289], [-54.85847, -26.9728615], [-54.8577967, -26.9736432], [-54.8569652, -26.9744296], [-54.8567024, -26.9751539], [-54.8565388, -26.9753762], [-54.8564876, -26.9771316], [-54.8565754, -26.9777712], [-54.8569625, -26.9784815], [-54.8578167, -26.9794638], [-54.8582152, -26.980819], [-54.8582447, -26.9816222], [-54.8583949, -26.9819114], [-54.858647, -26.9823584], [-54.8589045, -26.9828388], [-54.8592129, -26.9834077], [-54.8592693, -26.9843016], [-54.8587704, -26.9856939], [-54.8584418, -26.98896], [-54.8577229, -26.989618], [-54.8599452, -26.9890556], [-54.8661706, -26.9897882], [-54.8721423, -26.9884285], [-54.8763931, -26.9841799], [-54.8817692, -26.9839688], [-54.8822748, -26.9818274], [-54.88625, -26.9815241], [-54.8847473, -26.9873224], [-54.8889703, -26.9867741], [-54.8916502, -26.9872013], [-54.8923704, -26.9883314], [-54.8938352, -26.9909991], [-54.8946181, -26.9909533], [-54.8960665, -26.9904347], [-54.8963991, -26.9900475], [-54.896762, -26.9897303], [-54.8977096, -26.9891161], [-54.9001353, -26.9890806], [-54.9017856, -26.9895307], [-54.8997661, -26.9922172], [-54.8989365, -26.9944523], [-54.8985547, -26.9966614], [-54.8995656, -27.0011868], [-54.8860549, -27.0026203], [-54.8859733, -27.0054035], [-54.8830285, -27.0055002], [-54.8829697, -27.0183576], [-54.8824946, -27.044282], [-54.8832565, -27.0446642], [-54.8833555, -27.0446164], [-54.8835298, -27.0444683], [-54.883621, -27.0443214], [-54.8837672, -27.044227], [-54.8841387, -27.0441494], [-54.8845866, -27.044319], [-54.8846242, -27.0444755], [-54.8847315, -27.0448195], [-54.8847999, -27.0450811], [-54.8848441, -27.0454311], [-54.8848093, -27.045781], [-54.8847596, -27.04618], [-54.8847422, -27.0467067], [-54.8847529, -27.0472633], [-54.8847972, -27.0475345], [-54.8848683, -27.0477435], [-54.8850949, -27.0478605], [-54.8786777, -27.0563239], [-54.8757541, -27.0552466], [-54.8737317, -27.0545013], [-54.8715377, -27.0537083], [-54.8697084, -27.0531016], [-54.869577, -27.0533237], [-54.8688582, -27.0533667], [-54.8679999, -27.0530896], [-54.8646525, -27.0608456], [-54.8636359, -27.0608886], [-54.8596233, -27.0606258], [-54.8560265, -27.060836], [-54.8520622, -27.0609316], [-54.8516411, -27.060922], [-54.8504569, -27.0607596], [-54.8486826, -27.0607034], [-54.8462847, -27.0603953], [-54.8439324, -27.060043], [-54.8399091, -27.0594029], [-54.8370914, -27.0585155], [-54.8332867, -27.0573916], [-54.8300593, -27.0565789], [-54.8258865, -27.0592852], [-54.8244975, -27.0603893], [-54.8270559, -27.0617341], [-54.8271096, -27.0633297], [-54.8319805, -27.0639793], [-54.8395872, -27.0659857], [-54.8421621, -27.067027], [-54.8471242, -27.0690142], [-54.8506111, -27.0710634], [-54.8520058, -27.0700698], [-54.8548114, -27.0693533], [-54.8647195, -27.0690978], [-54.8664451, -27.0690882], [-54.8740136, -27.0691397], [-54.884206, -27.0677703], [-54.8876866, -27.0679405]]]}, "properties": {"osm_id": 11359749, "name": "Parque Provincial Salto Encantado del Valle del Arroyo Cuñá Pirú", "match": "Parque Provincial Salto Encantado", "protect_class": "2", "boundary": "protected_area"}}, {"type": "Feature", "geometry": {"type": "Polygon", "coordinates": [[[-53.8367093, -27.1696477], [-53.8421273, -27.164958], [-53.8455606, -27.1612161], [-53.8475776, -27.1577605], [-53.8512039, -27.149837], [-53.8580091, -27.1354515], [-53.8612139, -27.1285077], [-53.8647223, -27.1259868], [-53.8692069, -27.1251561], [-53.8733697, -27.1259296], [-53.8783479, -27.1274573], [-53.8813334, -27.1299921], [-53.8823128, -27.1312913], [-53.8831814, -27.1332977], [-53.8836803, -27.1350573], [-53.8853249, -27.1389301], [-53.8860456, -27.1424245], [-53.8866185, -27.1452118], [-53.8865723, -27.1459928], [-53.8866185, -27.1467657], [-53.8867663, -27.1478181], [-53.8871266, -27.1490678], [-53.8874315, -27.1503585], [-53.887949, -27.1519617], [-53.8888267, -27.1537129], [-53.8893626, -27.1554229], [-53.8901665, -27.1565985], [-53.8917002, -27.1604294], [-53.894121, -27.1641451], [-53.8952397, -27.1664651], [-53.8973639, -27.1698051], [-53.9000952, -27.1729949], [-53.9022303, -27.1745602], [-53.9038274, -27.1755644], [-53.9058877, -27.1760916], [-53.9076913, -27.1765932], [-53.9107657, -27.1767875], [-53.9130879, -27.1762591], [-53.9157314, -27.1754141], [-53.918329, -27.1734257], [-53.9209199, -27.1700551], [-53.9233368, -27.1659491], [-53.9254582, -27.1627434], [-53.9266051, -27.1615061], [-53.9285052, -27.1594024], [-53.9329653, -27.1565747], [-53.9337256, -27.1562176], [-53.9324239, -27.1547929], [-53.9320618, -27.1549038], [-53.9319035, -27.1551616], [-53.931697, -27.155479], [-53.9315361, -27.1556723], [-53.9313725, -27.1558155], [-53.9305276, -27.1563763], [-53.929857, -27.1568131], [-53.9294091, -27.1570827], [-53.9288351, -27.1573357], [-53.9287064, -27.1574073], [-53.9284945, -27.1575839], [-53.9281806, -27.1578798], [-53.9279017, -27.1582402], [-53.9273331, -27.159085], [-53.9270541, -27.1594048], [-53.9264761, -27.1599357], [-53.9263031, -27.1600993], [-53.9261127, -27.1603212], [-53.9255306, -27.1610037], [-53.92508, -27.161481], [-53.9246455, -27.1618676], [-53.9241305, -27.1622733], [-53.92405, -27.1623664], [-53.9239937, -27.162469], [-53.9239937, -27.162648], [-53.9240178, -27.1627673], [-53.9240018, -27.1628747], [-53.9239427, -27.1629606], [-53.923822, -27.1630632], [-53.9236021, -27.1632756], [-53.9234814, -27.1634713], [-53.9232883, -27.1639008], [-53.9231649, -27.1641132], [-53.9228645, -27.1644974], [-53.9224729, -27.1649317], [-53.9223844, -27.1650606], [-53.9221457, -27.1654185], [-53.9217567, -27.1659746], [-53.9213571, -27.1665019], [-53.9211398, -27.1668265], [-53.9207295, -27.1674994], [-53.9203513, -27.1681127], [-53.9199328, -27.1686854], [-53.9196083, -27.1691245], [-53.9191228, -27.1697687], [-53.9187741, -27.1703128], [-53.9183825, -27.1708927], [-53.9180393, -27.171347], [-53.9175671, -27.1719999], [-53.9171729, -27.1724485], [-53.9167866, -27.1728016], [-53.9162931, -27.1731643], [-53.9159122, -27.1733791], [-53.9150459, -27.17378], [-53.9145952, -27.1739804], [-53.9142063, -27.1741092], [-53.9138791, -27.1741832], [-53.9134312, -27.17425], [-53.9126855, -27.1742906], [-53.9115778, -27.1743097], [-53.9104995, -27.1743168], [-53.9101616, -27.1743502], [-53.909888, -27.1744409], [-53.9096841, -27.1745626], [-53.9094749, -27.1747511], [-53.9093381, -27.1748418], [-53.9091665, -27.1748871], [-53.9089438, -27.1749086], [-53.9076859, -27.1749325], [-53.9072755, -27.1748919], [-53.9069241, -27.1748155], [-53.9064574, -27.1746748], [-53.9058754, -27.1744194], [-53.9047542, -27.1738134], [-53.904309, -27.1735843], [-53.9039013, -27.1734053], [-53.9034185, -27.1732335], [-53.9027828, -27.173045], [-53.9024261, -27.1728851], [-53.9020613, -27.1726919], [-53.9017206, -27.1724747], [-53.9013156, -27.1721788], [-53.9009106, -27.1718304], [-53.9004895, -27.1714033], [-53.9001006, -27.1710645], [-53.8996848, -27.1707567], [-53.8994944, -27.1706039], [-53.8991296, -27.1701887], [-53.8986495, -27.1697425], [-53.8982096, -27.1693416], [-53.8979843, -27.1691006], [-53.8976517, -27.1687236], [-53.8974372, -27.1684062], [-53.8970482, -27.1677022], [-53.8966996, -27.167015], [-53.8960934, -27.1658457], [-53.8956535, -27.1648267], [-53.8954175, -27.1642301], [-53.8953075, -27.1640344], [-53.8951975, -27.1639032], [-53.8949373, -27.1636288], [-53.8948542, -27.1634951], [-53.894704, -27.1632016], [-53.8944626, -27.1627076], [-53.8943365, -27.1624905], [-53.8939852, -27.1618986], [-53.8936687, -27.1612853], [-53.8933575, -27.1606243], [-53.8931993, -27.1602424], [-53.8931027, -27.1599943], [-53.8930061, -27.1598439], [-53.8929257, -27.1597461], [-53.8924617, -27.1592712], [-53.8916409, -27.1583309], [-53.8914961, -27.158097], [-53.8914022, -27.1577891], [-53.891378, -27.1575577], [-53.8913633, -27.1574383], [-53.8913378, -27.1573799], [-53.8912842, -27.1573214], [-53.8912024, -27.1572904], [-53.8910294, -27.1572558], [-53.8909636, -27.1572188], [-53.8908966, -27.1571424], [-53.890572, -27.1565422], [-53.8903441, -27.1561615], [-53.8902341, -27.1559515], [-53.8899793, -27.1557153], [-53.8898894, -27.1556174], [-53.8897513, -27.1554205], [-53.8896467, -27.1552952], [-53.8896158, -27.1552057], [-53.8896172, -27.1550339], [-53.8896091, -27.1549349], [-53.889593, -27.1548823], [-53.8894281, -27.1546389], [-53.8893946, -27.1545673], [-53.8893597, -27.1544707], [-53.8890365, -27.1534409], [-53.8889533, -27.1532189], [-53.8889453, -27.1530852], [-53.8889614, -27.1530005], [-53.889019, -27.1529122], [-53.8891304, -27.1528132], [-53.8892671, -27.1526915], [-53.889349, -27.1525888], [-53.8893825, -27.1524922], [-53.8893999, -27.151982], [-53.8893919, -27.1519116], [-53.8893684, -27.1518418], [-53.8893174, -27.1517458], [-53.8892993, -27.1516807], [-53.8893074, -27.1515972], [-53.8893422, -27.151528], [-53.8893932, -27.1514743], [-53.8895488, -27.151343], [-53.8896427, -27.1512452], [-53.8897043, -27.1511091], [-53.8897392, -27.1509707], [-53.8897446, -27.1503788], [-53.8897714, -27.1501449], [-53.8898331, -27.1498609], [-53.8898546, -27.1496819], [-53.8898304, -27.1484766], [-53.889809, -27.1464956], [-53.8898224, -27.1449108], [-53.8898212, -27.1435005], [-53.8894871, -27.1412399], [-53.8892779, -27.1398627], [-53.8891282, -27.1391649], [-53.8891089, -27.139075], [-53.8888782, -27.138199], [-53.8886476, -27.1374376], [-53.8883337, -27.1365711], [-53.8880628, -27.1358789], [-53.8877517, -27.1350554], [-53.887462, -27.1343106], [-53.8872796, -27.1337402], [-53.8871428, -27.1334036], [-53.8870007, -27.133141], [-53.8868558, -27.1329262], [-53.8866144, -27.1326015], [-53.8862631, -27.1320764], [-53.8860324, -27.1317159], [-53.8856649, -27.1310476], [-53.8855442, -27.1308661], [-53.884863, -27.1299352], [-53.8845706, -27.1295795], [-53.8843372, -27.1293432], [-53.883983, -27.1289872], [-53.8837767, -27.1287798], [-53.8831008, -27.1281066], [-53.8823229, -27.1273308], [-53.8815719, -27.126555], [-53.8812634, -27.1262471], [-53.8810542, -27.1260632], [-53.8808289, -27.1259081], [-53.8804802, -27.1257314], [-53.8800672, -27.1255309], [-53.8797359, -27.1253805], [-53.8795401, -27.1253268], [-53.8793322, -27.1252934], [-53.8791981, -27.1252922], [-53.8791217, -27.1252958], [-53.8790533, -27.1253113], [-53.8789916, -27.1253089], [-53.878942, -27.1252898], [-53.8788991, -27.1252516], [-53.8787797, -27.125032], [-53.8786536, -27.124884], [-53.8784713, -27.1247765], [-53.8782325, -27.1247228], [-53.8779147, -27.124656], [-53.8775271, -27.1245092], [-53.8768727, -27.1242561], [-53.8763389, -27.1240461], [-53.8756952, -27.1238431], [-53.8752821, -27.1236593], [-53.8750729, -27.1235519], [-53.8748825, -27.1234063], [-53.8747054, -27.1233036], [-53.8744211, -27.1232034], [-53.8739008, -27.1230816], [-53.8733912, -27.1230172], [-53.8729674, -27.1230124], [-53.8721895, -27.1230864], [-53.8715699, -27.123189], [-53.870886, -27.1233179], [-53.8702986, -27.1234445], [-53.8696414, -27.1235591], [-53.8691881, -27.123614], [-53.8687804, -27.1236355], [-53.868531, -27.1236522], [-53.868244, -27.123719], [-53.8678551, -27.1238384], [-53.8675708, -27.123941], [-53.8674085, -27.1240091], [-53.8672502, -27.1240735], [-53.8671577, -27.1241033], [-53.8670813, -27.1241296], [-53.8670598, -27.1241314], [-53.8670437, -27.1241308], [-53.8670256, -27.1241251], [-53.8670132, -27.1241138], [-53.8669807, -27.1240675], [-53.8669337, -27.1240401], [-53.866868, -27.1240293], [-53.8667849, -27.1240305], [-53.8666534, -27.124058], [-53.8662565, -27.1241917], [-53.8658917, -27.1242848], [-53.8648456, -27.1245689], [-53.8636252, -27.1249102], [-53.8626999, -27.1251895], [-53.8619703, -27.1255142], [-53.8614285, -27.1258341], [-53.8609779, -27.126154], [-53.8605595, -27.126512], [-53.8598621, -27.127147], [-53.859154, -27.127766], [-53.8584834, -27.1283406], [-53.8578048, -27.1290973], [-53.857483, -27.1295413], [-53.857035, -27.130255], [-53.8564718, -27.1311383], [-53.856225, -27.131599], [-53.8559863, -27.1320788], [-53.85571, -27.1327734], [-53.8554364, -27.1334012], [-53.8552246, -27.1337234], [-53.8550931, -27.133943], [-53.8550019, -27.1341698], [-53.854951, -27.134313], [-53.8549054, -27.134535], [-53.8548705, -27.1348024], [-53.8548088, -27.1350291], [-53.8546908, -27.135318], [-53.8544145, -27.1360651], [-53.8541704, -27.1365974], [-53.8538861, -27.137292], [-53.8536876, -27.137903], [-53.8534355, -27.138674], [-53.8532397, -27.1392994], [-53.8530064, -27.1398866], [-53.8525879, -27.1407196], [-53.8521212, -27.1416886], [-53.8515955, -27.1427388], [-53.850866, -27.1440898], [-53.8504422, -27.1447867], [-53.8498199, -27.145813], [-53.8493854, -27.1464527], [-53.8487256, -27.1473883], [-53.8482615, -27.148127], [-53.8480657, -27.1484146], [-53.847819, -27.1489015], [-53.8474622, -27.14967], [-53.847245, -27.1501091], [-53.8469499, -27.150596], [-53.8464242, -27.1514635], [-53.8462378, -27.1518012], [-53.8461024, -27.1520948], [-53.8459843, -27.1523335], [-53.8458261, -27.1525626], [-53.8455552, -27.152911], [-53.8451046, -27.1534552], [-53.8447398, -27.1540661], [-53.8443697, -27.1548776], [-53.8440639, -27.1557033], [-53.8437098, -27.1565386], [-53.8430286, -27.1582092], [-53.8424224, -27.1594263], [-53.8420254, -27.1603188], [-53.8413656, -27.1615168], [-53.8406092, -27.1627482], [-53.8395739, -27.1639557], [-53.8388765, -27.1646334], [-53.8381362, -27.1652634], [-53.8375247, -27.1657073], [-53.837125, -27.165934], [-53.836669, -27.1661034], [-53.8363418, -27.1661941], [-53.8360494, -27.1663039], [-53.8358322, -27.1663922], [-53.8354915, -27.1665998], [-53.8351804, -27.1668718], [-53.8350758, -27.1669386], [-53.8349605, -27.1669959], [-53.8348103, -27.1670508], [-53.8347217, -27.1670603], [-53.8345394, -27.1670579], [-53.8342443, -27.1670007], [-53.8338149, -27.1672532], [-53.8367093, -27.1696477]]]}, "properties": {"osm_id": 11369169, "name": "Monumento Natural Saltos de Moconá", "match": "Parque Provincial Moconá", "protect_class": "3", "boundary": "protected_area"}}]}