{"type":"FeatureCollection","features":[{"type":"Feature","id":"area_protegida.905","geometry":{"type":"MultiPolygon","coordinates":[[[[-57.19868,-28.59669],[-57.22941,-28.59683],[-57.22939,-28.57806],[-57.22939,-28.5767],[-57.22937,-28.56224],[-57.22931,-28.5105],[-57.22924,-28.45094],[-57.15028,-28.45075],[-57.08862,-28.4506],[-57.08819,-28.5037],[-57.08813,-28.51145],[-57.08745,-28.59619],[-57.17253,-28.59657],[-57.17393,-28.59658],[-57.19386,-28.59667],[-57.19868,-28.59669]]]]},"geometry_name":"geom","properties":{"display_name":"Sitio RAMSAR Lagunas y Esteros del Iberá","fna":"Sitio RAMSAR Lagunas y Esteros del Iberá","nam":"Lagunas y Esteros del Iberá","csv_name":"Iberá","visits_total":409749,"fdc":" "},"bbox":[-57.22941492,-28.59683065,-57.08745217,-28.45059528]},{"type":"Feature","id":"area_protegida.950","geometry":{"type":"MultiPolygon","coordinates":[[[[-57.7068,-28.39811],[-57.70566,-28.39871],[-57.70527,-28.39891],[-57.7032,-28.39993],[-57.70322,-28.39997],[-57.70318,-28.39999],[-57.70396,-28.40117],[-57.70463,-28.40218],[-57.70219,-28.40482],[-57.67384,-28.40559],[-57.67377,-28.40356],[-57.67122,-28.40363],[-57.67123,-28.40384],[-57.67114,-28.40384],[-57.67123,-28.40386],[-57.67136,-28.40769],[-57.67077,-28.4077],[-57.66881,-28.40776],[-57.66864,-28.40279],[-57.65027,-28.40328],[-57.65016,-28.40329],[-57.65033,-28.4034],[-57.65088,-28.40375],[-57.65076,-28.40375],[-57.65225,-28.40652],[-57.65309,-28.40807],[-57.65014,-28.41046],[-57.64944,-28.41103],[-57.64899,-28.41139],[-57.6427,-28.41647],[-57.64213,-28.41694],[-57.642,-28.42181],[-57.642,-28.422],[-57.64173,-28.43247],[-57.6442,-28.43571],[-57.65091,-28.44455],[-57.65728,-28.44917],[-57.67249,-28.46021],[-57.67319,-28.46071],[-57.67323,-28.45989],[-57.67411,-28.44285],[-57.67453,-28.43487],[-57.67826,-28.43843],[-57.68946,-28.44909],[-57.68994,-28.45113],[-57.69184,-28.45907],[-57.69183,-28.45912],[-57.6919,-28.45944],[-57.68974,-28.46772],[-57.69401,-28.46825],[-57.69408,-28.46856],[-57.69407,-28.46856],[-57.69489,-28.4721],[-57.69656,-28.47931],[-57.69667,-28.47977],[-57.69847,-28.48752],[-57.71145,-28.50166],[-57.71696,-28.50767],[-57.71511,-28.50826],[-57.71761,-28.51786],[-57.71775,-28.51784],[-57.7369,-28.51527],[-57.74972,-28.51355],[-57.75837,-28.51238],[-57.76465,-28.50981],[-57.76454,-28.50981],[-57.76464,-28.50976],[-57.76395,-28.50583],[-57.76275,-28.49907],[-57.76179,-28.49365],[-57.76136,-28.49123],[-57.76113,-28.48997],[-57.76095,-28.48893],[-57.75878,-28.4767],[-57.75451,-28.46627],[-57.75521,-28.4654],[-57.75527,-28.46532],[-57.76222,-28.47311],[-57.77196,-28.47862],[-57.77959,-28.48292],[-57.78942,-28.48337],[-57.78988,-28.48339],[-57.7915,-28.48347],[-57.79957,-28.48902],[-57.80129,-28.48689],[-57.80113,-28.48676],[-57.80065,-28.48638],[-57.79934,-28.48533],[-57.79727,-28.4857],[-57.79595,-28.48362],[-57.79495,-28.48271],[-57.79039,-28.48318],[-57.78977,-28.48324],[-57.78965,-28.48315],[-57.78885,-28.48252],[-57.78146,-28.4802],[-57.77739,-28.47893],[-57.77642,-28.47999],[-57.77521,-28.47936],[-57.77588,-28.47809],[-57.7717,-28.4748],[-57.76651,-28.47412],[-57.76451,-28.47337],[-57.76576,-28.46801],[-57.76578,-28.46787],[-57.7655,-28.46393],[-57.7562,-28.46028],[-57.75722,-28.45428],[-57.75545,-28.45232],[-57.751,-28.45171],[-57.74219,-28.4454],[-57.73493,-28.44174],[-57.73484,-28.44173],[-57.72829,-28.44149],[-57.71737,-28.43889],[-57.70706,-28.43708],[-57.69884,-28.42979],[-57.69714,-28.43087],[-57.69314,-28.42664],[-57.69249,-28.42079],[-57.69394,-28.42015],[-57.69991,-28.42035],[-57.70669,-28.39844],[-57.70681,-28.39815],[-57.70678,-28.39816],[-57.7068,-28.39811]]],[[[-57.55803,-28.47032],[-57.54432,-28.48477],[-57.54619,-28.48732],[-57.54733,-28.48889],[-57.54833,-28.49025],[-57.55402,-28.49802],[-57.55583,-28.50049],[-57.5748,-28.50853],[-57.5759,-28.509],[-57.57905,-28.50888],[-57.58046,-28.50943],[-57.58062,-28.50949],[-57.5807,-28.50948],[-57.58406,-28.50911],[-57.58573,-28.50892],[-57.58829,-28.50864],[-57.58908,-28.50855],[-57.58942,-28.50851],[-57.58957,-28.50849],[-57.58961,-28.50849],[-57.59265,-28.50815],[-57.59292,-28.50812],[-57.59512,-28.50777],[-57.60002,-28.50698],[-57.6014,-28.50676],[-57.60144,-28.50675],[-57.60217,-28.50663],[-57.60507,-28.50617],[-57.60529,-28.50613],[-57.60937,-28.50548],[-57.60938,-28.50547],[-57.60912,-28.50522],[-57.60428,-28.50048],[-57.60378,-28.49911],[-57.60377,-28.49909],[-57.60366,-28.4988],[-57.60341,-28.49813],[-57.60314,-28.49742],[-57.60313,-28.49739],[-57.60226,-28.49507],[-57.60008,-28.49348],[-57.60006,-28.49346],[-57.5984,-28.49225],[-57.5984,-28.49225],[-57.59449,-28.48941],[-57.59425,-28.48923],[-57.59407,-28.48908],[-57.592,-28.48742],[-57.59107,-28.48667],[-57.59103,-28.48664],[-57.58849,-28.48459],[-57.58779,-28.48417],[-57.58776,-28.48415],[-57.58752,-28.48401],[-57.58749,-28.48399],[-57.58726,-28.48385],[-57.58579,-28.48296],[-57.58571,-28.48292],[-57.58522,-28.48261],[-57.58373,-28.47996],[-57.58381,-28.47963],[-57.58409,-28.47856],[-57.58452,-28.47687],[-57.58453,-28.47685],[-57.58479,-28.4758],[-57.58481,-28.47573],[-57.58506,-28.47478],[-57.58556,-28.4728],[-57.58417,-28.46858],[-57.58414,-28.4685],[-57.58378,-28.46741],[-57.58377,-28.46739],[-57.58369,-28.46714],[-57.58285,-28.46459],[-57.58178,-28.46528],[-57.58118,-28.46567],[-57.58056,-28.46607],[-57.58054,-28.46608],[-57.57972,-28.46661],[-57.5797,-28.46663],[-57.57879,-28.46722],[-57.57864,-28.46731],[-57.57824,-28.46757],[-57.57862,-28.46882],[-57.57907,-28.47029],[-57.57938,-28.47129],[-57.57688,-28.47217],[-57.57531,-28.47257],[-57.57527,-28.47253],[-57.57509,-28.47239],[-57.57345,-28.47112],[-57.5703,-28.46868],[-57.56987,-28.46834],[-57.56986,-28.46833],[-57.56845,-28.46724],[-57.56831,-28.46713],[-57.56775,-28.4667],[-57.56774,-28.46669],[-57.5671,-28.46619],[-57.56709,-28.46618],[-57.56412,-28.46388],[-57.56411,-28.46391],[-57.55803,-28.47032]]],[[[-57.64291,-28.34678],[-57.64202,-28.34755],[-57.64265,-28.34839],[-57.64366,-28.34973],[-57.64367,-28.34974],[-57.64392,-28.35008],[-57.64469,-28.35109],[-57.64519,-28.35176],[-57.64578,-28.35255],[-57.6461,-28.35297],[-57.64672,-28.3538],[-57.64743,-28.35474],[-57.6476,-28.35497],[-57.64407,-28.35698],[-57.64405,-28.35699],[-57.63453,-28.3624],[-57.63282,-28.36336],[-57.63114,-28.36432],[-57.63255,-28.36735],[-57.63255,-28.36735],[-57.64049,-28.38446],[-57.64366,-28.39128],[-57.64477,-28.39105],[-57.64525,-28.39095],[-57.64585,-28.39083],[-57.64644,-28.39071],[-57.64998,-28.38998],[-57.66166,-28.38758],[-57.66272,-28.38736],[-57.66594,-28.3867],[-57.66713,-28.38645],[-57.66836,-28.3862],[-57.66868,-28.38613],[-57.6686,-28.38567],[-57.6662,-28.37135],[-57.66523,-28.36835],[-57.66225,-28.36218],[-57.65845,-28.35914],[-57.6581,-28.35901],[-57.65727,-28.35873],[-57.65639,-28.35945],[-57.64878,-28.34934],[-57.65046,-28.34729],[-57.65447,-28.34844],[-57.65849,-28.34959],[-57.66293,-28.34625],[-57.66288,-28.34623],[-57.66172,-28.34553],[-57.66174,-28.34551],[-57.66074,-28.34488],[-57.65585,-28.34183],[-57.65569,-28.34173],[-57.65434,-28.34088],[-57.65405,-28.3407],[-57.65395,-28.34064],[-57.65351,-28.34036],[-57.65285,-28.33995],[-57.65219,-28.33953],[-57.65161,-28.33917],[-57.64726,-28.34297],[-57.64714,-28.34308],[-57.64659,-28.34356],[-57.64528,-28.3447],[-57.64382,-28.34598],[-57.64336,-28.34639],[-57.6432,-28.34653],[-57.64291,-28.34678]]]]},"geometry_name":"geom","properties":{"display_name":"Parque Nacional Iberá","fna":"Parque Nacional Iberá","nam":"Iberá","csv_name":"Iberá","visits_total":409749,"fdc":"IGN/Ley Nacional Nº 27481/2018"},"bbox":[-57.80129184,-28.51785583,-57.5443225,-28.33917032]},{"type":"Feature","id":"area_protegida.1166","geometry":{"type":"MultiPolygon","coordinates":[[[[-64.75105,-42.00209],[-64.20206,-42.00301],[-64.2012,-42.00285],[-64.20092,-42.00277],[-64.19975,-42.00259],[-64.19882,-42.00242],[-64.19849,-42.00239],[-63.56269,-42.00355],[-63.56228,-42.00426],[-63.56125,-42.0063],[-63.56006,-42.00822],[-63.5598,-42.00873],[-63.5594,-42.00925],[-63.55692,-42.01372],[-63.55636,-42.01486],[-63.55534,-42.01622],[-63.55422,-42.01821],[-63.54764,-42.03179],[-63.54576,-42.03451],[-63.54473,-42.03677],[-63.54453,-42.03768],[-63.54393,-42.03856],[-63.54266,-42.04142],[-63.54247,-42.04169],[-63.54099,-42.0448],[-63.54062,-42.04642],[-63.53899,-42.0497],[-63.53858,-42.05029],[-63.53769,-42.05225],[-63.5375,-42.05314],[-63.53566,-42.05683],[-63.5352,-42.0574],[-63.53391,-42.05945],[-63.51822,-42.08973],[-63.51518,-42.09854],[-63.51483,-42.09894],[-63.50589,-42.10764],[-63.50129,-42.11181],[-63.49921,-42.11493],[-63.49755,-42.11672],[-63.4969,-42.11716],[-63.49624,-42.11814],[-63.49067,-42.12417],[-63.48687,-42.12863],[-63.48549,-42.1309],[-63.48335,-42.13343],[-63.47903,-42.13837],[-63.47798,-42.13974],[-63.47789,-42.1399],[-63.47069,-42.14843],[-63.46561,-42.1556],[-63.46517,-42.15618],[-63.46501,-42.15644],[-63.46336,-42.15877],[-63.46196,-42.16131],[-63.45801,-42.1661],[-63.45562,-42.16963],[-63.45384,-42.1722],[-63.45229,-42.17502],[-63.44867,-42.17947],[-63.44504,-42.18499],[-63.43634,-42.20143],[-63.43285,-42.2063],[-63.42643,-42.2193],[-63.42505,-42.22521],[-63.42101,-42.23125],[-63.41536,-42.24665],[-63.4134,-42.25278],[-63.41328,-42.25353],[-63.41122,-42.25932],[-63.40977,-42.26418],[-63.40968,-42.26479],[-63.40913,-42.26637],[-63.40717,-42.27321],[-63.40166,-42.3125],[-63.39814,-42.33014],[-63.39813,-42.33661],[-63.39815,-42.33669],[-63.39813,-42.33678],[-63.39896,-42.34094],[-63.39894,-42.35341],[-63.39897,-42.35356],[-63.39894,-42.3537],[-63.40049,-42.37856],[-63.40109,-42.38332],[-63.40217,-42.3874],[-63.40251,-42.39174],[-63.40272,-42.39305],[-63.40507,-42.40139],[-63.40608,-42.40919],[-63.40657,-42.41106],[-63.40804,-42.41542],[-63.40793,-42.41609],[-63.40847,-42.42409],[-63.40856,-42.42449],[-63.40863,-42.42618],[-63.40842,-42.42697],[-63.40831,-42.42794],[-63.40818,-42.42855],[-63.40817,-42.42908],[-63.40805,-42.43013],[-63.40786,-42.43329],[-63.40759,-42.43439],[-63.40735,-42.43677],[-63.40725,-42.43883],[-63.40717,-42.43964],[-63.40674,-42.44761],[-63.40656,-42.44844],[-63.40651,-42.44978],[-63.4064,-42.45106],[-63.4062,-42.45624],[-63.40607,-42.45683],[-63.406,-42.46058],[-63.406,-42.46059],[-63.40585,-42.46129],[-63.40581,-42.46276],[-63.40503,-42.46559],[-63.40462,-42.46839],[-63.40434,-42.47211],[-63.40103,-42.48473],[-63.4005,-42.48909],[-63.39904,-42.51321],[-63.40013,-42.5187],[-63.39686,-42.5369],[-63.394,-42.54623],[-63.39348,-42.54879],[-63.39216,-42.56174],[-63.38593,-42.59308],[-63.38615,-42.59713],[-63.38411,-42.60737],[-63.38658,-42.61979],[-63.38612,-42.62255],[-63.38646,-42.62786],[-63.39835,-42.67896],[-63.39932,-42.68386],[-63.39961,-42.68439],[-63.40127,-42.6915],[-63.41304,-42.70913],[-63.41926,-42.72058],[-63.42086,-42.72291],[-63.42715,-42.73047],[-63.42186,-42.75706],[-63.42306,-42.77892],[-63.42338,-42.78179],[-63.43739,-42.83641],[-63.48072,-42.90125],[-63.48733,-42.90725],[-63.48756,-42.90759],[-63.48812,-42.90797],[-63.49516,-42.91435],[-63.49922,-42.91769],[-63.51027,-42.92432],[-63.51263,-42.92641],[-63.51426,-42.92769],[-63.5414,-42.94357],[-63.5524,-42.95092],[-63.55477,-42.95139],[-63.55548,-42.95181],[-63.57431,-42.96438],[-63.57825,-42.96566],[-63.57904,-42.96618],[-63.58596,-42.96987],[-63.59408,-42.97544],[-63.60353,-42.97963],[-63.60589,-42.98068],[-63.60648,-42.98081],[-63.61313,-42.98435],[-63.62213,-42.98663],[-63.63145,-42.9916],[-63.64502,-42.99619],[-63.64547,-42.9965],[-63.64962,-42.99788],[-63.65135,-42.99869],[-63.65438,-42.99945],[-63.67294,-43.00561],[-63.67632,-43.00646],[-63.67722,-43.00658],[-63.6782,-43.00692],[-63.68164,-43.00791],[-63.68589,-43.00852],[-63.69263,-43.01054],[-63.69576,-43.01115],[-63.70436,-43.01197],[-63.70825,-43.01295],[-63.711,-43.01322],[-63.72335,-43.01382],[-63.73715,-43.01578],[-63.73899,-43.01541],[-63.74038,-43.01569],[-63.74143,-43.01548],[-63.74262,-43.0157],[-63.74585,-43.01562],[-63.75335,-43.01402],[-63.78469,-43.01948],[-63.78929,-43.02039],[-63.7989,-43.02298],[-63.80198,-43.02339],[-63.80561,-43.02364],[-63.81398,-43.0253],[-63.8202,-43.02722],[-63.82897,-43.02906],[-63.83088,-43.02925],[-63.84954,-43.03413],[-63.8576,-43.0351],[-63.86324,-43.03543],[-63.92031,-43.04607],[-63.92555,-43.04557],[-63.93079,-43.04716],[-63.93278,-43.04757],[-63.94248,-43.04854],[-63.96783,-43.05517],[-63.96886,-43.05529],[-63.98594,-43.05976],[-63.9885,-43.06006],[-63.99249,-43.0603],[-64.00027,-43.06227],[-64.00432,-43.0627],[-64.00832,-43.06313],[-64.01286,-43.06337],[-64.01378,-43.06362],[-64.01976,-43.06449],[-64.02351,-43.06505],[-64.02808,-43.06539],[-64.02818,-43.06541],[-64.03386,-43.06626],[-64.03446,-43.06631],[-64.04447,-43.06811],[-64.0744,-43.07649],[-64.07987,-43.07734],[-64.11048,-43.0797],[-64.11739,-43.0789],[-64.12846,-43.07839],[-64.12925,-43.07845],[-64.13049,-43.07829],[-64.1315,-43.07825],[-64.13786,-43.07766],[-64.14031,-43.08133],[-64.16297,-43.11746],[-64.16422,-43.11886],[-64.16645,-43.12044],[-64.16898,-43.12424],[-64.17195,-43.12697],[-64.17215,-43.12726],[-64.17259,-43.12756],[-64.18119,-43.13547],[-64.18347,-43.13889],[-64.18512,-43.13999],[-64.18584,-43.14106],[-64.18792,-43.14238],[-64.18956,-43.14472],[-64.19193,-43.1469],[-64.25068,-43.18439],[-64.25369,-43.18498],[-64.2552,-43.18599],[-64.2587,-43.18712],[-64.26014,-43.18802],[-64.26017,-43.18804],[-64.26259,-43.18966],[-64.26496,-43.19065],[-64.26523,-43.1907],[-64.26546,-43.19086],[-64.28524,-43.1972],[-64.28696,-43.19783],[-64.28825,-43.19881],[-64.29007,-43.19984],[-64.31201,-43.21054],[-64.31773,-43.21168],[-64.32072,-43.21272],[-64.32896,-43.21902],[-64.33138,-43.22041],[-64.33767,-43.2235],[-64.34235,-43.22606],[-64.34333,-43.22678],[-64.34576,-43.22807],[-64.34773,-43.229],[-64.35071,-43.23063],[-64.35747,-43.23553],[-64.3599,-43.23677],[-64.36355,-43.23765],[-64.37158,-43.24203],[-64.37436,-43.24258],[-64.37765,-43.24473],[-64.37894,-43.24524],[-64.39374,-43.25388],[-64.39785,-43.25503],[-64.39816,-43.25524],[-64.40061,-43.2558],[-64.42422,-43.26242],[-64.42444,-43.26257],[-64.42594,-43.26291],[-64.43954,-43.26672],[-64.44166,-43.26705],[-64.44208,-43.26708],[-64.44312,-43.26746],[-64.44328,-43.26757],[-64.4439,-43.26775],[-64.44917,-43.26968],[-64.45299,-43.27091],[-64.45351,-43.27099],[-64.4553,-43.27164],[-64.45723,-43.27223],[-64.46015,-43.27333],[-64.46205,-43.27367],[-64.46369,-43.27437],[-64.46459,-43.27493],[-64.47015,-43.27687],[-64.47033,-43.2769],[-64.47045,-43.27697],[-64.47348,-43.27803],[-64.47476,-43.27824],[-64.48255,-43.28084],[-64.48989,-43.28341],[-64.49231,-43.28411],[-64.49241,-43.28414],[-64.49523,-43.28486],[-64.49558,-43.28491],[-64.4971,-43.28542],[-64.50543,-43.28759],[-64.51041,-43.28823],[-64.51409,-43.28941],[-64.5175,-43.2902],[-64.51897,-43.29037],[-64.52162,-43.29129],[-64.52336,-43.29177],[-64.5263,-43.29284],[-64.53006,-43.294],[-64.53048,-43.29407],[-64.53173,-43.29452],[-64.536,-43.2958],[-64.53863,-43.29618],[-64.5448,-43.29822],[-64.55365,-43.30045],[-64.55696,-43.30086],[-64.55742,-43.30101],[-64.56226,-43.30224],[-64.56252,-43.30227],[-64.56293,-43.30241],[-64.56742,-43.30354],[-64.57023,-43.30388],[-64.5741,-43.30509],[-64.58013,-43.30638],[-64.58026,-43.30641],[-64.5808,-43.30655],[-64.58106,-43.30659],[-64.58308,-43.30703],[-64.58451,-43.3075],[-64.58864,-43.30851],[-64.5928,-43.30901],[-64.59582,-43.30999],[-64.59742,-43.31036],[-64.5983,-43.31063],[-64.59969,-43.3109],[-64.60187,-43.31141],[-64.60502,-43.31215],[-64.60708,-43.31239],[-64.60816,-43.31279],[-64.61236,-43.31412],[-64.61249,-43.31414],[-64.61293,-43.3143],[-64.6177,-43.31579],[-64.61904,-43.316],[-64.61977,-43.31622],[-64.62217,-43.31671],[-64.62359,-43.31702],[-64.62361,-43.31703],[-64.62689,-43.31825],[-64.62711,-43.31829],[-64.62906,-43.319],[-64.63195,-43.3199],[-64.63451,-43.32086],[-64.6346,-43.32087],[-64.63467,-43.32092],[-64.63792,-43.32213],[-64.63863,-43.32226],[-64.63913,-43.32257],[-64.6552,-43.32844],[-64.66079,-43.32943],[-64.66093,-43.3295],[-64.66198,-43.32971],[-64.66491,-43.33072],[-64.66934,-43.33233],[-64.6707,-43.33324],[-64.67242,-43.33387],[-64.67329,-43.33441],[-64.67597,-43.33536],[-64.67866,-43.33634],[-64.67972,-43.33653],[-64.68698,-43.33917],[-64.69118,-43.3405],[-64.69127,-43.34051],[-64.69156,-43.34062],[-64.69206,-43.34077],[-64.69267,-43.341],[-64.69314,-43.34131],[-64.6994,-43.34348],[-64.70077,-43.34399],[-64.70093,-43.34405],[-64.70096,-43.34406],[-64.70233,-43.34456],[-64.70322,-43.34485],[-64.70486,-43.34556],[-64.70577,-43.34574],[-64.70658,-43.34629],[-64.70932,-43.34744],[-64.7103,-43.34763],[-64.71182,-43.34818],[-64.71419,-43.34929],[-64.71472,-43.34941],[-64.71488,-43.34952],[-64.71828,-43.35088],[-64.71903,-43.35103],[-64.72086,-43.35226],[-64.72904,-43.35573],[-64.73124,-43.35617],[-64.73195,-43.35668],[-64.73322,-43.3573],[-64.73379,-43.35767],[-64.7374,-43.35909],[-64.7385,-43.3593],[-64.74268,-43.3615],[-64.74347,-43.36166],[-64.7447,-43.36248],[-64.74926,-43.36414],[-64.75257,-43.36571],[-64.75887,-43.36892],[-64.76676,-43.37165],[-64.76741,-43.37195],[-64.77077,-43.37314],[-64.77248,-43.37397],[-64.77293,-43.37406],[-64.77463,-43.37498],[-64.79316,-43.3838],[-64.79359,-43.38389],[-64.79509,-43.3846],[-64.79636,-43.38489],[-64.79773,-43.38585],[-64.79964,-43.38673],[-64.80145,-43.38808],[-64.80405,-43.38949],[-64.80701,-43.3909],[-64.80767,-43.39126],[-64.80803,-43.39151],[-64.80903,-43.39199],[-64.81066,-43.39287],[-64.81539,-43.39513],[-64.81614,-43.39568],[-64.82135,-43.39837],[-64.82297,-43.39941],[-64.82799,-43.40204],[-64.82986,-43.40342],[-64.83182,-43.40445],[-64.83203,-43.40461],[-64.83295,-43.40505],[-64.83377,-43.40549],[-64.83468,-43.40591],[-64.83711,-43.40772],[-64.83885,-43.40864],[-64.84556,-43.41181],[-64.84819,-43.41316],[-64.85381,-43.44666],[-64.85444,-43.44848],[-64.85702,-43.45261],[-64.85808,-43.45789],[-64.85846,-43.45846],[-64.8587,-43.45971],[-64.86442,-43.47012],[-64.86673,-43.47917],[-64.88752,-43.51028],[-65.11018,-43.51028],[-65.13223,-43.51028],[-65.17556,-43.5103],[-65.17556,-43.51018],[-65.17571,-43.50971],[-65.17565,-43.50884],[-65.17536,-43.50825],[-65.17512,-43.50792],[-65.17506,-43.50739],[-65.17461,-43.50685],[-65.17434,-43.50637],[-65.17416,-43.50619],[-65.17405,-43.50608],[-65.17405,-43.50591],[-65.17405,-43.50539],[-65.17345,-43.50468],[-65.17298,-43.50432],[-65.17262,-43.50373],[-65.17188,-43.50334],[-65.17139,-43.50307],[-65.17083,-43.50275],[-65.17009,-43.5023],[-65.16941,-43.50162],[-65.16893,-43.50096],[-65.16873,-43.50069],[-65.16854,-43.50043],[-65.16822,-43.49986],[-65.16798,-43.49941],[-65.16768,-43.49888],[-65.16735,-43.4982],[-65.16649,-43.49736],[-65.16608,-43.49674],[-65.16569,-43.49629],[-65.16545,-43.49561],[-65.1653,-43.49537],[-65.16536,-43.49504],[-65.16503,-43.49486],[-65.16417,-43.49391],[-65.16361,-43.49347],[-65.16286,-43.49272],[-65.16248,-43.49219],[-65.16212,-43.49183],[-65.16129,-43.49076],[-65.16119,-43.49065],[-65.16048,-43.48987],[-65.15989,-43.48936],[-65.15929,-43.4888],[-65.1584,-43.48767],[-65.15751,-43.48713],[-65.157,-43.48651],[-65.15644,-43.48609],[-65.15605,-43.48609],[-65.15549,-43.48573],[-65.15513,-43.48544],[-65.15468,-43.48508],[-65.15403,-43.48457],[-65.15361,-43.48383],[-65.15308,-43.48294],[-65.15266,-43.48231],[-65.15236,-43.48139],[-65.15156,-43.48035],[-65.1507,-43.47937],[-65.1499,-43.47856],[-65.14921,-43.47794],[-65.14847,-43.47714],[-65.14766,-43.47583],[-65.14659,-43.47485],[-65.1452,-43.47333],[-65.1443,-43.47259],[-65.14347,-43.47181],[-65.14243,-43.47086],[-65.14103,-43.4697],[-65.13963,-43.46807],[-65.13859,-43.46693],[-65.13755,-43.46604],[-65.13645,-43.46515],[-65.1347,-43.46375],[-65.13312,-43.46235],[-65.1314,-43.46108],[-65.13012,-43.45983],[-65.1286,-43.45864],[-65.12658,-43.45708],[-65.12586,-43.45652],[-65.12533,-43.45603],[-65.12426,-43.45504],[-65.12182,-43.45325],[-65.12078,-43.45212],[-65.11962,-43.45114],[-65.11754,-43.44956],[-65.11599,-43.44826],[-65.11471,-43.44707],[-65.11358,-43.44632],[-65.11212,-43.44525],[-65.11114,-43.44469],[-65.11046,-43.44418],[-65.10986,-43.44374],[-65.10885,-43.44299],[-65.10736,-43.44225],[-65.10611,-43.44136],[-65.10486,-43.44055],[-65.10314,-43.43933],[-65.10192,-43.43838],[-65.10037,-43.43737],[-65.09924,-43.43675],[-65.09796,-43.436],[-65.0968,-43.43508],[-65.0957,-43.43463],[-65.09484,-43.43383],[-65.09407,-43.43324],[-65.09291,-43.43252],[-65.09166,-43.43163],[-65.09077,-43.43083],[-65.09076,-43.43081],[-65.09047,-43.43017],[-65.09042,-43.42993],[-65.0902,-43.42889],[-65.08967,-43.4283],[-65.08922,-43.42764],[-65.08824,-43.42684],[-65.08717,-43.42592],[-65.08639,-43.42535],[-65.08476,-43.42461],[-65.08404,-43.42431],[-65.0833,-43.4239],[-65.08235,-43.42345],[-65.08178,-43.42306],[-65.08131,-43.42247],[-65.08128,-43.42245],[-65.23377,-43.34484],[-65.23832,-43.3456],[-65.31926,-43.35909],[-65.32021,-43.3592],[-65.32146,-43.35889],[-65.31969,-43.35738],[-65.31915,-43.35687],[-65.31887,-43.35654],[-65.31844,-43.35601],[-65.31815,-43.3556],[-65.31487,-43.35085],[-65.31319,-43.34842],[-65.31194,-43.34663],[-65.31064,-43.34477],[-65.30481,-43.33631],[-65.30121,-43.33112],[-65.30099,-43.3308],[-65.30087,-43.33059],[-65.30074,-43.3303],[-65.30061,-43.32999],[-65.30052,-43.32972],[-65.30039,-43.3293],[-65.2993,-43.32557],[-65.29906,-43.32492],[-65.29878,-43.3244],[-65.29842,-43.32387],[-65.29779,-43.32319],[-65.29273,-43.31775],[-65.28906,-43.3138],[-65.27504,-43.2988],[-65.26931,-43.29264],[-65.26589,-43.28896],[-65.26313,-43.28601],[-65.26252,-43.28537],[-65.26204,-43.28487],[-65.26185,-43.28457],[-65.26184,-43.28456],[-65.2617,-43.28435],[-65.26157,-43.28418],[-65.26134,-43.28395],[-65.26108,-43.28376],[-65.26078,-43.28356],[-65.25926,-43.28273],[-65.25712,-43.28155],[-65.25474,-43.28021],[-65.25465,-43.28016],[-65.25455,-43.28009],[-65.25451,-43.28007],[-65.25439,-43.27998],[-65.25414,-43.2798],[-65.25393,-43.27964],[-65.25393,-43.27964],[-65.25393,-43.27964],[-65.25378,-43.27952],[-65.2537,-43.27945],[-65.2534,-43.2792],[-65.25333,-43.27913],[-65.25324,-43.27904],[-65.25301,-43.27882],[-65.2529,-43.2787],[-65.25269,-43.27845],[-65.25243,-43.27811],[-65.25206,-43.27754],[-65.25186,-43.27711],[-65.2517,-43.27676],[-65.25154,-43.27626],[-65.25145,-43.27582],[-65.25117,-43.27404],[-65.25084,-43.27175],[-65.25048,-43.26946],[-65.25026,-43.26791],[-65.25021,-43.2676],[-65.25017,-43.26701],[-65.25016,-43.2669],[-65.25018,-43.26666],[-65.25025,-43.26621],[-65.25037,-43.26576],[-65.25049,-43.2654],[-65.25064,-43.26508],[-65.25085,-43.26472],[-65.25102,-43.26448],[-65.2512,-43.26424],[-65.25145,-43.26396],[-65.25172,-43.26369],[-65.25195,-43.26349],[-65.25245,-43.26311],[-65.2533,-43.26252],[-65.25444,-43.26172],[-65.2563,-43.26042],[-65.25756,-43.25954],[-65.25858,-43.25882],[-65.26054,-43.25745],[-65.26077,-43.25729],[-65.26092,-43.25717],[-65.26107,-43.257],[-65.26111,-43.25694],[-65.26113,-43.25691],[-65.26115,-43.25689],[-65.26127,-43.25666],[-65.26136,-43.25641],[-65.26141,-43.25614],[-65.26144,-43.25593],[-65.26146,-43.25577],[-65.26147,-43.25566],[-65.2615,-43.25546],[-65.26161,-43.25524],[-65.26177,-43.25507],[-65.26197,-43.25494],[-65.26221,-43.25485],[-65.26248,-43.25481],[-65.26274,-43.25479],[-65.263,-43.2548],[-65.26305,-43.25479],[-65.26327,-43.25478],[-65.26376,-43.25474],[-65.26413,-43.25467],[-65.26441,-43.25459],[-65.26446,-43.25458],[-65.26449,-43.25456],[-65.26467,-43.2545],[-65.26486,-43.25441],[-65.26501,-43.25433],[-65.26526,-43.25414],[-65.26729,-43.25273],[-65.27013,-43.25074],[-65.27313,-43.24864],[-65.27628,-43.24644],[-65.2795,-43.24419],[-65.28259,-43.242],[-65.28559,-43.23988],[-65.28647,-43.23926],[-65.28709,-43.23882],[-65.28775,-43.23836],[-65.28884,-43.23759],[-65.29022,-43.23662],[-65.29033,-43.23654],[-65.29136,-43.2358],[-65.29275,-43.2348],[-65.29343,-43.23423],[-65.29418,-43.23355],[-65.2942,-43.23353],[-65.2942,-43.23353],[-65.29423,-43.23351],[-65.29423,-43.23351],[-65.29486,-43.23294],[-65.29561,-43.23226],[-65.29584,-43.23212],[-65.29605,-43.23199],[-65.29615,-43.23195],[-65.29631,-43.23189],[-65.29658,-43.23184],[-65.29689,-43.23183],[-65.29717,-43.23184],[-65.29766,-43.23186],[-65.29782,-43.23188],[-65.29805,-43.23189],[-65.29826,-43.23189],[-65.29838,-43.23187],[-65.29854,-43.23183],[-65.29869,-43.23178],[-65.29886,-43.23169],[-65.29899,-43.23161],[-65.29903,-43.23158],[-65.29926,-43.23142],[-65.29944,-43.23125],[-65.29962,-43.23107],[-65.29964,-43.23105],[-65.29971,-43.23096],[-65.29978,-43.23088],[-65.29985,-43.2307],[-65.29986,-43.23054],[-65.29984,-43.23038],[-65.29973,-43.23007],[-65.29938,-43.2289],[-65.29894,-43.22744],[-65.2982,-43.2248],[-65.29787,-43.22362],[-65.29595,-43.21699],[-65.29545,-43.21525],[-65.29498,-43.21359],[-65.2945,-43.21191],[-65.29396,-43.21005],[-65.29363,-43.2089],[-65.29296,-43.20655],[-65.29243,-43.20477],[-65.29188,-43.2028],[-65.29157,-43.20174],[-65.29121,-43.20046],[-65.28934,-43.19403],[-65.28921,-43.19352],[-65.28906,-43.19294],[-65.28426,-43.17627],[-65.28349,-43.17358],[-65.28315,-43.17241],[-65.28281,-43.17122],[-65.28254,-43.17031],[-65.28226,-43.16942],[-65.28206,-43.16862],[-65.28177,-43.16766],[-65.27674,-43.15017],[-65.27546,-43.14566],[-65.27518,-43.14482],[-65.27487,-43.14405],[-65.2744,-43.14307],[-65.27389,-43.14217],[-65.27357,-43.14165],[-65.27304,-43.14091],[-65.27081,-43.13814],[-65.27024,-43.13744],[-65.26957,-43.13659],[-65.26865,-43.13549],[-65.26758,-43.13413],[-65.26729,-43.13375],[-65.26668,-43.13296],[-65.26026,-43.12497],[-65.25373,-43.11684],[-65.25117,-43.11363],[-65.24332,-43.10394],[-65.24262,-43.10306],[-65.24205,-43.10233],[-65.24122,-43.10129],[-65.23442,-43.09278],[-65.22634,-43.08273],[-65.20189,-43.05216],[-65.20022,-43.05004],[-65.19893,-43.04843],[-65.19729,-43.0464],[-65.18992,-43.03718],[-65.18304,-43.0286],[-65.18171,-43.02682],[-65.18129,-43.0262],[-65.18089,-43.0255],[-65.18032,-43.02439],[-65.18004,-43.02372],[-65.17972,-43.02278],[-65.17961,-43.02237],[-65.17876,-43.01897],[-65.17688,-43.01118],[-65.17687,-43.01115],[-65.17612,-43.00826],[-65.17387,-42.99914],[-65.17162,-42.9901],[-65.16912,-42.97989],[-65.1687,-42.97821],[-65.16847,-42.97731],[-65.1683,-42.97661],[-65.1681,-42.97581],[-65.16789,-42.97503],[-65.16772,-42.97427],[-65.16753,-42.97355],[-65.16734,-42.97272],[-65.16561,-42.96586],[-65.16364,-42.9579],[-65.16226,-42.95221],[-65.15944,-42.94082],[-65.15843,-42.93677],[-65.1548,-42.92215],[-65.14966,-42.90124],[-65.14956,-42.90078],[-65.14938,-42.90013],[-65.14918,-42.89933],[-65.14896,-42.89841],[-65.14861,-42.89716],[-65.14826,-42.89563],[-65.14804,-42.89479],[-65.1409,-42.86556],[-65.14003,-42.86197],[-65.13882,-42.85708],[-65.13865,-42.85622],[-65.13856,-42.85564],[-65.13851,-42.85503],[-65.13851,-42.85435],[-65.13853,-42.85361],[-65.13862,-42.85284],[-65.13885,-42.85074],[-65.13897,-42.84957],[-65.13897,-42.84866],[-65.13892,-42.84793],[-65.13885,-42.84739],[-65.13876,-42.84694],[-65.13862,-42.8464],[-65.13658,-42.83811],[-65.13508,-42.83193],[-65.1344,-42.82906],[-65.13201,-42.81938],[-65.13186,-42.81877],[-65.13166,-42.81805],[-65.13146,-42.81724],[-65.13125,-42.81639],[-65.13099,-42.8154],[-65.13091,-42.81501],[-65.13051,-42.81336],[-65.1303,-42.8125],[-65.12964,-42.80978],[-65.12695,-42.79884],[-65.12648,-42.79698],[-65.12557,-42.79335],[-65.12487,-42.79047],[-65.12404,-42.78705],[-65.12281,-42.78203],[-65.1227,-42.78161],[-65.12265,-42.78134],[-65.12256,-42.78093],[-65.12242,-42.78045],[-65.12224,-42.77987],[-65.12172,-42.77771],[-65.12067,-42.77338],[-65.12024,-42.77174],[-65.12002,-42.77095],[-65.11992,-42.77065],[-65.11978,-42.77036],[-65.11961,-42.7701],[-65.11941,-42.76984],[-65.11914,-42.76958],[-65.1188,-42.76931],[-65.11845,-42.76907],[-65.11811,-42.76874],[-65.11801,-42.7686],[-65.11795,-42.76847],[-65.11789,-42.76834],[-65.11788,-42.76824],[-65.1179,-42.76813],[-65.11793,-42.76802],[-65.11801,-42.76788],[-65.11811,-42.76774],[-65.1182,-42.76764],[-65.11841,-42.7674],[-65.11856,-42.76723],[-65.11867,-42.76704],[-65.11879,-42.76673],[-65.11883,-42.76657],[-65.11888,-42.76636],[-65.11887,-42.76608],[-65.11882,-42.76582],[-65.11877,-42.76562],[-65.11865,-42.76512],[-65.11789,-42.76213],[-65.11566,-42.75296],[-65.11433,-42.74756],[-65.11371,-42.74513],[-65.11363,-42.74485],[-65.11318,-42.74313],[-65.11288,-42.74163],[-65.11232,-42.73932],[-65.10956,-42.72811],[-65.1063,-42.71495],[-65.08883,-42.64361],[-65.08487,-42.62728],[-65.08405,-42.62391],[-65.08154,-42.61354],[-65.08135,-42.61177],[-65.08136,-42.61103],[-65.08137,-42.61074],[-65.0814,-42.61014],[-65.08145,-42.60956],[-65.08162,-42.60859],[-65.08183,-42.60767],[-65.08208,-42.60687],[-65.08223,-42.60642],[-65.0827,-42.60531],[-65.08666,-42.59533],[-65.09517,-42.57414],[-65.09995,-42.56224],[-65.10167,-42.55798],[-65.10417,-42.55173],[-65.10573,-42.54783],[-65.11366,-42.52805],[-65.11872,-42.51552],[-65.12662,-42.4958],[-65.14112,-42.45959],[-65.14665,-42.44576],[-65.15384,-42.42776],[-65.15547,-42.42369],[-65.16005,-42.41221],[-65.16108,-42.40963],[-65.1653,-42.39904],[-65.17096,-42.3849],[-65.17588,-42.37254],[-65.17971,-42.36291],[-65.18731,-42.34393],[-65.19296,-42.32975],[-65.19368,-42.32786],[-65.19399,-42.32696],[-65.19412,-42.32658],[-65.19445,-42.32536],[-65.1946,-42.3247],[-65.19468,-42.32437],[-65.19473,-42.32408],[-65.19474,-42.32401],[-65.19481,-42.32352],[-65.19491,-42.32281],[-65.19498,-42.32184],[-65.195,-42.32078],[-65.19537,-42.31133],[-65.1954,-42.31058],[-65.19585,-42.30029],[-65.19626,-42.29045],[-65.19657,-42.28278],[-65.19685,-42.276],[-65.19752,-42.25931],[-65.19772,-42.25471],[-65.19773,-42.2542],[-65.19782,-42.25354],[-65.19831,-42.25036],[-65.19848,-42.24934],[-65.19881,-42.24729],[-65.19889,-42.24677],[-65.19989,-42.24044],[-65.20045,-42.23694],[-65.20097,-42.23368],[-65.20192,-42.22762],[-65.20322,-42.21938],[-65.20403,-42.21422],[-65.20417,-42.21359],[-65.20433,-42.21319],[-65.2044,-42.21301],[-65.20453,-42.21276],[-65.20481,-42.21229],[-65.20827,-42.20684],[-65.21211,-42.20077],[-65.2156,-42.19522],[-65.21728,-42.19262],[-65.22459,-42.18102],[-65.22664,-42.17771],[-65.22817,-42.17532],[-65.22899,-42.17402],[-65.23214,-42.16901],[-65.23269,-42.16817],[-65.23299,-42.1677],[-65.23316,-42.16743],[-65.23339,-42.16716],[-65.23379,-42.16679],[-65.23417,-42.16644],[-65.23647,-42.16476],[-65.23674,-42.16456],[-65.243,-42.15994],[-65.24646,-42.15734],[-65.24801,-42.15601],[-65.25917,-42.14575],[-65.25978,-42.14521],[-65.26493,-42.14047],[-65.26704,-42.13853],[-65.2742,-42.13199],[-65.28332,-42.12363],[-65.28616,-42.12098],[-65.28905,-42.11833],[-65.28941,-42.118],[-65.28972,-42.11765],[-65.29011,-42.11715],[-65.29037,-42.11682],[-65.29072,-42.11628],[-65.2909,-42.11594],[-65.29108,-42.11558],[-65.29126,-42.11512],[-65.29146,-42.11452],[-65.29161,-42.11382],[-65.29169,-42.11325],[-65.29174,-42.11245],[-65.29179,-42.11124],[-65.29182,-42.11072],[-65.29202,-42.10653],[-65.29246,-42.0973],[-65.29284,-42.08878],[-65.29321,-42.08043],[-65.29341,-42.07678],[-65.29345,-42.07548],[-65.29352,-42.07383],[-65.2936,-42.07191],[-65.29364,-42.07105],[-65.2939,-42.06489],[-65.29402,-42.06119],[-65.29408,-42.05978],[-65.29412,-42.058],[-65.29424,-42.05389],[-65.29433,-42.05151],[-65.2945,-42.04597],[-65.29476,-42.03825],[-65.29483,-42.03564],[-65.2949,-42.03391],[-65.29501,-42.03069],[-65.29504,-42.02944],[-65.29505,-42.02865],[-65.29511,-42.02805],[-65.29519,-42.02761],[-65.29527,-42.02731],[-65.2954,-42.02689],[-65.29601,-42.02503],[-65.29766,-42.0198],[-65.29889,-42.01592],[-65.29937,-42.0144],[-65.29974,-42.01314],[-65.29979,-42.0129],[-65.29983,-42.01268],[-65.2999,-42.01247],[-65.30016,-42.01177],[-65.29983,-42.01147],[-65.29977,-42.01141],[-65.28772,-42.00029],[-65.28771,-42.00029],[-65.11973,-42.0003],[-65.08143,-42.0003],[-65.07559,-42.0003],[-65.06932,-42.00031],[-65.06927,-42.00031],[-64.80329,-42.00097],[-64.75105,-42.00209]]]]},"geometry_name":"geom","properties":{"display_name":"Reserva de Biósfera Península Valdés","fna":"Reserva de Biósfera Península Valdés","nam":"Península Valdés","csv_name":"Península Valdés","visits_total":7075909,"fdc":"SIB/IGN/UNESCO"},"bbox":[-65.32145885,-43.51029631,-63.38410937,-42.00029261]},{"type":"Feature","id":"area_protegida.1167","geometry":{"type":"MultiPolygon","coordinates":[[[[-63.78986,-42.07368],[-63.78244,-42.0743],[-63.77892,-42.07378],[-63.77676,-42.07374],[-63.77563,-42.07373],[-63.77311,-42.07349],[-63.77067,-42.07374],[-63.77034,-42.07377],[-63.7703,-42.07378],[-63.77028,-42.07378],[-63.76883,-42.07421],[-63.76788,-42.07449],[-63.76369,-42.07544],[-63.76136,-42.07606],[-63.75985,-42.0761],[-63.75945,-42.07611],[-63.759,-42.07638],[-63.75897,-42.0764],[-63.75779,-42.07711],[-63.75686,-42.07836],[-63.75679,-42.07844],[-63.75641,-42.07896],[-63.75517,-42.08082],[-63.75398,-42.08168],[-63.75308,-42.08225],[-63.75013,-42.0851],[-63.74956,-42.08662],[-63.74794,-42.08815],[-63.74632,-42.08996],[-63.74413,-42.09229],[-63.74261,-42.09391],[-63.74075,-42.09633],[-63.73909,-42.09781],[-63.73837,-42.09952],[-63.73713,-42.10181],[-63.7359,-42.10338],[-63.73357,-42.10956],[-63.73138,-42.11361],[-63.72952,-42.11722],[-63.72809,-42.12075],[-63.72709,-42.12265],[-63.72371,-42.13126],[-63.72034,-42.14064],[-63.7161,-42.15092],[-63.71277,-42.15639],[-63.7091,-42.16001],[-63.70753,-42.16196],[-63.70601,-42.1641],[-63.70458,-42.16634],[-63.70358,-42.16867],[-63.70325,-42.172],[-63.7023,-42.17528],[-63.7012,-42.17814],[-63.69978,-42.18166],[-63.69745,-42.18656],[-63.6935,-42.19318],[-63.69016,-42.19836],[-63.68621,-42.20512],[-63.68488,-42.20726],[-63.67693,-42.21868],[-63.67103,-42.22568],[-63.66389,-42.23372],[-63.65266,-42.24514],[-63.6489,-42.24905],[-63.64581,-42.25247],[-63.63767,-42.26151],[-63.63144,-42.26951],[-63.62663,-42.27546],[-63.61997,-42.28388],[-63.61678,-42.28845],[-63.61288,-42.29497],[-63.6114,-42.29735],[-63.60864,-42.3023],[-63.60669,-42.30653],[-63.60465,-42.31144],[-63.60384,-42.31343],[-63.60303,-42.31543],[-63.60247,-42.3174],[-63.60127,-42.32157],[-63.59989,-42.32714],[-63.59855,-42.33023],[-63.59836,-42.33404],[-63.59894,-42.33794],[-63.59936,-42.34127],[-63.59955,-42.34422],[-63.59941,-42.34908],[-63.59955,-42.35479],[-63.5996,-42.35812],[-63.60032,-42.36036],[-63.60141,-42.36383],[-63.60298,-42.36873],[-63.60365,-42.3723],[-63.60507,-42.3783],[-63.60691,-42.39529],[-63.60705,-42.39663],[-63.60712,-42.39729],[-63.60755,-42.40262],[-63.60845,-42.40999],[-63.60845,-42.41385],[-63.60874,-42.41856],[-63.60883,-42.42465],[-63.60874,-42.43069],[-63.60864,-42.43636],[-63.60831,-42.44259],[-63.60731,-42.45173],[-63.60688,-42.45468],[-63.60607,-42.46344],[-63.60579,-42.47062],[-63.60579,-42.47828],[-63.60572,-42.47885],[-63.60526,-42.48242],[-63.60469,-42.48633],[-63.60461,-42.48897],[-63.6046,-42.48923],[-63.60498,-42.49109],[-63.60541,-42.49175],[-63.60536,-42.49261],[-63.60388,-42.49442],[-63.60336,-42.49589],[-63.60455,-42.49894],[-63.60379,-42.50098],[-63.6027,-42.50182],[-63.60236,-42.50208],[-63.60003,-42.50341],[-63.59903,-42.50589],[-63.59927,-42.50836],[-63.59927,-42.51021],[-63.59927,-42.51036],[-63.59903,-42.51231],[-63.59946,-42.51388],[-63.6007,-42.51583],[-63.60155,-42.51664],[-63.60284,-42.5185],[-63.60346,-42.51992],[-63.60374,-42.5223],[-63.60412,-42.52511],[-63.60412,-42.52825],[-63.60431,-42.53096],[-63.60384,-42.53349],[-63.60346,-42.53515],[-63.60365,-42.53677],[-63.60374,-42.53753],[-63.60417,-42.54124],[-63.60427,-42.54458],[-63.60412,-42.54719],[-63.60303,-42.54938],[-63.60212,-42.55233],[-63.60093,-42.55409],[-63.5996,-42.55633],[-63.59903,-42.55904],[-63.59813,-42.56199],[-63.5966,-42.56466],[-63.59451,-42.56747],[-63.59223,-42.56932],[-63.59004,-42.57065],[-63.58989,-42.5717],[-63.58951,-42.57246],[-63.58956,-42.57446],[-63.58932,-42.57598],[-63.58889,-42.57736],[-63.58908,-42.57841],[-63.58951,-42.58036],[-63.58951,-42.58231],[-63.58918,-42.58441],[-63.58861,-42.58664],[-63.58813,-42.58883],[-63.5878,-42.58964],[-63.58623,-42.59107],[-63.58552,-42.59231],[-63.58494,-42.59345],[-63.58485,-42.59416],[-63.58528,-42.59502],[-63.58594,-42.59597],[-63.58609,-42.59702],[-63.58675,-42.59783],[-63.58694,-42.59849],[-63.58728,-42.59949],[-63.58718,-42.60121],[-63.58666,-42.60259],[-63.58566,-42.60401],[-63.58409,-42.6052],[-63.58318,-42.60625],[-63.5828,-42.60735],[-63.58318,-42.60806],[-63.5839,-42.60887],[-63.58399,-42.60982],[-63.58404,-42.61053],[-63.58428,-42.61106],[-63.58418,-42.6121],[-63.58475,-42.61344],[-63.58571,-42.61496],[-63.58732,-42.61582],[-63.58942,-42.61734],[-63.59199,-42.61886],[-63.59518,-42.62091],[-63.59851,-42.62305],[-63.60055,-42.62448],[-63.60174,-42.62548],[-63.60388,-42.62752],[-63.60517,-42.62928],[-63.60626,-42.63128],[-63.6066,-42.63266],[-63.60698,-42.63495],[-63.6075,-42.63666],[-63.60798,-42.63833],[-63.60845,-42.64128],[-63.60945,-42.64351],[-63.61093,-42.64656],[-63.6125,-42.64927],[-63.61326,-42.65018],[-63.61431,-42.65151],[-63.61621,-42.65384],[-63.61697,-42.6547],[-63.61807,-42.65665],[-63.61916,-42.65865],[-63.61949,-42.66003],[-63.61959,-42.6616],[-63.61916,-42.66241],[-63.61845,-42.66298],[-63.61802,-42.6635],[-63.61816,-42.66464],[-63.61888,-42.66588],[-63.61959,-42.66693],[-63.6204,-42.66836],[-63.62121,-42.67073],[-63.62173,-42.67245],[-63.62206,-42.67388],[-63.62183,-42.67516],[-63.62225,-42.67606],[-63.62316,-42.67683],[-63.62435,-42.67749],[-63.62582,-42.6784],[-63.62673,-42.67997],[-63.62758,-42.68178],[-63.62825,-42.68335],[-63.6292,-42.68468],[-63.63011,-42.68606],[-63.63096,-42.68825],[-63.63191,-42.68963],[-63.63301,-42.69125],[-63.63539,-42.69353],[-63.63696,-42.69501],[-63.63796,-42.69629],[-63.63877,-42.69743],[-63.63981,-42.69976],[-63.64,-42.701],[-63.6401,-42.70252],[-63.63967,-42.70286],[-63.63896,-42.70319],[-63.63877,-42.70338],[-63.63939,-42.70371],[-63.64005,-42.70486],[-63.64053,-42.70619],[-63.64105,-42.70766],[-63.64143,-42.70933],[-63.64158,-42.71061],[-63.64134,-42.71199],[-63.64072,-42.71257],[-63.64058,-42.71318],[-63.641,-42.71333],[-63.64077,-42.71433],[-63.64081,-42.71466],[-63.64119,-42.71504],[-63.64105,-42.71561],[-63.64058,-42.71613],[-63.63824,-42.71756],[-63.63744,-42.71794],[-63.63758,-42.71818],[-63.6372,-42.7187],[-63.63682,-42.71894],[-63.63663,-42.71913],[-63.63615,-42.7198],[-63.63644,-42.71999],[-63.63691,-42.72027],[-63.6372,-42.72094],[-63.6372,-42.72204],[-63.63763,-42.72284],[-63.63791,-42.7237],[-63.63786,-42.72442],[-63.63801,-42.72575],[-63.6381,-42.7267],[-63.6381,-42.72803],[-63.63805,-42.73022],[-63.63763,-42.73122],[-63.63667,-42.73198],[-63.63686,-42.73251],[-63.63724,-42.73284],[-63.63715,-42.73379],[-63.63763,-42.73417],[-63.63748,-42.73536],[-63.63697,-42.73638],[-63.63686,-42.7366],[-63.63625,-42.73693],[-63.6362,-42.73693],[-63.63534,-42.73688],[-63.63453,-42.73731],[-63.6341,-42.73769],[-63.63387,-42.73817],[-63.63415,-42.73855],[-63.63414,-42.73874],[-63.6341,-42.73922],[-63.63358,-42.73969],[-63.63307,-42.73972],[-63.63268,-42.73974],[-63.63144,-42.73945],[-63.6303,-42.7395],[-63.6303,-42.73988],[-63.63111,-42.74026],[-63.63206,-42.7405],[-63.63329,-42.74055],[-63.63366,-42.74068],[-63.63425,-42.74088],[-63.63438,-42.74109],[-63.63472,-42.74164],[-63.6351,-42.74264],[-63.6351,-42.74326],[-63.6351,-42.74436],[-63.63525,-42.74564],[-63.6351,-42.74692],[-63.63491,-42.74788],[-63.63477,-42.74888],[-63.63472,-42.74983],[-63.63444,-42.75059],[-63.63368,-42.75092],[-63.63306,-42.75107],[-63.6332,-42.75149],[-63.63272,-42.75202],[-63.63225,-42.7524],[-63.63187,-42.75306],[-63.63101,-42.75378],[-63.63058,-42.75454],[-63.6305,-42.75493],[-63.63034,-42.75573],[-63.63011,-42.75697],[-63.62977,-42.75739],[-63.63034,-42.75787],[-63.63063,-42.75849],[-63.63063,-42.75916],[-63.63096,-42.75949],[-63.63144,-42.75987],[-63.63239,-42.76068],[-63.63277,-42.76158],[-63.63296,-42.76253],[-63.63272,-42.76353],[-63.63187,-42.76363],[-63.63049,-42.76415],[-63.62996,-42.76463],[-63.63025,-42.76496],[-63.63072,-42.76525],[-63.63172,-42.7652],[-63.63249,-42.7652],[-63.63296,-42.76558],[-63.63329,-42.76601],[-63.63377,-42.76615],[-63.63391,-42.76606],[-63.63463,-42.76663],[-63.63487,-42.76715],[-63.6352,-42.76739],[-63.63553,-42.7672],[-63.63663,-42.7681],[-63.63667,-42.76853],[-63.63667,-42.7691],[-63.63701,-42.7691],[-63.63748,-42.76896],[-63.63815,-42.76905],[-63.63886,-42.76948],[-63.63943,-42.76939],[-63.63996,-42.76877],[-63.64053,-42.76891],[-63.6411,-42.76867],[-63.64224,-42.76939],[-63.64362,-42.76958],[-63.64595,-42.76996],[-63.6481,-42.77115],[-63.64928,-42.77224],[-63.65043,-42.77296],[-63.65138,-42.77438],[-63.65271,-42.77581],[-63.65304,-42.77724],[-63.65338,-42.7781],[-63.65495,-42.77857],[-63.65676,-42.77833],[-63.65871,-42.77767],[-63.66033,-42.77743],[-63.66128,-42.77733],[-63.66242,-42.77776],[-63.66323,-42.77845],[-63.66342,-42.77862],[-63.66399,-42.77914],[-63.66451,-42.78019],[-63.66523,-42.78143],[-63.66566,-42.78281],[-63.66627,-42.78342],[-63.66632,-42.78347],[-63.66765,-42.784],[-63.66975,-42.78428],[-63.67118,-42.78476],[-63.67241,-42.78547],[-63.67294,-42.78571],[-63.67379,-42.78633],[-63.67446,-42.78661],[-63.67555,-42.78723],[-63.67584,-42.78785],[-63.67636,-42.78818],[-63.67736,-42.78857],[-63.67789,-42.78928],[-63.67797,-42.7899],[-63.67803,-42.79037],[-63.67795,-42.79065],[-63.67774,-42.79139],[-63.67733,-42.79204],[-63.67792,-42.79234],[-63.67875,-42.79275],[-63.67965,-42.79258],[-63.68085,-42.79227],[-63.68212,-42.79232],[-63.68583,-42.79256],[-63.68831,-42.79304],[-63.69112,-42.79413],[-63.69221,-42.79466],[-63.6935,-42.79489],[-63.69507,-42.79509],[-63.69664,-42.79532],[-63.6984,-42.7957],[-63.70049,-42.79642],[-63.70254,-42.79761],[-63.70396,-42.7988],[-63.70454,-42.7997],[-63.70515,-42.80089],[-63.70663,-42.8018],[-63.70801,-42.8027],[-63.70972,-42.80384],[-63.71172,-42.80403],[-63.71315,-42.80346],[-63.71429,-42.80313],[-63.71624,-42.80337],[-63.71872,-42.80427],[-63.72067,-42.80565],[-63.72153,-42.80665],[-63.72271,-42.80746],[-63.72362,-42.80812],[-63.72424,-42.8087],[-63.72514,-42.8097],[-63.72562,-42.81036],[-63.72652,-42.81088],[-63.72743,-42.81112],[-63.72857,-42.81103],[-63.72962,-42.81093],[-63.73071,-42.81141],[-63.73166,-42.81193],[-63.73228,-42.81246],[-63.73285,-42.81279],[-63.73452,-42.81269],[-63.73628,-42.81288],[-63.73823,-42.81303],[-63.73923,-42.81307],[-63.73932,-42.81246],[-63.73951,-42.81169],[-63.74051,-42.81108],[-63.74285,-42.81065],[-63.74375,-42.81031],[-63.74527,-42.81017],[-63.74637,-42.80993],[-63.74827,-42.80993],[-63.75055,-42.80974],[-63.75274,-42.80989],[-63.75469,-42.81008],[-63.75636,-42.81003],[-63.75784,-42.81036],[-63.75974,-42.81031],[-63.76131,-42.81041],[-63.76293,-42.81088],[-63.76402,-42.81117],[-63.76493,-42.81174],[-63.76683,-42.81203],[-63.77097,-42.81246],[-63.77311,-42.81231],[-63.77468,-42.81217],[-63.77778,-42.81246],[-63.78011,-42.81298],[-63.78244,-42.81303],[-63.78515,-42.81326],[-63.78815,-42.81369],[-63.79048,-42.81407],[-63.79205,-42.81464],[-63.79424,-42.81503],[-63.79591,-42.81531],[-63.79748,-42.81564],[-63.79789,-42.81628],[-63.79791,-42.81631],[-63.79809,-42.81636],[-63.79933,-42.81674],[-63.79986,-42.81726],[-63.8009,-42.8174],[-63.803,-42.81783],[-63.80481,-42.81836],[-63.807,-42.81883],[-63.80799,-42.81921],[-63.80918,-42.81964],[-63.81018,-42.82021],[-63.81085,-42.82069],[-63.81071,-42.82173],[-63.81071,-42.82178],[-63.81047,-42.8225],[-63.8108,-42.82297],[-63.81097,-42.82309],[-63.81142,-42.8234],[-63.81247,-42.82297],[-63.81399,-42.82259],[-63.8148,-42.82264],[-63.81594,-42.82283],[-63.81694,-42.82235],[-63.81756,-42.82226],[-63.81818,-42.82235],[-63.81908,-42.82221],[-63.81961,-42.8225],[-63.82051,-42.82312],[-63.82122,-42.8234],[-63.82208,-42.82321],[-63.82346,-42.82345],[-63.82598,-42.82459],[-63.82684,-42.8243],[-63.82784,-42.82364],[-63.82998,-42.82369],[-63.83069,-42.82378],[-63.83169,-42.82369],[-63.83274,-42.82373],[-63.83436,-42.82411],[-63.83583,-42.82435],[-63.83764,-42.82488],[-63.83969,-42.82559],[-63.84131,-42.82621],[-63.84231,-42.82711],[-63.84283,-42.82792],[-63.84445,-42.82854],[-63.84649,-42.82797],[-63.84806,-42.82797],[-63.85006,-42.82773],[-63.85197,-42.82811],[-63.85444,-42.8283],[-63.85701,-42.82892],[-63.85911,-42.8293],[-63.86225,-42.83011],[-63.86586,-42.83087],[-63.86839,-42.8314],[-63.87038,-42.83197],[-63.87215,-42.83297],[-63.87381,-42.8342],[-63.8751,-42.83501],[-63.87605,-42.83525],[-63.87695,-42.83511],[-63.87809,-42.83468],[-63.87971,-42.83458],[-63.88328,-42.8352],[-63.8859,-42.83525],[-63.88947,-42.83573],[-63.89175,-42.83615],[-63.89442,-42.83615],[-63.89775,-42.83606],[-63.90136,-42.83654],[-63.90413,-42.83673],[-63.90498,-42.83644],[-63.90527,-42.83658],[-63.90536,-42.83701],[-63.90631,-42.83711],[-63.90698,-42.83668],[-63.90793,-42.83687],[-63.90879,-42.83739],[-63.90912,-42.83787],[-63.90888,-42.83844],[-63.90897,-42.83868],[-63.90907,-42.83896],[-63.90965,-42.83939],[-63.9105,-42.83949],[-63.91058,-42.8395],[-63.91169,-42.83972],[-63.91245,-42.84039],[-63.91265,-42.84055],[-63.91307,-42.84091],[-63.91314,-42.84092],[-63.91398,-42.84106],[-63.91476,-42.84138],[-63.91646,-42.84254],[-63.91694,-42.8429],[-63.91872,-42.84367],[-63.92075,-42.84367],[-63.92247,-42.84308],[-63.92435,-42.84234],[-63.92583,-42.8421],[-63.92935,-42.8421],[-63.93244,-42.84196],[-63.93373,-42.84191],[-63.93511,-42.8422],[-63.93644,-42.8421],[-63.93844,-42.8421],[-63.93996,-42.84253],[-63.9421,-42.84286],[-63.94381,-42.8432],[-63.94596,-42.84344],[-63.94791,-42.84353],[-63.95048,-42.84396],[-63.95219,-42.84448],[-63.95343,-42.84453],[-63.9549,-42.84482],[-63.95714,-42.84553],[-63.9589,-42.84605],[-63.96099,-42.84672],[-63.96266,-42.84691],[-63.96333,-42.847],[-63.96414,-42.8472],[-63.9649,-42.84767],[-63.96532,-42.84819],[-63.96561,-42.8491],[-63.96623,-42.84967],[-63.9668,-42.85024],[-63.96766,-42.85024],[-63.96818,-42.84953],[-63.96894,-42.84905],[-63.97046,-42.84891],[-63.97261,-42.84915],[-63.97441,-42.84938],[-63.9756,-42.84957],[-63.97874,-42.85],[-63.9806,-42.85019],[-63.98369,-42.85095],[-63.98622,-42.85162],[-63.99002,-42.85243],[-63.99212,-42.85338],[-63.99369,-42.85467],[-63.99445,-42.855],[-63.99607,-42.85471],[-63.99802,-42.85467],[-64.00011,-42.85524],[-64.0014,-42.85562],[-64.00221,-42.85609],[-64.00278,-42.85686],[-64.003,-42.85706],[-64.00325,-42.85728],[-64.00407,-42.8576],[-64.00459,-42.85781],[-64.00606,-42.85819],[-64.00678,-42.85866],[-64.00863,-42.85962],[-64.00987,-42.86014],[-64.01087,-42.86047],[-64.01306,-42.86047],[-64.01525,-42.86043],[-64.01753,-42.8609],[-64.0202,-42.86185],[-64.02229,-42.86242],[-64.02395,-42.86309],[-64.02529,-42.86299],[-64.02724,-42.86276],[-64.02962,-42.86304],[-64.031,-42.86309],[-64.03195,-42.86319],[-64.03309,-42.86338],[-64.03495,-42.86352],[-64.03614,-42.86361],[-64.03871,-42.86399],[-64.04037,-42.86399],[-64.04323,-42.86466],[-64.04499,-42.8648],[-64.04708,-42.86499],[-64.04884,-42.86533],[-64.0507,-42.86566],[-64.05218,-42.86595],[-64.05446,-42.86656],[-64.05665,-42.86675],[-64.05879,-42.86694],[-64.06074,-42.86737],[-64.06236,-42.86766],[-64.06483,-42.86799],[-64.06587,-42.86832],[-64.06719,-42.86863],[-64.06882,-42.86921],[-64.07045,-42.86963],[-64.0714,-42.86968],[-64.07277,-42.86984],[-64.07382,-42.87016],[-64.07508,-42.87037],[-64.0765,-42.87063],[-64.07787,-42.87137],[-64.07914,-42.87189],[-64.08124,-42.87242],[-64.08229,-42.87274],[-64.08319,-42.87342],[-64.08466,-42.87374],[-64.08677,-42.87358],[-64.08808,-42.87321],[-64.09103,-42.87347],[-64.0935,-42.87426],[-64.09482,-42.87511],[-64.09608,-42.87621],[-64.09714,-42.87668],[-64.0984,-42.87647],[-64.09919,-42.87642],[-64.10024,-42.87637],[-64.10156,-42.87668],[-64.10298,-42.87705],[-64.10414,-42.87768],[-64.10551,-42.87816],[-64.10698,-42.87847],[-64.10798,-42.87842],[-64.10961,-42.87884],[-64.11045,-42.87895],[-64.11224,-42.87821],[-64.11293,-42.87826],[-64.11503,-42.87795],[-64.11603,-42.87768],[-64.11756,-42.87774],[-64.1194,-42.87753],[-64.1214,-42.87679],[-64.12298,-42.87684],[-64.12466,-42.87732],[-64.12677,-42.87726],[-64.12893,-42.87726],[-64.12987,-42.87674],[-64.13124,-42.87642],[-64.13282,-42.87595],[-64.13372,-42.87579],[-64.13435,-42.87579],[-64.13519,-42.87563],[-64.13635,-42.87516],[-64.13751,-42.87479],[-64.13814,-42.87463],[-64.13998,-42.87458],[-64.14151,-42.87437],[-64.14319,-42.87416],[-64.1443,-42.874],[-64.14519,-42.87379],[-64.14561,-42.87295],[-64.14582,-42.87253],[-64.14619,-42.87195],[-64.14635,-42.87105],[-64.14698,-42.87058],[-64.14756,-42.86968],[-64.14824,-42.86868],[-64.14935,-42.86784],[-64.15003,-42.86721],[-64.15093,-42.86647],[-64.15172,-42.86626],[-64.15319,-42.86584],[-64.1543,-42.86537],[-64.15503,-42.86474],[-64.15545,-42.86368],[-64.15567,-42.86279],[-64.15635,-42.86163],[-64.15672,-42.86053],[-64.1564,-42.85995],[-64.15667,-42.85889],[-64.15767,-42.858],[-64.15819,-42.85737],[-64.15924,-42.85695],[-64.15972,-42.85668],[-64.16077,-42.85621],[-64.16235,-42.85516],[-64.16367,-42.85447],[-64.1654,-42.85384],[-64.16635,-42.85347],[-64.16746,-42.85305],[-64.16877,-42.85226],[-64.17014,-42.85032],[-64.17135,-42.8491],[-64.17298,-42.84853],[-64.1744,-42.84784],[-64.17588,-42.84705],[-64.17719,-42.84647],[-64.17782,-42.84568],[-64.17867,-42.84453],[-64.17988,-42.84363],[-64.18093,-42.84289],[-64.18219,-42.84237],[-64.18367,-42.84158],[-64.18409,-42.84095],[-64.18525,-42.83937],[-64.18693,-42.83774],[-64.18814,-42.83679],[-64.1893,-42.83631],[-64.1903,-42.83505],[-64.19161,-42.834],[-64.19235,-42.83331],[-64.19372,-42.83274],[-64.19409,-42.83279],[-64.19393,-42.83179],[-64.19388,-42.83058],[-64.1944,-42.8281],[-64.19519,-42.82631],[-64.1973,-42.82489],[-64.1983,-42.824],[-64.19967,-42.82242],[-64.20077,-42.8211],[-64.20225,-42.82047],[-64.20335,-42.81973],[-64.20398,-42.81831],[-64.20498,-42.81642],[-64.20625,-42.81495],[-64.20709,-42.814],[-64.20825,-42.81268],[-64.20898,-42.81121],[-64.21004,-42.81021],[-64.2113,-42.80889],[-64.2133,-42.80763],[-64.21519,-42.80626],[-64.21614,-42.80526],[-64.21725,-42.80368],[-64.21914,-42.80194],[-64.22088,-42.80079],[-64.22388,-42.79889],[-64.22562,-42.79794],[-64.22767,-42.79668],[-64.22962,-42.7951],[-64.2343,-42.79115],[-64.23693,-42.78894],[-64.23993,-42.78573],[-64.24198,-42.78321],[-64.24367,-42.78068],[-64.24535,-42.77768],[-64.24656,-42.77631],[-64.24862,-42.77389],[-64.25051,-42.77105],[-64.25262,-42.76742],[-64.25356,-42.76515],[-64.25588,-42.75794],[-64.25825,-42.75189],[-64.26004,-42.747],[-64.26035,-42.74405],[-64.25909,-42.73978],[-64.25656,-42.73657],[-64.25351,-42.73157],[-64.25109,-42.72631],[-64.24835,-42.72057],[-64.24625,-42.71594],[-64.24537,-42.7129],[-64.24525,-42.71247],[-64.24493,-42.70993],[-64.24477,-42.70863],[-64.24498,-42.70452],[-64.24514,-42.70141],[-64.24525,-42.6981],[-64.24577,-42.69457],[-64.24651,-42.69099],[-64.24688,-42.68778],[-64.24746,-42.6851],[-64.24814,-42.68368],[-64.2492,-42.68315],[-64.24941,-42.68305],[-64.24851,-42.68262],[-64.24858,-42.68193],[-64.24786,-42.68044],[-64.24626,-42.67806],[-64.24548,-42.67741],[-64.24453,-42.67622],[-64.24343,-42.67587],[-64.24332,-42.67583],[-64.24241,-42.67526],[-64.24177,-42.67477],[-64.24139,-42.67448],[-64.24109,-42.67426],[-64.24104,-42.67413],[-64.23956,-42.67073],[-64.23883,-42.66862],[-64.2383,-42.66731],[-64.23804,-42.66547],[-64.23804,-42.66431],[-64.23693,-42.66368],[-64.23552,-42.66324],[-64.23488,-42.66304],[-64.23309,-42.6621],[-64.23146,-42.66104],[-64.2304,-42.65973],[-64.22904,-42.65652],[-64.22881,-42.65513],[-64.22877,-42.65489],[-64.22867,-42.65368],[-64.22788,-42.65194],[-64.22671,-42.65089],[-64.22635,-42.65057],[-64.226,-42.6505],[-64.22419,-42.65015],[-64.22293,-42.64857],[-64.22198,-42.64483],[-64.22114,-42.64275],[-64.22088,-42.6421],[-64.22019,-42.64062],[-64.21973,-42.63987],[-64.21898,-42.63868],[-64.21709,-42.63646],[-64.21435,-42.63425],[-64.21209,-42.63236],[-64.21119,-42.63083],[-64.21067,-42.62894],[-64.21059,-42.62754],[-64.21056,-42.62704],[-64.21114,-42.62541],[-64.21117,-42.62537],[-64.21161,-42.62476],[-64.21225,-42.62389],[-64.21383,-42.62194],[-64.21493,-42.62141],[-64.21567,-42.62083],[-64.21704,-42.61962],[-64.22041,-42.61736],[-64.22072,-42.61715],[-64.2234,-42.61578],[-64.22693,-42.61457],[-64.23004,-42.61425],[-64.23404,-42.6141],[-64.23788,-42.61399],[-64.23988,-42.61399],[-64.24051,-42.61394],[-64.24156,-42.61383],[-64.24267,-42.61357],[-64.24456,-42.61367],[-64.24625,-42.61425],[-64.24872,-42.6152],[-64.2512,-42.61588],[-64.25262,-42.61662],[-64.2533,-42.61736],[-64.25377,-42.6181],[-64.25546,-42.61852],[-64.25704,-42.61846],[-64.25851,-42.61862],[-64.25972,-42.61841],[-64.26046,-42.61799],[-64.26121,-42.61794],[-64.2622,-42.61788],[-64.26435,-42.61752],[-64.26583,-42.61788],[-64.26735,-42.61852],[-64.26756,-42.61957],[-64.2675,-42.6198],[-64.26746,-42.61994],[-64.26755,-42.61999],[-64.26788,-42.6202],[-64.26825,-42.61978],[-64.26883,-42.61967],[-64.26872,-42.61894],[-64.26909,-42.61831],[-64.26972,-42.6182],[-64.2703,-42.61783],[-64.27083,-42.61778],[-64.27188,-42.61783],[-64.27293,-42.61783],[-64.27341,-42.61773],[-64.27272,-42.61641],[-64.27241,-42.61541],[-64.27183,-42.61467],[-64.27177,-42.61362],[-64.27104,-42.61283],[-64.27062,-42.61231],[-64.26877,-42.61188],[-64.26756,-42.61099],[-64.26677,-42.60983],[-64.2662,-42.60846],[-64.26556,-42.60583],[-64.26456,-42.60378],[-64.26388,-42.60315],[-64.26299,-42.6022],[-64.26146,-42.60099],[-64.26077,-42.60041],[-64.26004,-42.59967],[-64.25877,-42.59925],[-64.25809,-42.59888],[-64.25804,-42.59831],[-64.25825,-42.59788],[-64.25751,-42.59752],[-64.25683,-42.59652],[-64.25688,-42.59618],[-64.25709,-42.59499],[-64.2582,-42.59225],[-64.25956,-42.58967],[-64.26277,-42.58562],[-64.26535,-42.58309],[-64.26893,-42.58036],[-64.27014,-42.57946],[-64.27141,-42.57862],[-64.27299,-42.57799],[-64.27446,-42.57757],[-64.27535,-42.57757],[-64.27667,-42.57788],[-64.27709,-42.57767],[-64.27672,-42.57704],[-64.27656,-42.57625],[-64.27672,-42.57541],[-64.27783,-42.57457],[-64.27818,-42.57447],[-64.27972,-42.57404],[-64.28151,-42.57351],[-64.28246,-42.57325],[-64.28399,-42.5733],[-64.28404,-42.57367],[-64.28446,-42.57494],[-64.28488,-42.57541],[-64.28535,-42.57515],[-64.28588,-42.57478],[-64.28741,-42.57499],[-64.28862,-42.5753],[-64.29035,-42.57573],[-64.29141,-42.57615],[-64.29154,-42.57621],[-64.29262,-42.57673],[-64.29372,-42.57746],[-64.2942,-42.57804],[-64.29414,-42.57867],[-64.29408,-42.57878],[-64.29378,-42.57936],[-64.29367,-42.57946],[-64.29351,-42.57999],[-64.29378,-42.58025],[-64.2943,-42.58046],[-64.29465,-42.58046],[-64.29483,-42.58046],[-64.29488,-42.57978],[-64.29509,-42.57962],[-64.29593,-42.57973],[-64.2972,-42.58015],[-64.29783,-42.5803],[-64.29857,-42.58057],[-64.29899,-42.58099],[-64.29909,-42.58167],[-64.29926,-42.58188],[-64.29959,-42.58207],[-64.30014,-42.58207],[-64.30075,-42.58221],[-64.30106,-42.58195],[-64.30152,-42.58192],[-64.30171,-42.58211],[-64.30178,-42.58252],[-64.30171,-42.58302],[-64.30156,-42.58328],[-64.30175,-42.58354],[-64.30206,-42.58337],[-64.30221,-42.58337],[-64.30282,-42.5839],[-64.30318,-42.5844],[-64.3038,-42.58495],[-64.30463,-42.58464],[-64.30528,-42.58478],[-64.30589,-42.58535],[-64.30618,-42.58552],[-64.30666,-42.58583],[-64.30761,-42.58597],[-64.30896,-42.58594],[-64.30889,-42.58571],[-64.30875,-42.58547],[-64.30882,-42.58521],[-64.30894,-42.58504],[-64.30958,-42.5848],[-64.30996,-42.58468],[-64.30953,-42.58437],[-64.30951,-42.58411],[-64.30963,-42.58361],[-64.30989,-42.58328],[-64.31025,-42.58307],[-64.31061,-42.58295],[-64.3108,-42.58283],[-64.31022,-42.58271],[-64.3098,-42.58252],[-64.30989,-42.58223],[-64.31025,-42.5818],[-64.31061,-42.58147],[-64.31063,-42.58116],[-64.31051,-42.58071],[-64.31015,-42.58035],[-64.30963,-42.58],[-64.30937,-42.57966],[-64.30934,-42.57912],[-64.30951,-42.57857],[-64.30944,-42.57833],[-64.3093,-42.5774],[-64.30946,-42.57702],[-64.30975,-42.57655],[-64.3097,-42.57619],[-64.30908,-42.57605],[-64.30932,-42.57571],[-64.30937,-42.575],[-64.30956,-42.57452],[-64.30987,-42.57433],[-64.3097,-42.57367],[-64.30949,-42.57319],[-64.30946,-42.57305],[-64.30963,-42.57302],[-64.3092,-42.57255],[-64.30901,-42.57205],[-64.3092,-42.57164],[-64.30951,-42.5716],[-64.30975,-42.57183],[-64.30992,-42.572],[-64.31034,-42.57212],[-64.31053,-42.572],[-64.31037,-42.57155],[-64.31003,-42.57133],[-64.30999,-42.57093],[-64.30992,-42.57062],[-64.31022,-42.56984],[-64.31058,-42.5695],[-64.31115,-42.56917],[-64.31134,-42.56876],[-64.31163,-42.5685],[-64.31215,-42.56803],[-64.31234,-42.56779],[-64.31298,-42.56784],[-64.31358,-42.56781],[-64.31386,-42.56781],[-64.3136,-42.56755],[-64.3132,-42.56724],[-64.31306,-42.56686],[-64.31229,-42.56653],[-64.3117,-42.56612],[-64.31156,-42.56529],[-64.31151,-42.56489],[-64.31172,-42.56463],[-64.31184,-42.56448],[-64.31143,-42.56441],[-64.31091,-42.56432],[-64.30994,-42.56398],[-64.30892,-42.56343],[-64.30851,-42.56282],[-64.30851,-42.56251],[-64.30866,-42.5623],[-64.30875,-42.56217],[-64.3092,-42.56191],[-64.30942,-42.5617],[-64.30868,-42.56134],[-64.30846,-42.56101],[-64.30861,-42.56051],[-64.30892,-42.56025],[-64.30856,-42.55984],[-64.30903,-42.55899],[-64.30982,-42.55732],[-64.31046,-42.55577],[-64.31398,-42.55154],[-64.31727,-42.54811],[-64.32212,-42.54376],[-64.32652,-42.54021],[-64.32988,-42.53786],[-64.33149,-42.53701],[-64.33159,-42.53695],[-64.334,-42.53569],[-64.33659,-42.53424],[-64.3399,-42.53284],[-64.34373,-42.5315],[-64.34584,-42.531],[-64.34775,-42.53065],[-64.34853,-42.53069],[-64.34968,-42.53093],[-64.35075,-42.53107],[-64.35077,-42.53107],[-64.35194,-42.53093],[-64.35417,-42.53069],[-64.35596,-42.53076],[-64.3567,-42.53098],[-64.35748,-42.53153],[-64.358,-42.53212],[-64.35827,-42.53267],[-64.35846,-42.53329],[-64.35879,-42.5336],[-64.35936,-42.53402],[-64.36026,-42.53422],[-64.36079,-42.53405],[-64.36143,-42.53395],[-64.36224,-42.53367],[-64.36288,-42.53329],[-64.36381,-42.53284],[-64.36498,-42.53226],[-64.36578,-42.53203],[-64.36612,-42.53179],[-64.36697,-42.53165],[-64.36738,-42.53165],[-64.36778,-42.53146],[-64.36778,-42.53124],[-64.368,-42.53112],[-64.36859,-42.53088],[-64.36916,-42.53069],[-64.37002,-42.53019],[-64.37083,-42.52974],[-64.37173,-42.52948],[-64.37223,-42.52917],[-64.37252,-42.52903],[-64.37285,-42.52889],[-64.37316,-42.52893],[-64.37338,-42.52862],[-64.37383,-42.52836],[-64.3744,-42.52822],[-64.37483,-42.52798],[-64.37504,-42.52767],[-64.37545,-42.52734],[-64.37623,-42.52722],[-64.37661,-42.5271],[-64.3769,-42.52689],[-64.37763,-42.52653],[-64.37866,-42.52613],[-64.37956,-42.52591],[-64.3803,-42.52565],[-64.38078,-42.52548],[-64.38137,-42.5252],[-64.38239,-42.52496],[-64.38304,-42.52467],[-64.38373,-42.52427],[-64.38411,-42.52401],[-64.38503,-42.52348],[-64.38687,-42.52277],[-64.38879,-42.52208],[-64.39001,-42.52163],[-64.3916,-42.52096],[-64.39332,-42.5202],[-64.39555,-42.51932],[-64.39762,-42.51844],[-64.40102,-42.51715],[-64.40245,-42.51673],[-64.40457,-42.51616],[-64.40659,-42.51561],[-64.40778,-42.51535],[-64.40916,-42.51489],[-64.40988,-42.5148],[-64.41014,-42.51492],[-64.41028,-42.51518],[-64.41045,-42.51556],[-64.41083,-42.51537],[-64.41116,-42.51508],[-64.41237,-42.51456],[-64.41359,-42.5143],[-64.41492,-42.51387],[-64.41725,-42.51332],[-64.41904,-42.51285],[-64.42096,-42.51247],[-64.42363,-42.51201],[-64.42472,-42.51182],[-64.42625,-42.51154],[-64.42696,-42.51135],[-64.42827,-42.51113],[-64.42917,-42.51087],[-64.43063,-42.51035],[-64.43203,-42.51014],[-64.43484,-42.50966],[-64.43629,-42.50961],[-64.43705,-42.50956],[-64.43743,-42.50983],[-64.43788,-42.50997],[-64.4386,-42.5099],[-64.43964,-42.50983],[-64.4406,-42.50959],[-64.44174,-42.50952],[-64.4425,-42.5093],[-64.44305,-42.50899],[-64.44412,-42.5088],[-64.44585,-42.50804],[-64.44709,-42.50752],[-64.44845,-42.5074],[-64.44971,-42.50745],[-64.45154,-42.5073],[-64.4528,-42.50707],[-64.45435,-42.50671],[-64.4558,-42.50642],[-64.45794,-42.50592],[-64.4592,-42.50542],[-64.46077,-42.50488],[-64.46261,-42.50433],[-64.4646,-42.50392],[-64.46572,-42.50392],[-64.46772,-42.50371],[-64.4701,-42.50319],[-64.47457,-42.50245],[-64.4781,-42.50214],[-64.48014,-42.50176],[-64.48221,-42.50155],[-64.48397,-42.50107],[-64.48659,-42.50076],[-64.4894,-42.50024],[-64.4914,-42.50014],[-64.49351,-42.50026],[-64.49347,-42.49943],[-64.49429,-42.46518],[-64.49431,-42.46417],[-64.49507,-42.4325],[-64.49514,-42.42978],[-64.49453,-42.4296],[-64.49345,-42.42927],[-64.49274,-42.42906],[-64.4923,-42.42874],[-64.49135,-42.42806],[-64.4911,-42.42749],[-64.49099,-42.42684],[-64.4916,-42.42588],[-64.49174,-42.4246],[-64.49157,-42.4237],[-64.49167,-42.42245],[-64.49171,-42.42142],[-64.49132,-42.42017],[-64.49007,-42.41931],[-64.48885,-42.41831],[-64.48768,-42.41814],[-64.48718,-42.41742],[-64.48709,-42.4173],[-64.48653,-42.41642],[-64.48607,-42.41567],[-64.48557,-42.41546],[-64.48486,-42.41582],[-64.484,-42.41671],[-64.48393,-42.41676],[-64.48275,-42.41753],[-64.48241,-42.41813],[-64.48225,-42.41842],[-64.48225,-42.41895],[-64.48225,-42.41896],[-64.48186,-42.42003],[-64.48186,-42.42042],[-64.48196,-42.42113],[-64.48239,-42.4221],[-64.48282,-42.42335],[-64.48311,-42.42388],[-64.48375,-42.42449],[-64.48457,-42.42552],[-64.48521,-42.42663],[-64.48536,-42.42827],[-64.48532,-42.42995],[-64.48525,-42.43045],[-64.48514,-42.43131],[-64.48393,-42.43302],[-64.48114,-42.43505],[-64.48047,-42.43558],[-64.48005,-42.4359],[-64.47959,-42.43627],[-64.47922,-42.43655],[-64.47869,-42.43702],[-64.47834,-42.43733],[-64.47816,-42.43749],[-64.478,-42.43764],[-64.47725,-42.4383],[-64.47724,-42.4383],[-64.47593,-42.43862],[-64.47494,-42.43836],[-64.47486,-42.43834],[-64.47368,-42.43831],[-64.47218,-42.43827],[-64.47071,-42.43844],[-64.468,-42.43875],[-64.46783,-42.43877],[-64.46744,-42.43869],[-64.46597,-42.43841],[-64.46412,-42.43748],[-64.46251,-42.43759],[-64.46158,-42.43734],[-64.4603,-42.43706],[-64.45839,-42.43677],[-64.45592,-42.43653],[-64.45435,-42.43554],[-64.45326,-42.4353],[-64.45221,-42.43563],[-64.45165,-42.43614],[-64.4515,-42.43627],[-64.45092,-42.43704],[-64.44982,-42.4382],[-64.44929,-42.43837],[-64.4487,-42.43856],[-64.44804,-42.43878],[-64.44696,-42.43912],[-64.44522,-42.43939],[-64.44348,-42.43966],[-64.44101,-42.43973],[-64.43877,-42.4398],[-64.43855,-42.43981],[-64.43739,-42.43982],[-64.43352,-42.43987],[-64.42822,-42.43948],[-64.42484,-42.43812],[-64.42251,-42.43719],[-64.42142,-42.43677],[-64.41906,-42.43588],[-64.41812,-42.43489],[-64.41784,-42.4346],[-64.41745,-42.43351],[-64.4174,-42.43338],[-64.4168,-42.43282],[-64.41535,-42.43273],[-64.41529,-42.43273],[-64.41529,-42.43273],[-64.41285,-42.43249],[-64.41272,-42.43246],[-64.41133,-42.43213],[-64.41056,-42.43088],[-64.41067,-42.43047],[-64.41071,-42.43035],[-64.41088,-42.42972],[-64.41005,-42.42892],[-64.41011,-42.43008],[-64.40916,-42.43076],[-64.40818,-42.43085],[-64.4072,-42.43094],[-64.40517,-42.43112],[-64.40365,-42.43078],[-64.40241,-42.4305],[-64.40136,-42.43005],[-64.40065,-42.42975],[-64.39967,-42.42993],[-64.39792,-42.43011],[-64.39789,-42.43011],[-64.39775,-42.43012],[-64.3956,-42.43023],[-64.39403,-42.42945],[-64.39262,-42.42874],[-64.39119,-42.42839],[-64.38944,-42.42856],[-64.3892,-42.42928],[-64.38823,-42.42929],[-64.38747,-42.4293],[-64.38692,-42.42931],[-64.38682,-42.42931],[-64.38453,-42.42919],[-64.38358,-42.42898],[-64.38203,-42.42865],[-64.38049,-42.42806],[-64.38001,-42.42731],[-64.37968,-42.42681],[-64.37955,-42.42679],[-64.3787,-42.42663],[-64.37834,-42.42607],[-64.37808,-42.42532],[-64.37754,-42.42461],[-64.37701,-42.42476],[-64.37463,-42.42416],[-64.37304,-42.42386],[-64.37293,-42.42383],[-64.37162,-42.42351],[-64.37052,-42.42321],[-64.37017,-42.42265],[-64.36999,-42.42217],[-64.36933,-42.42217],[-64.36889,-42.42241],[-64.36859,-42.42256],[-64.36856,-42.423],[-64.36811,-42.42351],[-64.3681,-42.42352],[-64.36728,-42.42458],[-64.36553,-42.42541],[-64.3638,-42.42595],[-64.36249,-42.42607],[-64.36225,-42.42608],[-64.36203,-42.42609],[-64.36118,-42.42612],[-64.36115,-42.42613],[-64.36005,-42.4266],[-64.35936,-42.42653],[-64.35922,-42.42651],[-64.35865,-42.42649],[-64.35762,-42.4267],[-64.35746,-42.42673],[-64.35688,-42.42664],[-64.35479,-42.4263],[-64.35445,-42.42623],[-64.3517,-42.42568],[-64.3508,-42.42483],[-64.35053,-42.42452],[-64.35022,-42.42416],[-64.34958,-42.424],[-64.3494,-42.42396],[-64.34807,-42.42362],[-64.34696,-42.42358],[-64.34527,-42.42351],[-64.34194,-42.42267],[-64.33745,-42.42113],[-64.33553,-42.42038],[-64.33361,-42.41964],[-64.33174,-42.41818],[-64.33123,-42.41744],[-64.33133,-42.41697],[-64.33141,-42.41658],[-64.33215,-42.41542],[-64.33242,-42.41485],[-64.3323,-42.41479],[-64.33159,-42.41441],[-64.33049,-42.41435],[-64.33038,-42.41433],[-64.32906,-42.41411],[-64.32844,-42.41348],[-64.32802,-42.41316],[-64.32811,-42.41269],[-64.3282,-42.41226],[-64.32742,-42.41206],[-64.32664,-42.41208],[-64.3262,-42.41209],[-64.32418,-42.41191],[-64.32264,-42.41173],[-64.32142,-42.41161],[-64.32064,-42.41197],[-64.32014,-42.41215],[-64.31972,-42.41253],[-64.31957,-42.41313],[-64.31889,-42.41309],[-64.31743,-42.41301],[-64.31428,-42.41203],[-64.31172,-42.41102],[-64.30967,-42.40959],[-64.30836,-42.40789],[-64.30678,-42.40608],[-64.30607,-42.40536],[-64.30538,-42.40501],[-64.30446,-42.4048],[-64.30318,-42.40453],[-64.30205,-42.40423],[-64.30154,-42.40394],[-64.30035,-42.40403],[-64.29992,-42.40432],[-64.2993,-42.40522],[-64.2985,-42.40608],[-64.29792,-42.40669],[-64.29773,-42.40689],[-64.2974,-42.4077],[-64.29669,-42.4087],[-64.29607,-42.40927],[-64.29535,-42.41055],[-64.29455,-42.41136],[-64.29426,-42.41212],[-64.29369,-42.4136],[-64.2933,-42.41375],[-64.29289,-42.41402],[-64.29271,-42.41405],[-64.29259,-42.41444],[-64.29197,-42.41467],[-64.28992,-42.415],[-64.28935,-42.41509],[-64.2868,-42.41515],[-64.28456,-42.41509],[-64.28336,-42.41512],[-64.28231,-42.41498],[-64.28141,-42.41526],[-64.27751,-42.41545],[-64.27656,-42.41542],[-64.27517,-42.41548],[-64.27264,-42.4153],[-64.27026,-42.41503],[-64.26859,-42.41494],[-64.26716,-42.41461],[-64.26603,-42.41444],[-64.26556,-42.41464],[-64.26505,-42.41503],[-64.26413,-42.41527],[-64.26351,-42.41571],[-64.26258,-42.41601],[-64.26218,-42.41626],[-64.26061,-42.4165],[-64.25781,-42.4164],[-64.255,-42.41593],[-64.25333,-42.41555],[-64.25248,-42.41588],[-64.25114,-42.41593],[-64.24781,-42.41521],[-64.2476,-42.41506],[-64.24734,-42.41488],[-64.24677,-42.41507],[-64.24628,-42.41545],[-64.24529,-42.41621],[-64.24424,-42.41679],[-64.2432,-42.41736],[-64.24251,-42.41743],[-64.24182,-42.4175],[-64.2418,-42.4175],[-64.24044,-42.41807],[-64.2392,-42.41821],[-64.23777,-42.41813],[-64.23763,-42.41812],[-64.23577,-42.41807],[-64.23496,-42.41807],[-64.2332,-42.41836],[-64.23073,-42.41821],[-64.22735,-42.4174],[-64.22564,-42.41736],[-64.22407,-42.41755],[-64.22278,-42.41793],[-64.22178,-42.41807],[-64.22109,-42.41864],[-64.2204,-42.41921],[-64.21983,-42.41989],[-64.21945,-42.42035],[-64.21755,-42.4215],[-64.21641,-42.42181],[-64.21531,-42.42212],[-64.21298,-42.42207],[-64.20798,-42.42145],[-64.20446,-42.42054],[-64.20022,-42.4194],[-64.19922,-42.41888],[-64.19842,-42.41793],[-64.19789,-42.41783],[-64.19699,-42.41793],[-64.19575,-42.41817],[-64.19508,-42.41774],[-64.19432,-42.41764],[-64.19342,-42.41683],[-64.19251,-42.41645],[-64.19142,-42.41583],[-64.19052,-42.41607],[-64.19037,-42.41674],[-64.19032,-42.41769],[-64.189,-42.41901],[-64.18894,-42.41907],[-64.18706,-42.4194],[-64.18704,-42.4194],[-64.18538,-42.4194],[-64.18319,-42.41888],[-64.182,-42.41878],[-64.1815,-42.41865],[-64.18133,-42.41854],[-64.18097,-42.41842],[-64.1807,-42.41833],[-64.18022,-42.41789],[-64.17951,-42.41768],[-64.17871,-42.41803],[-64.17782,-42.41774],[-64.17686,-42.41783],[-64.17657,-42.41827],[-64.17605,-42.41846],[-64.17535,-42.41872],[-64.17416,-42.41869],[-64.17338,-42.41866],[-64.17213,-42.41878],[-64.17005,-42.41874],[-64.17008,-42.41928],[-64.17002,-42.41988],[-64.16973,-42.42074],[-64.16865,-42.4214],[-64.16681,-42.42181],[-64.16497,-42.42193],[-64.16321,-42.4216],[-64.16256,-42.42157],[-64.16158,-42.42169],[-64.16101,-42.42244],[-64.15937,-42.42288],[-64.15616,-42.42294],[-64.15307,-42.42279],[-64.15075,-42.42274],[-64.14945,-42.42292],[-64.14788,-42.42378],[-64.14669,-42.42407],[-64.14526,-42.42435],[-64.14397,-42.42511],[-64.14307,-42.42545],[-64.14207,-42.4254],[-64.14192,-42.42534],[-64.14121,-42.42507],[-64.14102,-42.42564],[-64.14106,-42.42579],[-64.14121,-42.42645],[-64.14113,-42.42664],[-64.14088,-42.42721],[-64.14036,-42.42806],[-64.13831,-42.42825],[-64.13749,-42.42829],[-64.13636,-42.42835],[-64.13488,-42.42868],[-64.13331,-42.42897],[-64.13212,-42.42902],[-64.12979,-42.42873],[-64.1293,-42.42868],[-64.12764,-42.42865],[-64.12669,-42.42922],[-64.12588,-42.42969],[-64.12425,-42.42966],[-64.12249,-42.42907],[-64.1219,-42.42821],[-64.12113,-42.42806],[-64.12029,-42.42827],[-64.11901,-42.42746],[-64.1183,-42.42666],[-64.11821,-42.42607],[-64.11818,-42.42574],[-64.11747,-42.42535],[-64.11711,-42.42494],[-64.11598,-42.42461],[-64.11506,-42.42386],[-64.11437,-42.42307],[-64.11304,-42.42135],[-64.11185,-42.41978],[-64.11055,-42.41835],[-64.11004,-42.41778],[-64.10879,-42.41667],[-64.10823,-42.41617],[-64.1082,-42.41612],[-64.10681,-42.41417],[-64.1059,-42.41212],[-64.10563,-42.41186],[-64.10504,-42.41129],[-64.10438,-42.41065],[-64.10238,-42.40927],[-64.10117,-42.40762],[-64.10081,-42.40712],[-64.09995,-42.40508],[-64.0991,-42.40389],[-64.0971,-42.40322],[-64.09434,-42.40218],[-64.09337,-42.40124],[-64.09234,-42.40022],[-64.09048,-42.39965],[-64.09024,-42.39961],[-64.08901,-42.39942],[-64.0862,-42.39894],[-64.08545,-42.39854],[-64.08515,-42.39838],[-64.08406,-42.3978],[-64.08192,-42.39604],[-64.07897,-42.39318],[-64.07773,-42.39185],[-64.07754,-42.3908],[-64.07606,-42.39085],[-64.0753,-42.39066],[-64.07368,-42.39028],[-64.07154,-42.38852],[-64.07026,-42.38723],[-64.06854,-42.38604],[-64.06788,-42.38523],[-64.06697,-42.38485],[-64.06616,-42.3849],[-64.0645,-42.38481],[-64.0626,-42.38471],[-64.06079,-42.38457],[-64.05884,-42.38385],[-64.0577,-42.38318],[-64.05723,-42.3829],[-64.05684,-42.38266],[-64.05403,-42.37862],[-64.05303,-42.37663],[-64.05277,-42.37612],[-64.05189,-42.37438],[-64.05065,-42.37048],[-64.05053,-42.36984],[-64.05027,-42.36848],[-64.0497,-42.36701],[-64.04951,-42.36563],[-64.04951,-42.36463],[-64.04872,-42.36378],[-64.04832,-42.36334],[-64.04794,-42.36139],[-64.04773,-42.36029],[-64.04751,-42.35911],[-64.04699,-42.3587],[-64.04684,-42.35858],[-64.04561,-42.35735],[-64.04484,-42.35587],[-64.04451,-42.35411],[-64.04385,-42.35302],[-64.04304,-42.3513],[-64.04237,-42.34878],[-64.04256,-42.34654],[-64.04321,-42.3453],[-64.04347,-42.34481],[-64.04351,-42.34474],[-64.04385,-42.34408],[-64.04437,-42.34307],[-64.04532,-42.34183],[-64.04718,-42.34178],[-64.04724,-42.34188],[-64.04775,-42.34259],[-64.0486,-42.34283],[-64.04891,-42.34249],[-64.04944,-42.34183],[-64.05058,-42.34194],[-64.05132,-42.34164],[-64.0523,-42.34129],[-64.05251,-42.34121],[-64.05322,-42.3405],[-64.05416,-42.34001],[-64.05422,-42.33998],[-64.05522,-42.3397],[-64.05579,-42.33955],[-64.05628,-42.33923],[-64.0566,-42.33902],[-64.05693,-42.33831],[-64.05702,-42.3379],[-64.05731,-42.33655],[-64.05788,-42.3356],[-64.0585,-42.33493],[-64.05984,-42.33455],[-64.0605,-42.33417],[-64.06126,-42.33388],[-64.06279,-42.33341],[-64.06364,-42.33341],[-64.06402,-42.33349],[-64.06478,-42.33365],[-64.06485,-42.33367],[-64.06578,-42.33393],[-64.0665,-42.33374],[-64.06685,-42.33357],[-64.06707,-42.33346],[-64.06935,-42.33341],[-64.06945,-42.3334],[-64.07002,-42.33336],[-64.07016,-42.33308],[-64.06994,-42.33285],[-64.06973,-42.33265],[-64.06921,-42.33236],[-64.06956,-42.33182],[-64.06964,-42.3317],[-64.06947,-42.33166],[-64.06897,-42.33155],[-64.06854,-42.33108],[-64.06802,-42.3307],[-64.0684,-42.33046],[-64.06861,-42.33017],[-64.06878,-42.32993],[-64.06885,-42.32977],[-64.06892,-42.3296],[-64.06859,-42.32913],[-64.06766,-42.32936],[-64.06764,-42.32936],[-64.06678,-42.32932],[-64.06588,-42.32974],[-64.06497,-42.33013],[-64.06393,-42.3302],[-64.06288,-42.33027],[-64.06286,-42.33027],[-64.06098,-42.33008],[-64.05998,-42.32936],[-64.0598,-42.3291],[-64.05879,-42.3276],[-64.05863,-42.32693],[-64.0586,-42.32679],[-64.05849,-42.3267],[-64.05779,-42.32613],[-64.05622,-42.32594],[-64.05493,-42.32598],[-64.05441,-42.32618],[-64.05332,-42.32637],[-64.05289,-42.32618],[-64.05293,-42.32584],[-64.05269,-42.32569],[-64.05183,-42.32513],[-64.05146,-42.32489],[-64.05138,-42.32486],[-64.05137,-42.32486],[-64.04965,-42.32422],[-64.0494,-42.32369],[-64.04907,-42.32299],[-64.04879,-42.32242],[-64.04889,-42.32085],[-64.04865,-42.3188],[-64.04865,-42.31828],[-64.04908,-42.31742],[-64.04906,-42.31717],[-64.04903,-42.3169],[-64.04872,-42.31687],[-64.04765,-42.3168],[-64.04594,-42.3168],[-64.04484,-42.31542],[-64.04477,-42.31501],[-64.04459,-42.31405],[-64.04437,-42.31285],[-64.04504,-42.30634],[-64.04522,-42.30554],[-64.04632,-42.30055],[-64.04673,-42.29937],[-64.04745,-42.29731],[-64.04806,-42.29558],[-64.0487,-42.2938],[-64.04873,-42.29371],[-64.04898,-42.293],[-64.0491,-42.29271],[-64.04946,-42.29182],[-64.05175,-42.28768],[-64.05469,-42.28192],[-64.05474,-42.28182],[-64.05601,-42.27987],[-64.05703,-42.2783],[-64.05903,-42.2753],[-64.06041,-42.27426],[-64.06063,-42.27412],[-64.06102,-42.27387],[-64.06116,-42.27384],[-64.06188,-42.27364],[-64.06321,-42.27359],[-64.06346,-42.27358],[-64.06407,-42.27354],[-64.06459,-42.27259],[-64.0664,-42.27064],[-64.06702,-42.26997],[-64.07008,-42.26626],[-64.07035,-42.26593],[-64.07207,-42.26375],[-64.0723,-42.26345],[-64.07259,-42.26324],[-64.0734,-42.26265],[-64.07478,-42.26164],[-64.07516,-42.26151],[-64.07611,-42.26117],[-64.07744,-42.26122],[-64.07766,-42.26131],[-64.07815,-42.26151],[-64.07825,-42.26155],[-64.07844,-42.26151],[-64.07953,-42.26126],[-64.07973,-42.26122],[-64.07995,-42.26098],[-64.08121,-42.25965],[-64.08149,-42.25936],[-64.08377,-42.25741],[-64.08658,-42.25555],[-64.08835,-42.25428],[-64.08849,-42.25417],[-64.08896,-42.25384],[-64.08982,-42.25341],[-64.08993,-42.25338],[-64.09007,-42.25334],[-64.09021,-42.25329],[-64.09063,-42.25317],[-64.09114,-42.25317],[-64.0921,-42.25317],[-64.09339,-42.25251],[-64.09424,-42.25218],[-64.09572,-42.2516],[-64.09819,-42.25098],[-64.09922,-42.25071],[-64.09964,-42.2506],[-64.10023,-42.25063],[-64.10166,-42.2509],[-64.10215,-42.25107],[-64.10244,-42.25117],[-64.1025,-42.25119],[-64.10279,-42.2513],[-64.10347,-42.25154],[-64.1036,-42.25158],[-64.10479,-42.25173],[-64.10496,-42.25167],[-64.10505,-42.25164],[-64.10508,-42.25162],[-64.10621,-42.25122],[-64.10731,-42.2511],[-64.10768,-42.25112],[-64.10781,-42.25113],[-64.10791,-42.25113],[-64.10901,-42.25048],[-64.11005,-42.24956],[-64.11041,-42.24934],[-64.11136,-42.24876],[-64.11186,-42.24846],[-64.1138,-42.24745],[-64.11508,-42.24709],[-64.11674,-42.24664],[-64.11868,-42.24545],[-64.1203,-42.24438],[-64.12038,-42.24433],[-64.12165,-42.24349],[-64.12445,-42.24209],[-64.12864,-42.24066],[-64.13028,-42.24026],[-64.13192,-42.23986],[-64.13225,-42.23977],[-64.13298,-42.23959],[-64.13491,-42.23933],[-64.13499,-42.23933],[-64.1353,-42.23936],[-64.13667,-42.23948],[-64.13689,-42.23955],[-64.13689,-42.23955],[-64.1381,-42.23998],[-64.1386,-42.24043],[-64.13887,-42.24114],[-64.13878,-42.24188],[-64.13915,-42.2427],[-64.13916,-42.24273],[-64.1392,-42.24281],[-64.13933,-42.24287],[-64.13939,-42.24289],[-64.14018,-42.24325],[-64.14125,-42.2431],[-64.14161,-42.24298],[-64.14168,-42.24296],[-64.14295,-42.24254],[-64.14461,-42.24171],[-64.14643,-42.24111],[-64.14648,-42.24109],[-64.14732,-42.24081],[-64.14832,-42.24051],[-64.14876,-42.24037],[-64.14946,-42.24016],[-64.15014,-42.24],[-64.15083,-42.23984],[-64.15101,-42.2398],[-64.15163,-42.23965],[-64.15324,-42.23942],[-64.15496,-42.23933],[-64.15621,-42.23942],[-64.1574,-42.23959],[-64.15871,-42.23998],[-64.1599,-42.24058],[-64.16082,-42.24144],[-64.16142,-42.24227],[-64.16162,-42.2426],[-64.1617,-42.24272],[-64.16171,-42.24275],[-64.16187,-42.24285],[-64.16261,-42.24331],[-64.16332,-42.2434],[-64.16356,-42.24343],[-64.16558,-42.24367],[-64.16764,-42.24404],[-64.16775,-42.24406],[-64.16823,-42.24416],[-64.16897,-42.24432],[-64.16935,-42.24452],[-64.1695,-42.2446],[-64.16966,-42.24468],[-64.17058,-42.24513],[-64.17189,-42.24533],[-64.17207,-42.24535],[-64.17227,-42.24536],[-64.17285,-42.24541],[-64.17343,-42.24545],[-64.17349,-42.24545],[-64.17483,-42.24542],[-64.1751,-42.24544],[-64.17727,-42.24557],[-64.17743,-42.24557],[-64.17788,-42.24557],[-64.17888,-42.24557],[-64.18007,-42.24578],[-64.18056,-42.24619],[-64.18057,-42.2462],[-64.18061,-42.24623],[-64.18093,-42.24649],[-64.18173,-42.24673],[-64.18197,-42.24684],[-64.18199,-42.24685],[-64.18259,-42.24712],[-64.18299,-42.24783],[-64.18302,-42.24788],[-64.18304,-42.24792],[-64.18384,-42.24828],[-64.18389,-42.24829],[-64.18393,-42.24829],[-64.185,-42.24846],[-64.18613,-42.24831],[-64.18765,-42.2473],[-64.18896,-42.24646],[-64.19003,-42.24599],[-64.19089,-42.24596],[-64.1911,-42.24566],[-64.19235,-42.24474],[-64.19351,-42.24426],[-64.19467,-42.24409],[-64.1955,-42.24432],[-64.19586,-42.24486],[-64.19621,-42.24512],[-64.19622,-42.24513],[-64.19657,-42.24539],[-64.19714,-42.24533],[-64.19767,-42.24464],[-64.19767,-42.24463],[-64.1977,-42.24459],[-64.19871,-42.24414],[-64.19996,-42.24337],[-64.20165,-42.24283],[-64.20181,-42.24278],[-64.20282,-42.24254],[-64.20353,-42.24266],[-64.20517,-42.24233],[-64.20535,-42.24232],[-64.20613,-42.24227],[-64.20615,-42.24227],[-64.20672,-42.24215],[-64.20728,-42.24203],[-64.20736,-42.24202],[-64.20743,-42.242],[-64.20814,-42.242],[-64.20883,-42.24214],[-64.20945,-42.24227],[-64.20953,-42.24232],[-64.20953,-42.24232],[-64.2104,-42.24287],[-64.21106,-42.24313],[-64.21186,-42.24307],[-64.21257,-42.24298],[-64.21365,-42.24331],[-64.2146,-42.24361],[-64.21522,-42.24373],[-64.21576,-42.24349],[-64.21632,-42.24293],[-64.21807,-42.24234],[-64.21809,-42.24234],[-64.21827,-42.2423],[-64.21992,-42.24194],[-64.22108,-42.24188],[-64.22224,-42.24182],[-64.22379,-42.24188],[-64.22462,-42.24212],[-64.22572,-42.24203],[-64.22733,-42.24248],[-64.22792,-42.24328],[-64.22801,-42.244],[-64.22759,-42.24453],[-64.22813,-42.24468],[-64.22893,-42.2448],[-64.22935,-42.24548],[-64.22945,-42.24552],[-64.22957,-42.24557],[-64.22983,-42.24566],[-64.22989,-42.24564],[-64.22992,-42.24562],[-64.23027,-42.24548],[-64.23072,-42.2453],[-64.23083,-42.24527],[-64.23097,-42.24523],[-64.23134,-42.24513],[-64.23155,-42.24465],[-64.23119,-42.24448],[-64.23116,-42.24446],[-64.23093,-42.24435],[-64.23033,-42.24379],[-64.23003,-42.24325],[-64.22938,-42.24293],[-64.22926,-42.24218],[-64.22959,-42.24123],[-64.23042,-42.24073],[-64.23046,-42.24071],[-64.23256,-42.23945],[-64.23467,-42.2382],[-64.23899,-42.236],[-64.24205,-42.23475],[-64.24214,-42.23472],[-64.2426,-42.23461],[-64.2431,-42.2345],[-64.24505,-42.23406],[-64.24538,-42.23408],[-64.24561,-42.2341],[-64.24584,-42.23411],[-64.2469,-42.23418],[-64.24785,-42.23472],[-64.24836,-42.23555],[-64.24943,-42.2354],[-64.25097,-42.23534],[-64.25252,-42.23528],[-64.25338,-42.23539],[-64.25424,-42.23549],[-64.25508,-42.23617],[-64.25523,-42.23736],[-64.25511,-42.23799],[-64.25606,-42.23882],[-64.25707,-42.23894],[-64.25829,-42.23894],[-64.25957,-42.23885],[-64.26156,-42.23826],[-64.26296,-42.23814],[-64.26385,-42.23825],[-64.26391,-42.23826],[-64.26419,-42.2383],[-64.26501,-42.2384],[-64.26909,-42.23888],[-64.27075,-42.23918],[-64.27151,-42.23954],[-64.27152,-42.23955],[-64.2723,-42.23992],[-64.27278,-42.24032],[-64.27296,-42.24047],[-64.27346,-42.24087],[-64.27408,-42.24174],[-64.27414,-42.24239],[-64.27405,-42.24322],[-64.27364,-42.24382],[-64.2728,-42.24426],[-64.27197,-42.24438],[-64.2717,-42.24498],[-64.27179,-42.24554],[-64.27227,-42.24605],[-64.27328,-42.24646],[-64.27468,-42.24664],[-64.27593,-42.24643],[-64.27822,-42.24584],[-64.27899,-42.24545],[-64.28012,-42.24522],[-64.28116,-42.24536],[-64.28158,-42.24578],[-64.28179,-42.24592],[-64.28185,-42.24595],[-64.28229,-42.24623],[-64.2828,-42.24593],[-64.28344,-42.24563],[-64.28356,-42.24557],[-64.28387,-42.24542],[-64.28494,-42.24516],[-64.28562,-42.2451],[-64.28661,-42.24486],[-64.28791,-42.24447],[-64.2891,-42.24435],[-64.28969,-42.24437],[-64.28974,-42.24437],[-64.29007,-42.24438],[-64.29012,-42.24438],[-64.29017,-42.24438],[-64.29154,-42.24462],[-64.29258,-42.24504],[-64.29309,-42.24596],[-64.29392,-42.24658],[-64.29467,-42.247],[-64.29568,-42.24733],[-64.29654,-42.24748],[-64.29716,-42.2478],[-64.29776,-42.24807],[-64.29818,-42.24867],[-64.29886,-42.24917],[-64.29913,-42.24914],[-64.29969,-42.24905],[-64.30038,-42.24899],[-64.30136,-42.24908],[-64.3027,-42.24905],[-64.30395,-42.24893],[-64.30528,-42.24878],[-64.30656,-42.24858],[-64.30784,-42.24867],[-64.30847,-42.24893],[-64.30951,-42.24929],[-64.31013,-42.24965],[-64.31049,-42.25003],[-64.31052,-42.25051],[-64.31108,-42.25107],[-64.31129,-42.25155],[-64.31147,-42.25191],[-64.31185,-42.252],[-64.31186,-42.252],[-64.31207,-42.25194],[-64.31243,-42.25208],[-64.31243,-42.25208],[-64.3126,-42.25215],[-64.31296,-42.25215],[-64.31397,-42.25164],[-64.31453,-42.2514],[-64.31581,-42.25107],[-64.31769,-42.25045],[-64.3186,-42.25014],[-64.31869,-42.25011],[-64.31882,-42.25006],[-64.31923,-42.25001],[-64.31964,-42.24996],[-64.31977,-42.24994],[-64.32081,-42.24986],[-64.32188,-42.24959],[-64.32298,-42.2495],[-64.32411,-42.24959],[-64.32506,-42.24935],[-64.32579,-42.24921],[-64.32582,-42.2492],[-64.32643,-42.24908],[-64.3269,-42.24902],[-64.32729,-42.24896],[-64.32739,-42.24898],[-64.32789,-42.24908],[-64.3284,-42.24917],[-64.32848,-42.24919],[-64.32902,-42.24929],[-64.3295,-42.24959],[-64.32985,-42.24986],[-64.33048,-42.24953],[-64.33131,-42.24953],[-64.33134,-42.24953],[-64.33143,-42.24953],[-64.33268,-42.2492],[-64.33351,-42.24884],[-64.33425,-42.24828],[-64.33483,-42.24785],[-64.33492,-42.24777],[-64.335,-42.24771],[-64.33543,-42.24751],[-64.33663,-42.24694],[-64.3377,-42.24649],[-64.33928,-42.24605],[-64.34053,-42.24566],[-64.34214,-42.24572],[-64.34371,-42.24539],[-64.34411,-42.2453],[-64.34452,-42.24522],[-64.34582,-42.24492],[-64.34734,-42.24444],[-64.3482,-42.24426],[-64.34904,-42.2445],[-64.34987,-42.24459],[-64.35082,-42.24462],[-64.35094,-42.24462],[-64.35097,-42.24462],[-64.35168,-42.24459],[-64.35261,-42.24435],[-64.35326,-42.24411],[-64.35401,-42.24413],[-64.35445,-42.24414],[-64.35446,-42.24414],[-64.35457,-42.24414],[-64.35534,-42.24423],[-64.35623,-42.24435],[-64.35757,-42.24453],[-64.35855,-42.24435],[-64.3596,-42.24398],[-64.35966,-42.24396],[-64.35973,-42.24393],[-64.3598,-42.24391],[-64.36015,-42.2435],[-64.36046,-42.24313],[-64.3607,-42.24298],[-64.36162,-42.24239],[-64.3625,-42.24165],[-64.36293,-42.24129],[-64.36486,-42.24037],[-64.36673,-42.23933],[-64.36812,-42.23879],[-64.36816,-42.23878],[-64.36843,-42.23867],[-64.37004,-42.23826],[-64.37134,-42.2382],[-64.37247,-42.23814],[-64.3731,-42.23823],[-64.3736,-42.23855],[-64.37435,-42.23873],[-64.37488,-42.23867],[-64.37525,-42.23881],[-64.37561,-42.23894],[-64.37561,-42.23894],[-64.37607,-42.23912],[-64.37705,-42.23912],[-64.37827,-42.23915],[-64.37908,-42.23885],[-64.37878,-42.2384],[-64.37878,-42.23839],[-64.37875,-42.23834],[-64.37801,-42.23829],[-64.37697,-42.23802],[-64.37598,-42.23745],[-64.37566,-42.237],[-64.37552,-42.23681],[-64.37545,-42.23671],[-64.3754,-42.2367],[-64.37497,-42.23666],[-64.37485,-42.23665],[-64.37402,-42.23632],[-64.37209,-42.23668],[-64.37075,-42.23668],[-64.37009,-42.23597],[-64.36965,-42.23528],[-64.36932,-42.23516],[-64.3687,-42.23531],[-64.36626,-42.23466],[-64.36349,-42.23418],[-64.36232,-42.23397],[-64.36114,-42.23376],[-64.36107,-42.23375],[-64.35942,-42.23335],[-64.35841,-42.23266],[-64.35802,-42.23278],[-64.35698,-42.23269],[-64.3546,-42.23225],[-64.35338,-42.23216],[-64.35228,-42.23177],[-64.35145,-42.23171],[-64.35005,-42.23138],[-64.34939,-42.23124],[-64.3449,-42.23028],[-64.33994,-42.22936],[-64.3382,-42.22906],[-64.33646,-42.22877],[-64.33283,-42.22805],[-64.33083,-42.22758],[-64.32837,-42.22713],[-64.32292,-42.22621],[-64.32066,-42.2257],[-64.31721,-42.22502],[-64.31388,-42.2244],[-64.31266,-42.22422],[-64.31171,-42.22392],[-64.30989,-42.22344],[-64.30734,-42.22306],[-64.3035,-42.2224],[-64.29945,-42.22181],[-64.29779,-42.22169],[-64.29333,-42.22089],[-64.29107,-42.22059],[-64.28875,-42.22032],[-64.28583,-42.2199],[-64.28387,-42.21958],[-64.28143,-42.21928],[-64.2781,-42.2188],[-64.27486,-42.21821],[-64.27159,-42.218],[-64.26721,-42.21744],[-64.26293,-42.2169],[-64.25976,-42.21642],[-64.25659,-42.21595],[-64.25329,-42.21547],[-64.25026,-42.21497],[-64.24657,-42.21434],[-64.24559,-42.21419],[-64.24223,-42.21363],[-64.23801,-42.21285],[-64.23536,-42.2125],[-64.2303,-42.21155],[-64.22593,-42.2108],[-64.22111,-42.20982],[-64.21867,-42.20943],[-64.21647,-42.2092],[-64.21138,-42.20816],[-64.20764,-42.20759],[-64.20237,-42.20658],[-64.19794,-42.20572],[-64.1933,-42.20512],[-64.18933,-42.20455],[-64.18471,-42.2036],[-64.18262,-42.20327],[-64.17817,-42.20245],[-64.17429,-42.20174],[-64.1671,-42.20041],[-64.16524,-42.20006],[-64.15968,-42.19903],[-64.15592,-42.19855],[-64.15111,-42.19784],[-64.14797,-42.19741],[-64.1466,-42.19716],[-64.14364,-42.1966],[-64.14055,-42.19584],[-64.14043,-42.19581],[-64.14043,-42.19581],[-64.14037,-42.19579],[-64.13869,-42.19536],[-64.1386,-42.19534],[-64.13484,-42.19437],[-64.13022,-42.19303],[-64.1267,-42.19199],[-64.12489,-42.19146],[-64.12465,-42.19094],[-64.12246,-42.19075],[-64.11804,-42.18932],[-64.11671,-42.1887],[-64.11654,-42.18817],[-64.11654,-42.18817],[-64.11642,-42.1878],[-64.11594,-42.18795],[-64.11593,-42.18795],[-64.11566,-42.18804],[-64.11128,-42.18666],[-64.10952,-42.1859],[-64.10809,-42.18537],[-64.10776,-42.18466],[-64.10647,-42.18418],[-64.10639,-42.18418],[-64.10619,-42.18418],[-64.106,-42.18418],[-64.10584,-42.18418],[-64.10581,-42.18418],[-64.10581,-42.18417],[-64.1058,-42.18413],[-64.10567,-42.18352],[-64.10533,-42.18318],[-64.10462,-42.18352],[-64.10398,-42.18366],[-64.10391,-42.18367],[-64.10333,-42.1838],[-64.10186,-42.1838],[-64.10015,-42.18375],[-64.09837,-42.18349],[-64.09758,-42.18337],[-64.09605,-42.18247],[-64.09429,-42.18214],[-64.09379,-42.18192],[-64.09253,-42.18137],[-64.09076,-42.18081],[-64.09072,-42.1808],[-64.0881,-42.17995],[-64.0872,-42.17966],[-64.0862,-42.179],[-64.08568,-42.17861],[-64.08525,-42.17909],[-64.08411,-42.17933],[-64.08239,-42.18023],[-64.08178,-42.17995],[-64.08097,-42.17952],[-64.07925,-42.17933],[-64.07706,-42.1788],[-64.07511,-42.17833],[-64.07097,-42.17652],[-64.06897,-42.17576],[-64.06441,-42.17371],[-64.06364,-42.17309],[-64.06374,-42.17252],[-64.06284,-42.17267],[-64.06198,-42.17233],[-64.06131,-42.17167],[-64.0616,-42.17067],[-64.06184,-42.16986],[-64.06093,-42.16986],[-64.06055,-42.16938],[-64.06027,-42.16857],[-64.05855,-42.16819],[-64.05725,-42.1676],[-64.05698,-42.16748],[-64.05613,-42.16681],[-64.05584,-42.16624],[-64.05617,-42.16538],[-64.05636,-42.16502],[-64.05679,-42.16415],[-64.0566,-42.16343],[-64.05632,-42.16343],[-64.05565,-42.16353],[-64.05455,-42.16296],[-64.05413,-42.16315],[-64.05384,-42.164],[-64.05351,-42.16486],[-64.05284,-42.16529],[-64.05203,-42.16524],[-64.05046,-42.16505],[-64.05027,-42.16553],[-64.04956,-42.16557],[-64.04908,-42.16567],[-64.04842,-42.16619],[-64.04661,-42.16586],[-64.04385,-42.16524],[-64.04142,-42.16448],[-64.03928,-42.1632],[-64.03833,-42.16253],[-64.0378,-42.16153],[-64.03709,-42.16139],[-64.03642,-42.16086],[-64.03571,-42.16044],[-64.03547,-42.15991],[-64.03523,-42.15929],[-64.03542,-42.15877],[-64.03571,-42.15829],[-64.03572,-42.15829],[-64.03609,-42.15806],[-64.03528,-42.15744],[-64.03521,-42.1574],[-64.03452,-42.15701],[-64.03433,-42.15596],[-64.03453,-42.15541],[-64.03457,-42.1553],[-64.03552,-42.15449],[-64.03638,-42.15368],[-64.03602,-42.15378],[-64.03557,-42.15392],[-64.03438,-42.15472],[-64.03381,-42.15506],[-64.03338,-42.1553],[-64.03214,-42.15506],[-64.03076,-42.15449],[-64.03009,-42.15406],[-64.02691,-42.15244],[-64.02586,-42.15173],[-64.02553,-42.15116],[-64.02538,-42.15011],[-64.02557,-42.14981],[-64.02595,-42.1492],[-64.02662,-42.14863],[-64.02733,-42.14763],[-64.0269,-42.14766],[-64.02586,-42.14773],[-64.02395,-42.14778],[-64.02286,-42.14801],[-64.02245,-42.14755],[-64.02243,-42.14754],[-64.02241,-42.14756],[-64.02181,-42.14811],[-64.02086,-42.14835],[-64.02005,-42.14816],[-64.01896,-42.14792],[-64.01843,-42.14759],[-64.01734,-42.1474],[-64.01591,-42.14759],[-64.01496,-42.14749],[-64.01377,-42.14721],[-64.01144,-42.14621],[-64.00963,-42.14544],[-64.00758,-42.14468],[-64.00663,-42.14406],[-64.00568,-42.14354],[-64.00559,-42.14316],[-64.0052,-42.14292],[-64.00511,-42.14249],[-64.00514,-42.14219],[-64.00516,-42.14207],[-64.00462,-42.14198],[-64.0023,-42.14164],[-64.00097,-42.14126],[-63.99859,-42.14031],[-63.99683,-42.14031],[-63.99554,-42.14031],[-63.9944,-42.14016],[-63.99297,-42.13988],[-63.99088,-42.13916],[-63.98755,-42.13745],[-63.98684,-42.13678],[-63.98641,-42.1365],[-63.98617,-42.13559],[-63.9825,-42.13412],[-63.98179,-42.13359],[-63.98141,-42.13274],[-63.98122,-42.13231],[-63.98089,-42.1315],[-63.97974,-42.13117],[-63.97941,-42.13103],[-63.97882,-42.13019],[-63.9787,-42.13003],[-63.97827,-42.12888],[-63.97829,-42.12862],[-63.97836,-42.1276],[-63.97823,-42.12764],[-63.97765,-42.12784],[-63.97632,-42.12736],[-63.97613,-42.12665],[-63.97634,-42.12653],[-63.97679,-42.12627],[-63.97677,-42.12599],[-63.9767,-42.12508],[-63.97552,-42.12418],[-63.97551,-42.12417],[-63.97549,-42.12417],[-63.97501,-42.12401],[-63.97432,-42.12379],[-63.97419,-42.1238],[-63.97337,-42.12389],[-63.97203,-42.12326],[-63.97194,-42.12322],[-63.97179,-42.1232],[-63.97085,-42.12308],[-63.97008,-42.12265],[-63.96966,-42.12213],[-63.9697,-42.12113],[-63.96947,-42.12017],[-63.96982,-42.1196],[-63.96994,-42.11941],[-63.96985,-42.11827],[-63.96856,-42.11737],[-63.96796,-42.11712],[-63.96775,-42.11703],[-63.96764,-42.11685],[-63.96709,-42.11589],[-63.96632,-42.11559],[-63.96561,-42.11532],[-63.9648,-42.11461],[-63.96385,-42.11446],[-63.96333,-42.11494],[-63.96242,-42.11542],[-63.96066,-42.11542],[-63.95928,-42.11484],[-63.95833,-42.11532],[-63.95757,-42.1157],[-63.95647,-42.11594],[-63.95505,-42.11594],[-63.95314,-42.11537],[-63.95181,-42.11437],[-63.95024,-42.1138],[-63.94895,-42.11394],[-63.94776,-42.11394],[-63.94629,-42.11399],[-63.94486,-42.11404],[-63.9441,-42.11375],[-63.94334,-42.1138],[-63.94291,-42.11366],[-63.94267,-42.11337],[-63.9421,-42.11313],[-63.94158,-42.11318],[-63.94082,-42.11261],[-63.9401,-42.11194],[-63.93853,-42.11032],[-63.93806,-42.10966],[-63.93789,-42.10917],[-63.93782,-42.10894],[-63.93844,-42.1079],[-63.93863,-42.10752],[-63.93906,-42.10671],[-63.93887,-42.10595],[-63.93815,-42.10537],[-63.93782,-42.10457],[-63.93756,-42.10468],[-63.93677,-42.10504],[-63.9353,-42.1049],[-63.93534,-42.10432],[-63.93534,-42.10423],[-63.93496,-42.10328],[-63.93465,-42.10387],[-63.93458,-42.10399],[-63.93377,-42.10428],[-63.93135,-42.10414],[-63.92939,-42.10347],[-63.92811,-42.10261],[-63.92659,-42.10204],[-63.92554,-42.10171],[-63.92416,-42.10138],[-63.92326,-42.10119],[-63.91973,-42.09976],[-63.91731,-42.09871],[-63.91614,-42.09812],[-63.91536,-42.09771],[-63.91337,-42.09701],[-63.91293,-42.09686],[-63.91136,-42.09629],[-63.90936,-42.09538],[-63.9076,-42.09481],[-63.90527,-42.09467],[-63.90255,-42.09386],[-63.90108,-42.09357],[-63.89941,-42.09248],[-63.89808,-42.09143],[-63.89667,-42.09069],[-63.89627,-42.09048],[-63.88952,-42.08772],[-63.88419,-42.08643],[-63.87938,-42.08501],[-63.87614,-42.08415],[-63.87367,-42.08386],[-63.87057,-42.08353],[-63.86848,-42.0831],[-63.86696,-42.08306],[-63.86505,-42.08272],[-63.86315,-42.08196],[-63.85834,-42.08106],[-63.85692,-42.08082],[-63.85458,-42.07977],[-63.84735,-42.07815],[-63.84516,-42.07801],[-63.8424,-42.07763],[-63.84067,-42.07766],[-63.83963,-42.07782],[-63.83836,-42.07802],[-63.83312,-42.07713],[-63.8264,-42.07588],[-63.82194,-42.07475],[-63.81747,-42.07386],[-63.8154,-42.07344],[-63.81004,-42.07298],[-63.80778,-42.07279],[-63.8063,-42.07261],[-63.8047,-42.07241],[-63.80157,-42.07216],[-63.80071,-42.07214],[-63.79762,-42.07206],[-63.79462,-42.07273],[-63.78986,-42.07368]]]]},"geometry_name":"geom","properties":{"display_name":"Reserva Natural Turística de Objetivo Integral Península Valdés","fna":"Reserva Natural Turística de Objetivo Integral Península Valdés","nam":"Península Valdés","csv_name":"Península Valdés","visits_total":7075909,"fdc":"SIB/IGN/Ley XXIII -Nº 12"},"bbox":[-64.49513642,-42.87894789,-63.58280266,-42.07206211]},{"type":"Feature","id":"area_protegida.1002","geometry":{"type":"MultiPolygon","coordinates":[[[[-57.81586,-28.44555],[-57.80492,-28.46277],[-57.80534,-28.46318],[-57.80534,-28.46319],[-57.80492,-28.46277],[-57.80368,-28.46469],[-57.80358,-28.46483],[-57.80072,-28.46824],[-57.80051,-28.46849],[-57.79872,-28.46728],[-57.79784,-28.46668],[-57.79685,-28.46601],[-57.79681,-28.46598],[-57.79669,-28.46591],[-57.79606,-28.46548],[-57.7868,-28.45939],[-57.78671,-28.45928],[-57.78697,-28.45894],[-57.78751,-28.45827],[-57.78787,-28.45783],[-57.78863,-28.45689],[-57.78946,-28.45584],[-57.79125,-28.45362],[-57.7937,-28.45057],[-57.79108,-28.44674],[-57.78358,-28.43577],[-57.77964,-28.43002],[-57.77748,-28.42685],[-57.77725,-28.42652],[-57.78017,-28.42568],[-57.78021,-28.42566],[-57.78148,-28.42529],[-57.78412,-28.42453],[-57.77141,-28.41629],[-57.76689,-28.41335],[-57.75844,-28.40787],[-57.73611,-28.39337],[-57.73478,-28.39251],[-57.73386,-28.39191],[-57.7274,-28.3877],[-57.72736,-28.38767],[-57.71367,-28.3788],[-57.71184,-28.37761],[-57.70754,-28.37482],[-57.70006,-28.36997],[-57.69576,-28.36713],[-57.69573,-28.36711],[-57.69573,-28.36711],[-57.68753,-28.3617],[-57.6862,-28.36082],[-57.68572,-28.3605],[-57.68566,-28.36058],[-57.68548,-28.36035],[-57.68501,-28.36006],[-57.67956,-28.35665],[-57.67648,-28.35473],[-57.67622,-28.35457],[-57.67603,-28.35445],[-57.67435,-28.3534],[-57.6701,-28.35074],[-57.66836,-28.34965],[-57.65727,-28.35873],[-57.6581,-28.35901],[-57.65845,-28.35914],[-57.66225,-28.36218],[-57.66523,-28.36835],[-57.6662,-28.37135],[-57.6686,-28.38567],[-57.66868,-28.38613],[-57.67057,-28.38574],[-57.67219,-28.38541],[-57.67432,-28.38497],[-57.67543,-28.38474],[-57.67737,-28.38435],[-57.67952,-28.3839],[-57.68026,-28.38432],[-57.68987,-28.38977],[-57.6921,-28.39103],[-57.70566,-28.39871],[-57.7068,-28.39811],[-57.70678,-28.39816],[-57.70681,-28.39815],[-57.70669,-28.39844],[-57.69991,-28.42035],[-57.69394,-28.42015],[-57.69249,-28.42079],[-57.69314,-28.42664],[-57.69714,-28.43087],[-57.69884,-28.42979],[-57.70706,-28.43708],[-57.71737,-28.43889],[-57.72829,-28.44149],[-57.73484,-28.44173],[-57.73493,-28.44174],[-57.74219,-28.4454],[-57.751,-28.45171],[-57.75545,-28.45232],[-57.75722,-28.45428],[-57.7562,-28.46028],[-57.7655,-28.46393],[-57.76578,-28.46787],[-57.76576,-28.46801],[-57.76451,-28.47337],[-57.76651,-28.47412],[-57.7717,-28.4748],[-57.77588,-28.47809],[-57.77521,-28.47936],[-57.77642,-28.47999],[-57.77739,-28.47893],[-57.78146,-28.4802],[-57.78885,-28.48252],[-57.78965,-28.48315],[-57.78977,-28.48324],[-57.79039,-28.48318],[-57.79495,-28.48271],[-57.79595,-28.48362],[-57.79727,-28.4857],[-57.79934,-28.48533],[-57.80065,-28.48638],[-57.80113,-28.48676],[-57.80129,-28.48655],[-57.80127,-28.48654],[-57.8012,-28.48649],[-57.8048,-28.48213],[-57.8048,-28.48213],[-57.8043,-28.4816],[-57.80699,-28.47835],[-57.80834,-28.47672],[-57.8097,-28.47507],[-57.81308,-28.47094],[-57.81323,-28.47086],[-57.83589,-28.44344],[-57.83598,-28.44333],[-57.83599,-28.44331],[-57.83132,-28.44038],[-57.82523,-28.43658],[-57.82648,-28.43518],[-57.83234,-28.4278],[-57.83553,-28.42378],[-57.8295,-28.42003],[-57.81578,-28.43203],[-57.80442,-28.43801],[-57.81586,-28.44555]]]]},"geometry_name":"geom","properties":{"display_name":"Reserva Nacional Iberá","fna":"Reserva Nacional Iberá","nam":"Iberá","csv_name":"Iberá","visits_total":409749,"fdc":"IGN/Ley Nacional Nº 27481/2018"},"bbox":[-57.83599357,-28.48676077,-57.65726636,-28.34965033]},{"type":"Feature","id":"area_protegida.1016","geometry":{"type":"MultiPolygon","coordinates":[[[[-57.19544,-28.55214],[-57.19733,-28.55722],[-57.19505,-28.55574],[-57.19439,-28.55531],[-57.19307,-28.55981],[-57.19235,-28.5623],[-57.18934,-28.56404],[-57.18877,-28.56437],[-57.18934,-28.56489],[-57.19536,-28.5703],[-57.18889,-28.5716],[-57.18704,-28.57452],[-57.18165,-28.57859],[-57.18214,-28.58045],[-57.18945,-28.58157],[-57.19293,-28.5836],[-57.19362,-28.584],[-57.19238,-28.58425],[-57.18899,-28.58493],[-57.18834,-28.58892],[-57.19002,-28.58992],[-57.19042,-28.59306],[-57.19459,-28.59382],[-57.19386,-28.59667],[-57.19324,-28.59906],[-57.18726,-28.59788],[-57.18487,-28.6062],[-57.19337,-28.60797],[-57.19015,-28.61533],[-57.1944,-28.6171],[-57.20369,-28.61678],[-57.20211,-28.61967],[-57.19374,-28.62293],[-57.2003,-28.62869],[-57.20978,-28.63221],[-57.2106,-28.63626],[-57.2043,-28.63333],[-57.20054,-28.63428],[-57.2007,-28.64688],[-57.19989,-28.65438],[-57.19972,-28.67136],[-57.20226,-28.68808],[-57.20454,-28.70348],[-57.20583,-28.70891],[-57.20839,-28.71374],[-57.21731,-28.7082],[-57.22155,-28.70658],[-57.23382,-28.69781],[-57.24019,-28.70254],[-57.23573,-28.70676],[-57.24013,-28.70735],[-57.24035,-28.70778],[-57.24243,-28.71192],[-57.25131,-28.71286],[-57.26319,-28.71605],[-57.27212,-28.71845],[-57.2736,-28.71904],[-57.28101,-28.72201],[-57.28121,-28.72199],[-57.2923,-28.72062],[-57.30034,-28.71588],[-57.30786,-28.71593],[-57.31101,-28.71441],[-57.31203,-28.71392],[-57.32496,-28.70769],[-57.3251,-28.70762],[-57.32606,-28.70715],[-57.32553,-28.70876],[-57.32547,-28.70897],[-57.3318,-28.70697],[-57.3339,-28.70631],[-57.34189,-28.70457],[-57.34334,-28.70492],[-57.35338,-28.70732],[-57.3622,-28.70943],[-57.39395,-28.71703],[-57.40328,-28.71926],[-57.40539,-28.71977],[-57.42259,-28.72388],[-57.42261,-28.72389],[-57.42259,-28.724],[-57.42996,-28.72571],[-57.43168,-28.71575],[-57.4346,-28.68533],[-57.43479,-28.68105],[-57.43494,-28.67762],[-57.43555,-28.66382],[-57.43567,-28.66125],[-57.43907,-28.66125],[-57.43977,-28.66125],[-57.44256,-28.66125],[-57.44885,-28.66125],[-57.44914,-28.65544],[-57.44925,-28.65544],[-57.44929,-28.65492],[-57.44936,-28.65287],[-57.44948,-28.65016],[-57.44949,-28.64981],[-57.44948,-28.64891],[-57.47525,-28.64877],[-57.48062,-28.64874],[-57.48064,-28.64785],[-57.48166,-28.64784],[-57.48183,-28.64258],[-57.48183,-28.64258],[-57.48185,-28.64182],[-57.48185,-28.64182],[-57.48186,-28.64168],[-57.48187,-28.6412],[-57.48187,-28.64102],[-57.48189,-28.64025],[-57.48191,-28.63847],[-57.48194,-28.63705],[-57.482,-28.63155],[-57.48199,-28.63031],[-57.48201,-28.62849],[-57.48201,-28.6284],[-57.48202,-28.62726],[-57.48202,-28.626],[-57.48205,-28.62271],[-57.45134,-28.62668],[-57.45098,-28.63106],[-57.44925,-28.63134],[-57.44737,-28.63164],[-57.44691,-28.63156],[-57.44104,-28.63062],[-57.43906,-28.62497],[-57.42806,-28.62201],[-57.41736,-28.6204],[-57.41408,-28.61991],[-57.40871,-28.62051],[-57.40256,-28.61645],[-57.39293,-28.61705],[-57.38524,-28.61753],[-57.37355,-28.61457],[-57.3701,-28.61237],[-57.35785,-28.61257],[-57.35781,-28.61257],[-57.35648,-28.61246],[-57.34954,-28.61187],[-57.34593,-28.61157],[-57.34587,-28.61156],[-57.34156,-28.61237],[-57.33891,-28.61196],[-57.32387,-28.6096],[-57.31903,-28.60885],[-57.31198,-28.6061],[-57.30522,-28.60369],[-57.28873,-28.59528],[-57.28521,-28.59468],[-57.28171,-28.59408],[-57.27623,-28.59141],[-57.27303,-28.59047],[-57.27273,-28.59028],[-57.26736,-28.58669],[-57.25917,-28.58268],[-57.25915,-28.58267],[-57.25507,-28.5791],[-57.24633,-28.5758],[-57.23967,-28.57076],[-57.23703,-28.57023],[-57.23462,-28.56766],[-57.23094,-28.56372],[-57.23048,-28.56328],[-57.22937,-28.56224],[-57.22632,-28.55934],[-57.2149,-28.55062],[-57.21457,-28.55044],[-57.21385,-28.55007],[-57.21376,-28.55015],[-57.20713,-28.55573],[-57.20639,-28.55635],[-57.20188,-28.55209],[-57.20084,-28.55113],[-57.20007,-28.5509],[-57.19782,-28.54928],[-57.19665,-28.54857],[-57.19648,-28.54844],[-57.19636,-28.54896],[-57.19561,-28.55097],[-57.1953,-28.55179],[-57.19544,-28.55214]]]]},"geometry_name":"geom","properties":{"display_name":"Parque y Reserva Nacional Iberá","fna":"Parque y Reserva Nacional Iberá","nam":"Iberá","csv_name":"Iberá","visits_total":409749,"fdc":" "},"bbox":[-57.48204968,-28.72571,-57.1816529,-28.54843608]},{"type":"Feature","id":"area_protegida.1028","geometry":{"type":"MultiPolygon","coordinates":[[[[-67.99999,-29.97282],[-67.99972,-29.97305],[-67.99959,-29.97334],[-67.99925,-29.97407],[-67.99877,-29.9749],[-67.99818,-29.97573],[-67.9977,-29.97609],[-67.99728,-29.97633],[-67.99657,-29.97668],[-67.99514,-29.97728],[-67.99476,-29.97743],[-67.99407,-29.97769],[-67.99288,-29.97829],[-67.99199,-29.97924],[-67.99151,-29.98013],[-67.9914,-29.98156],[-67.99116,-29.98227],[-67.99134,-29.98323],[-67.9914,-29.98406],[-67.99145,-29.98497],[-67.99145,-29.98513],[-67.99116,-29.98626],[-67.99092,-29.9868],[-67.99033,-29.98772],[-67.99009,-29.9881],[-67.98913,-29.98906],[-67.98848,-29.98971],[-67.988,-29.99031],[-67.98693,-29.99126],[-67.98616,-29.99197],[-67.98551,-29.99239],[-67.98497,-29.99292],[-67.98384,-29.99328],[-67.98319,-29.99364],[-67.98259,-29.99393],[-67.98122,-29.99429],[-67.98057,-29.99453],[-67.97986,-29.99479],[-67.97984,-29.9948],[-67.97962,-29.99489],[-67.97962,-29.99506],[-67.97962,-29.99507],[-67.97962,-29.99584],[-67.97926,-29.99697],[-67.97867,-29.99721],[-67.97811,-29.99746],[-67.97777,-29.99762],[-67.97736,-29.9984],[-67.97682,-29.99923],[-67.97629,-29.99988],[-67.97575,-30.00042],[-67.9751,-30.00143],[-67.97462,-30.00191],[-67.97383,-30.00238],[-67.97373,-30.00244],[-67.97355,-30.00258],[-67.9729,-30.00309],[-67.97242,-30.00339],[-67.97153,-30.00345],[-67.97081,-30.00417],[-67.97016,-30.00476],[-67.96986,-30.0053],[-67.96909,-30.00583],[-67.96885,-30.00637],[-67.96884,-30.0064],[-67.96873,-30.00702],[-67.96874,-30.00722],[-67.96879,-30.00827],[-67.96877,-30.00852],[-67.96873,-30.00892],[-67.96843,-30.00928],[-67.96689,-30.00988],[-67.96564,-30.01029],[-67.96397,-30.01071],[-67.9635,-30.01077],[-67.96292,-30.01083],[-67.96268,-30.01085],[-67.96237,-30.01089],[-67.96212,-30.01089],[-67.96112,-30.01089],[-67.96016,-30.01065],[-67.95915,-30.01059],[-67.95897,-30.01072],[-67.95796,-30.01142],[-67.95773,-30.01279],[-67.95719,-30.01362],[-67.95612,-30.01452],[-67.95434,-30.01553],[-67.95231,-30.01642],[-67.95087,-30.01736],[-67.95077,-30.01743],[-67.95043,-30.01763],[-67.95005,-30.01785],[-67.94898,-30.0185],[-67.94755,-30.01933],[-67.94724,-30.01972],[-67.94702,-30.01999],[-67.94638,-30.02075],[-67.94583,-30.02142],[-67.94523,-30.02249],[-67.94422,-30.02362],[-67.94297,-30.02472],[-67.94274,-30.02493],[-67.94131,-30.02594],[-67.94047,-30.02624],[-67.93899,-30.02701],[-67.93756,-30.0279],[-67.93607,-30.02856],[-67.9347,-30.02927],[-67.93357,-30.02945],[-67.93293,-30.02952],[-67.93191,-30.02963],[-67.93054,-30.03022],[-67.92959,-30.03153],[-67.93036,-30.03361],[-67.92995,-30.03504],[-67.92929,-30.03629],[-67.9278,-30.03849],[-67.92691,-30.03879],[-67.92634,-30.0394],[-67.92614,-30.03962],[-67.92531,-30.04039],[-67.9243,-30.04128],[-67.92429,-30.04129],[-67.92328,-30.04212],[-67.92197,-30.04366],[-67.92171,-30.04399],[-67.92126,-30.04456],[-67.92121,-30.04464],[-67.92114,-30.04475],[-67.92114,-30.04475],[-67.92061,-30.04557],[-67.92006,-30.04616],[-67.91983,-30.0464],[-67.9193,-30.04741],[-67.91787,-30.04836],[-67.91623,-30.04904],[-67.91623,-30.04904],[-67.91614,-30.04908],[-67.91611,-30.04908],[-67.91484,-30.04914],[-67.91329,-30.05003],[-67.91311,-30.05068],[-67.91214,-30.05093],[-67.91192,-30.05098],[-67.91032,-30.0514],[-67.90919,-30.05175],[-67.90895,-30.05223],[-67.90901,-30.05271],[-67.90954,-30.05318],[-67.91002,-30.05324],[-67.91043,-30.05396],[-67.9105,-30.05402],[-67.9105,-30.05402],[-67.91085,-30.05437],[-67.91085,-30.05485],[-67.91085,-30.0551],[-67.91085,-30.05586],[-67.91055,-30.05657],[-67.9102,-30.05687],[-67.9096,-30.05747],[-67.90764,-30.05818],[-67.90663,-30.05877],[-67.90508,-30.05961],[-67.90431,-30.06026],[-67.90383,-30.06151],[-67.90389,-30.06222],[-67.90431,-30.0627],[-67.90514,-30.06341],[-67.90579,-30.06443],[-67.90591,-30.06556],[-67.90562,-30.06669],[-67.90526,-30.06716],[-67.90443,-30.06776],[-67.90371,-30.06805],[-67.90306,-30.06853],[-67.90193,-30.06895],[-67.90086,-30.06972],[-67.90026,-30.07067],[-67.90002,-30.07127],[-67.89955,-30.07156],[-67.89925,-30.07216],[-67.89907,-30.07341],[-67.8983,-30.0743],[-67.89753,-30.07454],[-67.89544,-30.07478],[-67.89472,-30.07478],[-67.89413,-30.07478],[-67.8933,-30.07495],[-67.89271,-30.07549],[-67.89211,-30.07585],[-67.89181,-30.07626],[-67.8914,-30.07686],[-67.89104,-30.07763],[-67.89039,-30.07793],[-67.89016,-30.07799],[-67.88949,-30.07817],[-67.8886,-30.07894],[-67.88836,-30.07948],[-67.88765,-30.07977],[-67.88646,-30.07983],[-67.88599,-30.07954],[-67.88521,-30.07858],[-67.88486,-30.07775],[-67.88491,-30.07722],[-67.88509,-30.0765],[-67.88616,-30.07537],[-67.88652,-30.07388],[-67.88609,-30.07372],[-67.88609,-30.07372],[-67.88606,-30.07371],[-67.88557,-30.07353],[-67.88414,-30.07412],[-67.88337,-30.07412],[-67.88259,-30.07412],[-67.88158,-30.0746],[-67.88022,-30.0746],[-67.87926,-30.07466],[-67.87879,-30.0749],[-67.87839,-30.07493],[-67.87801,-30.07495],[-67.87736,-30.07513],[-67.87694,-30.07561],[-67.87694,-30.07561],[-67.87647,-30.07686],[-67.87599,-30.07745],[-67.87572,-30.07771],[-67.87522,-30.07817],[-67.8743,-30.07857],[-67.87373,-30.07882],[-67.8732,-30.07912],[-67.87305,-30.07923],[-67.87272,-30.07948],[-67.87259,-30.07972],[-67.87212,-30.08061],[-67.87212,-30.08138],[-67.87231,-30.08199],[-67.87242,-30.08233],[-67.87284,-30.08281],[-67.87315,-30.08304],[-67.87349,-30.08328],[-67.87389,-30.08352],[-67.8739,-30.08353],[-67.8739,-30.08353],[-67.8739,-30.08353],[-67.87409,-30.08364],[-67.87391,-30.08412],[-67.87385,-30.08471],[-67.87367,-30.08482],[-67.87337,-30.08501],[-67.8729,-30.08501],[-67.87176,-30.08525],[-67.87176,-30.08525],[-67.87176,-30.08525],[-67.87174,-30.08525],[-67.87094,-30.08542],[-67.87072,-30.08608],[-67.87071,-30.08609],[-67.87071,-30.08609],[-67.87071,-30.08609],[-67.87064,-30.08632],[-67.87064,-30.08703],[-67.87064,-30.08816],[-67.87056,-30.08856],[-67.87052,-30.08876],[-67.8701,-30.08977],[-67.86963,-30.09006],[-67.86891,-30.09012],[-67.8685,-30.09078],[-67.8676,-30.09119],[-67.86722,-30.09182],[-67.86713,-30.09197],[-67.8663,-30.0928],[-67.86558,-30.0928],[-67.86481,-30.0928],[-67.86409,-30.0928],[-67.86377,-30.09314],[-67.8634,-30.09354],[-67.86326,-30.09369],[-67.86326,-30.09405],[-67.86308,-30.09435],[-67.86261,-30.09518],[-67.86189,-30.09554],[-67.86106,-30.09536],[-67.86029,-30.09512],[-67.86012,-30.09504],[-67.85979,-30.09487],[-67.85979,-30.09487],[-67.85979,-30.09487],[-67.85979,-30.09487],[-67.85957,-30.09476],[-67.85934,-30.095],[-67.85928,-30.09528],[-67.85928,-30.09528],[-67.85928,-30.09528],[-67.85928,-30.09528],[-67.85916,-30.09583],[-67.85886,-30.09637],[-67.8588,-30.09708],[-67.85829,-30.09836],[-67.85821,-30.09857],[-67.85803,-30.09958],[-67.85702,-30.10047],[-67.856,-30.10071],[-67.85531,-30.10087],[-67.8547,-30.10101],[-67.85392,-30.10101],[-67.85309,-30.10172],[-67.85154,-30.1022],[-67.8507,-30.1022],[-67.8507,-30.1022],[-67.8507,-30.1022],[-67.85068,-30.1022],[-67.85006,-30.1022],[-67.84893,-30.1016],[-67.84851,-30.10131],[-67.84803,-30.10071],[-67.84732,-30.10059],[-67.84542,-30.1019],[-67.84553,-30.10285],[-67.84583,-30.10333],[-67.84643,-30.10422],[-67.84537,-30.10497],[-67.84458,-30.10553],[-67.84405,-30.10589],[-67.8438,-30.10619],[-67.84298,-30.1072],[-67.84125,-30.10767],[-67.84036,-30.10767],[-67.8393,-30.10729],[-67.83905,-30.1072],[-67.8381,-30.10613],[-67.83667,-30.10553],[-67.83584,-30.10589],[-67.83483,-30.10702],[-67.83417,-30.10785],[-67.83358,-30.10904],[-67.83286,-30.111],[-67.8328,-30.11279],[-67.83132,-30.11398],[-67.83001,-30.11529],[-67.82924,-30.11582],[-67.8281,-30.11624],[-67.82674,-30.1166],[-67.82388,-30.11713],[-67.82357,-30.11727],[-67.82156,-30.1182],[-67.82135,-30.11832],[-67.81954,-30.11939],[-67.8174,-30.12135],[-67.81686,-30.12445],[-67.81627,-30.12718],[-67.81626,-30.12719],[-67.81136,-30.1305],[-67.80194,-30.13685],[-67.79592,-30.14092],[-67.79103,-30.14422],[-67.77623,-30.15421],[-67.7642,-30.18038],[-67.77884,-30.18778],[-67.77887,-30.18779],[-67.85829,-30.22791],[-67.90337,-30.25128],[-67.90891,-30.25415],[-67.90962,-30.25452],[-67.92144,-30.24776],[-67.92957,-30.24311],[-67.94478,-30.23551],[-67.95003,-30.23288],[-67.96189,-30.22695],[-67.96319,-30.22623],[-67.979,-30.21745],[-68.00177,-30.20539],[-68.01131,-30.20034],[-68.02462,-30.17753],[-68.03602,-30.15567],[-68.03921,-30.1499],[-68.03923,-30.14987],[-68.05598,-30.11956],[-68.0997,-30.04447],[-68.12916,-29.98935],[-68.14342,-29.96369],[-68.15007,-29.95133],[-68.15169,-29.93975],[-68.15023,-29.91751],[-68.15023,-29.9174],[-68.14477,-29.91387],[-68.13396,-29.91199],[-68.0807,-29.90275],[-68.07844,-29.90408],[-68.07227,-29.90582],[-68.0669,-29.90696],[-68.05985,-29.91206],[-68.05769,-29.91381],[-68.04665,-29.91962],[-68.03652,-29.92565],[-68.03268,-29.92924],[-68.02754,-29.93519],[-68.02518,-29.93875],[-68.02141,-29.94586],[-68.01817,-29.95238],[-68.01203,-29.96281],[-68.00915,-29.96686],[-68.00571,-29.97032],[-67.99999,-29.97282]]]]},"geometry_name":"geom","properties":{"display_name":"Parque Natural Ischigualasto","fna":"Parque Natural Ischigualasto","nam":"Ischigualasto","csv_name":"Ischigualasto","visits_total":1807805,"fdc":"SIB/IGN/Ley Provincial Nº 3.666/1971"},"bbox":[-68.15168559,-30.25451715,-67.76419917,-29.9027477]},{"type":"Feature","id":"area_protegida.1058","geometry":{"type":"MultiPolygon","coordinates":[[[[-54.8736,-26.93428],[-54.86159,-26.94517],[-54.86155,-26.94507],[-54.86054,-26.94613],[-54.85998,-26.94663],[-54.85745,-26.94531],[-54.85687,-26.94323],[-54.85492,-26.94036],[-54.85399,-26.94483],[-54.8548,-26.94604],[-54.85545,-26.94697],[-54.8561,-26.9479],[-54.85555,-26.94891],[-54.85475,-26.95014],[-54.85316,-26.95152],[-54.85255,-26.95684],[-54.85377,-26.9582],[-54.85418,-26.95892],[-54.85386,-26.96014],[-54.8533,-26.96043],[-54.85331,-26.96101],[-54.85387,-26.96122],[-54.855,-26.96135],[-54.85677,-26.96192],[-54.8575,-26.96271],[-54.85831,-26.96356],[-54.8588,-26.96514],[-54.85973,-26.9677],[-54.85955,-26.96852],[-54.85852,-26.97054],[-54.85756,-26.97148],[-54.85773,-26.97227],[-54.85822,-26.97313],[-54.85814,-26.97363],[-54.85727,-26.97471],[-54.85639,-26.97594],[-54.85608,-26.97745],[-54.85649,-26.97882],[-54.85739,-26.97989],[-54.85756,-26.98168],[-54.85772,-26.98211],[-54.85829,-26.98312],[-54.85871,-26.98513],[-54.85793,-26.9888],[-54.8577,-26.98962],[-54.85731,-26.99103],[-54.85725,-26.99117],[-54.85699,-26.99148],[-54.85991,-26.99107],[-54.8637,-26.99039],[-54.86588,-26.98996],[-54.86714,-26.99018],[-54.86813,-26.98934],[-54.87158,-26.98641],[-54.87414,-26.98643],[-54.87705,-26.98645],[-54.87663,-26.98437],[-54.87745,-26.98414],[-54.87886,-26.98375],[-54.88144,-26.98348],[-54.88146,-26.98398],[-54.88164,-26.98865],[-54.88373,-26.98835],[-54.88571,-26.98916],[-54.88729,-26.9907],[-54.88924,-26.99364],[-54.89109,-26.99334],[-54.89228,-26.99218],[-54.89292,-26.99167],[-54.89485,-26.99195],[-54.89304,-26.99728],[-54.89431,-27.00174],[-54.89511,-27.0046],[-54.886,-27.00443],[-54.88072,-27.00433],[-54.88122,-27.00691],[-54.87801,-27.00708],[-54.88355,-27.04533],[-54.88488,-27.04521],[-54.88632,-27.04508],[-54.88629,-27.04511],[-54.88481,-27.04622],[-54.87743,-27.05175],[-54.86943,-27.04814],[-54.86485,-27.05408],[-54.85969,-27.05493],[-54.85734,-27.05666],[-54.85112,-27.05813],[-54.84316,-27.05897],[-54.83821,-27.05869],[-54.83001,-27.05657],[-54.82539,-27.06183],[-54.8254,-27.06347],[-54.83208,-27.06447],[-54.83641,-27.06588],[-54.84515,-27.06881],[-54.85029,-27.07152],[-54.85293,-27.06995],[-54.86321,-27.06945],[-54.87503,-27.06937],[-54.88302,-27.06752],[-54.88809,-27.06729],[-54.88818,-27.06729],[-54.88608,-27.07365],[-54.88474,-27.07759],[-54.89852,-27.0879],[-54.91421,-27.08591],[-54.91645,-27.08661],[-54.91719,-27.0854],[-54.919,-27.08567],[-54.91954,-27.08709],[-54.92092,-27.08756],[-54.92178,-27.08869],[-54.92202,-27.09153],[-54.92266,-27.092],[-54.9244,-27.09165],[-54.92715,-27.09267],[-54.92785,-27.09312],[-54.92813,-27.0933],[-54.92842,-27.0933],[-54.92869,-27.09331],[-54.92902,-27.09311],[-54.92957,-27.09267],[-54.93196,-27.09088],[-54.93395,-27.08865],[-54.93442,-27.08818],[-54.935,-27.088],[-54.93611,-27.08839],[-54.937,-27.08908],[-54.94054,-27.08695],[-54.94504,-27.08666],[-54.95129,-27.08554],[-54.95155,-27.08539],[-54.95317,-27.085],[-54.95483,-27.0846],[-54.95924,-27.08317],[-54.96395,-27.08153],[-54.96717,-27.07955],[-54.96878,-27.07798],[-54.97586,-27.07656],[-54.97581,-27.07578],[-54.97611,-27.07511],[-54.97632,-27.0739],[-54.97638,-27.07151],[-54.97554,-27.07031],[-54.97367,-27.0618],[-54.96302,-27.06133],[-54.96255,-27.05231],[-54.97397,-27.05147],[-54.97476,-27.04366],[-54.97472,-27.04147],[-54.97471,-27.03982],[-54.95948,-27.03846],[-54.96469,-27.02867],[-54.96497,-27.0279],[-54.96539,-27.0265],[-54.96694,-27.02349],[-54.96574,-27.0224],[-54.96247,-27.0228],[-54.9609,-27.02266],[-54.9598,-27.02255],[-54.95916,-27.02225],[-54.95673,-27.02087],[-54.95584,-27.02076],[-54.95405,-27.02039],[-54.94987,-27.01814],[-54.9491,-27.01693],[-54.94871,-27.01629],[-54.93866,-27.0126],[-54.93868,-27.01265],[-54.93073,-27.00979],[-54.9396,-27.00057],[-54.93856,-26.9995],[-54.93867,-26.99832],[-54.94022,-26.99789],[-54.94139,-26.99785],[-54.93902,-26.99124],[-54.9398,-26.98971],[-54.94047,-26.98899],[-54.94074,-26.98841],[-54.93935,-26.98832],[-54.93791,-26.98846],[-54.93646,-26.98923],[-54.93496,-26.97475],[-54.96979,-26.97177],[-54.96831,-26.94755],[-54.93889,-26.95593],[-54.93801,-26.94657],[-54.91568,-26.95379],[-54.90975,-26.95378],[-54.90907,-26.95569],[-54.89539,-26.95815],[-54.8914,-26.94042],[-54.88763,-26.94153],[-54.8736,-26.93428]]]]},"geometry_name":"geom","properties":{"display_name":"Parque Provincial Salto Encantado del Valle del Arroyo Cuñá Pirú","fna":"Parque Provincial Salto Encantado del Valle del Arroyo Cuñá Pirú","nam":"Salto Encantado del Valle del Arroyo Cuñá Pirú","csv_name":"Parque Provincial Salto Encantado","visits_total":362796,"fdc":"SIB/IGN/Decreto Provincial Nº 1.193/1989/Ley Provincial Nº 4.239/2005"},"bbox":[-54.97638253,-27.09330888,-54.82538966,-26.93428182]},{"type":"Feature","id":"area_protegida.1135","geometry":{"type":"MultiPolygon","coordinates":[[[[-57.29522,-27.87831],[-57.28966,-27.88358],[-57.26354,-27.86768],[-57.24856,-27.85856],[-57.25626,-27.86817],[-57.25634,-27.86827],[-57.26712,-27.87727],[-57.26448,-27.88001],[-57.24013,-27.87658],[-57.24013,-27.87658],[-57.22291,-27.87415],[-57.21076,-27.89623],[-57.21146,-27.89665],[-57.21147,-27.89665],[-57.2102,-27.89724],[-57.2102,-27.89724],[-57.20696,-27.89875],[-57.20507,-27.89964],[-57.20484,-27.89975],[-57.20443,-27.89994],[-57.20246,-27.90086],[-57.20177,-27.90118],[-57.20131,-27.90139],[-57.20131,-27.90139],[-57.19915,-27.91649],[-57.19679,-27.93551],[-57.22029,-27.95266],[-57.22644,-27.90474],[-57.22644,-27.90473],[-57.22691,-27.90102],[-57.24895,-27.90774],[-57.2658,-27.90998],[-57.22439,-27.95542],[-57.22427,-27.95556],[-57.25466,-27.97771],[-57.27084,-27.9895],[-57.27136,-27.99302],[-57.28091,-28.0017],[-57.27881,-28.0251],[-57.26742,-28.02027],[-57.2488,-28.01236],[-57.23366,-28.00593],[-57.22708,-28.00314],[-57.22708,-28.00314],[-57.22709,-28.00316],[-57.22755,-28.00404],[-57.23328,-28.01502],[-57.23833,-28.0247],[-57.2455,-28.03843],[-57.24659,-28.03906],[-57.2474,-28.03952],[-57.26748,-28.05093],[-57.28644,-28.0617],[-57.28725,-28.06279],[-57.29535,-28.07368],[-57.21332,-28.0617],[-57.21397,-28.05932],[-57.21736,-28.04681],[-57.21741,-28.0466],[-57.21027,-28.0294],[-57.20271,-28.0112],[-57.19211,-27.98672],[-57.19211,-27.98671],[-57.1909,-27.98664],[-57.18078,-27.98603],[-57.18058,-27.98602],[-57.17847,-27.98589],[-57.16185,-27.98489],[-57.16157,-27.98488],[-57.15809,-27.98481],[-57.15165,-27.9824],[-57.12299,-27.97166],[-57.11179,-27.96746],[-57.11052,-27.96899],[-57.1095,-27.97022],[-57.10922,-27.97562],[-57.10452,-27.97446],[-57.10243,-27.97394],[-57.09939,-27.98256],[-57.09729,-27.985],[-57.09669,-27.9857],[-57.09637,-27.99833],[-57.0974,-27.99963],[-57.10164,-28.00497],[-57.10963,-28.0119],[-57.11182,-28.02072],[-57.11497,-28.02638],[-57.11501,-28.03089],[-57.12431,-28.03791],[-57.12545,-28.04677],[-57.12551,-28.04719],[-57.12551,-28.04719],[-57.1257,-28.04866],[-57.12276,-28.05117],[-57.1303,-28.05968],[-57.13108,-28.06414],[-57.13655,-28.0682],[-57.1379,-28.0692],[-57.14122,-28.07167],[-57.14638,-28.07457],[-57.15213,-28.0764],[-57.155,-28.07283],[-57.15509,-28.07273],[-57.1381,-28.05846],[-57.13228,-28.05219],[-57.12767,-28.04024],[-57.1275,-28.03943],[-57.12608,-28.0329],[-57.12482,-28.02709],[-57.12052,-28.02508],[-57.12723,-28.02659],[-57.12752,-28.02665],[-57.12759,-28.02692],[-57.12759,-28.02695],[-57.12769,-28.02732],[-57.13266,-28.0469],[-57.14574,-28.05733],[-57.14672,-28.05811],[-57.16354,-28.07152],[-57.16408,-28.07195],[-57.12969,-28.09132],[-57.12223,-28.09552],[-57.13693,-28.10664],[-57.13009,-28.111],[-57.14448,-28.13094],[-57.15009,-28.13869],[-57.15129,-28.15091],[-57.15156,-28.15364],[-57.1676,-28.1626],[-57.1724,-28.15741],[-57.18264,-28.17356],[-57.19291,-28.16987],[-57.20346,-28.17645],[-57.21004,-28.17691],[-57.21005,-28.1769],[-57.22015,-28.1572],[-57.22083,-28.15587],[-57.21523,-28.15019],[-57.22323,-28.13813],[-57.22727,-28.13676],[-57.23515,-28.13408],[-57.24112,-28.13205],[-57.25584,-28.12927],[-57.26316,-28.14277],[-57.27096,-28.15718],[-57.29667,-28.18336],[-57.31612,-28.18478],[-57.28864,-28.1577],[-57.30427,-28.138],[-57.311,-28.14079],[-57.32472,-28.14647],[-57.32515,-28.14455],[-57.32321,-28.13973],[-57.32252,-28.13804],[-57.34015,-28.14475],[-57.34291,-28.1458],[-57.34466,-28.14646],[-57.35912,-28.14228],[-57.37363,-28.13807],[-57.37577,-28.13735],[-57.38002,-28.13612],[-57.38045,-28.13801],[-57.38045,-28.13949],[-57.38046,-28.14186],[-57.38052,-28.14195],[-57.38533,-28.14567],[-57.38646,-28.14654],[-57.38647,-28.14661],[-57.38685,-28.15063],[-57.38683,-28.15066],[-57.38684,-28.15067],[-57.38714,-28.15576],[-57.38716,-28.15607],[-57.38714,-28.15609],[-57.38698,-28.15618],[-57.38698,-28.15632],[-57.38698,-28.15647],[-57.38698,-28.15661],[-57.38698,-28.15675],[-57.38704,-28.1569],[-57.38714,-28.15704],[-57.38722,-28.15714],[-57.38725,-28.15718],[-57.38741,-28.15728],[-57.38752,-28.15742],[-57.38758,-28.15756],[-57.38761,-28.15757],[-57.38769,-28.1576],[-57.38766,-28.15846],[-57.38703,-28.17595],[-57.38703,-28.17603],[-57.37217,-28.18064],[-57.37096,-28.18102],[-57.37768,-28.19515],[-57.37745,-28.19583],[-57.37388,-28.2061],[-57.38042,-28.21041],[-57.39319,-28.21517],[-57.39719,-28.22799],[-57.39802,-28.23063],[-57.39808,-28.23083],[-57.38288,-28.25018],[-57.36247,-28.23685],[-57.3552,-28.23185],[-57.35467,-28.23149],[-57.33044,-28.21678],[-57.32945,-28.21785],[-57.3268,-28.22095],[-57.29638,-28.20153],[-57.29265,-28.19915],[-57.29324,-28.19858],[-57.29469,-28.19719],[-57.29604,-28.19588],[-57.29542,-28.19504],[-57.29516,-28.1947],[-57.29118,-28.18931],[-57.29089,-28.18892],[-57.29076,-28.18873],[-57.29,-28.18766],[-57.28472,-28.18618],[-57.28221,-28.18509],[-57.28214,-28.18511],[-57.28183,-28.18543],[-57.28173,-28.18553],[-57.28108,-28.1862],[-57.28071,-28.18658],[-57.27543,-28.19202],[-57.27528,-28.19217],[-57.27476,-28.19271],[-57.27323,-28.19428],[-57.27252,-28.19501],[-57.27231,-28.19523],[-57.27014,-28.19746],[-57.26631,-28.2014],[-57.2657,-28.20203],[-57.26483,-28.20293],[-57.26483,-28.20293],[-57.26461,-28.20319],[-57.26352,-28.20453],[-57.26273,-28.20551],[-57.26153,-28.20699],[-57.2652,-28.20799],[-57.26535,-28.21077],[-57.26549,-28.21334],[-57.26625,-28.21396],[-57.26665,-28.21355],[-57.26665,-28.21355],[-57.26787,-28.21446],[-57.27003,-28.21608],[-57.27248,-28.21695],[-57.2737,-28.21739],[-57.2737,-28.21739],[-57.27372,-28.21737],[-57.27376,-28.21733],[-57.27422,-28.2169],[-57.27722,-28.214],[-57.28632,-28.20525],[-57.28824,-28.20339],[-57.28855,-28.20309],[-57.28995,-28.20175],[-57.29214,-28.20316],[-57.2933,-28.20391],[-57.3217,-28.2222],[-57.31974,-28.22449],[-57.31945,-28.22483],[-57.31945,-28.22483],[-57.32306,-28.22532],[-57.32484,-28.22556],[-57.32935,-28.22713],[-57.33083,-28.22765],[-57.31842,-28.23961],[-57.31692,-28.24105],[-57.31353,-28.24433],[-57.31373,-28.24632],[-57.31399,-28.24894],[-57.31365,-28.24899],[-57.31033,-28.24935],[-57.30951,-28.24935],[-57.31042,-28.25151],[-57.3115,-28.25196],[-57.31338,-28.25199],[-57.31383,-28.25201],[-57.316,-28.25125],[-57.31936,-28.24788],[-57.33593,-28.2312],[-57.33607,-28.23107],[-57.33608,-28.23106],[-57.33826,-28.23288],[-57.34029,-28.23313],[-57.3403,-28.23313],[-57.34211,-28.23342],[-57.33873,-28.23694],[-57.33774,-28.23797],[-57.3334,-28.2425],[-57.33302,-28.24289],[-57.3317,-28.24427],[-57.32954,-28.24651],[-57.32843,-28.24767],[-57.32599,-28.25022],[-57.32536,-28.25087],[-57.31934,-28.25714],[-57.31793,-28.25862],[-57.31803,-28.25874],[-57.3182,-28.25874],[-57.31836,-28.25874],[-57.31853,-28.25876],[-57.31866,-28.25883],[-57.31875,-28.25895],[-57.31886,-28.25907],[-57.31897,-28.25917],[-57.3191,-28.25924],[-57.31924,-28.25932],[-57.31938,-28.25939],[-57.31952,-28.25949],[-57.31962,-28.25958],[-57.31971,-28.25973],[-57.31971,-28.25987],[-57.31979,-28.25999],[-57.31987,-28.26012],[-57.32004,-28.26011],[-57.3202,-28.26011],[-57.32037,-28.26011],[-57.32038,-28.26012],[-57.32053,-28.26014],[-57.32069,-28.26014],[-57.32086,-28.26014],[-57.32102,-28.26014],[-57.32119,-28.26016],[-57.3213,-28.26026],[-57.32141,-28.26038],[-57.32154,-28.26045],[-57.32168,-28.26055],[-57.32179,-28.26064],[-57.32187,-28.26076],[-57.32194,-28.26082],[-57.32194,-28.26096],[-57.32194,-28.2611],[-57.322,-28.26125],[-57.322,-28.26139],[-57.322,-28.26153],[-57.322,-28.26168],[-57.322,-28.26182],[-57.322,-28.26196],[-57.32189,-28.26211],[-57.32189,-28.26225],[-57.32189,-28.26244],[-57.32195,-28.26258],[-57.32211,-28.26268],[-57.32222,-28.26282],[-57.32238,-28.26287],[-57.32243,-28.26301],[-57.32254,-28.26316],[-57.3227,-28.2632],[-57.32286,-28.2633],[-57.32303,-28.26335],[-57.32319,-28.26344],[-57.32335,-28.26349],[-57.32351,-28.26349],[-57.32367,-28.26349],[-57.32384,-28.26349],[-57.324,-28.26353],[-57.32416,-28.26358],[-57.32432,-28.26363],[-57.32448,-28.26363],[-57.32465,-28.26363],[-57.32481,-28.26372],[-57.32486,-28.26387],[-57.32502,-28.26401],[-57.32519,-28.2641],[-57.32535,-28.2641],[-57.32551,-28.2641],[-57.32567,-28.2641],[-57.32583,-28.2641],[-57.32599,-28.2641],[-57.32616,-28.2641],[-57.32632,-28.2641],[-57.32648,-28.2641],[-57.32664,-28.26415],[-57.32675,-28.26429],[-57.3268,-28.26444],[-57.32681,-28.26458],[-57.32697,-28.26467],[-57.32713,-28.26472],[-57.32729,-28.26482],[-57.32745,-28.26486],[-57.32762,-28.26496],[-57.32778,-28.26501],[-57.32794,-28.26515],[-57.3281,-28.2652],[-57.32816,-28.26534],[-57.32826,-28.26548],[-57.32832,-28.26563],[-57.32837,-28.26577],[-57.32837,-28.26591],[-57.32837,-28.26606],[-57.32837,-28.2662],[-57.32837,-28.26634],[-57.32838,-28.26648],[-57.32854,-28.26648],[-57.32875,-28.26653],[-57.32891,-28.26663],[-57.32908,-28.26663],[-57.32924,-28.26663],[-57.3294,-28.26663],[-57.32956,-28.26672],[-57.32972,-28.26677],[-57.32989,-28.26682],[-57.32999,-28.26696],[-57.33016,-28.26701],[-57.33032,-28.26705],[-57.33048,-28.2671],[-57.33064,-28.2671],[-57.3307,-28.26724],[-57.33086,-28.26734],[-57.33102,-28.26743],[-57.33102,-28.26758],[-57.33118,-28.26772],[-57.33135,-28.26781],[-57.3314,-28.26796],[-57.33156,-28.26805],[-57.33167,-28.2682],[-57.33167,-28.26834],[-57.33183,-28.26843],[-57.33199,-28.26848],[-57.33216,-28.26858],[-57.33232,-28.26867],[-57.33243,-28.26881],[-57.33248,-28.26896],[-57.33264,-28.26901],[-57.33281,-28.26915],[-57.33291,-28.26929],[-57.33308,-28.26939],[-57.33324,-28.26948],[-57.3334,-28.26953],[-57.33356,-28.26962],[-57.33372,-28.26972],[-57.33389,-28.26981],[-57.33405,-28.26986],[-57.33421,-28.27],[-57.33437,-28.2701],[-57.33453,-28.27015],[-57.3347,-28.27019],[-57.33486,-28.27034],[-57.33497,-28.27048],[-57.33508,-28.27062],[-57.33512,-28.27074],[-57.33512,-28.27075],[-57.33512,-28.27088],[-57.33512,-28.27102],[-57.33514,-28.27116],[-57.33522,-28.27127],[-57.33533,-28.27139],[-57.33545,-28.2715],[-57.33557,-28.2716],[-57.3357,-28.27167],[-57.33584,-28.27175],[-57.33597,-28.27184],[-57.33611,-28.2719],[-57.33624,-28.27197],[-57.3364,-28.27206],[-57.33651,-28.27216],[-57.33663,-28.27226],[-57.33678,-28.27235],[-57.33692,-28.27243],[-57.33705,-28.27252],[-57.33719,-28.27258],[-57.33732,-28.27269],[-57.33746,-28.27275],[-57.33759,-28.27284],[-57.33771,-28.27296],[-57.33784,-28.27306],[-57.33798,-28.27316],[-57.3381,-28.27326],[-57.33811,-28.2733],[-57.33818,-28.27332],[-57.33844,-28.27306],[-57.34173,-28.2699],[-57.34179,-28.26998],[-57.34195,-28.27002],[-57.34195,-28.27017],[-57.34195,-28.27031],[-57.34195,-28.27045],[-57.34195,-28.2706],[-57.34195,-28.27074],[-57.34201,-28.27088],[-57.34217,-28.27098],[-57.34217,-28.27112],[-57.34223,-28.27126],[-57.34228,-28.27141],[-57.34233,-28.27155],[-57.34234,-28.27169],[-57.34234,-28.27184],[-57.34234,-28.27198],[-57.34234,-28.27212],[-57.34234,-28.27227],[-57.34234,-28.27241],[-57.34234,-28.27255],[-57.34234,-28.2727],[-57.34234,-28.27284],[-57.34234,-28.27298],[-57.34239,-28.27313],[-57.34245,-28.27327],[-57.34261,-28.27336],[-57.34261,-28.27351],[-57.34261,-28.27365],[-57.34261,-28.27379],[-57.34261,-28.27394],[-57.34261,-28.27408],[-57.34267,-28.27422],[-57.34278,-28.27437],[-57.34288,-28.27451],[-57.34299,-28.27465],[-57.34303,-28.27468],[-57.34315,-28.27475],[-57.34321,-28.27489],[-57.34332,-28.27503],[-57.34348,-28.27513],[-57.34359,-28.27527],[-57.34375,-28.27532],[-57.34386,-28.27546],[-57.34402,-28.27551],[-57.34418,-28.27556],[-57.34434,-28.27565],[-57.34451,-28.27565],[-57.34467,-28.2757],[-57.34483,-28.27579],[-57.34499,-28.27584],[-57.34515,-28.27598],[-57.34532,-28.27603],[-57.34548,-28.27613],[-57.34564,-28.27627],[-57.34575,-28.27641],[-57.34591,-28.27646],[-57.34602,-28.2766],[-57.34618,-28.27665],[-57.34634,-28.27675],[-57.3465,-28.27679],[-57.34667,-28.27689],[-57.34683,-28.27698],[-57.34688,-28.27713],[-57.34699,-28.27726],[-57.34699,-28.27727],[-57.34715,-28.27741],[-57.34732,-28.27746],[-57.34748,-28.27755],[-57.34764,-28.2776],[-57.3478,-28.2777],[-57.34796,-28.27779],[-57.34813,-28.27789],[-57.34829,-28.27803],[-57.34845,-28.27808],[-57.34861,-28.27817],[-57.34877,-28.27817],[-57.34894,-28.27817],[-57.3491,-28.27817],[-57.34926,-28.27817],[-57.34942,-28.27817],[-57.34958,-28.27817],[-57.34975,-28.27817],[-57.34991,-28.27817],[-57.35007,-28.27817],[-57.35023,-28.27817],[-57.35039,-28.27817],[-57.35055,-28.27817],[-57.35072,-28.27817],[-57.35088,-28.27817],[-57.35104,-28.27817],[-57.3512,-28.27817],[-57.35136,-28.27817],[-57.35152,-28.27807],[-57.35163,-28.27793],[-57.35179,-28.27788],[-57.35196,-28.27773],[-57.35212,-28.27773],[-57.35228,-28.27773],[-57.35244,-28.27773],[-57.3526,-28.27773],[-57.35276,-28.27773],[-57.35285,-28.27768],[-57.35287,-28.27768],[-57.35303,-28.27768],[-57.3532,-28.27768],[-57.3533,-28.27783],[-57.35347,-28.27792],[-57.35352,-28.27806],[-57.35368,-28.27821],[-57.35384,-28.27825],[-57.35395,-28.2784],[-57.35401,-28.27854],[-57.35417,-28.27864],[-57.35433,-28.27873],[-57.35449,-28.27878],[-57.35466,-28.27892],[-57.35482,-28.27897],[-57.35487,-28.27911],[-57.35493,-28.27925],[-57.35498,-28.2794],[-57.35504,-28.27954],[-57.3552,-28.27968],[-57.3552,-28.27983],[-57.3552,-28.27997],[-57.35525,-28.28011],[-57.35531,-28.28026],[-57.35542,-28.2804],[-57.35542,-28.28054],[-57.35542,-28.28069],[-57.35542,-28.28083],[-57.35536,-28.28097],[-57.35536,-28.28112],[-57.35536,-28.28124],[-57.35536,-28.28126],[-57.35537,-28.2814],[-57.3552,-28.2815],[-57.35516,-28.2815],[-57.35504,-28.2815],[-57.35488,-28.28155],[-57.35488,-28.28169],[-57.35488,-28.28183],[-57.35488,-28.28198],[-57.35488,-28.28212],[-57.35488,-28.28226],[-57.35488,-28.28241],[-57.35488,-28.28255],[-57.35488,-28.28269],[-57.35499,-28.28283],[-57.35515,-28.28293],[-57.35526,-28.28307],[-57.35537,-28.28322],[-57.35548,-28.28336],[-57.35559,-28.2835],[-57.3557,-28.28364],[-57.3558,-28.28379],[-57.35591,-28.28393],[-57.35608,-28.28398],[-57.35624,-28.28403],[-57.3564,-28.28407],[-57.35656,-28.28412],[-57.35672,-28.28412],[-57.35694,-28.28412],[-57.3571,-28.28412],[-57.35732,-28.28412],[-57.35748,-28.28412],[-57.35764,-28.28412],[-57.3578,-28.28412],[-57.35796,-28.28412],[-57.35813,-28.28412],[-57.35829,-28.28412],[-57.35845,-28.28412],[-57.35861,-28.28411],[-57.35877,-28.28411],[-57.35893,-28.28411],[-57.3591,-28.28411],[-57.35926,-28.28411],[-57.35942,-28.28411],[-57.35958,-28.28411],[-57.35974,-28.28402],[-57.35985,-28.28387],[-57.35996,-28.28373],[-57.36012,-28.28373],[-57.36028,-28.28363],[-57.3605,-28.28354],[-57.36066,-28.28344],[-57.36082,-28.28334],[-57.36098,-28.2833],[-57.36114,-28.2832],[-57.3613,-28.28315],[-57.36147,-28.28306],[-57.36163,-28.28301],[-57.36179,-28.28296],[-57.36195,-28.28296],[-57.36211,-28.28296],[-57.36227,-28.28296],[-57.36244,-28.28296],[-57.3626,-28.28296],[-57.36276,-28.28296],[-57.36292,-28.28296],[-57.36308,-28.28296],[-57.36325,-28.283],[-57.36341,-28.283],[-57.36357,-28.28305],[-57.36373,-28.2831],[-57.36389,-28.2831],[-57.36406,-28.2831],[-57.36422,-28.28319],[-57.36438,-28.28329],[-57.36449,-28.28343],[-57.36465,-28.28353],[-57.3647,-28.28367],[-57.36481,-28.28381],[-57.36497,-28.28391],[-57.36514,-28.284],[-57.3653,-28.2841],[-57.36541,-28.28424],[-57.36546,-28.28438],[-57.36546,-28.28453],[-57.36557,-28.28467],[-57.36557,-28.28481],[-57.36557,-28.28496],[-57.36557,-28.2851],[-57.36557,-28.28524],[-57.36557,-28.28539],[-57.36557,-28.28553],[-57.36552,-28.28567],[-57.36552,-28.28582],[-57.36552,-28.28596],[-57.36552,-28.2861],[-57.36552,-28.28625],[-57.36552,-28.28639],[-57.36536,-28.28644],[-57.36536,-28.28658],[-57.36536,-28.28672],[-57.36536,-28.28687],[-57.36536,-28.28701],[-57.36536,-28.28715],[-57.36553,-28.2872],[-57.36553,-28.28734],[-57.36553,-28.28749],[-57.36569,-28.28758],[-57.36574,-28.28772],[-57.36585,-28.28787],[-57.36596,-28.28801],[-57.36607,-28.28804],[-57.36628,-28.28801],[-57.36633,-28.28814],[-57.36633,-28.28829],[-57.36633,-28.28843],[-57.36633,-28.28857],[-57.3665,-28.28867],[-57.36666,-28.28872],[-57.36677,-28.28886],[-57.36682,-28.289],[-57.36698,-28.28914],[-57.36709,-28.28929],[-57.36725,-28.28933],[-57.36742,-28.28933],[-57.36758,-28.28933],[-57.36774,-28.28938],[-57.3679,-28.28938],[-57.36806,-28.28938],[-57.36822,-28.28938],[-57.36839,-28.28938],[-57.36855,-28.28938],[-57.36871,-28.28938],[-57.36887,-28.28938],[-57.36903,-28.28938],[-57.3692,-28.28938],[-57.36936,-28.28938],[-57.36952,-28.28938],[-57.36961,-28.28938],[-57.36968,-28.28938],[-57.36984,-28.28938],[-57.37,-28.28937],[-57.37017,-28.28937],[-57.37033,-28.28937],[-57.37049,-28.28937],[-57.37065,-28.28937],[-57.37081,-28.28937],[-57.37098,-28.28937],[-57.37114,-28.28937],[-57.3713,-28.28937],[-57.37146,-28.28937],[-57.37184,-28.28932],[-57.37195,-28.28932],[-57.37211,-28.28932],[-57.37227,-28.28932],[-57.37243,-28.28932],[-57.37259,-28.28932],[-57.37276,-28.28932],[-57.37292,-28.28932],[-57.37308,-28.28932],[-57.37319,-28.28946],[-57.3733,-28.2896],[-57.37346,-28.28965],[-57.37362,-28.2897],[-57.37378,-28.2897],[-57.37394,-28.2897],[-57.37411,-28.2897],[-57.37427,-28.2897],[-57.37443,-28.28965],[-57.37459,-28.28955],[-57.37475,-28.2895],[-57.37497,-28.2895],[-57.37513,-28.2895],[-57.37529,-28.2895],[-57.37545,-28.2895],[-57.37562,-28.2895],[-57.37578,-28.2895],[-57.37594,-28.2895],[-57.3761,-28.2895],[-57.37626,-28.2895],[-57.37642,-28.2895],[-57.37659,-28.2895],[-57.37675,-28.28955],[-57.37691,-28.28964],[-57.37702,-28.28979],[-57.37713,-28.28993],[-57.37729,-28.28998],[-57.37734,-28.29012],[-57.37734,-28.29026],[-57.3774,-28.2904],[-57.37751,-28.29055],[-57.37751,-28.29069],[-57.37751,-28.29083],[-57.37751,-28.29098],[-57.37751,-28.29112],[-57.37746,-28.29126],[-57.37746,-28.29141],[-57.37746,-28.29155],[-57.37729,-28.29165],[-57.37719,-28.29179],[-57.37713,-28.29193],[-57.37713,-28.29208],[-57.37714,-28.29222],[-57.37697,-28.29232],[-57.37681,-28.29236],[-57.3767,-28.29251],[-57.37654,-28.2926],[-57.37644,-28.29275],[-57.37638,-28.29289],[-57.37638,-28.29303],[-57.37638,-28.29318],[-57.37622,-28.29332],[-57.37611,-28.29346],[-57.37595,-28.29361],[-57.37595,-28.29375],[-57.3759,-28.29389],[-57.3759,-28.29404],[-57.37601,-28.29418],[-57.37617,-28.29423],[-57.37623,-28.29437],[-57.37623,-28.29451],[-57.37623,-28.29466],[-57.37623,-28.2948],[-57.37623,-28.29494],[-57.37623,-28.29509],[-57.37623,-28.29523],[-57.37623,-28.29537],[-57.37618,-28.29552],[-57.37601,-28.29557],[-57.37585,-28.29561],[-57.37575,-28.29576],[-57.37575,-28.2959],[-57.37575,-28.29604],[-57.37564,-28.29619],[-57.37559,-28.29633],[-57.37575,-28.29643],[-57.37591,-28.29643],[-57.37607,-28.29642],[-57.37623,-28.29642],[-57.37639,-28.29642],[-57.3765,-28.29628],[-57.3765,-28.29614],[-57.3765,-28.29599],[-57.37661,-28.29585],[-57.37677,-28.29575],[-57.37693,-28.29566],[-57.37709,-28.29556],[-57.37725,-28.29556],[-57.37742,-28.29556],[-57.37758,-28.29556],[-57.37774,-28.29556],[-57.3779,-28.29556],[-57.37806,-28.29556],[-57.37823,-28.29556],[-57.37844,-28.29556],[-57.3786,-28.29556],[-57.37877,-28.29556],[-57.37893,-28.29551],[-57.37903,-28.29537],[-57.37914,-28.29522],[-57.3792,-28.29508],[-57.37936,-28.29503],[-57.37952,-28.29494],[-57.37968,-28.29489],[-57.37984,-28.29484],[-57.38,-28.29484],[-57.38017,-28.29484],[-57.38022,-28.29484],[-57.38038,-28.29493],[-57.38054,-28.29498],[-57.38071,-28.29503],[-57.38087,-28.29507],[-57.38103,-28.29507],[-57.38119,-28.29522],[-57.38135,-28.29531],[-57.38146,-28.29545],[-57.38162,-28.2955],[-57.38179,-28.29555],[-57.38195,-28.29564],[-57.38211,-28.29574],[-57.38227,-28.29583],[-57.38243,-28.29593],[-57.3826,-28.29602],[-57.38271,-28.29617],[-57.38287,-28.29621],[-57.38303,-28.29631],[-57.38319,-28.29631],[-57.38335,-28.29631],[-57.38352,-28.29626],[-57.38368,-28.29626],[-57.38384,-28.29626],[-57.384,-28.29626],[-57.38416,-28.29626],[-57.38432,-28.29626],[-57.38449,-28.29626],[-57.38465,-28.29621],[-57.38481,-28.29611],[-57.38497,-28.29607],[-57.38508,-28.29592],[-57.38524,-28.29587],[-57.3854,-28.29583],[-57.38556,-28.29578],[-57.38573,-28.29578],[-57.38589,-28.29578],[-57.38605,-28.29582],[-57.38621,-28.29587],[-57.38637,-28.29592],[-57.38654,-28.29601],[-57.3867,-28.29611],[-57.38686,-28.2962],[-57.38702,-28.29635],[-57.38713,-28.29649],[-57.38729,-28.29654],[-57.38745,-28.29658],[-57.38762,-28.29668],[-57.38778,-28.29677],[-57.38794,-28.29677],[-57.3881,-28.29677],[-57.38826,-28.29677],[-57.38843,-28.29677],[-57.38859,-28.29677],[-57.38875,-28.29677],[-57.38891,-28.29682],[-57.38907,-28.29682],[-57.38924,-28.29682],[-57.3894,-28.29686],[-57.38956,-28.29691],[-57.38972,-28.29691],[-57.38988,-28.29691],[-57.39004,-28.29691],[-57.39021,-28.29691],[-57.39037,-28.29691],[-57.39053,-28.29691],[-57.39069,-28.29681],[-57.39085,-28.29672],[-57.39096,-28.29657],[-57.39112,-28.29648],[-57.39123,-28.29633],[-57.39139,-28.29629],[-57.39155,-28.29624],[-57.39171,-28.29619],[-57.39188,-28.29624],[-57.39204,-28.29624],[-57.3922,-28.29628],[-57.39236,-28.29638],[-57.39252,-28.29647],[-57.39269,-28.29657],[-57.39285,-28.29662],[-57.39296,-28.29676],[-57.39301,-28.2969],[-57.39301,-28.29705],[-57.39296,-28.29719],[-57.39285,-28.29733],[-57.39285,-28.29748],[-57.39285,-28.29762],[-57.39285,-28.29776],[-57.39302,-28.29781],[-57.39318,-28.29781],[-57.39334,-28.29781],[-57.3935,-28.29781],[-57.39366,-28.29781],[-57.39382,-28.29771],[-57.39399,-28.29766],[-57.39415,-28.29762],[-57.39431,-28.29757],[-57.39447,-28.29757],[-57.39463,-28.29766],[-57.3948,-28.29776],[-57.39496,-28.2978],[-57.39512,-28.2979],[-57.39528,-28.29799],[-57.39544,-28.29809],[-57.39561,-28.29814],[-57.39577,-28.29823],[-57.39593,-28.29837],[-57.39609,-28.29847],[-57.3962,-28.29861],[-57.39636,-28.29866],[-57.39653,-28.29875],[-57.39669,-28.29885],[-57.3968,-28.29899],[-57.3969,-28.29914],[-57.3969,-28.29928],[-57.39691,-28.29942],[-57.39691,-28.29956],[-57.39691,-28.29971],[-57.39691,-28.29985],[-57.39691,-28.29999],[-57.39691,-28.30014],[-57.39691,-28.30028],[-57.39691,-28.30042],[-57.39691,-28.30057],[-57.39696,-28.30071],[-57.39713,-28.30076],[-57.39729,-28.30085],[-57.39745,-28.30095],[-57.39761,-28.301],[-57.39777,-28.30099],[-57.39794,-28.30099],[-57.3981,-28.30099],[-57.39826,-28.30095],[-57.39842,-28.30095],[-57.39858,-28.3009],[-57.39874,-28.3009],[-57.39891,-28.3009],[-57.39907,-28.30094],[-57.39923,-28.30099],[-57.39939,-28.30104],[-57.39955,-28.30109],[-57.39972,-28.30123],[-57.39983,-28.30137],[-57.39999,-28.30142],[-57.40015,-28.30156],[-57.40031,-28.30166],[-57.40047,-28.3017],[-57.40069,-28.3018],[-57.40085,-28.30185],[-57.40096,-28.30199],[-57.40107,-28.30213],[-57.40123,-28.30223],[-57.40139,-28.30232],[-57.40156,-28.30232],[-57.40164,-28.30232],[-57.40164,-28.30234],[-57.40175,-28.30249],[-57.40186,-28.30263],[-57.40202,-28.30268],[-57.40218,-28.30277],[-57.40235,-28.30287],[-57.40251,-28.30296],[-57.40267,-28.30306],[-57.40273,-28.3032],[-57.40289,-28.30329],[-57.40305,-28.30339],[-57.40321,-28.30344],[-57.40337,-28.30353],[-57.40354,-28.30358],[-57.4037,-28.30367],[-57.40386,-28.30382],[-57.40402,-28.30391],[-57.40419,-28.30401],[-57.40435,-28.30401],[-57.40451,-28.3041],[-57.40462,-28.30424],[-57.40478,-28.30434],[-57.40489,-28.30448],[-57.40505,-28.30458],[-57.40521,-28.30467],[-57.40537,-28.30472],[-57.40554,-28.30481],[-57.40565,-28.30496],[-57.40575,-28.3051],[-57.40581,-28.30524],[-57.40597,-28.30534],[-57.40608,-28.30548],[-57.40608,-28.30562],[-57.40608,-28.30577],[-57.40608,-28.30591],[-57.40608,-28.30605],[-57.40608,-28.3062],[-57.40608,-28.30634],[-57.40608,-28.30648],[-57.40608,-28.30663],[-57.40616,-28.30667],[-57.40625,-28.30672],[-57.4063,-28.30687],[-57.40635,-28.30701],[-57.40646,-28.30715],[-57.40646,-28.30729],[-57.40652,-28.30744],[-57.40652,-28.30758],[-57.40668,-28.30768],[-57.40679,-28.30782],[-57.40684,-28.30796],[-57.40684,-28.30811],[-57.40685,-28.30825],[-57.40685,-28.30839],[-57.40685,-28.30854],[-57.40685,-28.30868],[-57.40685,-28.30882],[-57.40685,-28.30896],[-57.40685,-28.30911],[-57.40685,-28.30925],[-57.40685,-28.30939],[-57.4069,-28.30954],[-57.4069,-28.30968],[-57.40701,-28.30982],[-57.40707,-28.30997],[-57.40707,-28.31011],[-57.40707,-28.31025],[-57.40707,-28.3104],[-57.40712,-28.31054],[-57.40723,-28.31068],[-57.40734,-28.31083],[-57.40745,-28.31097],[-57.40756,-28.31111],[-57.40761,-28.31125],[-57.40767,-28.3113],[-57.40777,-28.3114],[-57.40783,-28.31154],[-57.40799,-28.31164],[-57.40815,-28.31168],[-57.40826,-28.31183],[-57.40837,-28.31197],[-57.40853,-28.31202],[-57.40869,-28.31202],[-57.4088,-28.31216],[-57.40896,-28.31221],[-57.40907,-28.31235],[-57.40923,-28.3124],[-57.4094,-28.31244],[-57.40956,-28.31249],[-57.40972,-28.31249],[-57.40988,-28.31249],[-57.41004,-28.31249],[-57.41021,-28.31254],[-57.41037,-28.31254],[-57.41053,-28.31254],[-57.41069,-28.31253],[-57.41085,-28.31253],[-57.41102,-28.31258],[-57.41118,-28.31263],[-57.41134,-28.31268],[-57.4115,-28.31277],[-57.41166,-28.31287],[-57.41183,-28.31296],[-57.41199,-28.31306],[-57.41204,-28.3132],[-57.4121,-28.31334],[-57.41215,-28.31349],[-57.41226,-28.31363],[-57.41242,-28.31368],[-57.41248,-28.31382],[-57.41253,-28.31396],[-57.41253,-28.3141],[-57.41264,-28.31425],[-57.4127,-28.31439],[-57.4127,-28.31453],[-57.41275,-28.31468],[-57.41286,-28.31482],[-57.41302,-28.31487],[-57.41318,-28.31496],[-57.41335,-28.3151],[-57.4134,-28.31525],[-57.41348,-28.31527],[-57.41351,-28.31531],[-57.41367,-28.31546],[-57.41383,-28.31555],[-57.414,-28.31565],[-57.41416,-28.31574],[-57.41432,-28.31584],[-57.41448,-28.31588],[-57.41464,-28.31588],[-57.41481,-28.31588],[-57.41497,-28.31593],[-57.41513,-28.31598],[-57.41529,-28.31612],[-57.41545,-28.31617],[-57.41562,-28.31626],[-57.41578,-28.31636],[-57.41594,-28.3164],[-57.4161,-28.3165],[-57.41626,-28.31655],[-57.41643,-28.31664],[-57.41659,-28.31669],[-57.41675,-28.31683],[-57.41691,-28.31693],[-57.41708,-28.31697],[-57.41724,-28.31707],[-57.41735,-28.31721],[-57.41751,-28.31735],[-57.41762,-28.3175],[-57.41773,-28.31764],[-57.41783,-28.31778],[-57.41794,-28.31793],[-57.41811,-28.31807],[-57.41821,-28.31821],[-57.41838,-28.31835],[-57.41854,-28.3185],[-57.41865,-28.31864],[-57.41881,-28.31878],[-57.41897,-28.31888],[-57.41913,-28.31892],[-57.4193,-28.31897],[-57.41946,-28.31897],[-57.41962,-28.31897],[-57.41978,-28.31897],[-57.41994,-28.31897],[-57.42011,-28.31897],[-57.42027,-28.31897],[-57.42043,-28.31887],[-57.42059,-28.31882],[-57.42075,-28.31873],[-57.42091,-28.31863],[-57.42107,-28.31858],[-57.42118,-28.31844],[-57.42134,-28.31834],[-57.42151,-28.31825],[-57.42167,-28.31825],[-57.42183,-28.31825],[-57.42199,-28.31825],[-57.42215,-28.31825],[-57.42231,-28.31825],[-57.42248,-28.31834],[-57.42259,-28.31848],[-57.42264,-28.31863],[-57.42264,-28.31877],[-57.42264,-28.31891],[-57.42264,-28.3191],[-57.42264,-28.31925],[-57.4227,-28.31944],[-57.42281,-28.31958],[-57.42281,-28.31972],[-57.42291,-28.31987],[-57.42291,-28.32001],[-57.42297,-28.32015],[-57.42297,-28.3203],[-57.42297,-28.32049],[-57.42297,-28.32063],[-57.42297,-28.32077],[-57.42303,-28.32092],[-57.42313,-28.32106],[-57.42326,-28.32113],[-57.4233,-28.32116],[-57.42346,-28.3212],[-57.42362,-28.32135],[-57.42378,-28.32144],[-57.42395,-28.32154],[-57.424,-28.32168],[-57.42416,-28.32177],[-57.42433,-28.32187],[-57.42443,-28.32201],[-57.4246,-28.32211],[-57.42476,-28.3222],[-57.42492,-28.3223],[-57.42508,-28.32234],[-57.42524,-28.32234],[-57.42541,-28.32234],[-57.42557,-28.32234],[-57.42573,-28.32234],[-57.42589,-28.32234],[-57.42605,-28.32234],[-57.42622,-28.32229],[-57.42638,-28.32215],[-57.42654,-28.32201],[-57.4267,-28.32186],[-57.42686,-28.32177],[-57.42691,-28.32162],[-57.42708,-28.32153],[-57.42711,-28.32151],[-57.42724,-28.32143],[-57.42729,-28.32129],[-57.4274,-28.32114],[-57.42751,-28.321],[-57.42761,-28.32086],[-57.42772,-28.32071],[-57.42783,-28.32057],[-57.42788,-28.32043],[-57.42788,-28.32028],[-57.42788,-28.32014],[-57.42793,-28.32014],[-57.4281,-28.32014],[-57.42826,-28.32014],[-57.42842,-28.32014],[-57.42863,-28.32004],[-57.42863,-28.3199],[-57.42863,-28.31975],[-57.42863,-28.31961],[-57.42863,-28.31947],[-57.42879,-28.31947],[-57.42879,-28.31932],[-57.42879,-28.31918],[-57.42879,-28.31904],[-57.42895,-28.31908],[-57.42912,-28.31908],[-57.42928,-28.31908],[-57.42944,-28.31908],[-57.4296,-28.31908],[-57.42966,-28.31911],[-57.42966,-28.31918],[-57.42966,-28.31932],[-57.42966,-28.31946],[-57.42966,-28.31961],[-57.42966,-28.31975],[-57.42966,-28.31989],[-57.42966,-28.32004],[-57.42971,-28.32018],[-57.42982,-28.32032],[-57.42993,-28.32047],[-57.42999,-28.32061],[-57.43009,-28.32075],[-57.4302,-28.3209],[-57.43026,-28.32104],[-57.43026,-28.32118],[-57.43026,-28.32132],[-57.43026,-28.32147],[-57.43026,-28.32161],[-57.4301,-28.32171],[-57.42994,-28.32176],[-57.42977,-28.32185],[-57.42961,-28.32195],[-57.42945,-28.322],[-57.42929,-28.32214],[-57.42913,-28.32224],[-57.42913,-28.32238],[-57.42913,-28.32252],[-57.42918,-28.32267],[-57.42935,-28.32266],[-57.42951,-28.32266],[-57.42967,-28.32262],[-57.42983,-28.32252],[-57.42994,-28.32238],[-57.4301,-28.32233],[-57.43026,-28.32223],[-57.43042,-28.32218],[-57.43059,-28.32218],[-57.43075,-28.32218],[-57.43091,-28.32223],[-57.43107,-28.32228],[-57.43122,-28.32228],[-57.43118,-28.32232],[-57.43113,-28.32247],[-57.43107,-28.32261],[-57.43113,-28.32275],[-57.43124,-28.3229],[-57.43124,-28.32304],[-57.43129,-28.32318],[-57.43129,-28.32333],[-57.43129,-28.32347],[-57.43129,-28.32361],[-57.43129,-28.32366],[-57.43129,-28.32376],[-57.43129,-28.3239],[-57.43129,-28.32404],[-57.4313,-28.32419],[-57.4313,-28.32433],[-57.4313,-28.32447],[-57.4313,-28.32462],[-57.4313,-28.32476],[-57.43135,-28.3249],[-57.43141,-28.32505],[-57.43157,-28.32514],[-57.43173,-28.32514],[-57.43189,-28.32514],[-57.43205,-28.32523],[-57.43222,-28.32528],[-57.43238,-28.32528],[-57.43254,-28.32528],[-57.4327,-28.32533],[-57.43284,-28.32541],[-57.43287,-28.32542],[-57.43297,-28.32557],[-57.43308,-28.32571],[-57.43308,-28.32585],[-57.43303,-28.326],[-57.43298,-28.32614],[-57.43298,-28.32628],[-57.43281,-28.32623],[-57.43265,-28.32624],[-57.43249,-28.32628],[-57.43233,-28.32633],[-57.43217,-28.32638],[-57.43206,-28.32652],[-57.43217,-28.32667],[-57.43222,-28.32681],[-57.43239,-28.32686],[-57.43255,-28.32695],[-57.43271,-28.32695],[-57.43282,-28.32709],[-57.43298,-28.32714],[-57.43309,-28.32728],[-57.43325,-28.32733],[-57.43336,-28.32747],[-57.43352,-28.32757],[-57.43368,-28.32766],[-57.43379,-28.32781],[-57.43395,-28.32785],[-57.43412,-28.3279],[-57.43428,-28.3279],[-57.43444,-28.3279],[-57.4346,-28.32795],[-57.43476,-28.32804],[-57.43493,-28.32814],[-57.43509,-28.32828],[-57.43525,-28.32838],[-57.43536,-28.32852],[-57.43552,-28.32861],[-57.43568,-28.32871],[-57.43585,-28.32876],[-57.43595,-28.3289],[-57.43612,-28.32899],[-57.43617,-28.32914],[-57.43617,-28.32928],[-57.43617,-28.32942],[-57.43617,-28.32957],[-57.43617,-28.32971],[-57.43617,-28.32985],[-57.43618,-28.33],[-57.43618,-28.33014],[-57.43618,-28.33028],[-57.43628,-28.33043],[-57.43639,-28.33057],[-57.4365,-28.33071],[-57.43661,-28.33085],[-57.43661,-28.3309],[-57.43661,-28.33105],[-57.43667,-28.33119],[-57.43672,-28.33133],[-57.43683,-28.33147],[-57.43686,-28.33151],[-57.43694,-28.33162],[-57.4371,-28.33171],[-57.43726,-28.33185],[-57.43732,-28.332],[-57.43732,-28.33214],[-57.43737,-28.33228],[-57.43743,-28.33243],[-57.43743,-28.33257],[-57.43743,-28.33271],[-57.43743,-28.33286],[-57.43732,-28.333],[-57.43738,-28.33314],[-57.43738,-28.33329],[-57.43743,-28.33343],[-57.43759,-28.33348],[-57.43775,-28.33348],[-57.43792,-28.33348],[-57.43808,-28.33348],[-57.43824,-28.33338],[-57.4384,-28.33338],[-57.43856,-28.33343],[-57.43862,-28.33357],[-57.43871,-28.33362],[-57.43878,-28.33366],[-57.43884,-28.33381],[-57.43889,-28.33395],[-57.43905,-28.33409],[-57.43916,-28.33424],[-57.43927,-28.33438],[-57.43927,-28.33452],[-57.43932,-28.33467],[-57.43943,-28.33481],[-57.43945,-28.33486],[-57.43949,-28.33495],[-57.43949,-28.33509],[-57.43965,-28.33519],[-57.4397,-28.33533],[-57.43981,-28.33548],[-57.43992,-28.33562],[-57.44003,-28.33576],[-57.44008,-28.3359],[-57.44025,-28.33605],[-57.44036,-28.33619],[-57.44036,-28.3362],[-57.44041,-28.33633],[-57.44057,-28.33643],[-57.44068,-28.33657],[-57.44084,-28.33671],[-57.44095,-28.33686],[-57.44111,-28.33695],[-57.44128,-28.33705],[-57.44144,-28.33709],[-57.4416,-28.33724],[-57.44176,-28.33733],[-57.44187,-28.33747],[-57.44193,-28.33762],[-57.44209,-28.33771],[-57.44225,-28.33781],[-57.44241,-28.3379],[-57.44258,-28.338],[-57.44274,-28.33809],[-57.4429,-28.33819],[-57.44301,-28.33833],[-57.44312,-28.33847],[-57.44328,-28.33847],[-57.44344,-28.33847],[-57.4436,-28.33847],[-57.44377,-28.33847],[-57.44393,-28.33847],[-57.44409,-28.33847],[-57.44425,-28.33847],[-57.44441,-28.33847],[-57.44457,-28.33847],[-57.44474,-28.33847],[-57.44484,-28.33832],[-57.44501,-28.33832],[-57.44517,-28.33832],[-57.44533,-28.33832],[-57.44549,-28.33832],[-57.44565,-28.33832],[-57.44582,-28.33842],[-57.44598,-28.33851],[-57.44614,-28.33865],[-57.4463,-28.33865],[-57.44646,-28.33865],[-57.44663,-28.33865],[-57.44679,-28.33865],[-57.44695,-28.33865],[-57.44711,-28.33865],[-57.44727,-28.33865],[-57.44735,-28.33865],[-57.44744,-28.33865],[-57.4476,-28.33865],[-57.44776,-28.33865],[-57.44792,-28.33865],[-57.44808,-28.33865],[-57.44825,-28.33869],[-57.44833,-28.33875],[-57.44841,-28.33879],[-57.44857,-28.33888],[-57.44873,-28.33898],[-57.44884,-28.33912],[-57.4489,-28.33927],[-57.449,-28.33941],[-57.44911,-28.33955],[-57.44927,-28.3396],[-57.44937,-28.33963],[-57.44944,-28.33965],[-57.44955,-28.33979],[-57.44971,-28.33993],[-57.44971,-28.34007],[-57.44976,-28.34022],[-57.44971,-28.34036],[-57.44955,-28.3405],[-57.44949,-28.34065],[-57.44937,-28.34065],[-57.44933,-28.34065],[-57.44917,-28.34065],[-57.44901,-28.34065],[-57.44885,-28.3406],[-57.44874,-28.34046],[-57.44863,-28.34032],[-57.44847,-28.34017],[-57.44841,-28.34003],[-57.44825,-28.33994],[-57.44809,-28.33984],[-57.44793,-28.33979],[-57.44776,-28.33979],[-57.4476,-28.33984],[-57.44744,-28.33984],[-57.44728,-28.33984],[-57.44712,-28.33984],[-57.44696,-28.33989],[-57.44685,-28.34004],[-57.44679,-28.34018],[-57.44685,-28.34032],[-57.44685,-28.34047],[-57.44685,-28.34061],[-57.44685,-28.34075],[-57.44685,-28.34079],[-57.44685,-28.3409],[-57.44691,-28.34104],[-57.44696,-28.34118],[-57.44712,-28.34128],[-57.44729,-28.34142],[-57.44745,-28.34156],[-57.44761,-28.3417],[-57.44766,-28.34176],[-57.44762,-28.34181],[-57.44762,-28.34185],[-57.44762,-28.34195],[-57.44763,-28.34209],[-57.44773,-28.34224],[-57.4479,-28.34228],[-57.4479,-28.34243],[-57.4479,-28.34257],[-57.4479,-28.34271],[-57.44806,-28.34276],[-57.44822,-28.34276],[-57.44838,-28.34286],[-57.44849,-28.343],[-57.44865,-28.34309],[-57.44882,-28.34324],[-57.44898,-28.34328],[-57.44914,-28.34333],[-57.4493,-28.34343],[-57.44947,-28.34352],[-57.44963,-28.34362],[-57.44979,-28.34366],[-57.44995,-28.34366],[-57.4501,-28.34366],[-57.45011,-28.34366],[-57.45022,-28.34352],[-57.45033,-28.34337],[-57.45027,-28.34323],[-57.45027,-28.34309],[-57.4503,-28.34301],[-57.45022,-28.34297],[-57.45027,-28.3429],[-57.45043,-28.3428],[-57.45054,-28.34266],[-57.4507,-28.34261],[-57.45087,-28.34256],[-57.45103,-28.34251],[-57.45119,-28.34251],[-57.45135,-28.34251],[-57.45151,-28.34251],[-57.45168,-28.34261],[-57.45168,-28.34275],[-57.45168,-28.34289],[-57.45184,-28.34289],[-57.452,-28.34289],[-57.45211,-28.34303],[-57.45211,-28.34318],[-57.45211,-28.34332],[-57.45211,-28.34346],[-57.45211,-28.34361],[-57.45211,-28.34365],[-57.452,-28.34366],[-57.45196,-28.34371],[-57.4519,-28.3438],[-57.4519,-28.34394],[-57.4519,-28.34409],[-57.4519,-28.34423],[-57.4519,-28.34437],[-57.45189,-28.34439],[-57.45201,-28.34442],[-57.45209,-28.34447],[-57.45222,-28.34447],[-57.45228,-28.34432],[-57.45233,-28.34418],[-57.45249,-28.34413],[-57.45265,-28.34413],[-57.45281,-28.34413],[-57.45283,-28.34409],[-57.45291,-28.34412],[-57.45298,-28.34408],[-57.45314,-28.34403],[-57.4533,-28.34394],[-57.4533,-28.34379],[-57.45346,-28.3437],[-57.45362,-28.3437],[-57.45378,-28.3437],[-57.45395,-28.3437],[-57.45411,-28.3437],[-57.45427,-28.3437],[-57.45443,-28.34369],[-57.45459,-28.34369],[-57.45476,-28.34369],[-57.45492,-28.34374],[-57.45508,-28.34384],[-57.45524,-28.34384],[-57.45535,-28.34398],[-57.45551,-28.34398],[-57.45567,-28.34398],[-57.45584,-28.34383],[-57.456,-28.34379],[-57.45616,-28.34364],[-57.45616,-28.3435],[-57.45632,-28.3434],[-57.45643,-28.34326],[-57.45653,-28.34311],[-57.45664,-28.34297],[-57.45675,-28.34283],[-57.45686,-28.34268],[-57.45702,-28.34254],[-57.45707,-28.3424],[-57.45707,-28.34235],[-57.45707,-28.34225],[-57.45707,-28.34211],[-57.45707,-28.34197],[-57.45707,-28.34182],[-57.45707,-28.34171],[-57.45707,-28.34168],[-57.45691,-28.34159],[-57.45674,-28.34159],[-57.45658,-28.34159],[-57.45642,-28.34159],[-57.45626,-28.34168],[-57.4561,-28.34178],[-57.45594,-28.34178],[-57.45588,-28.34164],[-57.45588,-28.34149],[-57.45599,-28.34135],[-57.45604,-28.34121],[-57.45604,-28.34106],[-57.45604,-28.34092],[-57.45604,-28.34078],[-57.45604,-28.34063],[-57.45609,-28.34049],[-57.45609,-28.34035],[-57.4562,-28.3402],[-57.45625,-28.34006],[-57.45625,-28.33992],[-57.45625,-28.33977],[-57.45625,-28.33963],[-57.45609,-28.33954],[-57.45598,-28.33939],[-57.45592,-28.33925],[-57.45592,-28.33911],[-57.45592,-28.33896],[-57.45592,-28.33882],[-57.45592,-28.33868],[-57.45608,-28.33858],[-57.45614,-28.33844],[-57.45619,-28.33829],[-57.45619,-28.33815],[-57.45619,-28.33801],[-57.45619,-28.33786],[-57.45624,-28.33772],[-57.45635,-28.33758],[-57.45646,-28.33743],[-57.45662,-28.33734],[-57.45678,-28.33724],[-57.45694,-28.33719],[-57.4571,-28.33719],[-57.45732,-28.33719],[-57.45748,-28.33719],[-57.45764,-28.33719],[-57.4578,-28.33719],[-57.45797,-28.33719],[-57.45813,-28.33719],[-57.45829,-28.33719],[-57.45845,-28.33724],[-57.45851,-28.33738],[-57.45851,-28.33752],[-57.45851,-28.33767],[-57.45867,-28.33771],[-57.45883,-28.33771],[-57.45899,-28.33771],[-57.45916,-28.33771],[-57.45932,-28.33771],[-57.45948,-28.33771],[-57.45955,-28.33771],[-57.45964,-28.33771],[-57.4598,-28.33771],[-57.45997,-28.33776],[-57.46002,-28.33776],[-57.46013,-28.33776],[-57.46029,-28.33775],[-57.46045,-28.33775],[-57.46061,-28.33775],[-57.46077,-28.33775],[-57.46094,-28.3378],[-57.4611,-28.3379],[-57.46126,-28.33799],[-57.46137,-28.33813],[-57.46142,-28.33828],[-57.46143,-28.33842],[-57.46143,-28.33856],[-57.46143,-28.33871],[-57.46143,-28.33885],[-57.46148,-28.33899],[-57.46164,-28.33909],[-57.46181,-28.33909],[-57.46197,-28.33909],[-57.46208,-28.33923],[-57.46208,-28.33937],[-57.46213,-28.33951],[-57.46229,-28.33951],[-57.46246,-28.33961],[-57.46262,-28.3397],[-57.46278,-28.3397],[-57.46294,-28.3397],[-57.46305,-28.33985],[-57.46321,-28.33989],[-57.46337,-28.33999],[-57.46354,-28.34008],[-57.46365,-28.34023],[-57.4637,-28.34037],[-57.4637,-28.34051],[-57.4637,-28.34066],[-57.46386,-28.3407],[-57.46403,-28.3407],[-57.46419,-28.3408],[-57.4643,-28.34094],[-57.46435,-28.34108],[-57.46435,-28.34123],[-57.46435,-28.34137],[-57.46435,-28.34151],[-57.46435,-28.34166],[-57.46435,-28.3418],[-57.46452,-28.34189],[-57.46463,-28.34204],[-57.46473,-28.34218],[-57.46473,-28.34232],[-57.46479,-28.34247],[-57.46495,-28.34256],[-57.46511,-28.34261],[-57.46528,-28.3427],[-57.46538,-28.34285],[-57.46533,-28.34299],[-57.46528,-28.34313],[-57.46522,-28.34328],[-57.46522,-28.34342],[-57.46512,-28.34345],[-57.46506,-28.34347],[-57.4649,-28.34347],[-57.46474,-28.34356],[-57.46458,-28.34366],[-57.46442,-28.34371],[-57.46431,-28.34385],[-57.46415,-28.3439],[-57.46399,-28.34395],[-57.46382,-28.34395],[-57.46366,-28.34409],[-57.4635,-28.34419],[-57.46334,-28.34429],[-57.46318,-28.34429],[-57.46302,-28.34429],[-57.46285,-28.34429],[-57.46269,-28.34429],[-57.46253,-28.34429],[-57.46237,-28.34419],[-57.46231,-28.34405],[-57.46215,-28.344],[-57.46204,-28.34386],[-57.46193,-28.34372],[-57.46188,-28.34357],[-57.46172,-28.34348],[-57.46166,-28.34334],[-57.4615,-28.34319],[-57.4615,-28.34305],[-57.4615,-28.34291],[-57.46144,-28.34276],[-57.46134,-28.34262],[-57.46128,-28.34248],[-57.46117,-28.34234],[-57.46112,-28.34219],[-57.46096,-28.3421],[-57.46079,-28.34205],[-57.46063,-28.34205],[-57.46047,-28.34205],[-57.46031,-28.34205],[-57.46015,-28.34205],[-57.45998,-28.34205],[-57.45982,-28.34215],[-57.45966,-28.34224],[-57.45955,-28.34231],[-57.4595,-28.34234],[-57.45934,-28.34234],[-57.45918,-28.34244],[-57.45918,-28.34258],[-57.45901,-28.34263],[-57.45896,-28.34277],[-57.45896,-28.34292],[-57.45912,-28.34301],[-57.45929,-28.34306],[-57.45945,-28.34315],[-57.45955,-28.3432],[-57.45967,-28.34325],[-57.45967,-28.34339],[-57.45983,-28.34339],[-57.45999,-28.34339],[-57.4601,-28.34353],[-57.46026,-28.34358],[-57.46042,-28.34363],[-57.46048,-28.34377],[-57.46059,-28.34391],[-57.46069,-28.34406],[-57.46086,-28.3441],[-57.46102,-28.3442],[-57.46107,-28.34434],[-57.46113,-28.34448],[-57.46124,-28.34463],[-57.46124,-28.34477],[-57.46129,-28.34491],[-57.46145,-28.34496],[-57.46145,-28.3451],[-57.46156,-28.34525],[-57.46172,-28.34529],[-57.46189,-28.34534],[-57.46205,-28.34534],[-57.46221,-28.34534],[-57.46237,-28.34534],[-57.46253,-28.34534],[-57.4627,-28.34534],[-57.46286,-28.34529],[-57.46302,-28.34529],[-57.46318,-28.34529],[-57.46334,-28.34519],[-57.4634,-28.34516],[-57.46351,-28.3451],[-57.46367,-28.345],[-57.46383,-28.34495],[-57.46399,-28.34495],[-57.46415,-28.34495],[-57.46431,-28.34495],[-57.46448,-28.34495],[-57.46458,-28.34495],[-57.46464,-28.34495],[-57.4648,-28.345],[-57.46496,-28.34504],[-57.46512,-28.34509],[-57.46529,-28.34509],[-57.46545,-28.34514],[-57.46561,-28.34514],[-57.46572,-28.34528],[-57.46588,-28.34528],[-57.46604,-28.34533],[-57.4662,-28.34533],[-57.46637,-28.34537],[-57.46653,-28.34547],[-57.46664,-28.34561],[-57.4668,-28.34571],[-57.46696,-28.34575],[-57.46702,-28.3459],[-57.46707,-28.34597],[-57.46713,-28.34604],[-57.46713,-28.34618],[-57.46729,-28.34628],[-57.46745,-28.34632],[-57.46761,-28.34637],[-57.46777,-28.34637],[-57.46794,-28.34637],[-57.46804,-28.34651],[-57.46821,-28.34661],[-57.46837,-28.34675],[-57.46853,-28.34675],[-57.46869,-28.34675],[-57.46886,-28.34675],[-57.46902,-28.34675],[-57.46918,-28.34675],[-57.46923,-28.34661],[-57.46939,-28.3466],[-57.46956,-28.3466],[-57.46972,-28.3466],[-57.46988,-28.3466],[-57.47004,-28.3466],[-57.47015,-28.34675],[-57.47031,-28.34689],[-57.47048,-28.34698],[-57.47048,-28.34713],[-57.47064,-28.34717],[-57.47069,-28.34732],[-57.47069,-28.34746],[-57.47069,-28.3476],[-57.47064,-28.34775],[-57.47064,-28.34776],[-57.47235,-28.34797],[-57.47237,-28.34793],[-57.47248,-28.34779],[-57.47253,-28.34764],[-57.47264,-28.3475],[-57.47269,-28.34736],[-57.47274,-28.34721],[-57.47274,-28.34707],[-57.4728,-28.34693],[-57.4729,-28.34678],[-57.47306,-28.34664],[-57.47323,-28.34659],[-57.47339,-28.34659],[-57.47355,-28.34659],[-57.47371,-28.34659],[-57.47377,-28.34673],[-57.47388,-28.34688],[-57.47404,-28.34687],[-57.4742,-28.34687],[-57.47436,-28.34683],[-57.47452,-28.34678],[-57.47474,-28.34678],[-57.4749,-28.34678],[-57.47506,-28.34678],[-57.47522,-28.34678],[-57.47539,-28.34677],[-57.47555,-28.34677],[-57.47571,-28.34677],[-57.47587,-28.34682],[-57.47603,-28.34692],[-57.4762,-28.34701],[-57.47636,-28.34711],[-57.47652,-28.3472],[-57.47668,-28.3472],[-57.47679,-28.34734],[-57.47685,-28.34749],[-57.47685,-28.34763],[-57.47685,-28.34777],[-57.47685,-28.34792],[-57.47685,-28.34806],[-57.47685,-28.3482],[-57.47685,-28.34833],[-57.47831,-28.34843],[-57.47842,-28.34829],[-57.47858,-28.3482],[-57.47874,-28.34815],[-57.47879,-28.348],[-57.47868,-28.34786],[-57.47852,-28.34781],[-57.47847,-28.34767],[-57.47847,-28.34753],[-57.47852,-28.34738],[-57.47868,-28.34729],[-57.47884,-28.34719],[-57.479,-28.34714],[-57.47917,-28.34714],[-57.47927,-28.34729],[-57.47927,-28.34743],[-57.47944,-28.34748],[-57.4796,-28.34748],[-57.47976,-28.34748],[-57.47992,-28.34748],[-57.48008,-28.34747],[-57.48025,-28.34757],[-57.48041,-28.34766],[-57.48052,-28.34781],[-57.48063,-28.34795],[-57.48079,-28.34804],[-57.48095,-28.34809],[-57.48111,-28.348],[-57.48111,-28.34785],[-57.48117,-28.34771],[-57.48133,-28.34766],[-57.48149,-28.34761],[-57.48165,-28.34766],[-57.48181,-28.34766],[-57.48197,-28.34771],[-57.48203,-28.34785],[-57.48219,-28.3479],[-57.48235,-28.34794],[-57.48246,-28.34809],[-57.48246,-28.34823],[-57.48241,-28.34837],[-57.4823,-28.34852],[-57.4823,-28.34866],[-57.48226,-28.34871],[-57.48183,-28.34868],[-57.48182,-28.34871],[-57.48176,-28.34885],[-57.48176,-28.349],[-57.48177,-28.34914],[-57.4816,-28.34914],[-57.48144,-28.34914],[-57.48128,-28.34914],[-57.48112,-28.34914],[-57.48096,-28.34919],[-57.48079,-28.34929],[-57.48063,-28.34929],[-57.48047,-28.34934],[-57.48047,-28.34948],[-57.48031,-28.34948],[-57.48015,-28.34958],[-57.48015,-28.34972],[-57.48004,-28.34986],[-57.47999,-28.35001],[-57.47988,-28.35015],[-57.47983,-28.35029],[-57.47967,-28.35039],[-57.4795,-28.35048],[-57.47934,-28.35049],[-57.47918,-28.35049],[-57.47902,-28.35049],[-57.47886,-28.35049],[-57.47869,-28.35049],[-57.47853,-28.35049],[-57.47842,-28.35035],[-57.47826,-28.35035],[-57.4781,-28.35035],[-57.47794,-28.35035],[-57.47783,-28.3502],[-57.47783,-28.35006],[-57.47767,-28.34997],[-57.4775,-28.34987],[-57.4774,-28.34973],[-57.47734,-28.34958],[-57.47729,-28.34944],[-57.47723,-28.3493],[-57.47707,-28.34925],[-57.47691,-28.34925],[-57.4768,-28.3494],[-57.4768,-28.34954],[-57.4768,-28.34968],[-57.47664,-28.34978],[-57.47659,-28.34992],[-57.47659,-28.35007],[-57.47648,-28.35021],[-57.47648,-28.35035],[-57.47648,-28.3505],[-57.47643,-28.35064],[-57.47643,-28.35078],[-57.47632,-28.35093],[-57.47616,-28.35097],[-57.47616,-28.35112],[-57.47616,-28.35126],[-57.47632,-28.35131],[-57.47649,-28.35135],[-57.47665,-28.35135],[-57.47681,-28.35135],[-57.47697,-28.35135],[-57.47713,-28.35135],[-57.4773,-28.35135],[-57.47746,-28.35126],[-57.47762,-28.35121],[-57.47778,-28.35121],[-57.47794,-28.35121],[-57.4781,-28.35121],[-57.47827,-28.35121],[-57.47843,-28.3512],[-57.47859,-28.3512],[-57.47875,-28.3512],[-57.47891,-28.3512],[-57.47897,-28.35135],[-57.47913,-28.35144],[-57.47924,-28.35158],[-57.47924,-28.35173],[-57.47924,-28.35187],[-57.47924,-28.35201],[-57.47924,-28.35216],[-57.47935,-28.3523],[-57.47941,-28.35244],[-57.47941,-28.35259],[-57.47941,-28.35273],[-57.47941,-28.35287],[-57.47941,-28.35294],[-57.47941,-28.35302],[-57.47935,-28.35316],[-57.47936,-28.3533],[-57.4793,-28.35345],[-57.47914,-28.35345],[-57.47898,-28.35345],[-57.47882,-28.35345],[-57.47865,-28.35345],[-57.47849,-28.35345],[-57.47833,-28.35345],[-57.47817,-28.35345],[-57.47801,-28.35345],[-57.47784,-28.35345],[-57.47768,-28.35345],[-57.47752,-28.35345],[-57.47736,-28.35345],[-57.4772,-28.35345],[-57.47703,-28.35345],[-57.47687,-28.3535],[-57.47671,-28.3535],[-57.47655,-28.3535],[-57.47655,-28.35365],[-57.47639,-28.35374],[-57.47623,-28.35374],[-57.47623,-28.35389],[-57.47623,-28.35403],[-57.47607,-28.35413],[-57.47607,-28.35427],[-57.47607,-28.35441],[-57.47601,-28.35456],[-57.47596,-28.3547],[-57.47596,-28.35484],[-57.47596,-28.35499],[-57.47596,-28.35513],[-57.47596,-28.35527],[-57.47596,-28.35541],[-57.47602,-28.35556],[-57.47607,-28.3557],[-57.47613,-28.35584],[-57.47624,-28.35599],[-57.4764,-28.35613],[-57.47651,-28.35627],[-57.47656,-28.35642],[-57.47662,-28.35656],[-57.47673,-28.3567],[-57.47689,-28.3568],[-57.47694,-28.35694],[-57.477,-28.35708],[-57.477,-28.35723],[-57.47705,-28.35737],[-57.47705,-28.35751],[-57.47705,-28.35766],[-57.47716,-28.3578],[-57.47732,-28.35789],[-57.47738,-28.35804],[-57.47749,-28.35818],[-57.47754,-28.35832],[-57.47754,-28.35847],[-57.47754,-28.35861],[-57.47771,-28.35866],[-57.47776,-28.3588],[-57.47787,-28.35894],[-57.47803,-28.35904],[-57.47803,-28.35918],[-57.47809,-28.35932],[-57.47825,-28.35947],[-57.47836,-28.35961],[-57.47847,-28.35975],[-57.47852,-28.35989],[-57.47868,-28.35994],[-57.47874,-28.36008],[-57.47874,-28.36023],[-57.47874,-28.36037],[-57.47874,-28.36051],[-57.47874,-28.36066],[-57.47874,-28.3609],[-57.47874,-28.36113],[-57.47874,-28.36128],[-57.47874,-28.36147],[-57.47874,-28.36156],[-57.47864,-28.36156],[-57.47847,-28.36157],[-57.47842,-28.36171],[-57.47842,-28.36185],[-57.47837,-28.362],[-57.47821,-28.36209],[-57.47821,-28.36223],[-57.47821,-28.36238],[-57.47821,-28.36252],[-57.47821,-28.36266],[-57.47821,-28.36281],[-57.47837,-28.36286],[-57.47853,-28.3629],[-57.47859,-28.36305],[-57.47859,-28.36319],[-57.47859,-28.36333],[-57.47854,-28.36348],[-57.47838,-28.36362],[-57.47821,-28.36372],[-57.47821,-28.36386],[-57.47822,-28.364],[-57.47822,-28.36414],[-57.47822,-28.36429],[-57.47822,-28.36443],[-57.47838,-28.36453],[-57.47849,-28.36467],[-57.47857,-28.36472],[-57.47865,-28.36476],[-57.47881,-28.36486],[-57.47898,-28.36491],[-57.47914,-28.365],[-57.4793,-28.36505],[-57.47946,-28.36514],[-57.47962,-28.36514],[-57.47979,-28.36519],[-57.47995,-28.36524],[-57.48006,-28.36538],[-57.48022,-28.36547],[-57.48038,-28.36557],[-57.48049,-28.36571],[-57.4806,-28.36586],[-57.48076,-28.36595],[-57.48092,-28.36605],[-57.48109,-28.36614],[-57.48125,-28.36623],[-57.4813,-28.36638],[-57.48136,-28.36652],[-57.48141,-28.36666],[-57.48152,-28.36681],[-57.48163,-28.36695],[-57.48174,-28.36709],[-57.48185,-28.36724],[-57.48201,-28.36733],[-57.48217,-28.36743],[-57.48223,-28.36757],[-57.48223,-28.36771],[-57.48234,-28.36785],[-57.48244,-28.368],[-57.48244,-28.36814],[-57.48245,-28.36828],[-57.48245,-28.36843],[-57.48255,-28.36857],[-57.48272,-28.36857],[-57.48288,-28.36862],[-57.48304,-28.36862],[-57.4832,-28.36857],[-57.48336,-28.36847],[-57.48353,-28.36842],[-57.48369,-28.36842],[-57.48385,-28.36847],[-57.48401,-28.36852],[-57.48417,-28.36856],[-57.48434,-28.36866],[-57.4845,-28.36871],[-57.48466,-28.36875],[-57.48482,-28.3688],[-57.48498,-28.3688],[-57.48515,-28.36889],[-57.48531,-28.36894],[-57.48547,-28.36894],[-57.48563,-28.36894],[-57.4858,-28.36899],[-57.48596,-28.36899],[-57.48612,-28.36908],[-57.48628,-28.36918],[-57.48644,-28.36927],[-57.48655,-28.36942],[-57.48672,-28.36946],[-57.48688,-28.36956],[-57.48693,-28.3697],[-57.48709,-28.36975],[-57.4872,-28.36989],[-57.48737,-28.37003],[-57.48742,-28.37018],[-57.48753,-28.37032],[-57.48769,-28.37041],[-57.48785,-28.37046],[-57.48802,-28.37051],[-57.48818,-28.3706],[-57.48834,-28.37065],[-57.4885,-28.3707],[-57.48866,-28.37074],[-57.48877,-28.37089],[-57.48894,-28.37093],[-57.48899,-28.37108],[-57.48915,-28.37117],[-57.48921,-28.37132],[-57.48932,-28.37146],[-57.48932,-28.3716],[-57.48932,-28.37174],[-57.48932,-28.37189],[-57.48932,-28.37203],[-57.48932,-28.37217],[-57.48932,-28.37232],[-57.48937,-28.37246],[-57.48954,-28.37246],[-57.4897,-28.37251],[-57.48986,-28.37255],[-57.49002,-28.37255],[-57.49018,-28.37265],[-57.49029,-28.37279],[-57.49029,-28.37293],[-57.49046,-28.37298],[-57.49062,-28.37298],[-57.49078,-28.37298],[-57.49094,-28.37298],[-57.4911,-28.37303],[-57.49121,-28.37317],[-57.49121,-28.37331],[-57.49127,-28.37346],[-57.49143,-28.37355],[-57.49159,-28.37355],[-57.49175,-28.37355],[-57.49192,-28.3736],[-57.49208,-28.37364],[-57.49224,-28.37364],[-57.4924,-28.37364],[-57.49256,-28.37364],[-57.49273,-28.37364],[-57.49289,-28.37364],[-57.49305,-28.37364],[-57.49311,-28.37378],[-57.49311,-28.37398],[-57.49311,-28.37412],[-57.49327,-28.37417],[-57.49343,-28.37421],[-57.49359,-28.37421],[-57.49376,-28.37426],[-57.49397,-28.37426],[-57.49413,-28.37431],[-57.4943,-28.37435],[-57.49446,-28.37435],[-57.49462,-28.3743],[-57.49478,-28.3743],[-57.49494,-28.3743],[-57.49511,-28.3743],[-57.49527,-28.3743],[-57.49543,-28.3743],[-57.49554,-28.37444],[-57.4957,-28.37444],[-57.49586,-28.37444],[-57.49602,-28.37444],[-57.49619,-28.37449],[-57.49635,-28.37454],[-57.49651,-28.37458],[-57.49667,-28.37458],[-57.49683,-28.37458],[-57.497,-28.37458],[-57.49716,-28.37458],[-57.49732,-28.37458],[-57.49748,-28.37453],[-57.49764,-28.37453],[-57.49781,-28.37453],[-57.49797,-28.37453],[-57.49813,-28.37453],[-57.49829,-28.37453],[-57.49845,-28.37453],[-57.49862,-28.37462],[-57.49878,-28.37467],[-57.49894,-28.37472],[-57.49899,-28.37486],[-57.49916,-28.37491],[-57.49932,-28.37496],[-57.49948,-28.37495],[-57.49964,-28.37495],[-57.4998,-28.37495],[-57.49997,-28.37495],[-57.50013,-28.37495],[-57.50029,-28.37495],[-57.50051,-28.37495],[-57.50067,-28.3749],[-57.50083,-28.37476],[-57.50099,-28.37476],[-57.50115,-28.37466],[-57.50131,-28.37466],[-57.50148,-28.37461],[-57.50164,-28.37452],[-57.5018,-28.37442],[-57.50196,-28.37432],[-57.50212,-28.37428],[-57.50228,-28.37423],[-57.50239,-28.37408],[-57.50255,-28.37404],[-57.50272,-28.37399],[-57.50288,-28.37389],[-57.50304,-28.37389],[-57.5032,-28.37384],[-57.50336,-28.37384],[-57.50352,-28.37375],[-57.50369,-28.37375],[-57.50385,-28.3737],[-57.50401,-28.3737],[-57.50417,-28.3737],[-57.50433,-28.3737],[-57.5045,-28.37369],[-57.50466,-28.37369],[-57.50482,-28.37369],[-57.50498,-28.37369],[-57.50514,-28.37369],[-57.50531,-28.37369],[-57.50547,-28.37374],[-57.50563,-28.37374],[-57.50579,-28.37379],[-57.50595,-28.37378],[-57.50612,-28.37378],[-57.50618,-28.37384],[-57.50628,-28.37393],[-57.50639,-28.37399],[-57.50644,-28.37402],[-57.5066,-28.37412],[-57.50677,-28.37421],[-57.50682,-28.37426],[-57.50687,-28.3744],[-57.50687,-28.37455],[-57.50688,-28.37469],[-57.50693,-28.37483],[-57.50698,-28.37497],[-57.50715,-28.37507],[-57.50731,-28.37521],[-57.50747,-28.37531],[-57.50763,-28.37535],[-57.5078,-28.3754],[-57.50796,-28.3754],[-57.50812,-28.3754],[-57.50828,-28.3754],[-57.50844,-28.3754],[-57.50861,-28.3754],[-57.50877,-28.3754],[-57.50888,-28.3754],[-57.50893,-28.3754],[-57.50904,-28.3754],[-57.5092,-28.3754],[-57.50936,-28.3754],[-57.50952,-28.3754],[-57.50974,-28.37539],[-57.5099,-28.3753],[-57.51006,-28.3752],[-57.51017,-28.37506],[-57.51028,-28.37496],[-57.51033,-28.37491],[-57.51049,-28.37487],[-57.5106,-28.37472],[-57.51076,-28.37463],[-57.51092,-28.37463],[-57.51109,-28.37463],[-57.51125,-28.37462],[-57.51141,-28.37453],[-57.51157,-28.37443],[-57.51173,-28.37438],[-57.51189,-28.37429],[-57.51206,-28.37424],[-57.51222,-28.37419],[-57.51238,-28.37419],[-57.51254,-28.37424],[-57.5127,-28.37428],[-57.51287,-28.37433],[-57.51292,-28.37448],[-57.51308,-28.37452],[-57.51319,-28.37467],[-57.51335,-28.37476],[-57.51346,-28.3749],[-57.51363,-28.375],[-57.51379,-28.37504],[-57.51395,-28.37504],[-57.51411,-28.37504],[-57.51427,-28.37504],[-57.51444,-28.37509],[-57.5146,-28.37509],[-57.51476,-28.37509],[-57.51492,-28.37509],[-57.51495,-28.37509],[-57.51524,-28.37542],[-57.5153,-28.37542],[-57.51546,-28.37542],[-57.51562,-28.37542],[-57.51579,-28.37542],[-57.51595,-28.37537],[-57.51606,-28.37523],[-57.51622,-28.37518],[-57.51638,-28.37513],[-57.51654,-28.37508],[-57.5167,-28.37499],[-57.51681,-28.37484],[-57.51697,-28.37479],[-57.51713,-28.3747],[-57.51729,-28.3746],[-57.51746,-28.37455],[-57.51762,-28.37455],[-57.51778,-28.37455],[-57.51794,-28.37455],[-57.5181,-28.37455],[-57.51827,-28.37455],[-57.51843,-28.37455],[-57.51859,-28.37469],[-57.5187,-28.37484],[-57.51875,-28.37498],[-57.51886,-28.37512],[-57.51886,-28.37526],[-57.51886,-28.37541],[-57.51892,-28.37555],[-57.51897,-28.37569],[-57.51897,-28.37584],[-57.51897,-28.37598],[-57.51898,-28.37612],[-57.51898,-28.37627],[-57.51898,-28.37641],[-57.51898,-28.37655],[-57.51898,-28.37656],[-57.51903,-28.37657],[-57.51903,-28.3766],[-57.51903,-28.37674],[-57.51903,-28.37689],[-57.51903,-28.37703],[-57.51914,-28.37717],[-57.51925,-28.37732],[-57.51925,-28.37746],[-57.51925,-28.3776],[-57.51925,-28.37775],[-57.51925,-28.37789],[-57.51942,-28.37798],[-57.51958,-28.37803],[-57.51969,-28.37817],[-57.51985,-28.37822],[-57.52001,-28.37832],[-57.52017,-28.37851],[-57.52034,-28.37851],[-57.5205,-28.37855],[-57.52066,-28.37865],[-57.52077,-28.37879],[-57.52093,-28.37884],[-57.52109,-28.37893],[-57.5212,-28.37908],[-57.52137,-28.37912],[-57.52153,-28.37922],[-57.52169,-28.37936],[-57.52185,-28.37941],[-57.52201,-28.3795],[-57.52218,-28.37955],[-57.52234,-28.37964],[-57.5225,-28.37979],[-57.52266,-28.37988],[-57.52277,-28.38002],[-57.52294,-28.38007],[-57.5231,-28.38017],[-57.52326,-28.38021],[-57.52342,-28.38026],[-57.52358,-28.38031],[-57.52369,-28.38045],[-57.52386,-28.38055],[-57.52402,-28.38064],[-57.52418,-28.38073],[-57.52434,-28.38083],[-57.5245,-28.38083],[-57.52467,-28.38083],[-57.52483,-28.38083],[-57.52499,-28.38083],[-57.52515,-28.38083],[-57.52531,-28.38083],[-57.52548,-28.38083],[-57.52564,-28.38082],[-57.5258,-28.38082],[-57.52596,-28.38082],[-57.52612,-28.38082],[-57.52629,-28.38082],[-57.52645,-28.38082],[-57.52661,-28.38082],[-57.52677,-28.38082],[-57.52693,-28.38082],[-57.5271,-28.38082],[-57.52726,-28.38082],[-57.52742,-28.38082],[-57.52758,-28.38082],[-57.52774,-28.38082],[-57.52791,-28.38082],[-57.52807,-28.38086],[-57.52823,-28.38086],[-57.52834,-28.38101],[-57.5285,-28.3811],[-57.52866,-28.38115],[-57.52883,-28.38129],[-57.52899,-28.38138],[-57.52915,-28.38153],[-57.52931,-28.38162],[-57.52948,-28.38172],[-57.52964,-28.38176],[-57.5298,-28.38181],[-57.52996,-28.38181],[-57.53007,-28.38167],[-57.53018,-28.38152],[-57.53023,-28.38145],[-57.53023,-28.38152],[-57.53023,-28.38167],[-57.53034,-28.38181],[-57.5304,-28.38195],[-57.53056,-28.38195],[-57.53069,-28.38199],[-57.53061,-28.38209],[-57.53061,-28.38224],[-57.53061,-28.38238],[-57.53061,-28.38252],[-57.53061,-28.38267],[-57.53062,-28.38281],[-57.53062,-28.38295],[-57.53062,-28.3831],[-57.53062,-28.38324],[-57.53062,-28.38338],[-57.53073,-28.38353],[-57.53084,-28.38367],[-57.53094,-28.38381],[-57.53111,-28.38391],[-57.53122,-28.38405],[-57.53127,-28.38419],[-57.53132,-28.38434],[-57.53143,-28.38448],[-57.5316,-28.38457],[-57.5317,-28.38472],[-57.53187,-28.38476],[-57.53203,-28.38481],[-57.53219,-28.38491],[-57.53225,-28.38505],[-57.53235,-28.38519],[-57.53252,-28.38529],[-57.53263,-28.38543],[-57.53279,-28.38552],[-57.53295,-28.38562],[-57.53311,-28.38571],[-57.53328,-28.38586],[-57.53344,-28.3859],[-57.5336,-28.386],[-57.53382,-28.386],[-57.53398,-28.38604],[-57.53414,-28.38604],[-57.5343,-28.38604],[-57.53446,-28.38609],[-57.53463,-28.38614],[-57.53479,-28.38623],[-57.53495,-28.38628],[-57.53511,-28.38637],[-57.53528,-28.38642],[-57.53544,-28.38652],[-57.5356,-28.38661],[-57.53576,-28.38666],[-57.53593,-28.38675],[-57.53609,-28.3868],[-57.53625,-28.38685],[-57.53641,-28.38689],[-57.53658,-28.38699],[-57.53674,-28.38704],[-57.5369,-28.38713],[-57.53706,-28.38723],[-57.53722,-28.38732],[-57.53728,-28.38734],[-57.53728,-28.38737],[-57.53728,-28.38751],[-57.53728,-28.38765],[-57.53744,-28.38765],[-57.5376,-28.38765],[-57.53777,-28.38765],[-57.53777,-28.3878],[-57.53777,-28.38794],[-57.53782,-28.38808],[-57.53788,-28.38823],[-57.53804,-28.38832],[-57.5382,-28.38837],[-57.53826,-28.38851],[-57.53826,-28.38865],[-57.53826,-28.3888],[-57.53826,-28.38894],[-57.53826,-28.38908],[-57.53826,-28.38923],[-57.53837,-28.38937],[-57.53853,-28.38946],[-57.53869,-28.38951],[-57.53875,-28.38953],[-57.53886,-28.38956],[-57.53891,-28.3897],[-57.53897,-28.38984],[-57.53902,-28.38999],[-57.53902,-28.39013],[-57.53918,-28.39018],[-57.53934,-28.39018],[-57.53951,-28.39018],[-57.53952,-28.39018],[-57.53967,-28.39027],[-57.53972,-28.39041],[-57.53972,-28.39056],[-57.53978,-28.3907],[-57.53994,-28.3908],[-57.5401,-28.39079],[-57.54027,-28.39079],[-57.54037,-28.39094],[-57.54054,-28.39098],[-57.5407,-28.39103],[-57.54075,-28.39117],[-57.54092,-28.39122],[-57.54108,-28.39127],[-57.54109,-28.3913],[-57.54113,-28.39141],[-57.54113,-28.39155],[-57.54113,-28.3917],[-57.54113,-28.39184],[-57.54114,-28.39198],[-57.54114,-28.39213],[-57.5413,-28.39222],[-57.54146,-28.39227],[-57.54152,-28.39241],[-57.54152,-28.39256],[-57.54152,-28.3927],[-57.54152,-28.39284],[-57.54157,-28.39299],[-57.54173,-28.39298],[-57.5419,-28.39303],[-57.54206,-28.39303],[-57.54217,-28.39317],[-57.54217,-28.39332],[-57.54222,-28.39346],[-57.54228,-28.3936],[-57.54239,-28.39375],[-57.54255,-28.39375],[-57.54271,-28.39379],[-57.54287,-28.39394],[-57.54298,-28.39408],[-57.54314,-28.39417],[-57.54331,-28.39427],[-57.54347,-28.39436],[-57.54363,-28.39441],[-57.54379,-28.3945],[-57.54396,-28.3946],[-57.54412,-28.39474],[-57.54428,-28.39484],[-57.54444,-28.39488],[-57.54461,-28.39493],[-57.54477,-28.39493],[-57.54493,-28.39493],[-57.54509,-28.39498],[-57.54525,-28.39498],[-57.54542,-28.39498],[-57.54558,-28.39497],[-57.54574,-28.39497],[-57.5459,-28.39502],[-57.54607,-28.39512],[-57.54617,-28.39526],[-57.54634,-28.39535],[-57.5465,-28.3954],[-57.54666,-28.3954],[-57.54682,-28.3954],[-57.54698,-28.3954],[-57.54715,-28.3954],[-57.54731,-28.39535],[-57.54735,-28.39533],[-57.54747,-28.3954],[-57.54763,-28.39549],[-57.5478,-28.39559],[-57.54796,-28.39563],[-57.54812,-28.39563],[-57.54828,-28.39563],[-57.54844,-28.39563],[-57.54861,-28.39563],[-57.54877,-28.39563],[-57.54893,-28.39563],[-57.54909,-28.39558],[-57.54925,-28.39544],[-57.54936,-28.39529],[-57.54947,-28.39515],[-57.54957,-28.39501],[-57.54963,-28.39486],[-57.54968,-28.39472],[-57.54973,-28.39458],[-57.54973,-28.39443],[-57.54973,-28.39429],[-57.54984,-28.39415],[-57.54989,-28.394],[-57.55,-28.39386],[-57.55005,-28.39372],[-57.55021,-28.39357],[-57.55038,-28.39352],[-57.55054,-28.39343],[-57.5507,-28.39338],[-57.55086,-28.39338],[-57.55102,-28.39338],[-57.55119,-28.39338],[-57.55135,-28.39338],[-57.55151,-28.39338],[-57.55167,-28.39347],[-57.55178,-28.39361],[-57.55189,-28.39376],[-57.55189,-28.3939],[-57.552,-28.39404],[-57.55211,-28.39418],[-57.55227,-28.39423],[-57.55243,-28.39428],[-57.55259,-28.39437],[-57.5527,-28.39452],[-57.55281,-28.39466],[-57.55292,-28.3948],[-57.55303,-28.39494],[-57.55319,-28.39499],[-57.5533,-28.39513],[-57.55346,-28.39518],[-57.55363,-28.39528],[-57.55379,-28.39542],[-57.55395,-28.39551],[-57.55411,-28.39561],[-57.55428,-28.39566],[-57.55444,-28.39566],[-57.5546,-28.39575],[-57.55471,-28.39589],[-57.55487,-28.39599],[-57.55503,-28.39599],[-57.5552,-28.39608],[-57.55536,-28.39608],[-57.55552,-28.39608],[-57.55568,-28.39608],[-57.55584,-28.39608],[-57.55601,-28.39608],[-57.55617,-28.39608],[-57.55633,-28.39608],[-57.55649,-28.39608],[-57.55665,-28.39608],[-57.55682,-28.39608],[-57.55692,-28.39593],[-57.55708,-28.39588],[-57.55725,-28.39583],[-57.55741,-28.39574],[-57.55757,-28.39564],[-57.55773,-28.39555],[-57.55789,-28.3955],[-57.55805,-28.39545],[-57.55822,-28.39535],[-57.55838,-28.39526],[-57.55848,-28.39511],[-57.55865,-28.39502],[-57.55881,-28.39492],[-57.55897,-28.39483],[-57.55902,-28.39468],[-57.55918,-28.39459],[-57.55929,-28.39444],[-57.5594,-28.3943],[-57.55956,-28.39415],[-57.55972,-28.39406],[-57.55983,-28.39391],[-57.55993,-28.39385],[-57.55999,-28.39382],[-57.56015,-28.39377],[-57.56031,-28.39367],[-57.56047,-28.39363],[-57.56064,-28.39353],[-57.5608,-28.39358],[-57.56091,-28.39372],[-57.56091,-28.39386],[-57.56091,-28.39401],[-57.56091,-28.39415],[-57.56091,-28.39429],[-57.56091,-28.39444],[-57.56091,-28.39458],[-57.56086,-28.39472],[-57.5607,-28.39482],[-57.56053,-28.39491],[-57.56043,-28.39506],[-57.56032,-28.3952],[-57.56016,-28.3952],[-57.56,-28.3953],[-57.55984,-28.39539],[-57.55967,-28.39544],[-57.55951,-28.39554],[-57.55935,-28.39559],[-57.55919,-28.39564],[-57.55908,-28.39578],[-57.55892,-28.39588],[-57.55887,-28.39602],[-57.55887,-28.39616],[-57.55892,-28.39631],[-57.55898,-28.39645],[-57.55903,-28.39659],[-57.55914,-28.39673],[-57.5593,-28.39683],[-57.55947,-28.39692],[-57.55963,-28.39692],[-57.55979,-28.39692],[-57.55995,-28.39692],[-57.56011,-28.39692],[-57.56028,-28.39692],[-57.56044,-28.39692],[-57.5606,-28.39692],[-57.56076,-28.39692],[-57.56092,-28.39687],[-57.56108,-28.39677],[-57.56125,-28.39668],[-57.56141,-28.39653],[-57.56157,-28.39644],[-57.56173,-28.39639],[-57.56182,-28.39633],[-57.56189,-28.39629],[-57.56211,-28.39624],[-57.56227,-28.39615],[-57.56243,-28.39605],[-57.56259,-28.396],[-57.56275,-28.39591],[-57.56292,-28.39586],[-57.56308,-28.39581],[-57.56324,-28.39576],[-57.5634,-28.39576],[-57.56356,-28.39576],[-57.56372,-28.39576],[-57.56389,-28.39576],[-57.56405,-28.39576],[-57.56421,-28.39576],[-57.56437,-28.39576],[-57.56453,-28.39576],[-57.5647,-28.39576],[-57.56486,-28.39576],[-57.56502,-28.39576],[-57.56518,-28.39575],[-57.56534,-28.39575],[-57.56551,-28.39575],[-57.56567,-28.39575],[-57.56583,-28.39575],[-57.56594,-28.39589],[-57.5661,-28.39594],[-57.56626,-28.39604],[-57.56643,-28.39613],[-57.56648,-28.39627],[-57.56654,-28.39642],[-57.56637,-28.39642],[-57.56621,-28.39642],[-57.56621,-28.39656],[-57.56621,-28.39671],[-57.56621,-28.39685],[-57.56622,-28.39699],[-57.56638,-28.39704],[-57.56654,-28.39709],[-57.5667,-28.39708],[-57.56686,-28.39708],[-57.56703,-28.39708],[-57.56719,-28.39708],[-57.56735,-28.39708],[-57.56751,-28.39708],[-57.56767,-28.39708],[-57.56784,-28.39708],[-57.568,-28.39708],[-57.56816,-28.39708],[-57.56832,-28.39708],[-57.56848,-28.39708],[-57.56865,-28.39708],[-57.56881,-28.39708],[-57.56897,-28.39708],[-57.56913,-28.39707],[-57.56929,-28.39698],[-57.56945,-28.39693],[-57.56956,-28.39679],[-57.56972,-28.39674],[-57.56988,-28.39664],[-57.57005,-28.39655],[-57.57021,-28.39645],[-57.57037,-28.39635],[-57.57053,-28.39626],[-57.57064,-28.39611],[-57.5708,-28.39602],[-57.57096,-28.39597],[-57.57112,-28.39587],[-57.57128,-28.39578],[-57.57145,-28.39573],[-57.57161,-28.39563],[-57.57177,-28.39554],[-57.57193,-28.39539],[-57.57204,-28.39525],[-57.5722,-28.39515],[-57.57231,-28.39501],[-57.57236,-28.39486],[-57.57252,-28.39477],[-57.57257,-28.39463],[-57.57268,-28.39448],[-57.57273,-28.39434],[-57.57273,-28.39419],[-57.57279,-28.39405],[-57.57279,-28.39391],[-57.57289,-28.39376],[-57.57289,-28.39362],[-57.57284,-28.39348],[-57.57273,-28.39334],[-57.57267,-28.39319],[-57.57267,-28.39305],[-57.57267,-28.39291],[-57.57267,-28.39276],[-57.57267,-28.39262],[-57.57267,-28.39248],[-57.57262,-28.39233],[-57.57251,-28.39219],[-57.57251,-28.39205],[-57.57251,-28.3919],[-57.57245,-28.39176],[-57.57245,-28.39162],[-57.5724,-28.39147],[-57.57223,-28.39133],[-57.57207,-28.39129],[-57.57191,-28.39119],[-57.57185,-28.39105],[-57.57169,-28.39095],[-57.57153,-28.39086],[-57.57137,-28.39081],[-57.5712,-28.39072],[-57.57104,-28.39067],[-57.57093,-28.39053],[-57.57077,-28.39053],[-57.57061,-28.39053],[-57.57045,-28.39053],[-57.57028,-28.39043],[-57.57012,-28.39043],[-57.56996,-28.39039],[-57.5698,-28.39039],[-57.56964,-28.39034],[-57.56942,-28.39029],[-57.56926,-28.39025],[-57.56909,-28.39025],[-57.56893,-28.3902],[-57.56877,-28.3902],[-57.56861,-28.3902],[-57.56845,-28.39015],[-57.56823,-28.39016],[-57.56807,-28.39016],[-57.56791,-28.39011],[-57.56774,-28.39006],[-57.56758,-28.38997],[-57.56742,-28.38982],[-57.56726,-28.38983],[-57.56709,-28.38978],[-57.56693,-28.38978],[-57.56677,-28.38973],[-57.56661,-28.38964],[-57.56645,-28.38954],[-57.56628,-28.3894],[-57.56612,-28.38935],[-57.56596,-28.38926],[-57.56594,-28.38924],[-57.56572,-28.38931],[-57.56558,-28.38931],[-57.56542,-28.38931],[-57.56526,-28.38926],[-57.56509,-28.38926],[-57.56493,-28.38917],[-57.56477,-28.38912],[-57.56461,-28.38907],[-57.56445,-28.38907],[-57.56428,-28.38907],[-57.56412,-28.38907],[-57.56396,-28.38907],[-57.5638,-28.38903],[-57.56363,-28.38898],[-57.56347,-28.38898],[-57.56331,-28.38898],[-57.56315,-28.38898],[-57.56307,-28.38896],[-57.56299,-28.38894],[-57.56282,-28.38894],[-57.56266,-28.38894],[-57.5625,-28.38894],[-57.56234,-28.38894],[-57.56218,-28.38889],[-57.56201,-28.3888],[-57.56191,-28.38865],[-57.56182,-28.38858],[-57.56174,-28.38851],[-57.56163,-28.38837],[-57.56158,-28.38823],[-57.56147,-28.38808],[-57.56136,-28.38794],[-57.5612,-28.38784],[-57.5612,-28.3877],[-57.5612,-28.38756],[-57.56114,-28.38742],[-57.56098,-28.38732],[-57.56087,-28.38718],[-57.56076,-28.38704],[-57.56076,-28.38689],[-57.56076,-28.38675],[-57.56071,-28.38661],[-57.56071,-28.38646],[-57.56071,-28.38632],[-57.5606,-28.38618],[-57.56049,-28.38603],[-57.56038,-28.38589],[-57.56027,-28.38575],[-57.56016,-28.38561],[-57.56,-28.38551],[-57.55994,-28.38537],[-57.55994,-28.38522],[-57.55994,-28.38508],[-57.55994,-28.38494],[-57.55994,-28.38479],[-57.55994,-28.38465],[-57.55994,-28.38451],[-57.55994,-28.38436],[-57.55994,-28.38422],[-57.55988,-28.38408],[-57.55988,-28.38394],[-57.55983,-28.38379],[-57.55983,-28.38365],[-57.55972,-28.38351],[-57.55961,-28.38336],[-57.55956,-28.38322],[-57.55945,-28.38308],[-57.55945,-28.38293],[-57.55939,-28.38279],[-57.55934,-28.38265],[-57.55934,-28.3825],[-57.55933,-28.38236],[-57.55944,-28.38222],[-57.5596,-28.38212],[-57.55966,-28.38198],[-57.55971,-28.38183],[-57.55971,-28.38169],[-57.55971,-28.38155],[-57.55982,-28.3814],[-57.55992,-28.38137],[-57.55998,-28.38136],[-57.56014,-28.38145],[-57.56015,-28.38145],[-57.5603,-28.38145],[-57.56046,-28.38135],[-57.56057,-28.38121],[-57.56057,-28.38107],[-57.56062,-28.38092],[-57.56073,-28.38078],[-57.56084,-28.38064],[-57.561,-28.38059],[-57.56116,-28.38049],[-57.56132,-28.38049],[-57.56148,-28.38054],[-57.56165,-28.38063],[-57.56176,-28.38078],[-57.56182,-28.3808],[-57.56192,-28.38082],[-57.56208,-28.38097],[-57.56224,-28.38106],[-57.56241,-28.38111],[-57.56257,-28.38111],[-57.56273,-28.38111],[-57.56289,-28.38101],[-57.56305,-28.38091],[-57.56316,-28.38077],[-57.56327,-28.38063],[-57.56343,-28.38053],[-57.56359,-28.38043],[-57.56365,-28.38036],[-57.5637,-28.38029],[-57.56386,-28.38019],[-57.56402,-28.3801],[-57.56418,-28.38005],[-57.56434,-28.37995],[-57.5645,-28.37991],[-57.56467,-28.37981],[-57.56483,-28.37976],[-57.56499,-28.37966],[-57.56515,-28.37957],[-57.56531,-28.37952],[-57.56547,-28.37942],[-57.56564,-28.37938],[-57.5658,-28.37928],[-57.56596,-28.37918],[-57.56617,-28.37904],[-57.56634,-28.37899],[-57.5665,-28.37894],[-57.56666,-28.37885],[-57.56682,-28.37875],[-57.56693,-28.37861],[-57.56709,-28.37846],[-57.5672,-28.37832],[-57.56736,-28.37822],[-57.56746,-28.37808],[-57.56763,-28.37798],[-57.56779,-28.37789],[-57.56789,-28.37774],[-57.568,-28.3776],[-57.56816,-28.37746],[-57.56832,-28.37736],[-57.56838,-28.37722],[-57.56854,-28.37707],[-57.5687,-28.37698],[-57.56875,-28.37683],[-57.56875,-28.37669],[-57.56875,-28.37655],[-57.56875,-28.3764],[-57.5688,-28.37626],[-57.5688,-28.37612],[-57.5688,-28.37597],[-57.5688,-28.37583],[-57.5688,-28.37569],[-57.5688,-28.37554],[-57.5688,-28.3754],[-57.5688,-28.37526],[-57.5688,-28.37511],[-57.5688,-28.37497],[-57.5688,-28.37483],[-57.5688,-28.37468],[-57.5688,-28.37454],[-57.56879,-28.3744],[-57.56874,-28.37425],[-57.56874,-28.37411],[-57.56874,-28.37397],[-57.56874,-28.37382],[-57.56863,-28.37368],[-57.56852,-28.37354],[-57.56841,-28.3734],[-57.56836,-28.37325],[-57.56819,-28.37316],[-57.56809,-28.37301],[-57.56792,-28.37292],[-57.56776,-28.37287],[-57.56765,-28.37273],[-57.56749,-28.37268],[-57.56733,-28.37259],[-57.56717,-28.37259],[-57.56708,-28.37259],[-57.56706,-28.37254],[-57.56689,-28.37245],[-57.56679,-28.3723],[-57.56662,-28.37216],[-57.56646,-28.37202],[-57.56641,-28.37188],[-57.56624,-28.37183],[-57.56621,-28.37175],[-57.56619,-28.37169],[-57.56603,-28.37159],[-57.56586,-28.37154],[-57.5657,-28.3714],[-57.56554,-28.37135],[-57.56548,-28.37121],[-57.56534,-28.37113],[-57.56532,-28.37112],[-57.56527,-28.37097],[-57.5651,-28.37083],[-57.56505,-28.37069],[-57.56494,-28.37055],[-57.56483,-28.3704],[-57.56472,-28.37026],[-57.56467,-28.37012],[-57.56467,-28.36997],[-57.56467,-28.36983],[-57.56467,-28.36969],[-57.56467,-28.36954],[-57.56467,-28.3694],[-57.56477,-28.36926],[-57.56483,-28.36911],[-57.56482,-28.36897],[-57.56482,-28.36883],[-57.56482,-28.36868],[-57.56488,-28.36854],[-57.56488,-28.3684],[-57.56487,-28.36825],[-57.56487,-28.36811],[-57.56487,-28.36797],[-57.56471,-28.36782],[-57.5646,-28.36768],[-57.56449,-28.36754],[-57.56433,-28.3674],[-57.56422,-28.36725],[-57.56411,-28.36711],[-57.564,-28.36697],[-57.56384,-28.36687],[-57.56373,-28.36673],[-57.56357,-28.36664],[-57.56346,-28.36649],[-57.56335,-28.36635],[-57.56324,-28.36621],[-57.56308,-28.36606],[-57.56297,-28.36592],[-57.56292,-28.36578],[-57.56276,-28.36573],[-57.56265,-28.36559],[-57.56254,-28.36545],[-57.56243,-28.3653],[-57.56232,-28.36516],[-57.5622,-28.36505],[-57.56216,-28.36502],[-57.56495,-28.36628],[-57.57267,-28.36978],[-57.57721,-28.37717],[-57.60507,-28.38762],[-57.62668,-28.39573],[-57.61994,-28.38953],[-57.59929,-28.37053],[-57.57311,-28.34005],[-57.5816,-28.32168],[-57.58721,-28.32041],[-57.58499,-28.29402],[-57.58415,-28.28343],[-57.57102,-28.26918],[-57.56018,-28.26498],[-57.56303,-28.25693],[-57.55346,-28.24723],[-57.55252,-28.24773],[-57.54397,-28.21314],[-57.50474,-28.17281],[-57.48388,-28.16352],[-57.48033,-28.15872],[-57.4767,-28.15718],[-57.47348,-28.15582],[-57.47082,-28.15469],[-57.46446,-28.14896],[-57.45618,-28.14806],[-57.45356,-28.14654],[-57.45061,-28.14484],[-57.44305,-28.13626],[-57.44232,-28.13461],[-57.44232,-28.13461],[-57.44249,-28.1346],[-57.44265,-28.1346],[-57.44281,-28.1346],[-57.44297,-28.1346],[-57.44313,-28.1346],[-57.44329,-28.1347],[-57.44346,-28.13474],[-57.44362,-28.13484],[-57.44378,-28.13493],[-57.44394,-28.13503],[-57.4441,-28.13512],[-57.44427,-28.13522],[-57.44437,-28.13536],[-57.44454,-28.13546],[-57.4447,-28.13555],[-57.44486,-28.13565],[-57.44497,-28.13579],[-57.44502,-28.13593],[-57.44519,-28.13603],[-57.44535,-28.13612],[-57.44546,-28.13627],[-57.44546,-28.13641],[-57.44546,-28.13655],[-57.44546,-28.1367],[-57.44546,-28.13684],[-57.44546,-28.13698],[-57.44562,-28.13713],[-57.44568,-28.13727],[-57.44578,-28.13741],[-57.44589,-28.13755],[-57.446,-28.1377],[-57.44616,-28.1377],[-57.44632,-28.1377],[-57.44649,-28.1377],[-57.44665,-28.13769],[-57.44681,-28.13769],[-57.44697,-28.13769],[-57.44713,-28.13765],[-57.44724,-28.1375],[-57.4474,-28.13741],[-57.44756,-28.13736],[-57.44772,-28.13726],[-57.44788,-28.13717],[-57.44804,-28.13707],[-57.4481,-28.13693],[-57.44815,-28.13678],[-57.44831,-28.13669],[-57.44847,-28.13659],[-57.44863,-28.13654],[-57.4488,-28.13649],[-57.44896,-28.13645],[-57.44912,-28.1364],[-57.44928,-28.1363],[-57.44944,-28.1363],[-57.4496,-28.13625],[-57.44976,-28.1362],[-57.44993,-28.13611],[-57.45009,-28.13611],[-57.45025,-28.13606],[-57.45041,-28.13601],[-57.45057,-28.13596],[-57.45073,-28.13582],[-57.45089,-28.13568],[-57.45105,-28.13558],[-57.45122,-28.13548],[-57.45138,-28.13544],[-57.45154,-28.13534],[-57.4517,-28.13534],[-57.45186,-28.13534],[-57.45202,-28.13529],[-57.45218,-28.13529],[-57.45235,-28.13524],[-57.45251,-28.13524],[-57.45267,-28.13519],[-57.45283,-28.13514],[-57.45299,-28.13514],[-57.45315,-28.13505],[-57.45331,-28.135],[-57.45348,-28.135],[-57.45364,-28.1349],[-57.4538,-28.13481],[-57.4538,-28.13466],[-57.4538,-28.13452],[-57.4538,-28.13438],[-57.4538,-28.13423],[-57.4538,-28.13409],[-57.4538,-28.13395],[-57.45379,-28.1338],[-57.45379,-28.13366],[-57.45379,-28.13352],[-57.45379,-28.13337],[-57.45368,-28.13323],[-57.45358,-28.13309],[-57.45352,-28.13295],[-57.45347,-28.1328],[-57.45331,-28.13271],[-57.4532,-28.13256],[-57.4532,-28.13242],[-57.4532,-28.13228],[-57.45309,-28.13213],[-57.45303,-28.13199],[-57.45287,-28.1319],[-57.45276,-28.13175],[-57.45276,-28.13161],[-57.45271,-28.13147],[-57.45271,-28.13132],[-57.45265,-28.13118],[-57.45249,-28.13109],[-57.45244,-28.13094],[-57.45238,-28.1308],[-57.45222,-28.13075],[-57.45206,-28.13075],[-57.4519,-28.13075],[-57.45173,-28.13075],[-57.45157,-28.1308],[-57.45141,-28.1309],[-57.45125,-28.1309],[-57.45109,-28.13095],[-57.45093,-28.131],[-57.45077,-28.131],[-57.4506,-28.13104],[-57.45044,-28.13114],[-57.45028,-28.13114],[-57.45012,-28.13119],[-57.44991,-28.13129],[-57.44974,-28.13138],[-57.44958,-28.13138],[-57.44937,-28.13143],[-57.44921,-28.13148],[-57.44904,-28.13153],[-57.44888,-28.13158],[-57.44872,-28.13162],[-57.44856,-28.13167],[-57.4484,-28.13182],[-57.44824,-28.13186],[-57.44808,-28.13196],[-57.44792,-28.13201],[-57.44775,-28.13206],[-57.44759,-28.13206],[-57.44743,-28.13206],[-57.44727,-28.13206],[-57.44711,-28.13206],[-57.44695,-28.13206],[-57.44678,-28.13206],[-57.44668,-28.13192],[-57.44651,-28.13177],[-57.44635,-28.13173],[-57.44624,-28.13158],[-57.44608,-28.13149],[-57.44597,-28.13135],[-57.44587,-28.1312],[-57.4457,-28.13116],[-57.44554,-28.13111],[-57.44543,-28.13097],[-57.44527,-28.13087],[-57.44511,-28.13082],[-57.44495,-28.13073],[-57.44479,-28.13068],[-57.44477,-28.13066],[-57.44468,-28.13054],[-57.44452,-28.13049],[-57.44435,-28.1304],[-57.44419,-28.13035],[-57.44403,-28.13025],[-57.44387,-28.13021],[-57.44371,-28.13011],[-57.44355,-28.13011],[-57.44344,-28.13011],[-57.44344,-28.13007],[-57.44328,-28.12997],[-57.44311,-28.12997],[-57.44295,-28.12997],[-57.44279,-28.12997],[-57.44263,-28.12997],[-57.44247,-28.12997],[-57.44231,-28.12997],[-57.44214,-28.12997],[-57.44198,-28.12997],[-57.44182,-28.12998],[-57.44166,-28.12998],[-57.4415,-28.12998],[-57.44134,-28.12998],[-57.44117,-28.12998],[-57.44101,-28.12993],[-57.44085,-28.12988],[-57.44069,-28.12979],[-57.44053,-28.12969],[-57.44037,-28.1296],[-57.44026,-28.12946],[-57.44009,-28.12936],[-57.43997,-28.12929],[-57.43931,-28.12779],[-57.44013,-28.1253],[-57.44105,-28.12253],[-57.44138,-28.12151],[-57.44162,-28.12079],[-57.44217,-28.11913],[-57.43966,-28.11396],[-57.43965,-28.11389],[-57.43965,-28.11375],[-57.43965,-28.1136],[-57.43965,-28.11346],[-57.43965,-28.11332],[-57.43965,-28.11317],[-57.43965,-28.11303],[-57.43965,-28.11289],[-57.43965,-28.11274],[-57.43965,-28.1126],[-57.43954,-28.11246],[-57.43954,-28.11232],[-57.43954,-28.11217],[-57.43954,-28.11203],[-57.43954,-28.11189],[-57.43948,-28.11174],[-57.43932,-28.11165],[-57.43921,-28.1115],[-57.43905,-28.11141],[-57.43889,-28.11131],[-57.43878,-28.11117],[-57.43867,-28.11103],[-57.43857,-28.11089],[-57.43846,-28.11074],[-57.4384,-28.1106],[-57.4384,-28.11041],[-57.4384,-28.11027],[-57.43835,-28.11012],[-57.43829,-28.10998],[-57.43818,-28.10984],[-57.43818,-28.10978],[-57.46316,-28.09356],[-57.46768,-28.09041],[-57.46339,-28.08049],[-57.45558,-28.07459],[-57.45269,-28.07633],[-57.45258,-28.07579],[-57.45231,-28.07444],[-57.45189,-28.07235],[-57.45157,-28.07072],[-57.45112,-28.06847],[-57.45006,-28.06684],[-57.45062,-28.06472],[-57.45087,-28.06377],[-57.4509,-28.06364],[-57.45061,-28.06319],[-57.45005,-28.06233],[-57.44985,-28.06203],[-57.44897,-28.05757],[-57.44849,-28.05693],[-57.44795,-28.05621],[-57.44695,-28.05489],[-57.44332,-28.05007],[-57.43742,-28.05391],[-57.43656,-28.05446],[-57.43634,-28.05461],[-57.41871,-28.06607],[-57.41851,-28.0662],[-57.4185,-28.0662],[-57.41779,-28.06666],[-57.41762,-28.06597],[-57.41342,-28.04932],[-57.41405,-28.04891],[-57.42228,-28.04326],[-57.42474,-28.04157],[-57.42572,-28.0427],[-57.42617,-28.04321],[-57.4308,-28.0402],[-57.4306,-28.03982],[-57.41379,-28.0075],[-57.40381,-28.01114],[-57.40347,-28.00999],[-57.3996,-27.99692],[-57.39777,-27.99075],[-57.40196,-27.98744],[-57.40314,-27.98651],[-57.40299,-27.98506],[-57.402,-27.97586],[-57.39272,-27.96527],[-57.38969,-27.96333],[-57.38103,-27.9578],[-57.3812,-27.94902],[-57.3752,-27.94253],[-57.37175,-27.93491],[-57.37128,-27.93388],[-57.3616,-27.93923],[-57.35655,-27.93249],[-57.34809,-27.924],[-57.34721,-27.92321],[-57.34705,-27.92307],[-57.34365,-27.91999],[-57.34151,-27.91806],[-57.33699,-27.91392],[-57.33321,-27.91047],[-57.33311,-27.91038],[-57.33179,-27.90922],[-57.32939,-27.9035],[-57.32816,-27.90014],[-57.32769,-27.90056],[-57.32112,-27.89125],[-57.31548,-27.88176],[-57.30061,-27.86115],[-57.29564,-27.85617],[-57.29564,-27.85617],[-57.28811,-27.84862],[-57.28601,-27.84651],[-57.28257,-27.84287],[-57.28192,-27.84219],[-57.28321,-27.8475],[-57.29338,-27.85774],[-57.29612,-27.86154],[-57.28653,-27.87206],[-57.29522,-27.87831]],[[-57.30977,-27.93205],[-57.29785,-27.92872],[-57.29718,-27.91848],[-57.29705,-27.9165],[-57.32425,-27.9222],[-57.33643,-27.93407],[-57.33113,-27.948],[-57.30977,-27.93205]],[[-57.39306,-28.02129],[-57.39317,-28.01972],[-57.39309,-28.01808],[-57.3924,-28.00419],[-57.3975,-28.00389],[-57.39895,-28.00381],[-57.40082,-28.01081],[-57.40374,-28.02172],[-57.40652,-28.03208],[-57.40822,-28.03178],[-57.40907,-28.03423],[-57.4099,-28.03547],[-57.40947,-28.04525],[-57.40826,-28.04554],[-57.40476,-28.04638],[-57.40406,-28.04655],[-57.40323,-28.04675],[-57.4027,-28.0442],[-57.40208,-28.04125],[-57.40197,-28.0407],[-57.40183,-28.04005],[-57.40046,-28.03348],[-57.39306,-28.02129]]]]},"geometry_name":"geom","properties":{"display_name":"Parque Nacional Iberá","fna":"Parque Nacional Iberá","nam":"Iberá","csv_name":"Iberá","visits_total":409749,"fdc":"IGN/Ministerio de Ambiente"},"bbox":[-57.62667741,-28.39708563,-57.09636881,-27.84218809]},{"type":"Feature","id":"area_protegida.1155","geometry":{"type":"MultiPolygon","coordinates":[[[[-53.88978,-27.14808],[-53.88982,-27.14894],[-53.88974,-27.14986],[-53.88971,-27.15027],[-53.88971,-27.15092],[-53.88963,-27.15127],[-53.88937,-27.15148],[-53.8893,-27.15169],[-53.88934,-27.15194],[-53.8893,-27.15236],[-53.88921,-27.15267],[-53.88892,-27.15293],[-53.88894,-27.15323],[-53.88912,-27.15375],[-53.88928,-27.15415],[-53.88957,-27.1548],[-53.88974,-27.15522],[-53.88997,-27.15568],[-53.89026,-27.15601],[-53.89084,-27.15699],[-53.89112,-27.15724],[-53.89133,-27.15745],[-53.89139,-27.15761],[-53.89136,-27.15781],[-53.89155,-27.15821],[-53.89182,-27.15885],[-53.89234,-27.15932],[-53.89292,-27.15974],[-53.89316,-27.15999],[-53.89351,-27.16075],[-53.89394,-27.16176],[-53.89413,-27.16226],[-53.89437,-27.16253],[-53.89458,-27.16289],[-53.89492,-27.16363],[-53.89519,-27.16397],[-53.89535,-27.16415],[-53.89551,-27.16443],[-53.89566,-27.1649],[-53.89576,-27.16514],[-53.89596,-27.16537],[-53.89609,-27.16575],[-53.89624,-27.16607],[-53.89658,-27.16665],[-53.89691,-27.16739],[-53.897,-27.16755],[-53.89698,-27.16774],[-53.89733,-27.16813],[-53.89766,-27.16864],[-53.89794,-27.16903],[-53.89837,-27.16948],[-53.89917,-27.17028],[-53.89963,-27.17076],[-53.89997,-27.17093],[-53.90072,-27.17163],[-53.90143,-27.17228],[-53.90225,-27.17281],[-53.90306,-27.17318],[-53.90416,-27.17353],[-53.9047,-27.17381],[-53.90544,-27.17422],[-53.90653,-27.17472],[-53.90734,-27.17488],[-53.90818,-27.17486],[-53.90896,-27.1749],[-53.90962,-27.17472],[-53.90968,-27.17458],[-53.90987,-27.17447],[-53.91019,-27.17446],[-53.91034,-27.17436],[-53.9106,-27.17435],[-53.91104,-27.17429],[-53.91162,-27.17442],[-53.91182,-27.17431],[-53.912,-27.17436],[-53.91224,-27.17433],[-53.91324,-27.17426],[-53.91439,-27.17408],[-53.91483,-27.17391],[-53.91506,-27.1737],[-53.9157,-27.17346],[-53.91598,-27.1734],[-53.91611,-27.17326],[-53.91639,-27.17309],[-53.91659,-27.17294],[-53.91679,-27.17287],[-53.917,-27.17268],[-53.91727,-27.17237],[-53.91735,-27.17227],[-53.91745,-27.17216],[-53.91759,-27.17206],[-53.91774,-27.17191],[-53.9178,-27.17178],[-53.91794,-27.17153],[-53.9185,-27.17078],[-53.91911,-27.16988],[-53.91956,-27.16927],[-53.92,-27.16864],[-53.92054,-27.16781],[-53.92098,-27.16711],[-53.9212,-27.16663],[-53.92148,-27.16628],[-53.92171,-27.166],[-53.92178,-27.16576],[-53.92234,-27.16521],[-53.92302,-27.16432],[-53.92346,-27.16362],[-53.92365,-27.16329],[-53.9239,-27.1629],[-53.92405,-27.16258],[-53.92443,-27.16202],[-53.92494,-27.16165],[-53.92545,-27.16102],[-53.92538,-27.15992],[-53.92432,-27.14487],[-53.92431,-27.14485],[-53.92386,-27.14508],[-53.92304,-27.1455],[-53.92256,-27.14576],[-53.92191,-27.14612],[-53.92159,-27.1463],[-53.92124,-27.14648],[-53.92051,-27.14683],[-53.91977,-27.14715],[-53.91928,-27.14734],[-53.91827,-27.14771],[-53.91782,-27.14787],[-53.91759,-27.14794],[-53.91724,-27.14804],[-53.91672,-27.14816],[-53.91618,-27.14827],[-53.91591,-27.1483],[-53.91536,-27.14836],[-53.91509,-27.14838],[-53.91468,-27.14839],[-53.91416,-27.14838],[-53.91389,-27.14836],[-53.91349,-27.14831],[-53.91311,-27.14823],[-53.91292,-27.14819],[-53.91233,-27.14803],[-53.91195,-27.14791],[-53.91118,-27.14764],[-53.9108,-27.14749],[-53.91005,-27.14717],[-53.90932,-27.1468],[-53.90884,-27.14655],[-53.90853,-27.14637],[-53.90792,-27.146],[-53.90646,-27.14504],[-53.90549,-27.1444],[-53.90358,-27.14312],[-53.90162,-27.14179],[-53.90066,-27.14113],[-53.8997,-27.14043],[-53.89923,-27.14007],[-53.89904,-27.13991],[-53.89893,-27.1398],[-53.89872,-27.13956],[-53.89843,-27.13918],[-53.89791,-27.13838],[-53.89776,-27.13816],[-53.89749,-27.13772],[-53.89723,-27.13727],[-53.89708,-27.13697],[-53.89678,-27.13635],[-53.89668,-27.1361],[-53.89663,-27.13593],[-53.89655,-27.13558],[-53.89651,-27.1354],[-53.8965,-27.13505],[-53.89649,-27.13468],[-53.8965,-27.13454],[-53.89077,-27.13686],[-53.88931,-27.13734],[-53.88873,-27.13753],[-53.88883,-27.13802],[-53.88896,-27.13853],[-53.88911,-27.139],[-53.88927,-27.13962],[-53.88936,-27.14028],[-53.88956,-27.14143],[-53.88964,-27.14225],[-53.88972,-27.14296],[-53.88975,-27.14377],[-53.88973,-27.14509],[-53.88978,-27.14575],[-53.88977,-27.14637],[-53.88972,-27.14708],[-53.88978,-27.14808]]]]},"geometry_name":"geom","properties":{"display_name":"Parque Provincial Moconá","fna":"Parque Provincial Moconá","nam":"Moconá","csv_name":"Parque Provincial Mocona","visits_total":344156,"fdc":"SIB/IGN/Ley Provincial Nº 2.932/1992"},"bbox":[-53.92545268,-27.17490172,-53.88873303,-27.13453951]},{"type":"Feature","id":"area_protegida.1157","geometry":{"type":"MultiPolygon","coordinates":[[[[-56.9028,-27.6328],[-56.90222,-27.63281],[-56.89894,-27.6329],[-56.89464,-27.63341],[-56.86432,-27.63615],[-56.8449,-27.62993],[-56.8117,-27.63447],[-56.81104,-27.63452],[-56.80745,-27.63481],[-56.7958,-27.63336],[-56.77556,-27.63053],[-56.74885,-27.62714],[-56.7464,-27.62688],[-56.73843,-27.62602],[-56.72888,-27.62244],[-56.72857,-27.62233],[-56.7261,-27.62133],[-56.71578,-27.61717],[-56.71002,-27.61497],[-56.69691,-27.60997],[-56.69424,-27.60853],[-56.67632,-27.60173],[-56.67223,-27.60005],[-56.65376,-27.59248],[-56.63762,-27.58588],[-56.63532,-27.58499],[-56.61861,-27.57852],[-56.59384,-27.56918],[-56.57518,-27.56188],[-56.56052,-27.5564],[-56.55715,-27.55613],[-56.54185,-27.56196],[-56.53521,-27.56532],[-56.52829,-27.56853],[-56.50817,-27.57731],[-56.50193,-27.58042],[-56.49455,-27.58356],[-56.48997,-27.5855],[-56.48481,-27.58774],[-56.48192,-27.58879],[-56.46878,-27.59455],[-56.46565,-27.59582],[-56.46297,-27.59684],[-56.46161,-27.59766],[-56.45898,-27.59886],[-56.45646,-27.60005],[-56.45279,-27.60178],[-56.44141,-27.60705],[-56.44665,-27.61877],[-56.45766,-27.64271],[-56.4631,-27.65486],[-56.46669,-27.6621],[-56.46748,-27.66404],[-56.47645,-27.68294],[-56.47499,-27.69961],[-56.47432,-27.71184],[-56.47415,-27.71287],[-56.47309,-27.72555],[-56.47398,-27.72825],[-56.47454,-27.73573],[-56.47591,-27.74624],[-56.47714,-27.75583],[-56.47768,-27.77826],[-56.47784,-27.78101],[-56.47856,-27.79582],[-56.47871,-27.80071],[-56.47915,-27.80969],[-56.4793,-27.81355],[-56.47972,-27.81755],[-56.47955,-27.82252],[-56.48912,-27.83997],[-56.49045,-27.84947],[-56.49057,-27.8517],[-56.49536,-27.8858],[-56.49673,-27.89554],[-56.4976,-27.904],[-56.49929,-27.91565],[-56.49982,-27.9187],[-56.50006,-27.92012],[-56.50017,-27.92134],[-56.5003,-27.9227],[-56.50121,-27.92412],[-56.50343,-27.92755],[-56.50846,-27.93412],[-56.50933,-27.93518],[-56.51048,-27.93667],[-56.51313,-27.94075],[-56.52347,-27.95461],[-56.5255,-27.95821],[-56.53645,-27.96972],[-56.53992,-27.97337],[-56.5433,-27.97642],[-56.54521,-27.97857],[-56.54798,-27.98141],[-56.55032,-27.98357],[-56.5552,-27.98658],[-56.55616,-27.98667],[-56.55744,-27.98758],[-56.5696,-27.99407],[-56.57285,-27.9963],[-56.57488,-27.99698],[-56.57654,-27.99814],[-56.57787,-27.99857],[-56.57896,-27.99953],[-56.58367,-28.00168],[-56.58531,-28.00472],[-56.58663,-28.00906],[-56.58832,-28.0127],[-56.58956,-28.0158],[-56.59028,-28.019],[-56.59321,-28.02493],[-56.59915,-28.02976],[-56.60005,-28.03043],[-56.60263,-28.03245],[-56.61715,-28.04384],[-56.62884,-28.05304],[-56.63695,-28.05935],[-56.64031,-28.06219],[-56.64226,-28.06486],[-56.6464,-28.07235],[-56.64881,-28.07573],[-56.65256,-28.0822],[-56.65663,-28.08895],[-56.66121,-28.09674],[-56.66417,-28.10001],[-56.67388,-28.1115],[-56.68159,-28.12039],[-56.68706,-28.12615],[-56.68857,-28.12912],[-56.68979,-28.13201],[-56.69514,-28.14413],[-56.70573,-28.16975],[-56.70838,-28.17531],[-56.71504,-28.19652],[-56.72599,-28.21479],[-56.73098,-28.22625],[-56.73422,-28.23245],[-56.7376,-28.23927],[-56.74118,-28.24406],[-56.74426,-28.25104],[-56.75062,-28.25955],[-56.76393,-28.27735],[-56.76927,-28.28381],[-56.7773,-28.28679],[-56.78115,-28.29088],[-56.78437,-28.29527],[-56.78552,-28.29723],[-56.78727,-28.29896],[-56.79132,-28.30452],[-56.79636,-28.31266],[-56.80192,-28.32105],[-56.80433,-28.32517],[-56.80641,-28.32874],[-56.81563,-28.33442],[-56.82092,-28.34039],[-56.82307,-28.34353],[-56.8277,-28.34861],[-56.83274,-28.35459],[-56.84355,-28.36856],[-56.84596,-28.3705],[-56.84995,-28.37153],[-56.86324,-28.3743],[-56.87372,-28.37962],[-56.8825,-28.38085],[-56.88824,-28.382],[-56.92083,-28.39585],[-56.94452,-28.41852],[-56.9637,-28.42891],[-56.97755,-28.43684],[-56.97929,-28.43828],[-56.98166,-28.4394],[-56.98904,-28.4446],[-56.99229,-28.44652],[-56.99466,-28.44903],[-56.9987,-28.45358],[-56.9992,-28.4538],[-57.00855,-28.46331],[-57.01077,-28.46842],[-57.01225,-28.46984],[-57.01536,-28.47147],[-57.01868,-28.47255],[-57.02142,-28.47382],[-57.03039,-28.47818],[-57.0376,-28.48171],[-57.0403,-28.48319],[-57.04144,-28.48333],[-57.04397,-28.48506],[-57.05105,-28.49085],[-57.0543,-28.49322],[-57.05669,-28.499],[-57.0636,-28.50127],[-57.07796,-28.5084],[-57.08754,-28.51119],[-57.08813,-28.51145],[-57.09963,-28.5166],[-57.10813,-28.51901],[-57.11645,-28.52305],[-57.12038,-28.52479],[-57.12379,-28.52716],[-57.12559,-28.5321],[-57.1301,-28.53395],[-57.13382,-28.53614],[-57.13915,-28.53796],[-57.1428,-28.53669],[-57.15082,-28.53452],[-57.159,-28.53212],[-57.16187,-28.53276],[-57.17695,-28.53002],[-57.17901,-28.53162],[-57.17989,-28.53298],[-57.18277,-28.53745],[-57.18387,-28.53843],[-57.18439,-28.53878],[-57.18377,-28.53878],[-57.18301,-28.53896],[-57.18081,-28.53948],[-57.17844,-28.54105],[-57.17745,-28.54053],[-57.17529,-28.54193],[-57.17272,-28.54176],[-57.17015,-28.54211],[-57.16878,-28.5449],[-57.16977,-28.54647],[-57.17273,-28.54943],[-57.17411,-28.5496],[-57.1751,-28.5503],[-57.17195,-28.55379],[-57.17097,-28.5564],[-57.17078,-28.56059],[-57.1692,-28.56181],[-57.16747,-28.56266],[-57.17021,-28.57067],[-57.17034,-28.57107],[-57.17037,-28.57109],[-57.17037,-28.57109],[-57.17548,-28.57629],[-57.17551,-28.57631],[-57.17588,-28.57636],[-57.17986,-28.5769],[-57.18186,-28.57521],[-57.1858,-28.57364],[-57.18718,-28.57137],[-57.18836,-28.56823],[-57.18935,-28.56771],[-57.18934,-28.56489],[-57.18877,-28.56437],[-57.18934,-28.56404],[-57.19235,-28.5623],[-57.19307,-28.55981],[-57.19439,-28.55531],[-57.19505,-28.55574],[-57.19733,-28.55722],[-57.19544,-28.55214],[-57.1953,-28.55179],[-57.19561,-28.55097],[-57.19636,-28.54896],[-57.19648,-28.54844],[-57.19692,-28.54738],[-57.19694,-28.54736],[-57.19765,-28.54777],[-57.19802,-28.54808],[-57.19996,-28.54938],[-57.19999,-28.5494],[-57.20151,-28.55059],[-57.20195,-28.55094],[-57.20376,-28.55265],[-57.20357,-28.55246],[-57.20373,-28.55234],[-57.20859,-28.54888],[-57.2086,-28.54728],[-57.20851,-28.54691],[-57.2087,-28.54682],[-57.20897,-28.5469],[-57.20921,-28.54705],[-57.20931,-28.5473],[-57.20949,-28.54747],[-57.20982,-28.54763],[-57.21003,-28.54791],[-57.21014,-28.54806],[-57.21042,-28.54827],[-57.21054,-28.54841],[-57.21071,-28.54839],[-57.21089,-28.54848],[-57.21121,-28.54868],[-57.21149,-28.54898],[-57.21171,-28.54905],[-57.21194,-28.54915],[-57.2121,-28.54923],[-57.2124,-28.54932],[-57.21254,-28.54938],[-57.21278,-28.54949],[-57.21297,-28.54962],[-57.21316,-28.5497],[-57.21334,-28.54979],[-57.21355,-28.54993],[-57.21385,-28.55007],[-57.21457,-28.55044],[-57.2149,-28.55062],[-57.22632,-28.55934],[-57.22937,-28.56224],[-57.23048,-28.56328],[-57.23094,-28.56372],[-57.23462,-28.56766],[-57.23703,-28.57023],[-57.23967,-28.57076],[-57.24633,-28.5758],[-57.25507,-28.5791],[-57.25915,-28.58267],[-57.25917,-28.58268],[-57.26736,-28.58669],[-57.27273,-28.59028],[-57.27303,-28.59047],[-57.27623,-28.59141],[-57.28171,-28.59408],[-57.28521,-28.59468],[-57.28873,-28.59528],[-57.30522,-28.60369],[-57.31198,-28.6061],[-57.31903,-28.60885],[-57.32387,-28.6096],[-57.33891,-28.61196],[-57.34156,-28.61237],[-57.34587,-28.61156],[-57.34593,-28.61157],[-57.34954,-28.61187],[-57.35648,-28.61246],[-57.35781,-28.61257],[-57.35785,-28.61257],[-57.3701,-28.61237],[-57.37355,-28.61457],[-57.38524,-28.61753],[-57.39293,-28.61705],[-57.40256,-28.61645],[-57.40871,-28.62051],[-57.41408,-28.61991],[-57.41736,-28.6204],[-57.42806,-28.62201],[-57.43906,-28.62497],[-57.44104,-28.63062],[-57.44691,-28.63156],[-57.44737,-28.63164],[-57.44925,-28.63134],[-57.45098,-28.63106],[-57.45134,-28.62668],[-57.48205,-28.62271],[-57.48202,-28.626],[-57.48202,-28.62726],[-57.48201,-28.6284],[-57.48201,-28.62849],[-57.48199,-28.63031],[-57.482,-28.63155],[-57.48194,-28.63705],[-57.48191,-28.63847],[-57.48189,-28.64025],[-57.48187,-28.64102],[-57.48187,-28.6412],[-57.48186,-28.64168],[-57.48185,-28.64182],[-57.48185,-28.64182],[-57.48183,-28.64258],[-57.48183,-28.64258],[-57.48166,-28.64784],[-57.48064,-28.64785],[-57.48062,-28.64874],[-57.47525,-28.64877],[-57.44948,-28.64891],[-57.44949,-28.64981],[-57.44948,-28.65016],[-57.44936,-28.65287],[-57.44929,-28.65492],[-57.44925,-28.65544],[-57.44914,-28.65544],[-57.44885,-28.66125],[-57.44256,-28.66125],[-57.43977,-28.66125],[-57.43907,-28.66125],[-57.43567,-28.66125],[-57.43555,-28.66382],[-57.43494,-28.67762],[-57.45377,-28.67818],[-57.48359,-28.69913],[-57.533,-28.74657],[-57.53539,-28.75925],[-57.56267,-28.73832],[-57.61635,-28.74061],[-57.62663,-28.77145],[-57.66089,-28.76574],[-57.69306,-28.73752],[-57.7204,-28.73884],[-57.72305,-28.74085],[-57.7418,-28.76245],[-57.77987,-28.77083],[-57.80652,-28.79748],[-57.84611,-28.79443],[-57.87124,-28.81423],[-57.8956,-28.81499],[-57.90855,-28.83403],[-57.95652,-28.83327],[-57.9984,-28.8523],[-58.03266,-28.88809],[-58.0753,-28.88504],[-58.14535,-28.9155],[-58.23063,-28.92235],[-58.26474,-28.94756],[-58.28901,-28.96207],[-58.29662,-28.96207],[-58.31256,-28.95922],[-58.3366,-28.95993],[-58.36396,-28.98206],[-58.42627,-28.99186],[-58.4323,-28.99446],[-58.45325,-28.9961],[-58.46305,-28.9813],[-58.47665,-28.9896],[-58.47985,-28.9818],[-58.50295,-28.9749],[-58.50445,-28.9658],[-58.53304,-28.97007],[-58.53325,-28.9701],[-58.55495,-28.9517],[-58.55108,-28.93566],[-58.55144,-28.93553],[-58.55096,-28.93514],[-58.55017,-28.9345],[-58.52503,-28.91404],[-58.51263,-28.90279],[-58.50816,-28.89873],[-58.50681,-28.89821],[-58.50244,-28.89623],[-58.49484,-28.89316],[-58.48904,-28.89029],[-58.4855,-28.88759],[-58.47387,-28.87996],[-58.46977,-28.87738],[-58.45808,-28.86976],[-58.45663,-28.86881],[-58.44839,-28.86126],[-58.43974,-28.85312],[-58.4352,-28.84863],[-58.43097,-28.84641],[-58.4236,-28.84243],[-58.41386,-28.83326],[-58.41108,-28.8314],[-58.40282,-28.82916],[-58.39666,-28.82469],[-58.39051,-28.8207],[-58.38818,-28.81869],[-58.3821,-28.81016],[-58.37242,-28.79498],[-58.36737,-28.78574],[-58.36562,-28.78252],[-58.35593,-28.77187],[-58.35082,-28.76703],[-58.34597,-28.76107],[-58.33514,-28.7491],[-58.33169,-28.74432],[-58.32936,-28.74163],[-58.31815,-28.72864],[-58.31468,-28.72396],[-58.31228,-28.72205],[-58.30191,-28.71316],[-58.30107,-28.71167],[-58.29387,-28.69861],[-58.29192,-28.69544],[-58.28785,-28.69354],[-58.28052,-28.69146],[-58.27901,-28.6904],[-58.27439,-28.68853],[-58.26934,-28.68476],[-58.26443,-28.68158],[-58.25177,-28.67609],[-58.24252,-28.67212],[-58.24007,-28.67047],[-58.23348,-28.66289],[-58.22571,-28.65771],[-58.21862,-28.65324],[-58.21272,-28.64936],[-58.19099,-28.6347],[-58.17732,-28.62556],[-58.1616,-28.61716],[-58.16153,-28.61698],[-58.15864,-28.61211],[-58.15383,-28.60523],[-58.14766,-28.59741],[-58.13421,-28.57902],[-58.11726,-28.55649],[-58.1157,-28.55447],[-58.11393,-28.55206],[-58.10942,-28.54588],[-58.10305,-28.5371],[-58.09445,-28.5493],[-58.07255,-28.5568],[-58.04915,-28.5428],[-58.03315,-28.5439],[-58.03475,-28.5232],[-58.00885,-28.5167],[-57.99135,-28.5284],[-57.97065,-28.4934],[-57.95755,-28.4913],[-57.94805,-28.4773],[-57.90565,-28.4537],[-57.88655,-28.4358],[-57.88675,-28.4274],[-57.87495,-28.4311],[-57.86425,-28.4139],[-57.83965,-28.4117],[-57.78145,-28.3751],[-57.76615,-28.3564],[-57.76275,-28.3248],[-57.73705,-28.31],[-57.72585,-28.276],[-57.68575,-28.2571],[-57.68045,-28.2323],[-57.65215,-28.2081],[-57.64955,-28.1932],[-57.66005,-28.187],[-57.65947,-28.17765],[-57.65935,-28.1758],[-57.64885,-28.1587],[-57.6521,-28.15192],[-57.66115,-28.133],[-57.66045,-28.105],[-57.65675,-28.10267],[-57.62475,-28.0825],[-57.62815,-28.0437],[-57.61165,-28.0198],[-57.59925,-28.0185],[-57.60165,-28.001],[-57.59205,-27.9919],[-57.57845,-27.9943],[-57.57665,-27.9771],[-57.53775,-27.981],[-57.49476,-27.9252],[-57.48989,-27.92372],[-57.48629,-27.92272],[-57.4811,-27.92208],[-57.47596,-27.92159],[-57.47182,-27.92101],[-57.46577,-27.92024],[-57.4628,-27.91924],[-57.45701,-27.91714],[-57.44768,-27.91174],[-57.43986,-27.90695],[-57.43537,-27.90441],[-57.42875,-27.90036],[-57.42754,-27.89944],[-57.4247,-27.89659],[-57.39381,-27.86914],[-57.37319,-27.85037],[-57.35597,-27.83468],[-57.3421,-27.82098],[-57.33761,-27.8163],[-57.33327,-27.81288],[-57.32628,-27.80754],[-57.32417,-27.80466],[-57.32209,-27.79996],[-57.32138,-27.79788],[-57.32053,-27.79685],[-57.31849,-27.79529],[-57.31708,-27.79448],[-57.31345,-27.79239],[-57.3129,-27.79208],[-57.3089,-27.78967],[-57.30601,-27.78869],[-57.30574,-27.7886],[-57.30343,-27.78782],[-57.29707,-27.78512],[-57.29548,-27.78462],[-57.28796,-27.78227],[-57.28407,-27.7811],[-57.28027,-27.77958],[-57.27848,-27.77886],[-57.27592,-27.7777],[-57.27318,-27.77647],[-57.27064,-27.77476],[-57.26986,-27.77423],[-57.26899,-27.77237],[-57.26853,-27.7714],[-57.2681,-27.76869],[-57.26715,-27.76595],[-57.26651,-27.76506],[-57.26447,-27.76221],[-57.26407,-27.76165],[-57.25991,-27.75627],[-57.25954,-27.75579],[-57.25739,-27.75288],[-57.25314,-27.74715],[-57.25248,-27.74625],[-57.25205,-27.74559],[-57.251,-27.74394],[-57.25036,-27.74296],[-57.24806,-27.73936],[-57.24394,-27.73291],[-57.2423,-27.72993],[-57.24099,-27.729],[-57.23986,-27.72819],[-57.2378,-27.72681],[-57.23407,-27.72307],[-57.23092,-27.71989],[-57.22967,-27.71735],[-57.22943,-27.71543],[-57.22881,-27.71281],[-57.22868,-27.70991],[-57.2281,-27.70738],[-57.22639,-27.70476],[-57.22484,-27.70228],[-57.22284,-27.69906],[-57.22105,-27.69584],[-57.21977,-27.69377],[-57.21896,-27.69246],[-57.21642,-27.68865],[-57.21143,-27.68606],[-57.20889,-27.68488],[-57.20379,-27.68246],[-57.2035,-27.68136],[-57.2041,-27.67386],[-57.20502,-27.66925],[-57.20494,-27.66706],[-57.20416,-27.66582],[-57.19952,-27.66197],[-57.19805,-27.66087],[-57.19676,-27.65947],[-57.19595,-27.65862],[-57.19386,-27.65621],[-57.19152,-27.65295],[-57.18951,-27.64946],[-57.18905,-27.64864],[-57.18655,-27.64585],[-57.18396,-27.64288],[-57.18076,-27.6386],[-57.17813,-27.63598],[-57.1755,-27.63295],[-57.1741,-27.62923],[-57.17228,-27.62511],[-57.17029,-27.62056],[-57.17008,-27.61964],[-57.1703,-27.61516],[-57.17045,-27.61054],[-57.1702,-27.60682],[-57.17006,-27.60407],[-57.17043,-27.60009],[-57.17044,-27.60005],[-57.17091,-27.59433],[-57.16799,-27.58965],[-57.16496,-27.58439],[-57.15951,-27.57357],[-57.14955,-27.55356],[-57.12184,-27.56472],[-57.10003,-27.57417],[-57.09251,-27.57726],[-57.04942,-27.59376],[-57.03378,-27.5989],[-57.03117,-27.60005],[-57.02138,-27.60435],[-57.01757,-27.60593],[-57.00781,-27.60999],[-57,-27.61324],[-56.99776,-27.61401],[-56.99538,-27.61483],[-56.98808,-27.61589],[-56.972,-27.61826],[-56.9618,-27.61997],[-56.95063,-27.62128],[-56.93897,-27.62325],[-56.93002,-27.6247],[-56.92081,-27.62621],[-56.91481,-27.62696],[-56.9135,-27.62712],[-56.90285,-27.63267],[-56.9028,-27.6328]],[[-57.10339,-28.07088],[-57.10336,-28.07069],[-57.10327,-28.07005],[-57.10192,-28.06096],[-57.10213,-28.06092],[-57.10214,-28.06092],[-57.10276,-28.06077],[-57.10477,-28.06031],[-57.11945,-28.05694],[-57.12043,-28.05671],[-57.12363,-28.05926],[-57.12471,-28.06625],[-57.12915,-28.07148],[-57.13346,-28.07235],[-57.13642,-28.07295],[-57.13146,-28.07627],[-57.10843,-28.10492],[-57.10393,-28.07452],[-57.10389,-28.07429],[-57.10363,-28.0725],[-57.10359,-28.0722],[-57.10355,-28.07199],[-57.10339,-28.07088]],[[-57.56412,-28.46388],[-57.56709,-28.46618],[-57.5671,-28.46619],[-57.56774,-28.46669],[-57.56775,-28.4667],[-57.56831,-28.46713],[-57.56845,-28.46724],[-57.56986,-28.46833],[-57.56987,-28.46834],[-57.5703,-28.46868],[-57.57345,-28.47112],[-57.57509,-28.47239],[-57.57527,-28.47253],[-57.57531,-28.47257],[-57.57688,-28.47217],[-57.57938,-28.47129],[-57.57907,-28.47029],[-57.57862,-28.46882],[-57.57824,-28.46757],[-57.57864,-28.46731],[-57.57879,-28.46722],[-57.5797,-28.46663],[-57.57972,-28.46661],[-57.58054,-28.46608],[-57.58056,-28.46607],[-57.58118,-28.46567],[-57.58178,-28.46528],[-57.58285,-28.46459],[-57.58369,-28.46714],[-57.58377,-28.46739],[-57.58378,-28.46741],[-57.58414,-28.4685],[-57.58417,-28.46858],[-57.58556,-28.4728],[-57.58506,-28.47478],[-57.58481,-28.47573],[-57.58479,-28.4758],[-57.58453,-28.47685],[-57.58452,-28.47687],[-57.58409,-28.47856],[-57.58381,-28.47963],[-57.58373,-28.47996],[-57.58522,-28.48261],[-57.58571,-28.48292],[-57.58579,-28.48296],[-57.58726,-28.48385],[-57.58749,-28.48399],[-57.58752,-28.48401],[-57.58776,-28.48415],[-57.58779,-28.48417],[-57.58849,-28.48459],[-57.59103,-28.48664],[-57.59107,-28.48667],[-57.592,-28.48742],[-57.59407,-28.48908],[-57.59425,-28.48923],[-57.59449,-28.48941],[-57.5984,-28.49225],[-57.5984,-28.49225],[-57.60006,-28.49346],[-57.60008,-28.49348],[-57.60226,-28.49507],[-57.60313,-28.49739],[-57.60314,-28.49742],[-57.60341,-28.49813],[-57.60366,-28.4988],[-57.60377,-28.49909],[-57.60378,-28.49911],[-57.60428,-28.50048],[-57.60912,-28.50522],[-57.60938,-28.50547],[-57.60937,-28.50548],[-57.60529,-28.50613],[-57.60507,-28.50617],[-57.60217,-28.50663],[-57.60144,-28.50675],[-57.6014,-28.50676],[-57.60002,-28.50698],[-57.59512,-28.50777],[-57.59292,-28.50812],[-57.59265,-28.50815],[-57.58961,-28.50849],[-57.58957,-28.50849],[-57.58942,-28.50851],[-57.58908,-28.50855],[-57.58829,-28.50864],[-57.58573,-28.50892],[-57.58406,-28.50911],[-57.5807,-28.50948],[-57.58062,-28.50949],[-57.58046,-28.50943],[-57.57905,-28.50888],[-57.5759,-28.509],[-57.5748,-28.50853],[-57.55583,-28.50049],[-57.55402,-28.49802],[-57.54833,-28.49025],[-57.54733,-28.48889],[-57.54619,-28.48732],[-57.54432,-28.48477],[-57.55803,-28.47032],[-57.56411,-28.46391],[-57.56412,-28.46388]],[[-57.80492,-28.46277],[-57.81586,-28.44555],[-57.80442,-28.43801],[-57.81578,-28.43203],[-57.8295,-28.42003],[-57.83553,-28.42378],[-57.83234,-28.4278],[-57.82648,-28.43518],[-57.82523,-28.43658],[-57.83132,-28.44038],[-57.83599,-28.44331],[-57.83598,-28.44333],[-57.83589,-28.44344],[-57.81323,-28.47086],[-57.81308,-28.47094],[-57.8097,-28.47507],[-57.80834,-28.47672],[-57.80699,-28.47835],[-57.8043,-28.4816],[-57.8048,-28.48213],[-57.8048,-28.48213],[-57.8012,-28.48649],[-57.80127,-28.48654],[-57.80129,-28.48655],[-57.80113,-28.48676],[-57.80129,-28.48689],[-57.79957,-28.48902],[-57.7915,-28.48347],[-57.78988,-28.48339],[-57.78942,-28.48337],[-57.77959,-28.48292],[-57.77196,-28.47862],[-57.76222,-28.47311],[-57.75527,-28.46532],[-57.75521,-28.4654],[-57.75451,-28.46627],[-57.75878,-28.4767],[-57.76095,-28.48893],[-57.76113,-28.48997],[-57.76136,-28.49123],[-57.76179,-28.49365],[-57.76275,-28.49907],[-57.76395,-28.50583],[-57.76464,-28.50976],[-57.76454,-28.50981],[-57.76465,-28.50981],[-57.75837,-28.51238],[-57.74972,-28.51355],[-57.7369,-28.51527],[-57.71775,-28.51784],[-57.71761,-28.51786],[-57.71511,-28.50826],[-57.71696,-28.50767],[-57.71145,-28.50166],[-57.69847,-28.48752],[-57.69667,-28.47977],[-57.69656,-28.47931],[-57.69489,-28.4721],[-57.69407,-28.46856],[-57.69408,-28.46856],[-57.69401,-28.46825],[-57.68974,-28.46772],[-57.6919,-28.45944],[-57.69183,-28.45912],[-57.69184,-28.45907],[-57.68994,-28.45113],[-57.68946,-28.44909],[-57.67826,-28.43843],[-57.67453,-28.43487],[-57.67411,-28.44285],[-57.67323,-28.45989],[-57.67319,-28.46071],[-57.67249,-28.46021],[-57.65728,-28.44917],[-57.65091,-28.44455],[-57.6442,-28.43571],[-57.64173,-28.43247],[-57.642,-28.422],[-57.642,-28.42181],[-57.64213,-28.41694],[-57.6427,-28.41647],[-57.64899,-28.41139],[-57.64944,-28.41103],[-57.65014,-28.41046],[-57.65309,-28.40807],[-57.65225,-28.40652],[-57.65076,-28.40375],[-57.65088,-28.40375],[-57.65033,-28.4034],[-57.65016,-28.40329],[-57.65027,-28.40328],[-57.66864,-28.40279],[-57.66881,-28.40776],[-57.67077,-28.4077],[-57.67136,-28.40769],[-57.67123,-28.40386],[-57.67114,-28.40384],[-57.67123,-28.40384],[-57.67122,-28.40363],[-57.67377,-28.40356],[-57.67384,-28.40559],[-57.70219,-28.40482],[-57.70463,-28.40218],[-57.70396,-28.40117],[-57.70318,-28.39999],[-57.70322,-28.39997],[-57.7032,-28.39993],[-57.70527,-28.39891],[-57.70566,-28.39871],[-57.6921,-28.39103],[-57.68987,-28.38977],[-57.68026,-28.38432],[-57.67952,-28.3839],[-57.67737,-28.38435],[-57.67543,-28.38474],[-57.67432,-28.38497],[-57.67219,-28.38541],[-57.67057,-28.38574],[-57.66868,-28.38613],[-57.66836,-28.3862],[-57.66713,-28.38645],[-57.66594,-28.3867],[-57.66272,-28.38736],[-57.66166,-28.38758],[-57.64998,-28.38998],[-57.64644,-28.39071],[-57.64585,-28.39083],[-57.64525,-28.39095],[-57.64477,-28.39105],[-57.64366,-28.39128],[-57.64049,-28.38446],[-57.63255,-28.36735],[-57.63255,-28.36735],[-57.63114,-28.36432],[-57.63282,-28.36336],[-57.63453,-28.3624],[-57.64405,-28.35699],[-57.64407,-28.35698],[-57.6476,-28.35497],[-57.64743,-28.35474],[-57.64672,-28.3538],[-57.6461,-28.35297],[-57.64578,-28.35255],[-57.64519,-28.35176],[-57.64469,-28.35109],[-57.64392,-28.35008],[-57.64367,-28.34974],[-57.64366,-28.34973],[-57.64265,-28.34839],[-57.64202,-28.34755],[-57.64291,-28.34678],[-57.6432,-28.34653],[-57.64336,-28.34639],[-57.64382,-28.34598],[-57.64528,-28.3447],[-57.64659,-28.34356],[-57.64714,-28.34308],[-57.64726,-28.34297],[-57.65161,-28.33917],[-57.65219,-28.33953],[-57.65285,-28.33995],[-57.65351,-28.34036],[-57.65395,-28.34064],[-57.65405,-28.3407],[-57.65434,-28.34088],[-57.65569,-28.34173],[-57.65585,-28.34183],[-57.66074,-28.34488],[-57.66174,-28.34551],[-57.66172,-28.34553],[-57.66288,-28.34623],[-57.66293,-28.34625],[-57.65849,-28.34959],[-57.65447,-28.34844],[-57.65046,-28.34729],[-57.64878,-28.34934],[-57.65639,-28.35945],[-57.65727,-28.35873],[-57.66836,-28.34965],[-57.6701,-28.35074],[-57.67435,-28.3534],[-57.67603,-28.35445],[-57.67622,-28.35457],[-57.67648,-28.35473],[-57.67956,-28.35665],[-57.68501,-28.36006],[-57.68548,-28.36035],[-57.68566,-28.36058],[-57.68572,-28.3605],[-57.6862,-28.36082],[-57.68753,-28.3617],[-57.69573,-28.36711],[-57.69573,-28.36711],[-57.69576,-28.36713],[-57.70006,-28.36997],[-57.70754,-28.37482],[-57.71184,-28.37761],[-57.71367,-28.3788],[-57.72736,-28.38767],[-57.7274,-28.3877],[-57.73386,-28.39191],[-57.73478,-28.39251],[-57.73611,-28.39337],[-57.75844,-28.40787],[-57.76689,-28.41335],[-57.77141,-28.41629],[-57.78412,-28.42453],[-57.78148,-28.42529],[-57.78021,-28.42566],[-57.78017,-28.42568],[-57.77725,-28.42652],[-57.77748,-28.42685],[-57.77964,-28.43002],[-57.78358,-28.43577],[-57.79108,-28.44674],[-57.7937,-28.45057],[-57.79125,-28.45362],[-57.78946,-28.45584],[-57.78863,-28.45689],[-57.78787,-28.45783],[-57.78751,-28.45827],[-57.78697,-28.45894],[-57.78671,-28.45928],[-57.7868,-28.45939],[-57.79606,-28.46548],[-57.79669,-28.46591],[-57.79681,-28.46598],[-57.79685,-28.46601],[-57.79784,-28.46668],[-57.79872,-28.46728],[-57.80051,-28.46849],[-57.80072,-28.46824],[-57.80358,-28.46483],[-57.80368,-28.46469],[-57.80492,-28.46277]],[[-56.86103,-27.83235],[-56.86101,-27.83241],[-56.85613,-27.84715],[-56.86931,-27.86664],[-56.86931,-27.86665],[-56.86933,-27.86661],[-56.8923,-27.86202],[-56.89259,-27.86196],[-56.89346,-27.86178],[-56.90112,-27.88699],[-56.90377,-27.8957],[-56.90927,-27.89439],[-56.91104,-27.89397],[-56.91344,-27.90193],[-56.95971,-27.89096],[-56.96344,-27.89826],[-56.96344,-27.89826],[-56.96516,-27.89785],[-56.97594,-27.89529],[-56.97626,-27.89268],[-56.97699,-27.88684],[-56.97704,-27.88683],[-56.97814,-27.87801],[-56.96455,-27.88124],[-56.96438,-27.88128],[-56.96719,-27.87727],[-56.96932,-27.87678],[-56.97297,-27.87595],[-56.98101,-27.8741],[-56.98421,-27.87337],[-56.98422,-27.8734],[-56.98697,-27.88904],[-57.02322,-27.88207],[-57.02352,-27.88323],[-57.02821,-27.90104],[-57.03584,-27.89945],[-57.0379,-27.90693],[-57.03827,-27.90828],[-57.0389,-27.91058],[-57.03978,-27.93319],[-57.04728,-27.94116],[-57.0541,-27.93795],[-57.08753,-27.92219],[-57.09058,-27.91852],[-57.09058,-27.91851],[-57.0911,-27.91787],[-57.09111,-27.91788],[-57.09229,-27.92062],[-57.09229,-27.92062],[-57.0923,-27.92062],[-57.09248,-27.92106],[-57.09682,-27.93148],[-57.09905,-27.93693],[-57.10268,-27.94579],[-57.10757,-27.95433],[-57.10154,-27.96498],[-57.09282,-27.97877],[-57.09251,-27.99853],[-57.09467,-28.02017],[-57.09093,-28.0397],[-57.09132,-28.04129],[-57.09468,-28.05529],[-57.09698,-28.06201],[-57.09704,-28.06218],[-57.10034,-28.07181],[-57.09844,-28.0733],[-57.08291,-28.08547],[-57.06936,-28.07142],[-57.06414,-28.06927],[-57.06212,-28.0684],[-57.02889,-28.05426],[-57.01218,-28.04511],[-57.00728,-28.00585],[-56.99942,-27.98894],[-57.00415,-27.98672],[-57.01027,-27.98386],[-57.02802,-27.97555],[-57.01624,-27.95567],[-56.99498,-27.96559],[-56.99155,-27.97201],[-56.99246,-27.97396],[-56.99719,-27.97945],[-56.99781,-27.98548],[-56.99829,-27.99024],[-56.99931,-28.00017],[-57.00186,-28.02528],[-56.96478,-28.00074],[-56.90766,-27.96741],[-56.90327,-27.96486],[-56.87015,-27.96092],[-56.83789,-27.96654],[-56.82903,-27.95879],[-56.82704,-27.95267],[-56.82482,-27.94586],[-56.83386,-27.93871],[-56.82933,-27.93656],[-56.83436,-27.92481],[-56.83633,-27.91603],[-56.83635,-27.91603],[-56.8438,-27.91538],[-56.84916,-27.91481],[-56.85605,-27.91448],[-56.85988,-27.9143],[-56.86301,-27.89951],[-56.86315,-27.89573],[-56.86315,-27.89571],[-56.86273,-27.89574],[-56.85166,-27.89652],[-56.85144,-27.89653],[-56.84205,-27.89719],[-56.84205,-27.89719],[-56.83959,-27.89813],[-56.83777,-27.89884],[-56.83293,-27.90199],[-56.83218,-27.92316],[-56.82705,-27.93589],[-56.82357,-27.93509],[-56.81888,-27.92541],[-56.82103,-27.91753],[-56.82168,-27.90425],[-56.82613,-27.89473],[-56.81993,-27.88754],[-56.81374,-27.88035],[-56.82028,-27.87776],[-56.81502,-27.86261],[-56.81659,-27.85657],[-56.80962,-27.83822],[-56.8129,-27.82946],[-56.82981,-27.82271],[-56.83431,-27.81552],[-56.83878,-27.81266],[-56.86103,-27.83235]],[[-57.12969,-28.09132],[-57.16408,-28.07195],[-57.16354,-28.07152],[-57.14672,-28.05811],[-57.14574,-28.05733],[-57.13266,-28.0469],[-57.12769,-28.02732],[-57.12759,-28.02695],[-57.12759,-28.02692],[-57.12752,-28.02665],[-57.12723,-28.02659],[-57.12052,-28.02508],[-57.12482,-28.02709],[-57.12608,-28.0329],[-57.1275,-28.03943],[-57.12767,-28.04024],[-57.13228,-28.05219],[-57.1381,-28.05846],[-57.15509,-28.07273],[-57.155,-28.07283],[-57.15213,-28.0764],[-57.14638,-28.07457],[-57.14122,-28.07167],[-57.1379,-28.0692],[-57.13655,-28.0682],[-57.13108,-28.06414],[-57.1303,-28.05968],[-57.12276,-28.05117],[-57.1257,-28.04866],[-57.12551,-28.04719],[-57.12551,-28.04719],[-57.12545,-28.04677],[-57.12431,-28.03791],[-57.11501,-28.03089],[-57.11497,-28.02638],[-57.11182,-28.02072],[-57.10963,-28.0119],[-57.10164,-28.00497],[-57.0974,-27.99963],[-57.09637,-27.99833],[-57.09669,-27.9857],[-57.09729,-27.985],[-57.09939,-27.98256],[-57.10243,-27.97394],[-57.10452,-27.97446],[-57.10922,-27.97562],[-57.1095,-27.97022],[-57.11052,-27.96899],[-57.11179,-27.96746],[-57.12299,-27.97166],[-57.15165,-27.9824],[-57.15809,-27.98481],[-57.16157,-27.98488],[-57.16185,-27.98489],[-57.17847,-27.98589],[-57.18058,-27.98602],[-57.18078,-27.98603],[-57.1909,-27.98664],[-57.19211,-27.98671],[-57.19211,-27.98672],[-57.20271,-28.0112],[-57.21027,-28.0294],[-57.21741,-28.0466],[-57.21736,-28.04681],[-57.21397,-28.05932],[-57.21332,-28.0617],[-57.29535,-28.07368],[-57.28725,-28.06279],[-57.28644,-28.0617],[-57.26748,-28.05093],[-57.2474,-28.03952],[-57.24659,-28.03906],[-57.2455,-28.03843],[-57.23833,-28.0247],[-57.23328,-28.01502],[-57.22755,-28.00404],[-57.22709,-28.00316],[-57.22708,-28.00314],[-57.22708,-28.00314],[-57.23366,-28.00593],[-57.2488,-28.01236],[-57.26742,-28.02027],[-57.27881,-28.0251],[-57.28091,-28.0017],[-57.27136,-27.99302],[-57.27084,-27.9895],[-57.25466,-27.97771],[-57.22427,-27.95556],[-57.22439,-27.95542],[-57.2658,-27.90998],[-57.24895,-27.90774],[-57.22691,-27.90102],[-57.22644,-27.90473],[-57.22644,-27.90474],[-57.22029,-27.95266],[-57.19679,-27.93551],[-57.19915,-27.91649],[-57.20131,-27.90139],[-57.20131,-27.90139],[-57.20177,-27.90118],[-57.20246,-27.90086],[-57.20443,-27.89994],[-57.20484,-27.89975],[-57.20507,-27.89964],[-57.20696,-27.89875],[-57.2102,-27.89724],[-57.2102,-27.89724],[-57.21147,-27.89665],[-57.21146,-27.89665],[-57.21076,-27.89623],[-57.22291,-27.87415],[-57.24013,-27.87658],[-57.24013,-27.87658],[-57.26448,-27.88001],[-57.26712,-27.87727],[-57.25634,-27.86827],[-57.25626,-27.86817],[-57.24856,-27.85856],[-57.26354,-27.86768],[-57.28966,-27.88358],[-57.29522,-27.87831],[-57.28653,-27.87206],[-57.29612,-27.86154],[-57.29338,-27.85774],[-57.28321,-27.8475],[-57.28192,-27.84219],[-57.28257,-27.84287],[-57.28601,-27.84651],[-57.28811,-27.84862],[-57.29564,-27.85617],[-57.29564,-27.85617],[-57.30061,-27.86115],[-57.31548,-27.88176],[-57.32112,-27.89125],[-57.32769,-27.90056],[-57.32816,-27.90014],[-57.32939,-27.9035],[-57.33179,-27.90922],[-57.33311,-27.91038],[-57.33321,-27.91047],[-57.33699,-27.91392],[-57.34151,-27.91806],[-57.34365,-27.91999],[-57.34705,-27.92307],[-57.34721,-27.92321],[-57.34809,-27.924],[-57.35655,-27.93249],[-57.3616,-27.93923],[-57.37128,-27.93388],[-57.37175,-27.93491],[-57.3752,-27.94253],[-57.3812,-27.94902],[-57.38103,-27.9578],[-57.38969,-27.96333],[-57.39272,-27.96527],[-57.402,-27.97586],[-57.40299,-27.98506],[-57.40314,-27.98651],[-57.40196,-27.98744],[-57.39777,-27.99075],[-57.3996,-27.99692],[-57.40347,-28.00999],[-57.40381,-28.01114],[-57.41379,-28.0075],[-57.4306,-28.03982],[-57.4308,-28.0402],[-57.42617,-28.04321],[-57.42572,-28.0427],[-57.42474,-28.04157],[-57.42228,-28.04326],[-57.41405,-28.04891],[-57.41342,-28.04932],[-57.41762,-28.06597],[-57.41779,-28.06666],[-57.4185,-28.0662],[-57.41851,-28.0662],[-57.41871,-28.06607],[-57.43634,-28.05461],[-57.43656,-28.05446],[-57.43742,-28.05391],[-57.44332,-28.05007],[-57.44695,-28.05489],[-57.44795,-28.05621],[-57.44849,-28.05693],[-57.44897,-28.05757],[-57.44985,-28.06203],[-57.45005,-28.06233],[-57.45061,-28.06319],[-57.4509,-28.06364],[-57.45087,-28.06377],[-57.45062,-28.06472],[-57.45006,-28.06684],[-57.45112,-28.06847],[-57.45157,-28.07072],[-57.45189,-28.07235],[-57.45231,-28.07444],[-57.45258,-28.07579],[-57.45269,-28.07633],[-57.45558,-28.07459],[-57.46339,-28.08049],[-57.46768,-28.09041],[-57.46316,-28.09356],[-57.43818,-28.10978],[-57.43818,-28.10984],[-57.43829,-28.10998],[-57.43835,-28.11012],[-57.4384,-28.11027],[-57.4384,-28.11041],[-57.4384,-28.1106],[-57.43846,-28.11074],[-57.43857,-28.11089],[-57.43867,-28.11103],[-57.43878,-28.11117],[-57.43889,-28.11131],[-57.43905,-28.11141],[-57.43921,-28.1115],[-57.43932,-28.11165],[-57.43948,-28.11174],[-57.43954,-28.11189],[-57.43954,-28.11203],[-57.43954,-28.11217],[-57.43954,-28.11232],[-57.43954,-28.11246],[-57.43965,-28.1126],[-57.43965,-28.11274],[-57.43965,-28.11289],[-57.43965,-28.11303],[-57.43965,-28.11317],[-57.43965,-28.11332],[-57.43965,-28.11346],[-57.43965,-28.1136],[-57.43965,-28.11375],[-57.43965,-28.11389],[-57.43966,-28.11396],[-57.44217,-28.11913],[-57.44162,-28.12079],[-57.44138,-28.12151],[-57.44105,-28.12253],[-57.44013,-28.1253],[-57.43931,-28.12779],[-57.43997,-28.12929],[-57.44009,-28.12936],[-57.44026,-28.12946],[-57.44037,-28.1296],[-57.44053,-28.12969],[-57.44069,-28.12979],[-57.44085,-28.12988],[-57.44101,-28.12993],[-57.44117,-28.12998],[-57.44134,-28.12998],[-57.4415,-28.12998],[-57.44166,-28.12998],[-57.44182,-28.12998],[-57.44198,-28.12997],[-57.44214,-28.12997],[-57.44231,-28.12997],[-57.44247,-28.12997],[-57.44263,-28.12997],[-57.44279,-28.12997],[-57.44295,-28.12997],[-57.44311,-28.12997],[-57.44328,-28.12997],[-57.44344,-28.13007],[-57.44344,-28.13011],[-57.44355,-28.13011],[-57.44371,-28.13011],[-57.44387,-28.13021],[-57.44403,-28.13025],[-57.44419,-28.13035],[-57.44435,-28.1304],[-57.44452,-28.13049],[-57.44468,-28.13054],[-57.44477,-28.13066],[-57.44479,-28.13068],[-57.44495,-28.13073],[-57.44511,-28.13082],[-57.44527,-28.13087],[-57.44543,-28.13097],[-57.44554,-28.13111],[-57.4457,-28.13116],[-57.44587,-28.1312],[-57.44597,-28.13135],[-57.44608,-28.13149],[-57.44624,-28.13158],[-57.44635,-28.13173],[-57.44651,-28.13177],[-57.44668,-28.13192],[-57.44678,-28.13206],[-57.44695,-28.13206],[-57.44711,-28.13206],[-57.44727,-28.13206],[-57.44743,-28.13206],[-57.44759,-28.13206],[-57.44775,-28.13206],[-57.44792,-28.13201],[-57.44808,-28.13196],[-57.44824,-28.13186],[-57.4484,-28.13182],[-57.44856,-28.13167],[-57.44872,-28.13162],[-57.44888,-28.13158],[-57.44904,-28.13153],[-57.44921,-28.13148],[-57.44937,-28.13143],[-57.44958,-28.13138],[-57.44974,-28.13138],[-57.44991,-28.13129],[-57.45012,-28.13119],[-57.45028,-28.13114],[-57.45044,-28.13114],[-57.4506,-28.13104],[-57.45077,-28.131],[-57.45093,-28.131],[-57.45109,-28.13095],[-57.45125,-28.1309],[-57.45141,-28.1309],[-57.45157,-28.1308],[-57.45173,-28.13075],[-57.4519,-28.13075],[-57.45206,-28.13075],[-57.45222,-28.13075],[-57.45238,-28.1308],[-57.45244,-28.13094],[-57.45249,-28.13109],[-57.45265,-28.13118],[-57.45271,-28.13132],[-57.45271,-28.13147],[-57.45276,-28.13161],[-57.45276,-28.13175],[-57.45287,-28.1319],[-57.45303,-28.13199],[-57.45309,-28.13213],[-57.4532,-28.13228],[-57.4532,-28.13242],[-57.4532,-28.13256],[-57.45331,-28.13271],[-57.45347,-28.1328],[-57.45352,-28.13295],[-57.45358,-28.13309],[-57.45368,-28.13323],[-57.45379,-28.13337],[-57.45379,-28.13352],[-57.45379,-28.13366],[-57.45379,-28.1338],[-57.4538,-28.13395],[-57.4538,-28.13409],[-57.4538,-28.13423],[-57.4538,-28.13438],[-57.4538,-28.13452],[-57.4538,-28.13466],[-57.4538,-28.13481],[-57.45364,-28.1349],[-57.45348,-28.135],[-57.45331,-28.135],[-57.45315,-28.13505],[-57.45299,-28.13514],[-57.45283,-28.13514],[-57.45267,-28.13519],[-57.45251,-28.13524],[-57.45235,-28.13524],[-57.45218,-28.13529],[-57.45202,-28.13529],[-57.45186,-28.13534],[-57.4517,-28.13534],[-57.45154,-28.13534],[-57.45138,-28.13544],[-57.45122,-28.13548],[-57.45105,-28.13558],[-57.45089,-28.13568],[-57.45073,-28.13582],[-57.45057,-28.13596],[-57.45041,-28.13601],[-57.45025,-28.13606],[-57.45009,-28.13611],[-57.44993,-28.13611],[-57.44976,-28.1362],[-57.4496,-28.13625],[-57.44944,-28.1363],[-57.44928,-28.1363],[-57.44912,-28.1364],[-57.44896,-28.13645],[-57.4488,-28.13649],[-57.44863,-28.13654],[-57.44847,-28.13659],[-57.44831,-28.13669],[-57.44815,-28.13678],[-57.4481,-28.13693],[-57.44804,-28.13707],[-57.44788,-28.13717],[-57.44772,-28.13726],[-57.44756,-28.13736],[-57.4474,-28.13741],[-57.44724,-28.1375],[-57.44713,-28.13765],[-57.44697,-28.13769],[-57.44681,-28.13769],[-57.44665,-28.13769],[-57.44649,-28.1377],[-57.44632,-28.1377],[-57.44616,-28.1377],[-57.446,-28.1377],[-57.44589,-28.13755],[-57.44578,-28.13741],[-57.44568,-28.13727],[-57.44562,-28.13713],[-57.44546,-28.13698],[-57.44546,-28.13684],[-57.44546,-28.1367],[-57.44546,-28.13655],[-57.44546,-28.13641],[-57.44546,-28.13627],[-57.44535,-28.13612],[-57.44519,-28.13603],[-57.44502,-28.13593],[-57.44497,-28.13579],[-57.44486,-28.13565],[-57.4447,-28.13555],[-57.44454,-28.13546],[-57.44437,-28.13536],[-57.44427,-28.13522],[-57.4441,-28.13512],[-57.44394,-28.13503],[-57.44378,-28.13493],[-57.44362,-28.13484],[-57.44346,-28.13474],[-57.44329,-28.1347],[-57.44313,-28.1346],[-57.44297,-28.1346],[-57.44281,-28.1346],[-57.44265,-28.1346],[-57.44249,-28.1346],[-57.44232,-28.13461],[-57.44232,-28.13461],[-57.44305,-28.13626],[-57.45061,-28.14484],[-57.45356,-28.14654],[-57.45618,-28.14806],[-57.46446,-28.14896],[-57.47082,-28.15469],[-57.47348,-28.15582],[-57.4767,-28.15718],[-57.48033,-28.15872],[-57.48388,-28.16352],[-57.50474,-28.17281],[-57.54397,-28.21314],[-57.55252,-28.24773],[-57.55346,-28.24723],[-57.56303,-28.25693],[-57.56018,-28.26498],[-57.57102,-28.26918],[-57.58415,-28.28343],[-57.58499,-28.29402],[-57.58721,-28.32041],[-57.5816,-28.32168],[-57.57311,-28.34005],[-57.59929,-28.37053],[-57.61994,-28.38953],[-57.62668,-28.39573],[-57.60507,-28.38762],[-57.57721,-28.37717],[-57.57267,-28.36978],[-57.56495,-28.36628],[-57.56216,-28.36502],[-57.5622,-28.36505],[-57.56232,-28.36516],[-57.56243,-28.3653],[-57.56254,-28.36545],[-57.56265,-28.36559],[-57.56276,-28.36573],[-57.56292,-28.36578],[-57.56297,-28.36592],[-57.56308,-28.36606],[-57.56324,-28.36621],[-57.56335,-28.36635],[-57.56346,-28.36649],[-57.56357,-28.36664],[-57.56373,-28.36673],[-57.56384,-28.36687],[-57.564,-28.36697],[-57.56411,-28.36711],[-57.56422,-28.36725],[-57.56433,-28.3674],[-57.56449,-28.36754],[-57.5646,-28.36768],[-57.56471,-28.36782],[-57.56487,-28.36797],[-57.56487,-28.36811],[-57.56487,-28.36825],[-57.56488,-28.3684],[-57.56488,-28.36854],[-57.56482,-28.36868],[-57.56482,-28.36883],[-57.56482,-28.36897],[-57.56483,-28.36911],[-57.56477,-28.36926],[-57.56467,-28.3694],[-57.56467,-28.36954],[-57.56467,-28.36969],[-57.56467,-28.36983],[-57.56467,-28.36997],[-57.56467,-28.37012],[-57.56472,-28.37026],[-57.56483,-28.3704],[-57.56494,-28.37055],[-57.56505,-28.37069],[-57.5651,-28.37083],[-57.56527,-28.37097],[-57.56532,-28.37112],[-57.56534,-28.37113],[-57.56548,-28.37121],[-57.56554,-28.37135],[-57.5657,-28.3714],[-57.56586,-28.37154],[-57.56603,-28.37159],[-57.56619,-28.37169],[-57.56621,-28.37175],[-57.56624,-28.37183],[-57.56641,-28.37188],[-57.56646,-28.37202],[-57.56662,-28.37216],[-57.56679,-28.3723],[-57.56689,-28.37245],[-57.56706,-28.37254],[-57.56708,-28.37259],[-57.56717,-28.37259],[-57.56733,-28.37259],[-57.56749,-28.37268],[-57.56765,-28.37273],[-57.56776,-28.37287],[-57.56792,-28.37292],[-57.56809,-28.37301],[-57.56819,-28.37316],[-57.56836,-28.37325],[-57.56841,-28.3734],[-57.56852,-28.37354],[-57.56863,-28.37368],[-57.56874,-28.37382],[-57.56874,-28.37397],[-57.56874,-28.37411],[-57.56874,-28.37425],[-57.56879,-28.3744],[-57.5688,-28.37454],[-57.5688,-28.37468],[-57.5688,-28.37483],[-57.5688,-28.37497],[-57.5688,-28.37511],[-57.5688,-28.37526],[-57.5688,-28.3754],[-57.5688,-28.37554],[-57.5688,-28.37569],[-57.5688,-28.37583],[-57.5688,-28.37597],[-57.5688,-28.37612],[-57.5688,-28.37626],[-57.56875,-28.3764],[-57.56875,-28.37655],[-57.56875,-28.37669],[-57.56875,-28.37683],[-57.5687,-28.37698],[-57.56854,-28.37707],[-57.56838,-28.37722],[-57.56832,-28.37736],[-57.56816,-28.37746],[-57.568,-28.3776],[-57.56789,-28.37774],[-57.56779,-28.37789],[-57.56763,-28.37798],[-57.56746,-28.37808],[-57.56736,-28.37822],[-57.5672,-28.37832],[-57.56709,-28.37846],[-57.56693,-28.37861],[-57.56682,-28.37875],[-57.56666,-28.37885],[-57.5665,-28.37894],[-57.56634,-28.37899],[-57.56617,-28.37904],[-57.56596,-28.37918],[-57.5658,-28.37928],[-57.56564,-28.37938],[-57.56547,-28.37942],[-57.56531,-28.37952],[-57.56515,-28.37957],[-57.56499,-28.37966],[-57.56483,-28.37976],[-57.56467,-28.37981],[-57.5645,-28.37991],[-57.56434,-28.37995],[-57.56418,-28.38005],[-57.56402,-28.3801],[-57.56386,-28.38019],[-57.5637,-28.38029],[-57.56365,-28.38036],[-57.56359,-28.38043],[-57.56343,-28.38053],[-57.56327,-28.38063],[-57.56316,-28.38077],[-57.56305,-28.38091],[-57.56289,-28.38101],[-57.56273,-28.38111],[-57.56257,-28.38111],[-57.56241,-28.38111],[-57.56224,-28.38106],[-57.56208,-28.38097],[-57.56192,-28.38082],[-57.56182,-28.3808],[-57.56176,-28.38078],[-57.56165,-28.38063],[-57.56148,-28.38054],[-57.56132,-28.38049],[-57.56116,-28.38049],[-57.561,-28.38059],[-57.56084,-28.38064],[-57.56073,-28.38078],[-57.56062,-28.38092],[-57.56057,-28.38107],[-57.56057,-28.38121],[-57.56046,-28.38135],[-57.5603,-28.38145],[-57.56015,-28.38145],[-57.56014,-28.38145],[-57.55998,-28.38136],[-57.55992,-28.38137],[-57.55982,-28.3814],[-57.55971,-28.38155],[-57.55971,-28.38169],[-57.55971,-28.38183],[-57.55966,-28.38198],[-57.5596,-28.38212],[-57.55944,-28.38222],[-57.55933,-28.38236],[-57.55934,-28.3825],[-57.55934,-28.38265],[-57.55939,-28.38279],[-57.55945,-28.38293],[-57.55945,-28.38308],[-57.55956,-28.38322],[-57.55961,-28.38336],[-57.55972,-28.38351],[-57.55983,-28.38365],[-57.55983,-28.38379],[-57.55988,-28.38394],[-57.55988,-28.38408],[-57.55994,-28.38422],[-57.55994,-28.38436],[-57.55994,-28.38451],[-57.55994,-28.38465],[-57.55994,-28.38479],[-57.55994,-28.38494],[-57.55994,-28.38508],[-57.55994,-28.38522],[-57.55994,-28.38537],[-57.56,-28.38551],[-57.56016,-28.38561],[-57.56027,-28.38575],[-57.56038,-28.38589],[-57.56049,-28.38603],[-57.5606,-28.38618],[-57.56071,-28.38632],[-57.56071,-28.38646],[-57.56071,-28.38661],[-57.56076,-28.38675],[-57.56076,-28.38689],[-57.56076,-28.38704],[-57.56087,-28.38718],[-57.56098,-28.38732],[-57.56114,-28.38742],[-57.5612,-28.38756],[-57.5612,-28.3877],[-57.5612,-28.38784],[-57.56136,-28.38794],[-57.56147,-28.38808],[-57.56158,-28.38823],[-57.56163,-28.38837],[-57.56174,-28.38851],[-57.56182,-28.38858],[-57.56191,-28.38865],[-57.56201,-28.3888],[-57.56218,-28.38889],[-57.56234,-28.38894],[-57.5625,-28.38894],[-57.56266,-28.38894],[-57.56282,-28.38894],[-57.56299,-28.38894],[-57.56307,-28.38896],[-57.56315,-28.38898],[-57.56331,-28.38898],[-57.56347,-28.38898],[-57.56363,-28.38898],[-57.5638,-28.38903],[-57.56396,-28.38907],[-57.56412,-28.38907],[-57.56428,-28.38907],[-57.56445,-28.38907],[-57.56461,-28.38907],[-57.56477,-28.38912],[-57.56493,-28.38917],[-57.56509,-28.38926],[-57.56526,-28.38926],[-57.56542,-28.38931],[-57.56558,-28.38931],[-57.56572,-28.38931],[-57.56594,-28.38924],[-57.56596,-28.38926],[-57.56612,-28.38935],[-57.56628,-28.3894],[-57.56645,-28.38954],[-57.56661,-28.38964],[-57.56677,-28.38973],[-57.56693,-28.38978],[-57.56709,-28.38978],[-57.56726,-28.38983],[-57.56742,-28.38982],[-57.56758,-28.38997],[-57.56774,-28.39006],[-57.56791,-28.39011],[-57.56807,-28.39016],[-57.56823,-28.39016],[-57.56845,-28.39015],[-57.56861,-28.3902],[-57.56877,-28.3902],[-57.56893,-28.3902],[-57.56909,-28.39025],[-57.56926,-28.39025],[-57.56942,-28.39029],[-57.56964,-28.39034],[-57.5698,-28.39039],[-57.56996,-28.39039],[-57.57012,-28.39043],[-57.57028,-28.39043],[-57.57045,-28.39053],[-57.57061,-28.39053],[-57.57077,-28.39053],[-57.57093,-28.39053],[-57.57104,-28.39067],[-57.5712,-28.39072],[-57.57137,-28.39081],[-57.57153,-28.39086],[-57.57169,-28.39095],[-57.57185,-28.39105],[-57.57191,-28.39119],[-57.57207,-28.39129],[-57.57223,-28.39133],[-57.5724,-28.39147],[-57.57245,-28.39162],[-57.57245,-28.39176],[-57.57251,-28.3919],[-57.57251,-28.39205],[-57.57251,-28.39219],[-57.57262,-28.39233],[-57.57267,-28.39248],[-57.57267,-28.39262],[-57.57267,-28.39276],[-57.57267,-28.39291],[-57.57267,-28.39305],[-57.57267,-28.39319],[-57.57273,-28.39334],[-57.57284,-28.39348],[-57.57289,-28.39362],[-57.57289,-28.39376],[-57.57279,-28.39391],[-57.57279,-28.39405],[-57.57273,-28.39419],[-57.57273,-28.39434],[-57.57268,-28.39448],[-57.57257,-28.39463],[-57.57252,-28.39477],[-57.57236,-28.39486],[-57.57231,-28.39501],[-57.5722,-28.39515],[-57.57204,-28.39525],[-57.57193,-28.39539],[-57.57177,-28.39554],[-57.57161,-28.39563],[-57.57145,-28.39573],[-57.57128,-28.39578],[-57.57112,-28.39587],[-57.57096,-28.39597],[-57.5708,-28.39602],[-57.57064,-28.39611],[-57.57053,-28.39626],[-57.57037,-28.39635],[-57.57021,-28.39645],[-57.57005,-28.39655],[-57.56988,-28.39664],[-57.56972,-28.39674],[-57.56956,-28.39679],[-57.56945,-28.39693],[-57.56929,-28.39698],[-57.56913,-28.39707],[-57.56897,-28.39708],[-57.56881,-28.39708],[-57.56865,-28.39708],[-57.56848,-28.39708],[-57.56832,-28.39708],[-57.56816,-28.39708],[-57.568,-28.39708],[-57.56784,-28.39708],[-57.56767,-28.39708],[-57.56751,-28.39708],[-57.56735,-28.39708],[-57.56719,-28.39708],[-57.56703,-28.39708],[-57.56686,-28.39708],[-57.5667,-28.39708],[-57.56654,-28.39709],[-57.56638,-28.39704],[-57.56622,-28.39699],[-57.56621,-28.39685],[-57.56621,-28.39671],[-57.56621,-28.39656],[-57.56621,-28.39642],[-57.56637,-28.39642],[-57.56654,-28.39642],[-57.56648,-28.39627],[-57.56643,-28.39613],[-57.56626,-28.39604],[-57.5661,-28.39594],[-57.56594,-28.39589],[-57.56583,-28.39575],[-57.56567,-28.39575],[-57.56551,-28.39575],[-57.56534,-28.39575],[-57.56518,-28.39575],[-57.56502,-28.39576],[-57.56486,-28.39576],[-57.5647,-28.39576],[-57.56453,-28.39576],[-57.56437,-28.39576],[-57.56421,-28.39576],[-57.56405,-28.39576],[-57.56389,-28.39576],[-57.56372,-28.39576],[-57.56356,-28.39576],[-57.5634,-28.39576],[-57.56324,-28.39576],[-57.56308,-28.39581],[-57.56292,-28.39586],[-57.56275,-28.39591],[-57.56259,-28.396],[-57.56243,-28.39605],[-57.56227,-28.39615],[-57.56211,-28.39624],[-57.56189,-28.39629],[-57.56182,-28.39633],[-57.56173,-28.39639],[-57.56157,-28.39644],[-57.56141,-28.39653],[-57.56125,-28.39668],[-57.56108,-28.39677],[-57.56092,-28.39687],[-57.56076,-28.39692],[-57.5606,-28.39692],[-57.56044,-28.39692],[-57.56028,-28.39692],[-57.56011,-28.39692],[-57.55995,-28.39692],[-57.55979,-28.39692],[-57.55963,-28.39692],[-57.55947,-28.39692],[-57.5593,-28.39683],[-57.55914,-28.39673],[-57.55903,-28.39659],[-57.55898,-28.39645],[-57.55892,-28.39631],[-57.55887,-28.39616],[-57.55887,-28.39602],[-57.55892,-28.39588],[-57.55908,-28.39578],[-57.55919,-28.39564],[-57.55935,-28.39559],[-57.55951,-28.39554],[-57.55967,-28.39544],[-57.55984,-28.39539],[-57.56,-28.3953],[-57.56016,-28.3952],[-57.56032,-28.3952],[-57.56043,-28.39506],[-57.56053,-28.39491],[-57.5607,-28.39482],[-57.56086,-28.39472],[-57.56091,-28.39458],[-57.56091,-28.39444],[-57.56091,-28.39429],[-57.56091,-28.39415],[-57.56091,-28.39401],[-57.56091,-28.39386],[-57.56091,-28.39372],[-57.5608,-28.39358],[-57.56064,-28.39353],[-57.56047,-28.39363],[-57.56031,-28.39367],[-57.56015,-28.39377],[-57.55999,-28.39382],[-57.55993,-28.39385],[-57.55983,-28.39391],[-57.55972,-28.39406],[-57.55956,-28.39415],[-57.5594,-28.3943],[-57.55929,-28.39444],[-57.55918,-28.39459],[-57.55902,-28.39468],[-57.55897,-28.39483],[-57.55881,-28.39492],[-57.55865,-28.39502],[-57.55848,-28.39511],[-57.55838,-28.39526],[-57.55822,-28.39535],[-57.55805,-28.39545],[-57.55789,-28.3955],[-57.55773,-28.39555],[-57.55757,-28.39564],[-57.55741,-28.39574],[-57.55725,-28.39583],[-57.55708,-28.39588],[-57.55692,-28.39593],[-57.55682,-28.39608],[-57.55665,-28.39608],[-57.55649,-28.39608],[-57.55633,-28.39608],[-57.55617,-28.39608],[-57.55601,-28.39608],[-57.55584,-28.39608],[-57.55568,-28.39608],[-57.55552,-28.39608],[-57.55536,-28.39608],[-57.5552,-28.39608],[-57.55503,-28.39599],[-57.55487,-28.39599],[-57.55471,-28.39589],[-57.5546,-28.39575],[-57.55444,-28.39566],[-57.55428,-28.39566],[-57.55411,-28.39561],[-57.55395,-28.39551],[-57.55379,-28.39542],[-57.55363,-28.39528],[-57.55346,-28.39518],[-57.5533,-28.39513],[-57.55319,-28.39499],[-57.55303,-28.39494],[-57.55292,-28.3948],[-57.55281,-28.39466],[-57.5527,-28.39452],[-57.55259,-28.39437],[-57.55243,-28.39428],[-57.55227,-28.39423],[-57.55211,-28.39418],[-57.552,-28.39404],[-57.55189,-28.3939],[-57.55189,-28.39376],[-57.55178,-28.39361],[-57.55167,-28.39347],[-57.55151,-28.39338],[-57.55135,-28.39338],[-57.55119,-28.39338],[-57.55102,-28.39338],[-57.55086,-28.39338],[-57.5507,-28.39338],[-57.55054,-28.39343],[-57.55038,-28.39352],[-57.55021,-28.39357],[-57.55005,-28.39372],[-57.55,-28.39386],[-57.54989,-28.394],[-57.54984,-28.39415],[-57.54973,-28.39429],[-57.54973,-28.39443],[-57.54973,-28.39458],[-57.54968,-28.39472],[-57.54963,-28.39486],[-57.54957,-28.39501],[-57.54947,-28.39515],[-57.54936,-28.39529],[-57.54925,-28.39544],[-57.54909,-28.39558],[-57.54893,-28.39563],[-57.54877,-28.39563],[-57.54861,-28.39563],[-57.54844,-28.39563],[-57.54828,-28.39563],[-57.54812,-28.39563],[-57.54796,-28.39563],[-57.5478,-28.39559],[-57.54763,-28.39549],[-57.54747,-28.3954],[-57.54735,-28.39533],[-57.54731,-28.39535],[-57.54715,-28.3954],[-57.54698,-28.3954],[-57.54682,-28.3954],[-57.54666,-28.3954],[-57.5465,-28.3954],[-57.54634,-28.39535],[-57.54617,-28.39526],[-57.54607,-28.39512],[-57.5459,-28.39502],[-57.54574,-28.39497],[-57.54558,-28.39497],[-57.54542,-28.39498],[-57.54525,-28.39498],[-57.54509,-28.39498],[-57.54493,-28.39493],[-57.54477,-28.39493],[-57.54461,-28.39493],[-57.54444,-28.39488],[-57.54428,-28.39484],[-57.54412,-28.39474],[-57.54396,-28.3946],[-57.54379,-28.3945],[-57.54363,-28.39441],[-57.54347,-28.39436],[-57.54331,-28.39427],[-57.54314,-28.39417],[-57.54298,-28.39408],[-57.54287,-28.39394],[-57.54271,-28.39379],[-57.54255,-28.39375],[-57.54239,-28.39375],[-57.54228,-28.3936],[-57.54222,-28.39346],[-57.54217,-28.39332],[-57.54217,-28.39317],[-57.54206,-28.39303],[-57.5419,-28.39303],[-57.54173,-28.39298],[-57.54157,-28.39299],[-57.54152,-28.39284],[-57.54152,-28.3927],[-57.54152,-28.39256],[-57.54152,-28.39241],[-57.54146,-28.39227],[-57.5413,-28.39222],[-57.54114,-28.39213],[-57.54114,-28.39198],[-57.54113,-28.39184],[-57.54113,-28.3917],[-57.54113,-28.39155],[-57.54113,-28.39141],[-57.54109,-28.3913],[-57.54108,-28.39127],[-57.54092,-28.39122],[-57.54075,-28.39117],[-57.5407,-28.39103],[-57.54054,-28.39098],[-57.54037,-28.39094],[-57.54027,-28.39079],[-57.5401,-28.39079],[-57.53994,-28.3908],[-57.53978,-28.3907],[-57.53972,-28.39056],[-57.53972,-28.39041],[-57.53967,-28.39027],[-57.53952,-28.39018],[-57.53951,-28.39018],[-57.53934,-28.39018],[-57.53918,-28.39018],[-57.53902,-28.39013],[-57.53902,-28.38999],[-57.53897,-28.38984],[-57.53891,-28.3897],[-57.53886,-28.38956],[-57.53875,-28.38953],[-57.53869,-28.38951],[-57.53853,-28.38946],[-57.53837,-28.38937],[-57.53826,-28.38923],[-57.53826,-28.38908],[-57.53826,-28.38894],[-57.53826,-28.3888],[-57.53826,-28.38865],[-57.53826,-28.38851],[-57.5382,-28.38837],[-57.53804,-28.38832],[-57.53788,-28.38823],[-57.53782,-28.38808],[-57.53777,-28.38794],[-57.53777,-28.3878],[-57.53777,-28.38765],[-57.5376,-28.38765],[-57.53744,-28.38765],[-57.53728,-28.38765],[-57.53728,-28.38751],[-57.53728,-28.38737],[-57.53728,-28.38734],[-57.53722,-28.38732],[-57.53706,-28.38723],[-57.5369,-28.38713],[-57.53674,-28.38704],[-57.53658,-28.38699],[-57.53641,-28.38689],[-57.53625,-28.38685],[-57.53609,-28.3868],[-57.53593,-28.38675],[-57.53576,-28.38666],[-57.5356,-28.38661],[-57.53544,-28.38652],[-57.53528,-28.38642],[-57.53511,-28.38637],[-57.53495,-28.38628],[-57.53479,-28.38623],[-57.53463,-28.38614],[-57.53446,-28.38609],[-57.5343,-28.38604],[-57.53414,-28.38604],[-57.53398,-28.38604],[-57.53382,-28.386],[-57.5336,-28.386],[-57.53344,-28.3859],[-57.53328,-28.38586],[-57.53311,-28.38571],[-57.53295,-28.38562],[-57.53279,-28.38552],[-57.53263,-28.38543],[-57.53252,-28.38529],[-57.53235,-28.38519],[-57.53225,-28.38505],[-57.53219,-28.38491],[-57.53203,-28.38481],[-57.53187,-28.38476],[-57.5317,-28.38472],[-57.5316,-28.38457],[-57.53143,-28.38448],[-57.53132,-28.38434],[-57.53127,-28.38419],[-57.53122,-28.38405],[-57.53111,-28.38391],[-57.53094,-28.38381],[-57.53084,-28.38367],[-57.53073,-28.38353],[-57.53062,-28.38338],[-57.53062,-28.38324],[-57.53062,-28.3831],[-57.53062,-28.38295],[-57.53062,-28.38281],[-57.53061,-28.38267],[-57.53061,-28.38252],[-57.53061,-28.38238],[-57.53061,-28.38224],[-57.53061,-28.38209],[-57.53069,-28.38199],[-57.53056,-28.38195],[-57.5304,-28.38195],[-57.53034,-28.38181],[-57.53023,-28.38167],[-57.53023,-28.38152],[-57.53023,-28.38145],[-57.53018,-28.38152],[-57.53007,-28.38167],[-57.52996,-28.38181],[-57.5298,-28.38181],[-57.52964,-28.38176],[-57.52948,-28.38172],[-57.52931,-28.38162],[-57.52915,-28.38153],[-57.52899,-28.38138],[-57.52883,-28.38129],[-57.52866,-28.38115],[-57.5285,-28.3811],[-57.52834,-28.38101],[-57.52823,-28.38086],[-57.52807,-28.38086],[-57.52791,-28.38082],[-57.52774,-28.38082],[-57.52758,-28.38082],[-57.52742,-28.38082],[-57.52726,-28.38082],[-57.5271,-28.38082],[-57.52693,-28.38082],[-57.52677,-28.38082],[-57.52661,-28.38082],[-57.52645,-28.38082],[-57.52629,-28.38082],[-57.52612,-28.38082],[-57.52596,-28.38082],[-57.5258,-28.38082],[-57.52564,-28.38082],[-57.52548,-28.38083],[-57.52531,-28.38083],[-57.52515,-28.38083],[-57.52499,-28.38083],[-57.52483,-28.38083],[-57.52467,-28.38083],[-57.5245,-28.38083],[-57.52434,-28.38083],[-57.52418,-28.38073],[-57.52402,-28.38064],[-57.52386,-28.38055],[-57.52369,-28.38045],[-57.52358,-28.38031],[-57.52342,-28.38026],[-57.52326,-28.38021],[-57.5231,-28.38017],[-57.52294,-28.38007],[-57.52277,-28.38002],[-57.52266,-28.37988],[-57.5225,-28.37979],[-57.52234,-28.37964],[-57.52218,-28.37955],[-57.52201,-28.3795],[-57.52185,-28.37941],[-57.52169,-28.37936],[-57.52153,-28.37922],[-57.52137,-28.37912],[-57.5212,-28.37908],[-57.52109,-28.37893],[-57.52093,-28.37884],[-57.52077,-28.37879],[-57.52066,-28.37865],[-57.5205,-28.37855],[-57.52034,-28.37851],[-57.52017,-28.37851],[-57.52001,-28.37832],[-57.51985,-28.37822],[-57.51969,-28.37817],[-57.51958,-28.37803],[-57.51942,-28.37798],[-57.51925,-28.37789],[-57.51925,-28.37775],[-57.51925,-28.3776],[-57.51925,-28.37746],[-57.51925,-28.37732],[-57.51914,-28.37717],[-57.51903,-28.37703],[-57.51903,-28.37689],[-57.51903,-28.37674],[-57.51903,-28.3766],[-57.51903,-28.37657],[-57.51898,-28.37656],[-57.51898,-28.37655],[-57.51898,-28.37641],[-57.51898,-28.37627],[-57.51898,-28.37612],[-57.51897,-28.37598],[-57.51897,-28.37584],[-57.51897,-28.37569],[-57.51892,-28.37555],[-57.51886,-28.37541],[-57.51886,-28.37526],[-57.51886,-28.37512],[-57.51875,-28.37498],[-57.5187,-28.37484],[-57.51859,-28.37469],[-57.51843,-28.37455],[-57.51827,-28.37455],[-57.5181,-28.37455],[-57.51794,-28.37455],[-57.51778,-28.37455],[-57.51762,-28.37455],[-57.51746,-28.37455],[-57.51729,-28.3746],[-57.51713,-28.3747],[-57.51697,-28.37479],[-57.51681,-28.37484],[-57.5167,-28.37499],[-57.51654,-28.37508],[-57.51638,-28.37513],[-57.51622,-28.37518],[-57.51606,-28.37523],[-57.51595,-28.37537],[-57.51579,-28.37542],[-57.51562,-28.37542],[-57.51546,-28.37542],[-57.5153,-28.37542],[-57.51524,-28.37542],[-57.51495,-28.37509],[-57.51492,-28.37509],[-57.51476,-28.37509],[-57.5146,-28.37509],[-57.51444,-28.37509],[-57.51427,-28.37504],[-57.51411,-28.37504],[-57.51395,-28.37504],[-57.51379,-28.37504],[-57.51363,-28.375],[-57.51346,-28.3749],[-57.51335,-28.37476],[-57.51319,-28.37467],[-57.51308,-28.37452],[-57.51292,-28.37448],[-57.51287,-28.37433],[-57.5127,-28.37428],[-57.51254,-28.37424],[-57.51238,-28.37419],[-57.51222,-28.37419],[-57.51206,-28.37424],[-57.51189,-28.37429],[-57.51173,-28.37438],[-57.51157,-28.37443],[-57.51141,-28.37453],[-57.51125,-28.37462],[-57.51109,-28.37463],[-57.51092,-28.37463],[-57.51076,-28.37463],[-57.5106,-28.37472],[-57.51049,-28.37487],[-57.51033,-28.37491],[-57.51028,-28.37496],[-57.51017,-28.37506],[-57.51006,-28.3752],[-57.5099,-28.3753],[-57.50974,-28.37539],[-57.50952,-28.3754],[-57.50936,-28.3754],[-57.5092,-28.3754],[-57.50904,-28.3754],[-57.50893,-28.3754],[-57.50888,-28.3754],[-57.50877,-28.3754],[-57.50861,-28.3754],[-57.50844,-28.3754],[-57.50828,-28.3754],[-57.50812,-28.3754],[-57.50796,-28.3754],[-57.5078,-28.3754],[-57.50763,-28.37535],[-57.50747,-28.37531],[-57.50731,-28.37521],[-57.50715,-28.37507],[-57.50698,-28.37497],[-57.50693,-28.37483],[-57.50688,-28.37469],[-57.50687,-28.37455],[-57.50687,-28.3744],[-57.50682,-28.37426],[-57.50677,-28.37421],[-57.5066,-28.37412],[-57.50644,-28.37402],[-57.50639,-28.37399],[-57.50628,-28.37393],[-57.50618,-28.37384],[-57.50612,-28.37378],[-57.50595,-28.37378],[-57.50579,-28.37379],[-57.50563,-28.37374],[-57.50547,-28.37374],[-57.50531,-28.37369],[-57.50514,-28.37369],[-57.50498,-28.37369],[-57.50482,-28.37369],[-57.50466,-28.37369],[-57.5045,-28.37369],[-57.50433,-28.3737],[-57.50417,-28.3737],[-57.50401,-28.3737],[-57.50385,-28.3737],[-57.50369,-28.37375],[-57.50352,-28.37375],[-57.50336,-28.37384],[-57.5032,-28.37384],[-57.50304,-28.37389],[-57.50288,-28.37389],[-57.50272,-28.37399],[-57.50255,-28.37404],[-57.50239,-28.37408],[-57.50228,-28.37423],[-57.50212,-28.37428],[-57.50196,-28.37432],[-57.5018,-28.37442],[-57.50164,-28.37452],[-57.50148,-28.37461],[-57.50131,-28.37466],[-57.50115,-28.37466],[-57.50099,-28.37476],[-57.50083,-28.37476],[-57.50067,-28.3749],[-57.50051,-28.37495],[-57.50029,-28.37495],[-57.50013,-28.37495],[-57.49997,-28.37495],[-57.4998,-28.37495],[-57.49964,-28.37495],[-57.49948,-28.37495],[-57.49932,-28.37496],[-57.49916,-28.37491],[-57.49899,-28.37486],[-57.49894,-28.37472],[-57.49878,-28.37467],[-57.49862,-28.37462],[-57.49845,-28.37453],[-57.49829,-28.37453],[-57.49813,-28.37453],[-57.49797,-28.37453],[-57.49781,-28.37453],[-57.49764,-28.37453],[-57.49748,-28.37453],[-57.49732,-28.37458],[-57.49716,-28.37458],[-57.497,-28.37458],[-57.49683,-28.37458],[-57.49667,-28.37458],[-57.49651,-28.37458],[-57.49635,-28.37454],[-57.49619,-28.37449],[-57.49602,-28.37444],[-57.49586,-28.37444],[-57.4957,-28.37444],[-57.49554,-28.37444],[-57.49543,-28.3743],[-57.49527,-28.3743],[-57.49511,-28.3743],[-57.49494,-28.3743],[-57.49478,-28.3743],[-57.49462,-28.3743],[-57.49446,-28.37435],[-57.4943,-28.37435],[-57.49413,-28.37431],[-57.49397,-28.37426],[-57.49376,-28.37426],[-57.49359,-28.37421],[-57.49343,-28.37421],[-57.49327,-28.37417],[-57.49311,-28.37412],[-57.49311,-28.37398],[-57.49311,-28.37378],[-57.49305,-28.37364],[-57.49289,-28.37364],[-57.49273,-28.37364],[-57.49256,-28.37364],[-57.4924,-28.37364],[-57.49224,-28.37364],[-57.49208,-28.37364],[-57.49192,-28.3736],[-57.49175,-28.37355],[-57.49159,-28.37355],[-57.49143,-28.37355],[-57.49127,-28.37346],[-57.49121,-28.37331],[-57.49121,-28.37317],[-57.4911,-28.37303],[-57.49094,-28.37298],[-57.49078,-28.37298],[-57.49062,-28.37298],[-57.49046,-28.37298],[-57.49029,-28.37293],[-57.49029,-28.37279],[-57.49018,-28.37265],[-57.49002,-28.37255],[-57.48986,-28.37255],[-57.4897,-28.37251],[-57.48954,-28.37246],[-57.48937,-28.37246],[-57.48932,-28.37232],[-57.48932,-28.37217],[-57.48932,-28.37203],[-57.48932,-28.37189],[-57.48932,-28.37174],[-57.48932,-28.3716],[-57.48932,-28.37146],[-57.48921,-28.37132],[-57.48915,-28.37117],[-57.48899,-28.37108],[-57.48894,-28.37093],[-57.48877,-28.37089],[-57.48866,-28.37074],[-57.4885,-28.3707],[-57.48834,-28.37065],[-57.48818,-28.3706],[-57.48802,-28.37051],[-57.48785,-28.37046],[-57.48769,-28.37041],[-57.48753,-28.37032],[-57.48742,-28.37018],[-57.48737,-28.37003],[-57.4872,-28.36989],[-57.48709,-28.36975],[-57.48693,-28.3697],[-57.48688,-28.36956],[-57.48672,-28.36946],[-57.48655,-28.36942],[-57.48644,-28.36927],[-57.48628,-28.36918],[-57.48612,-28.36908],[-57.48596,-28.36899],[-57.4858,-28.36899],[-57.48563,-28.36894],[-57.48547,-28.36894],[-57.48531,-28.36894],[-57.48515,-28.36889],[-57.48498,-28.3688],[-57.48482,-28.3688],[-57.48466,-28.36875],[-57.4845,-28.36871],[-57.48434,-28.36866],[-57.48417,-28.36856],[-57.48401,-28.36852],[-57.48385,-28.36847],[-57.48369,-28.36842],[-57.48353,-28.36842],[-57.48336,-28.36847],[-57.4832,-28.36857],[-57.48304,-28.36862],[-57.48288,-28.36862],[-57.48272,-28.36857],[-57.48255,-28.36857],[-57.48245,-28.36843],[-57.48245,-28.36828],[-57.48244,-28.36814],[-57.48244,-28.368],[-57.48234,-28.36785],[-57.48223,-28.36771],[-57.48223,-28.36757],[-57.48217,-28.36743],[-57.48201,-28.36733],[-57.48185,-28.36724],[-57.48174,-28.36709],[-57.48163,-28.36695],[-57.48152,-28.36681],[-57.48141,-28.36666],[-57.48136,-28.36652],[-57.4813,-28.36638],[-57.48125,-28.36623],[-57.48109,-28.36614],[-57.48092,-28.36605],[-57.48076,-28.36595],[-57.4806,-28.36586],[-57.48049,-28.36571],[-57.48038,-28.36557],[-57.48022,-28.36547],[-57.48006,-28.36538],[-57.47995,-28.36524],[-57.47979,-28.36519],[-57.47962,-28.36514],[-57.47946,-28.36514],[-57.4793,-28.36505],[-57.47914,-28.365],[-57.47898,-28.36491],[-57.47881,-28.36486],[-57.47865,-28.36476],[-57.47857,-28.36472],[-57.47849,-28.36467],[-57.47838,-28.36453],[-57.47822,-28.36443],[-57.47822,-28.36429],[-57.47822,-28.36414],[-57.47822,-28.364],[-57.47821,-28.36386],[-57.47821,-28.36372],[-57.47838,-28.36362],[-57.47854,-28.36348],[-57.47859,-28.36333],[-57.47859,-28.36319],[-57.47859,-28.36305],[-57.47853,-28.3629],[-57.47837,-28.36286],[-57.47821,-28.36281],[-57.47821,-28.36266],[-57.47821,-28.36252],[-57.47821,-28.36238],[-57.47821,-28.36223],[-57.47821,-28.36209],[-57.47837,-28.362],[-57.47842,-28.36185],[-57.47842,-28.36171],[-57.47847,-28.36157],[-57.47864,-28.36156],[-57.47874,-28.36156],[-57.47874,-28.36147],[-57.47874,-28.36128],[-57.47874,-28.36113],[-57.47874,-28.3609],[-57.47874,-28.36066],[-57.47874,-28.36051],[-57.47874,-28.36037],[-57.47874,-28.36023],[-57.47874,-28.36008],[-57.47868,-28.35994],[-57.47852,-28.35989],[-57.47847,-28.35975],[-57.47836,-28.35961],[-57.47825,-28.35947],[-57.47809,-28.35932],[-57.47803,-28.35918],[-57.47803,-28.35904],[-57.47787,-28.35894],[-57.47776,-28.3588],[-57.47771,-28.35866],[-57.47754,-28.35861],[-57.47754,-28.35847],[-57.47754,-28.35832],[-57.47749,-28.35818],[-57.47738,-28.35804],[-57.47732,-28.35789],[-57.47716,-28.3578],[-57.47705,-28.35766],[-57.47705,-28.35751],[-57.47705,-28.35737],[-57.477,-28.35723],[-57.477,-28.35708],[-57.47694,-28.35694],[-57.47689,-28.3568],[-57.47673,-28.3567],[-57.47662,-28.35656],[-57.47656,-28.35642],[-57.47651,-28.35627],[-57.4764,-28.35613],[-57.47624,-28.35599],[-57.47613,-28.35584],[-57.47607,-28.3557],[-57.47602,-28.35556],[-57.47596,-28.35541],[-57.47596,-28.35527],[-57.47596,-28.35513],[-57.47596,-28.35499],[-57.47596,-28.35484],[-57.47596,-28.3547],[-57.47601,-28.35456],[-57.47607,-28.35441],[-57.47607,-28.35427],[-57.47607,-28.35413],[-57.47623,-28.35403],[-57.47623,-28.35389],[-57.47623,-28.35374],[-57.47639,-28.35374],[-57.47655,-28.35365],[-57.47655,-28.3535],[-57.47671,-28.3535],[-57.47687,-28.3535],[-57.47703,-28.35345],[-57.4772,-28.35345],[-57.47736,-28.35345],[-57.47752,-28.35345],[-57.47768,-28.35345],[-57.47784,-28.35345],[-57.47801,-28.35345],[-57.47817,-28.35345],[-57.47833,-28.35345],[-57.47849,-28.35345],[-57.47865,-28.35345],[-57.47882,-28.35345],[-57.47898,-28.35345],[-57.47914,-28.35345],[-57.4793,-28.35345],[-57.47936,-28.3533],[-57.47935,-28.35316],[-57.47941,-28.35302],[-57.47941,-28.35294],[-57.47941,-28.35287],[-57.47941,-28.35273],[-57.47941,-28.35259],[-57.47941,-28.35244],[-57.47935,-28.3523],[-57.47924,-28.35216],[-57.47924,-28.35201],[-57.47924,-28.35187],[-57.47924,-28.35173],[-57.47924,-28.35158],[-57.47913,-28.35144],[-57.47897,-28.35135],[-57.47891,-28.3512],[-57.47875,-28.3512],[-57.47859,-28.3512],[-57.47843,-28.3512],[-57.47827,-28.35121],[-57.4781,-28.35121],[-57.47794,-28.35121],[-57.47778,-28.35121],[-57.47762,-28.35121],[-57.47746,-28.35126],[-57.4773,-28.35135],[-57.47713,-28.35135],[-57.47697,-28.35135],[-57.47681,-28.35135],[-57.47665,-28.35135],[-57.47649,-28.35135],[-57.47632,-28.35131],[-57.47616,-28.35126],[-57.47616,-28.35112],[-57.47616,-28.35097],[-57.47632,-28.35093],[-57.47643,-28.35078],[-57.47643,-28.35064],[-57.47648,-28.3505],[-57.47648,-28.35035],[-57.47648,-28.35021],[-57.47659,-28.35007],[-57.47659,-28.34992],[-57.47664,-28.34978],[-57.4768,-28.34968],[-57.4768,-28.34954],[-57.4768,-28.3494],[-57.47691,-28.34925],[-57.47707,-28.34925],[-57.47723,-28.3493],[-57.47729,-28.34944],[-57.47734,-28.34958],[-57.4774,-28.34973],[-57.4775,-28.34987],[-57.47767,-28.34997],[-57.47783,-28.35006],[-57.47783,-28.3502],[-57.47794,-28.35035],[-57.4781,-28.35035],[-57.47826,-28.35035],[-57.47842,-28.35035],[-57.47853,-28.35049],[-57.47869,-28.35049],[-57.47886,-28.35049],[-57.47902,-28.35049],[-57.47918,-28.35049],[-57.47934,-28.35049],[-57.4795,-28.35048],[-57.47967,-28.35039],[-57.47983,-28.35029],[-57.47988,-28.35015],[-57.47999,-28.35001],[-57.48004,-28.34986],[-57.48015,-28.34972],[-57.48015,-28.34958],[-57.48031,-28.34948],[-57.48047,-28.34948],[-57.48047,-28.34934],[-57.48063,-28.34929],[-57.48079,-28.34929],[-57.48096,-28.34919],[-57.48112,-28.34914],[-57.48128,-28.34914],[-57.48144,-28.34914],[-57.4816,-28.34914],[-57.48177,-28.34914],[-57.48176,-28.349],[-57.48176,-28.34885],[-57.48182,-28.34871],[-57.48183,-28.34868],[-57.48226,-28.34871],[-57.4823,-28.34866],[-57.4823,-28.34852],[-57.48241,-28.34837],[-57.48246,-28.34823],[-57.48246,-28.34809],[-57.48235,-28.34794],[-57.48219,-28.3479],[-57.48203,-28.34785],[-57.48197,-28.34771],[-57.48181,-28.34766],[-57.48165,-28.34766],[-57.48149,-28.34761],[-57.48133,-28.34766],[-57.48117,-28.34771],[-57.48111,-28.34785],[-57.48111,-28.348],[-57.48095,-28.34809],[-57.48079,-28.34804],[-57.48063,-28.34795],[-57.48052,-28.34781],[-57.48041,-28.34766],[-57.48025,-28.34757],[-57.48008,-28.34747],[-57.47992,-28.34748],[-57.47976,-28.34748],[-57.4796,-28.34748],[-57.47944,-28.34748],[-57.47927,-28.34743],[-57.47927,-28.34729],[-57.47917,-28.34714],[-57.479,-28.34714],[-57.47884,-28.34719],[-57.47868,-28.34729],[-57.47852,-28.34738],[-57.47847,-28.34753],[-57.47847,-28.34767],[-57.47852,-28.34781],[-57.47868,-28.34786],[-57.47879,-28.348],[-57.47874,-28.34815],[-57.47858,-28.3482],[-57.47842,-28.34829],[-57.47831,-28.34843],[-57.47685,-28.34833],[-57.47685,-28.3482],[-57.47685,-28.34806],[-57.47685,-28.34792],[-57.47685,-28.34777],[-57.47685,-28.34763],[-57.47685,-28.34749],[-57.47679,-28.34734],[-57.47668,-28.3472],[-57.47652,-28.3472],[-57.47636,-28.34711],[-57.4762,-28.34701],[-57.47603,-28.34692],[-57.47587,-28.34682],[-57.47571,-28.34677],[-57.47555,-28.34677],[-57.47539,-28.34677],[-57.47522,-28.34678],[-57.47506,-28.34678],[-57.4749,-28.34678],[-57.47474,-28.34678],[-57.47452,-28.34678],[-57.47436,-28.34683],[-57.4742,-28.34687],[-57.47404,-28.34687],[-57.47388,-28.34688],[-57.47377,-28.34673],[-57.47371,-28.34659],[-57.47355,-28.34659],[-57.47339,-28.34659],[-57.47323,-28.34659],[-57.47306,-28.34664],[-57.4729,-28.34678],[-57.4728,-28.34693],[-57.47274,-28.34707],[-57.47274,-28.34721],[-57.47269,-28.34736],[-57.47264,-28.3475],[-57.47253,-28.34764],[-57.47248,-28.34779],[-57.47237,-28.34793],[-57.47235,-28.34797],[-57.47064,-28.34776],[-57.47064,-28.34775],[-57.47069,-28.3476],[-57.47069,-28.34746],[-57.47069,-28.34732],[-57.47064,-28.34717],[-57.47048,-28.34713],[-57.47048,-28.34698],[-57.47031,-28.34689],[-57.47015,-28.34675],[-57.47004,-28.3466],[-57.46988,-28.3466],[-57.46972,-28.3466],[-57.46956,-28.3466],[-57.46939,-28.3466],[-57.46923,-28.34661],[-57.46918,-28.34675],[-57.46902,-28.34675],[-57.46886,-28.34675],[-57.46869,-28.34675],[-57.46853,-28.34675],[-57.46837,-28.34675],[-57.46821,-28.34661],[-57.46804,-28.34651],[-57.46794,-28.34637],[-57.46777,-28.34637],[-57.46761,-28.34637],[-57.46745,-28.34632],[-57.46729,-28.34628],[-57.46713,-28.34618],[-57.46713,-28.34604],[-57.46707,-28.34597],[-57.46702,-28.3459],[-57.46696,-28.34575],[-57.4668,-28.34571],[-57.46664,-28.34561],[-57.46653,-28.34547],[-57.46637,-28.34537],[-57.4662,-28.34533],[-57.46604,-28.34533],[-57.46588,-28.34528],[-57.46572,-28.34528],[-57.46561,-28.34514],[-57.46545,-28.34514],[-57.46529,-28.34509],[-57.46512,-28.34509],[-57.46496,-28.34504],[-57.4648,-28.345],[-57.46464,-28.34495],[-57.46458,-28.34495],[-57.46448,-28.34495],[-57.46431,-28.34495],[-57.46415,-28.34495],[-57.46399,-28.34495],[-57.46383,-28.34495],[-57.46367,-28.345],[-57.46351,-28.3451],[-57.4634,-28.34516],[-57.46334,-28.34519],[-57.46318,-28.34529],[-57.46302,-28.34529],[-57.46286,-28.34529],[-57.4627,-28.34534],[-57.46253,-28.34534],[-57.46237,-28.34534],[-57.46221,-28.34534],[-57.46205,-28.34534],[-57.46189,-28.34534],[-57.46172,-28.34529],[-57.46156,-28.34525],[-57.46145,-28.3451],[-57.46145,-28.34496],[-57.46129,-28.34491],[-57.46124,-28.34477],[-57.46124,-28.34463],[-57.46113,-28.34448],[-57.46107,-28.34434],[-57.46102,-28.3442],[-57.46086,-28.3441],[-57.46069,-28.34406],[-57.46059,-28.34391],[-57.46048,-28.34377],[-57.46042,-28.34363],[-57.46026,-28.34358],[-57.4601,-28.34353],[-57.45999,-28.34339],[-57.45983,-28.34339],[-57.45967,-28.34339],[-57.45967,-28.34325],[-57.45955,-28.3432],[-57.45945,-28.34315],[-57.45929,-28.34306],[-57.45912,-28.34301],[-57.45896,-28.34292],[-57.45896,-28.34277],[-57.45901,-28.34263],[-57.45918,-28.34258],[-57.45918,-28.34244],[-57.45934,-28.34234],[-57.4595,-28.34234],[-57.45955,-28.34231],[-57.45966,-28.34224],[-57.45982,-28.34215],[-57.45998,-28.34205],[-57.46015,-28.34205],[-57.46031,-28.34205],[-57.46047,-28.34205],[-57.46063,-28.34205],[-57.46079,-28.34205],[-57.46096,-28.3421],[-57.46112,-28.34219],[-57.46117,-28.34234],[-57.46128,-28.34248],[-57.46134,-28.34262],[-57.46144,-28.34276],[-57.4615,-28.34291],[-57.4615,-28.34305],[-57.4615,-28.34319],[-57.46166,-28.34334],[-57.46172,-28.34348],[-57.46188,-28.34357],[-57.46193,-28.34372],[-57.46204,-28.34386],[-57.46215,-28.344],[-57.46231,-28.34405],[-57.46237,-28.34419],[-57.46253,-28.34429],[-57.46269,-28.34429],[-57.46285,-28.34429],[-57.46302,-28.34429],[-57.46318,-28.34429],[-57.46334,-28.34429],[-57.4635,-28.34419],[-57.46366,-28.34409],[-57.46382,-28.34395],[-57.46399,-28.34395],[-57.46415,-28.3439],[-57.46431,-28.34385],[-57.46442,-28.34371],[-57.46458,-28.34366],[-57.46474,-28.34356],[-57.4649,-28.34347],[-57.46506,-28.34347],[-57.46512,-28.34345],[-57.46522,-28.34342],[-57.46522,-28.34328],[-57.46528,-28.34313],[-57.46533,-28.34299],[-57.46538,-28.34285],[-57.46528,-28.3427],[-57.46511,-28.34261],[-57.46495,-28.34256],[-57.46479,-28.34247],[-57.46473,-28.34232],[-57.46473,-28.34218],[-57.46463,-28.34204],[-57.46452,-28.34189],[-57.46435,-28.3418],[-57.46435,-28.34166],[-57.46435,-28.34151],[-57.46435,-28.34137],[-57.46435,-28.34123],[-57.46435,-28.34108],[-57.4643,-28.34094],[-57.46419,-28.3408],[-57.46403,-28.3407],[-57.46386,-28.3407],[-57.4637,-28.34066],[-57.4637,-28.34051],[-57.4637,-28.34037],[-57.46365,-28.34023],[-57.46354,-28.34008],[-57.46337,-28.33999],[-57.46321,-28.33989],[-57.46305,-28.33985],[-57.46294,-28.3397],[-57.46278,-28.3397],[-57.46262,-28.3397],[-57.46246,-28.33961],[-57.46229,-28.33951],[-57.46213,-28.33951],[-57.46208,-28.33937],[-57.46208,-28.33923],[-57.46197,-28.33909],[-57.46181,-28.33909],[-57.46164,-28.33909],[-57.46148,-28.33899],[-57.46143,-28.33885],[-57.46143,-28.33871],[-57.46143,-28.33856],[-57.46143,-28.33842],[-57.46142,-28.33828],[-57.46137,-28.33813],[-57.46126,-28.33799],[-57.4611,-28.3379],[-57.46094,-28.3378],[-57.46077,-28.33775],[-57.46061,-28.33775],[-57.46045,-28.33775],[-57.46029,-28.33775],[-57.46013,-28.33776],[-57.46002,-28.33776],[-57.45997,-28.33776],[-57.4598,-28.33771],[-57.45964,-28.33771],[-57.45955,-28.33771],[-57.45948,-28.33771],[-57.45932,-28.33771],[-57.45916,-28.33771],[-57.45899,-28.33771],[-57.45883,-28.33771],[-57.45867,-28.33771],[-57.45851,-28.33767],[-57.45851,-28.33752],[-57.45851,-28.33738],[-57.45845,-28.33724],[-57.45829,-28.33719],[-57.45813,-28.33719],[-57.45797,-28.33719],[-57.4578,-28.33719],[-57.45764,-28.33719],[-57.45748,-28.33719],[-57.45732,-28.33719],[-57.4571,-28.33719],[-57.45694,-28.33719],[-57.45678,-28.33724],[-57.45662,-28.33734],[-57.45646,-28.33743],[-57.45635,-28.33758],[-57.45624,-28.33772],[-57.45619,-28.33786],[-57.45619,-28.33801],[-57.45619,-28.33815],[-57.45619,-28.33829],[-57.45614,-28.33844],[-57.45608,-28.33858],[-57.45592,-28.33868],[-57.45592,-28.33882],[-57.45592,-28.33896],[-57.45592,-28.33911],[-57.45592,-28.33925],[-57.45598,-28.33939],[-57.45609,-28.33954],[-57.45625,-28.33963],[-57.45625,-28.33977],[-57.45625,-28.33992],[-57.45625,-28.34006],[-57.4562,-28.3402],[-57.45609,-28.34035],[-57.45609,-28.34049],[-57.45604,-28.34063],[-57.45604,-28.34078],[-57.45604,-28.34092],[-57.45604,-28.34106],[-57.45604,-28.34121],[-57.45599,-28.34135],[-57.45588,-28.34149],[-57.45588,-28.34164],[-57.45594,-28.34178],[-57.4561,-28.34178],[-57.45626,-28.34168],[-57.45642,-28.34159],[-57.45658,-28.34159],[-57.45674,-28.34159],[-57.45691,-28.34159],[-57.45707,-28.34168],[-57.45707,-28.34171],[-57.45707,-28.34182],[-57.45707,-28.34197],[-57.45707,-28.34211],[-57.45707,-28.34225],[-57.45707,-28.34235],[-57.45707,-28.3424],[-57.45702,-28.34254],[-57.45686,-28.34268],[-57.45675,-28.34283],[-57.45664,-28.34297],[-57.45653,-28.34311],[-57.45643,-28.34326],[-57.45632,-28.3434],[-57.45616,-28.3435],[-57.45616,-28.34364],[-57.456,-28.34379],[-57.45584,-28.34383],[-57.45567,-28.34398],[-57.45551,-28.34398],[-57.45535,-28.34398],[-57.45524,-28.34384],[-57.45508,-28.34384],[-57.45492,-28.34374],[-57.45476,-28.34369],[-57.45459,-28.34369],[-57.45443,-28.34369],[-57.45427,-28.3437],[-57.45411,-28.3437],[-57.45395,-28.3437],[-57.45378,-28.3437],[-57.45362,-28.3437],[-57.45346,-28.3437],[-57.4533,-28.34379],[-57.4533,-28.34394],[-57.45314,-28.34403],[-57.45298,-28.34408],[-57.45291,-28.34412],[-57.45283,-28.34409],[-57.45281,-28.34413],[-57.45265,-28.34413],[-57.45249,-28.34413],[-57.45233,-28.34418],[-57.45228,-28.34432],[-57.45222,-28.34447],[-57.45209,-28.34447],[-57.45201,-28.34442],[-57.45189,-28.34439],[-57.4519,-28.34437],[-57.4519,-28.34423],[-57.4519,-28.34409],[-57.4519,-28.34394],[-57.4519,-28.3438],[-57.45196,-28.34371],[-57.452,-28.34366],[-57.45211,-28.34365],[-57.45211,-28.34361],[-57.45211,-28.34346],[-57.45211,-28.34332],[-57.45211,-28.34318],[-57.45211,-28.34303],[-57.452,-28.34289],[-57.45184,-28.34289],[-57.45168,-28.34289],[-57.45168,-28.34275],[-57.45168,-28.34261],[-57.45151,-28.34251],[-57.45135,-28.34251],[-57.45119,-28.34251],[-57.45103,-28.34251],[-57.45087,-28.34256],[-57.4507,-28.34261],[-57.45054,-28.34266],[-57.45043,-28.3428],[-57.45027,-28.3429],[-57.45022,-28.34297],[-57.4503,-28.34301],[-57.45027,-28.34309],[-57.45027,-28.34323],[-57.45033,-28.34337],[-57.45022,-28.34352],[-57.45011,-28.34366],[-57.4501,-28.34366],[-57.44995,-28.34366],[-57.44979,-28.34366],[-57.44963,-28.34362],[-57.44947,-28.34352],[-57.4493,-28.34343],[-57.44914,-28.34333],[-57.44898,-28.34328],[-57.44882,-28.34324],[-57.44865,-28.34309],[-57.44849,-28.343],[-57.44838,-28.34286],[-57.44822,-28.34276],[-57.44806,-28.34276],[-57.4479,-28.34271],[-57.4479,-28.34257],[-57.4479,-28.34243],[-57.4479,-28.34228],[-57.44773,-28.34224],[-57.44763,-28.34209],[-57.44762,-28.34195],[-57.44762,-28.34185],[-57.44762,-28.34181],[-57.44766,-28.34176],[-57.44761,-28.3417],[-57.44745,-28.34156],[-57.44729,-28.34142],[-57.44712,-28.34128],[-57.44696,-28.34118],[-57.44691,-28.34104],[-57.44685,-28.3409],[-57.44685,-28.34079],[-57.44685,-28.34075],[-57.44685,-28.34061],[-57.44685,-28.34047],[-57.44685,-28.34032],[-57.44679,-28.34018],[-57.44685,-28.34004],[-57.44696,-28.33989],[-57.44712,-28.33984],[-57.44728,-28.33984],[-57.44744,-28.33984],[-57.4476,-28.33984],[-57.44776,-28.33979],[-57.44793,-28.33979],[-57.44809,-28.33984],[-57.44825,-28.33994],[-57.44841,-28.34003],[-57.44847,-28.34017],[-57.44863,-28.34032],[-57.44874,-28.34046],[-57.44885,-28.3406],[-57.44901,-28.34065],[-57.44917,-28.34065],[-57.44933,-28.34065],[-57.44937,-28.34065],[-57.44949,-28.34065],[-57.44955,-28.3405],[-57.44971,-28.34036],[-57.44976,-28.34022],[-57.44971,-28.34007],[-57.44971,-28.33993],[-57.44955,-28.33979],[-57.44944,-28.33965],[-57.44937,-28.33963],[-57.44927,-28.3396],[-57.44911,-28.33955],[-57.449,-28.33941],[-57.4489,-28.33927],[-57.44884,-28.33912],[-57.44873,-28.33898],[-57.44857,-28.33888],[-57.44841,-28.33879],[-57.44833,-28.33875],[-57.44825,-28.33869],[-57.44808,-28.33865],[-57.44792,-28.33865],[-57.44776,-28.33865],[-57.4476,-28.33865],[-57.44744,-28.33865],[-57.44735,-28.33865],[-57.44727,-28.33865],[-57.44711,-28.33865],[-57.44695,-28.33865],[-57.44679,-28.33865],[-57.44663,-28.33865],[-57.44646,-28.33865],[-57.4463,-28.33865],[-57.44614,-28.33865],[-57.44598,-28.33851],[-57.44582,-28.33842],[-57.44565,-28.33832],[-57.44549,-28.33832],[-57.44533,-28.33832],[-57.44517,-28.33832],[-57.44501,-28.33832],[-57.44484,-28.33832],[-57.44474,-28.33847],[-57.44457,-28.33847],[-57.44441,-28.33847],[-57.44425,-28.33847],[-57.44409,-28.33847],[-57.44393,-28.33847],[-57.44377,-28.33847],[-57.4436,-28.33847],[-57.44344,-28.33847],[-57.44328,-28.33847],[-57.44312,-28.33847],[-57.44301,-28.33833],[-57.4429,-28.33819],[-57.44274,-28.33809],[-57.44258,-28.338],[-57.44241,-28.3379],[-57.44225,-28.33781],[-57.44209,-28.33771],[-57.44193,-28.33762],[-57.44187,-28.33747],[-57.44176,-28.33733],[-57.4416,-28.33724],[-57.44144,-28.33709],[-57.44128,-28.33705],[-57.44111,-28.33695],[-57.44095,-28.33686],[-57.44084,-28.33671],[-57.44068,-28.33657],[-57.44057,-28.33643],[-57.44041,-28.33633],[-57.44036,-28.3362],[-57.44036,-28.33619],[-57.44025,-28.33605],[-57.44008,-28.3359],[-57.44003,-28.33576],[-57.43992,-28.33562],[-57.43981,-28.33548],[-57.4397,-28.33533],[-57.43965,-28.33519],[-57.43949,-28.33509],[-57.43949,-28.33495],[-57.43945,-28.33486],[-57.43943,-28.33481],[-57.43932,-28.33467],[-57.43927,-28.33452],[-57.43927,-28.33438],[-57.43916,-28.33424],[-57.43905,-28.33409],[-57.43889,-28.33395],[-57.43884,-28.33381],[-57.43878,-28.33366],[-57.43871,-28.33362],[-57.43862,-28.33357],[-57.43856,-28.33343],[-57.4384,-28.33338],[-57.43824,-28.33338],[-57.43808,-28.33348],[-57.43792,-28.33348],[-57.43775,-28.33348],[-57.43759,-28.33348],[-57.43743,-28.33343],[-57.43738,-28.33329],[-57.43738,-28.33314],[-57.43732,-28.333],[-57.43743,-28.33286],[-57.43743,-28.33271],[-57.43743,-28.33257],[-57.43743,-28.33243],[-57.43737,-28.33228],[-57.43732,-28.33214],[-57.43732,-28.332],[-57.43726,-28.33185],[-57.4371,-28.33171],[-57.43694,-28.33162],[-57.43686,-28.33151],[-57.43683,-28.33147],[-57.43672,-28.33133],[-57.43667,-28.33119],[-57.43661,-28.33105],[-57.43661,-28.3309],[-57.43661,-28.33085],[-57.4365,-28.33071],[-57.43639,-28.33057],[-57.43628,-28.33043],[-57.43618,-28.33028],[-57.43618,-28.33014],[-57.43618,-28.33],[-57.43617,-28.32985],[-57.43617,-28.32971],[-57.43617,-28.32957],[-57.43617,-28.32942],[-57.43617,-28.32928],[-57.43617,-28.32914],[-57.43612,-28.32899],[-57.43595,-28.3289],[-57.43585,-28.32876],[-57.43568,-28.32871],[-57.43552,-28.32861],[-57.43536,-28.32852],[-57.43525,-28.32838],[-57.43509,-28.32828],[-57.43493,-28.32814],[-57.43476,-28.32804],[-57.4346,-28.32795],[-57.43444,-28.3279],[-57.43428,-28.3279],[-57.43412,-28.3279],[-57.43395,-28.32785],[-57.43379,-28.32781],[-57.43368,-28.32766],[-57.43352,-28.32757],[-57.43336,-28.32747],[-57.43325,-28.32733],[-57.43309,-28.32728],[-57.43298,-28.32714],[-57.43282,-28.32709],[-57.43271,-28.32695],[-57.43255,-28.32695],[-57.43239,-28.32686],[-57.43222,-28.32681],[-57.43217,-28.32667],[-57.43206,-28.32652],[-57.43217,-28.32638],[-57.43233,-28.32633],[-57.43249,-28.32628],[-57.43265,-28.32624],[-57.43281,-28.32623],[-57.43298,-28.32628],[-57.43298,-28.32614],[-57.43303,-28.326],[-57.43308,-28.32585],[-57.43308,-28.32571],[-57.43297,-28.32557],[-57.43287,-28.32542],[-57.43284,-28.32541],[-57.4327,-28.32533],[-57.43254,-28.32528],[-57.43238,-28.32528],[-57.43222,-28.32528],[-57.43205,-28.32523],[-57.43189,-28.32514],[-57.43173,-28.32514],[-57.43157,-28.32514],[-57.43141,-28.32505],[-57.43135,-28.3249],[-57.4313,-28.32476],[-57.4313,-28.32462],[-57.4313,-28.32447],[-57.4313,-28.32433],[-57.4313,-28.32419],[-57.43129,-28.32404],[-57.43129,-28.3239],[-57.43129,-28.32376],[-57.43129,-28.32366],[-57.43129,-28.32361],[-57.43129,-28.32347],[-57.43129,-28.32333],[-57.43129,-28.32318],[-57.43124,-28.32304],[-57.43124,-28.3229],[-57.43113,-28.32275],[-57.43107,-28.32261],[-57.43113,-28.32247],[-57.43118,-28.32232],[-57.43122,-28.32228],[-57.43107,-28.32228],[-57.43091,-28.32223],[-57.43075,-28.32218],[-57.43059,-28.32218],[-57.43042,-28.32218],[-57.43026,-28.32223],[-57.4301,-28.32233],[-57.42994,-28.32238],[-57.42983,-28.32252],[-57.42967,-28.32262],[-57.42951,-28.32266],[-57.42935,-28.32266],[-57.42918,-28.32267],[-57.42913,-28.32252],[-57.42913,-28.32238],[-57.42913,-28.32224],[-57.42929,-28.32214],[-57.42945,-28.322],[-57.42961,-28.32195],[-57.42977,-28.32185],[-57.42994,-28.32176],[-57.4301,-28.32171],[-57.43026,-28.32161],[-57.43026,-28.32147],[-57.43026,-28.32132],[-57.43026,-28.32118],[-57.43026,-28.32104],[-57.4302,-28.3209],[-57.43009,-28.32075],[-57.42999,-28.32061],[-57.42993,-28.32047],[-57.42982,-28.32032],[-57.42971,-28.32018],[-57.42966,-28.32004],[-57.42966,-28.31989],[-57.42966,-28.31975],[-57.42966,-28.31961],[-57.42966,-28.31946],[-57.42966,-28.31932],[-57.42966,-28.31918],[-57.42966,-28.31911],[-57.4296,-28.31908],[-57.42944,-28.31908],[-57.42928,-28.31908],[-57.42912,-28.31908],[-57.42895,-28.31908],[-57.42879,-28.31904],[-57.42879,-28.31918],[-57.42879,-28.31932],[-57.42879,-28.31947],[-57.42863,-28.31947],[-57.42863,-28.31961],[-57.42863,-28.31975],[-57.42863,-28.3199],[-57.42863,-28.32004],[-57.42842,-28.32014],[-57.42826,-28.32014],[-57.4281,-28.32014],[-57.42793,-28.32014],[-57.42788,-28.32014],[-57.42788,-28.32028],[-57.42788,-28.32043],[-57.42783,-28.32057],[-57.42772,-28.32071],[-57.42761,-28.32086],[-57.42751,-28.321],[-57.4274,-28.32114],[-57.42729,-28.32129],[-57.42724,-28.32143],[-57.42711,-28.32151],[-57.42708,-28.32153],[-57.42691,-28.32162],[-57.42686,-28.32177],[-57.4267,-28.32186],[-57.42654,-28.32201],[-57.42638,-28.32215],[-57.42622,-28.32229],[-57.42605,-28.32234],[-57.42589,-28.32234],[-57.42573,-28.32234],[-57.42557,-28.32234],[-57.42541,-28.32234],[-57.42524,-28.32234],[-57.42508,-28.32234],[-57.42492,-28.3223],[-57.42476,-28.3222],[-57.4246,-28.32211],[-57.42443,-28.32201],[-57.42433,-28.32187],[-57.42416,-28.32177],[-57.424,-28.32168],[-57.42395,-28.32154],[-57.42378,-28.32144],[-57.42362,-28.32135],[-57.42346,-28.3212],[-57.4233,-28.32116],[-57.42326,-28.32113],[-57.42313,-28.32106],[-57.42303,-28.32092],[-57.42297,-28.32077],[-57.42297,-28.32063],[-57.42297,-28.32049],[-57.42297,-28.3203],[-57.42297,-28.32015],[-57.42291,-28.32001],[-57.42291,-28.31987],[-57.42281,-28.31972],[-57.42281,-28.31958],[-57.4227,-28.31944],[-57.42264,-28.31925],[-57.42264,-28.3191],[-57.42264,-28.31891],[-57.42264,-28.31877],[-57.42264,-28.31863],[-57.42259,-28.31848],[-57.42248,-28.31834],[-57.42231,-28.31825],[-57.42215,-28.31825],[-57.42199,-28.31825],[-57.42183,-28.31825],[-57.42167,-28.31825],[-57.42151,-28.31825],[-57.42134,-28.31834],[-57.42118,-28.31844],[-57.42107,-28.31858],[-57.42091,-28.31863],[-57.42075,-28.31873],[-57.42059,-28.31882],[-57.42043,-28.31887],[-57.42027,-28.31897],[-57.42011,-28.31897],[-57.41994,-28.31897],[-57.41978,-28.31897],[-57.41962,-28.31897],[-57.41946,-28.31897],[-57.4193,-28.31897],[-57.41913,-28.31892],[-57.41897,-28.31888],[-57.41881,-28.31878],[-57.41865,-28.31864],[-57.41854,-28.3185],[-57.41838,-28.31835],[-57.41821,-28.31821],[-57.41811,-28.31807],[-57.41794,-28.31793],[-57.41783,-28.31778],[-57.41773,-28.31764],[-57.41762,-28.3175],[-57.41751,-28.31735],[-57.41735,-28.31721],[-57.41724,-28.31707],[-57.41708,-28.31697],[-57.41691,-28.31693],[-57.41675,-28.31683],[-57.41659,-28.31669],[-57.41643,-28.31664],[-57.41626,-28.31655],[-57.4161,-28.3165],[-57.41594,-28.3164],[-57.41578,-28.31636],[-57.41562,-28.31626],[-57.41545,-28.31617],[-57.41529,-28.31612],[-57.41513,-28.31598],[-57.41497,-28.31593],[-57.41481,-28.31588],[-57.41464,-28.31588],[-57.41448,-28.31588],[-57.41432,-28.31584],[-57.41416,-28.31574],[-57.414,-28.31565],[-57.41383,-28.31555],[-57.41367,-28.31546],[-57.41351,-28.31531],[-57.41348,-28.31527],[-57.4134,-28.31525],[-57.41335,-28.3151],[-57.41318,-28.31496],[-57.41302,-28.31487],[-57.41286,-28.31482],[-57.41275,-28.31468],[-57.4127,-28.31453],[-57.4127,-28.31439],[-57.41264,-28.31425],[-57.41253,-28.3141],[-57.41253,-28.31396],[-57.41248,-28.31382],[-57.41242,-28.31368],[-57.41226,-28.31363],[-57.41215,-28.31349],[-57.4121,-28.31334],[-57.41204,-28.3132],[-57.41199,-28.31306],[-57.41183,-28.31296],[-57.41166,-28.31287],[-57.4115,-28.31277],[-57.41134,-28.31268],[-57.41118,-28.31263],[-57.41102,-28.31258],[-57.41085,-28.31253],[-57.41069,-28.31253],[-57.41053,-28.31254],[-57.41037,-28.31254],[-57.41021,-28.31254],[-57.41004,-28.31249],[-57.40988,-28.31249],[-57.40972,-28.31249],[-57.40956,-28.31249],[-57.4094,-28.31244],[-57.40923,-28.3124],[-57.40907,-28.31235],[-57.40896,-28.31221],[-57.4088,-28.31216],[-57.40869,-28.31202],[-57.40853,-28.31202],[-57.40837,-28.31197],[-57.40826,-28.31183],[-57.40815,-28.31168],[-57.40799,-28.31164],[-57.40783,-28.31154],[-57.40777,-28.3114],[-57.40767,-28.3113],[-57.40761,-28.31125],[-57.40756,-28.31111],[-57.40745,-28.31097],[-57.40734,-28.31083],[-57.40723,-28.31068],[-57.40712,-28.31054],[-57.40707,-28.3104],[-57.40707,-28.31025],[-57.40707,-28.31011],[-57.40707,-28.30997],[-57.40701,-28.30982],[-57.4069,-28.30968],[-57.4069,-28.30954],[-57.40685,-28.30939],[-57.40685,-28.30925],[-57.40685,-28.30911],[-57.40685,-28.30896],[-57.40685,-28.30882],[-57.40685,-28.30868],[-57.40685,-28.30854],[-57.40685,-28.30839],[-57.40685,-28.30825],[-57.40684,-28.30811],[-57.40684,-28.30796],[-57.40679,-28.30782],[-57.40668,-28.30768],[-57.40652,-28.30758],[-57.40652,-28.30744],[-57.40646,-28.30729],[-57.40646,-28.30715],[-57.40635,-28.30701],[-57.4063,-28.30687],[-57.40625,-28.30672],[-57.40616,-28.30667],[-57.40608,-28.30663],[-57.40608,-28.30648],[-57.40608,-28.30634],[-57.40608,-28.3062],[-57.40608,-28.30605],[-57.40608,-28.30591],[-57.40608,-28.30577],[-57.40608,-28.30562],[-57.40608,-28.30548],[-57.40597,-28.30534],[-57.40581,-28.30524],[-57.40575,-28.3051],[-57.40565,-28.30496],[-57.40554,-28.30481],[-57.40537,-28.30472],[-57.40521,-28.30467],[-57.40505,-28.30458],[-57.40489,-28.30448],[-57.40478,-28.30434],[-57.40462,-28.30424],[-57.40451,-28.3041],[-57.40435,-28.30401],[-57.40419,-28.30401],[-57.40402,-28.30391],[-57.40386,-28.30382],[-57.4037,-28.30367],[-57.40354,-28.30358],[-57.40337,-28.30353],[-57.40321,-28.30344],[-57.40305,-28.30339],[-57.40289,-28.30329],[-57.40273,-28.3032],[-57.40267,-28.30306],[-57.40251,-28.30296],[-57.40235,-28.30287],[-57.40218,-28.30277],[-57.40202,-28.30268],[-57.40186,-28.30263],[-57.40175,-28.30249],[-57.40164,-28.30234],[-57.40164,-28.30232],[-57.40156,-28.30232],[-57.40139,-28.30232],[-57.40123,-28.30223],[-57.40107,-28.30213],[-57.40096,-28.30199],[-57.40085,-28.30185],[-57.40069,-28.3018],[-57.40047,-28.3017],[-57.40031,-28.30166],[-57.40015,-28.30156],[-57.39999,-28.30142],[-57.39983,-28.30137],[-57.39972,-28.30123],[-57.39955,-28.30109],[-57.39939,-28.30104],[-57.39923,-28.30099],[-57.39907,-28.30094],[-57.39891,-28.3009],[-57.39874,-28.3009],[-57.39858,-28.3009],[-57.39842,-28.30095],[-57.39826,-28.30095],[-57.3981,-28.30099],[-57.39794,-28.30099],[-57.39777,-28.30099],[-57.39761,-28.301],[-57.39745,-28.30095],[-57.39729,-28.30085],[-57.39713,-28.30076],[-57.39696,-28.30071],[-57.39691,-28.30057],[-57.39691,-28.30042],[-57.39691,-28.30028],[-57.39691,-28.30014],[-57.39691,-28.29999],[-57.39691,-28.29985],[-57.39691,-28.29971],[-57.39691,-28.29956],[-57.39691,-28.29942],[-57.3969,-28.29928],[-57.3969,-28.29914],[-57.3968,-28.29899],[-57.39669,-28.29885],[-57.39653,-28.29875],[-57.39636,-28.29866],[-57.3962,-28.29861],[-57.39609,-28.29847],[-57.39593,-28.29837],[-57.39577,-28.29823],[-57.39561,-28.29814],[-57.39544,-28.29809],[-57.39528,-28.29799],[-57.39512,-28.2979],[-57.39496,-28.2978],[-57.3948,-28.29776],[-57.39463,-28.29766],[-57.39447,-28.29757],[-57.39431,-28.29757],[-57.39415,-28.29762],[-57.39399,-28.29766],[-57.39382,-28.29771],[-57.39366,-28.29781],[-57.3935,-28.29781],[-57.39334,-28.29781],[-57.39318,-28.29781],[-57.39302,-28.29781],[-57.39285,-28.29776],[-57.39285,-28.29762],[-57.39285,-28.29748],[-57.39285,-28.29733],[-57.39296,-28.29719],[-57.39301,-28.29705],[-57.39301,-28.2969],[-57.39296,-28.29676],[-57.39285,-28.29662],[-57.39269,-28.29657],[-57.39252,-28.29647],[-57.39236,-28.29638],[-57.3922,-28.29628],[-57.39204,-28.29624],[-57.39188,-28.29624],[-57.39171,-28.29619],[-57.39155,-28.29624],[-57.39139,-28.29629],[-57.39123,-28.29633],[-57.39112,-28.29648],[-57.39096,-28.29657],[-57.39085,-28.29672],[-57.39069,-28.29681],[-57.39053,-28.29691],[-57.39037,-28.29691],[-57.39021,-28.29691],[-57.39004,-28.29691],[-57.38988,-28.29691],[-57.38972,-28.29691],[-57.38956,-28.29691],[-57.3894,-28.29686],[-57.38924,-28.29682],[-57.38907,-28.29682],[-57.38891,-28.29682],[-57.38875,-28.29677],[-57.38859,-28.29677],[-57.38843,-28.29677],[-57.38826,-28.29677],[-57.3881,-28.29677],[-57.38794,-28.29677],[-57.38778,-28.29677],[-57.38762,-28.29668],[-57.38745,-28.29658],[-57.38729,-28.29654],[-57.38713,-28.29649],[-57.38702,-28.29635],[-57.38686,-28.2962],[-57.3867,-28.29611],[-57.38654,-28.29601],[-57.38637,-28.29592],[-57.38621,-28.29587],[-57.38605,-28.29582],[-57.38589,-28.29578],[-57.38573,-28.29578],[-57.38556,-28.29578],[-57.3854,-28.29583],[-57.38524,-28.29587],[-57.38508,-28.29592],[-57.38497,-28.29607],[-57.38481,-28.29611],[-57.38465,-28.29621],[-57.38449,-28.29626],[-57.38432,-28.29626],[-57.38416,-28.29626],[-57.384,-28.29626],[-57.38384,-28.29626],[-57.38368,-28.29626],[-57.38352,-28.29626],[-57.38335,-28.29631],[-57.38319,-28.29631],[-57.38303,-28.29631],[-57.38287,-28.29621],[-57.38271,-28.29617],[-57.3826,-28.29602],[-57.38243,-28.29593],[-57.38227,-28.29583],[-57.38211,-28.29574],[-57.38195,-28.29564],[-57.38179,-28.29555],[-57.38162,-28.2955],[-57.38146,-28.29545],[-57.38135,-28.29531],[-57.38119,-28.29522],[-57.38103,-28.29507],[-57.38087,-28.29507],[-57.38071,-28.29503],[-57.38054,-28.29498],[-57.38038,-28.29493],[-57.38022,-28.29484],[-57.38017,-28.29484],[-57.38,-28.29484],[-57.37984,-28.29484],[-57.37968,-28.29489],[-57.37952,-28.29494],[-57.37936,-28.29503],[-57.3792,-28.29508],[-57.37914,-28.29522],[-57.37903,-28.29537],[-57.37893,-28.29551],[-57.37877,-28.29556],[-57.3786,-28.29556],[-57.37844,-28.29556],[-57.37823,-28.29556],[-57.37806,-28.29556],[-57.3779,-28.29556],[-57.37774,-28.29556],[-57.37758,-28.29556],[-57.37742,-28.29556],[-57.37725,-28.29556],[-57.37709,-28.29556],[-57.37693,-28.29566],[-57.37677,-28.29575],[-57.37661,-28.29585],[-57.3765,-28.29599],[-57.3765,-28.29614],[-57.3765,-28.29628],[-57.37639,-28.29642],[-57.37623,-28.29642],[-57.37607,-28.29642],[-57.37591,-28.29643],[-57.37575,-28.29643],[-57.37559,-28.29633],[-57.37564,-28.29619],[-57.37575,-28.29604],[-57.37575,-28.2959],[-57.37575,-28.29576],[-57.37585,-28.29561],[-57.37601,-28.29557],[-57.37618,-28.29552],[-57.37623,-28.29537],[-57.37623,-28.29523],[-57.37623,-28.29509],[-57.37623,-28.29494],[-57.37623,-28.2948],[-57.37623,-28.29466],[-57.37623,-28.29451],[-57.37623,-28.29437],[-57.37617,-28.29423],[-57.37601,-28.29418],[-57.3759,-28.29404],[-57.3759,-28.29389],[-57.37595,-28.29375],[-57.37595,-28.29361],[-57.37611,-28.29346],[-57.37622,-28.29332],[-57.37638,-28.29318],[-57.37638,-28.29303],[-57.37638,-28.29289],[-57.37644,-28.29275],[-57.37654,-28.2926],[-57.3767,-28.29251],[-57.37681,-28.29236],[-57.37697,-28.29232],[-57.37714,-28.29222],[-57.37713,-28.29208],[-57.37713,-28.29193],[-57.37719,-28.29179],[-57.37729,-28.29165],[-57.37746,-28.29155],[-57.37746,-28.29141],[-57.37746,-28.29126],[-57.37751,-28.29112],[-57.37751,-28.29098],[-57.37751,-28.29083],[-57.37751,-28.29069],[-57.37751,-28.29055],[-57.3774,-28.2904],[-57.37734,-28.29026],[-57.37734,-28.29012],[-57.37729,-28.28998],[-57.37713,-28.28993],[-57.37702,-28.28979],[-57.37691,-28.28964],[-57.37675,-28.28955],[-57.37659,-28.2895],[-57.37642,-28.2895],[-57.37626,-28.2895],[-57.3761,-28.2895],[-57.37594,-28.2895],[-57.37578,-28.2895],[-57.37562,-28.2895],[-57.37545,-28.2895],[-57.37529,-28.2895],[-57.37513,-28.2895],[-57.37497,-28.2895],[-57.37475,-28.2895],[-57.37459,-28.28955],[-57.37443,-28.28965],[-57.37427,-28.2897],[-57.37411,-28.2897],[-57.37394,-28.2897],[-57.37378,-28.2897],[-57.37362,-28.2897],[-57.37346,-28.28965],[-57.3733,-28.2896],[-57.37319,-28.28946],[-57.37308,-28.28932],[-57.37292,-28.28932],[-57.37276,-28.28932],[-57.37259,-28.28932],[-57.37243,-28.28932],[-57.37227,-28.28932],[-57.37211,-28.28932],[-57.37195,-28.28932],[-57.37184,-28.28932],[-57.37146,-28.28937],[-57.3713,-28.28937],[-57.37114,-28.28937],[-57.37098,-28.28937],[-57.37081,-28.28937],[-57.37065,-28.28937],[-57.37049,-28.28937],[-57.37033,-28.28937],[-57.37017,-28.28937],[-57.37,-28.28937],[-57.36984,-28.28938],[-57.36968,-28.28938],[-57.36961,-28.28938],[-57.36952,-28.28938],[-57.36936,-28.28938],[-57.3692,-28.28938],[-57.36903,-28.28938],[-57.36887,-28.28938],[-57.36871,-28.28938],[-57.36855,-28.28938],[-57.36839,-28.28938],[-57.36822,-28.28938],[-57.36806,-28.28938],[-57.3679,-28.28938],[-57.36774,-28.28938],[-57.36758,-28.28933],[-57.36742,-28.28933],[-57.36725,-28.28933],[-57.36709,-28.28929],[-57.36698,-28.28914],[-57.36682,-28.289],[-57.36677,-28.28886],[-57.36666,-28.28872],[-57.3665,-28.28867],[-57.36633,-28.28857],[-57.36633,-28.28843],[-57.36633,-28.28829],[-57.36633,-28.28814],[-57.36628,-28.28801],[-57.36607,-28.28804],[-57.36596,-28.28801],[-57.36585,-28.28787],[-57.36574,-28.28772],[-57.36569,-28.28758],[-57.36553,-28.28749],[-57.36553,-28.28734],[-57.36553,-28.2872],[-57.36536,-28.28715],[-57.36536,-28.28701],[-57.36536,-28.28687],[-57.36536,-28.28672],[-57.36536,-28.28658],[-57.36536,-28.28644],[-57.36552,-28.28639],[-57.36552,-28.28625],[-57.36552,-28.2861],[-57.36552,-28.28596],[-57.36552,-28.28582],[-57.36552,-28.28567],[-57.36557,-28.28553],[-57.36557,-28.28539],[-57.36557,-28.28524],[-57.36557,-28.2851],[-57.36557,-28.28496],[-57.36557,-28.28481],[-57.36557,-28.28467],[-57.36546,-28.28453],[-57.36546,-28.28438],[-57.36541,-28.28424],[-57.3653,-28.2841],[-57.36514,-28.284],[-57.36497,-28.28391],[-57.36481,-28.28381],[-57.3647,-28.28367],[-57.36465,-28.28353],[-57.36449,-28.28343],[-57.36438,-28.28329],[-57.36422,-28.28319],[-57.36406,-28.2831],[-57.36389,-28.2831],[-57.36373,-28.2831],[-57.36357,-28.28305],[-57.36341,-28.283],[-57.36325,-28.283],[-57.36308,-28.28296],[-57.36292,-28.28296],[-57.36276,-28.28296],[-57.3626,-28.28296],[-57.36244,-28.28296],[-57.36227,-28.28296],[-57.36211,-28.28296],[-57.36195,-28.28296],[-57.36179,-28.28296],[-57.36163,-28.28301],[-57.36147,-28.28306],[-57.3613,-28.28315],[-57.36114,-28.2832],[-57.36098,-28.2833],[-57.36082,-28.28334],[-57.36066,-28.28344],[-57.3605,-28.28354],[-57.36028,-28.28363],[-57.36012,-28.28373],[-57.35996,-28.28373],[-57.35985,-28.28387],[-57.35974,-28.28402],[-57.35958,-28.28411],[-57.35942,-28.28411],[-57.35926,-28.28411],[-57.3591,-28.28411],[-57.35893,-28.28411],[-57.35877,-28.28411],[-57.35861,-28.28411],[-57.35845,-28.28412],[-57.35829,-28.28412],[-57.35813,-28.28412],[-57.35796,-28.28412],[-57.3578,-28.28412],[-57.35764,-28.28412],[-57.35748,-28.28412],[-57.35732,-28.28412],[-57.3571,-28.28412],[-57.35694,-28.28412],[-57.35672,-28.28412],[-57.35656,-28.28412],[-57.3564,-28.28407],[-57.35624,-28.28403],[-57.35608,-28.28398],[-57.35591,-28.28393],[-57.3558,-28.28379],[-57.3557,-28.28364],[-57.35559,-28.2835],[-57.35548,-28.28336],[-57.35537,-28.28322],[-57.35526,-28.28307],[-57.35515,-28.28293],[-57.35499,-28.28283],[-57.35488,-28.28269],[-57.35488,-28.28255],[-57.35488,-28.28241],[-57.35488,-28.28226],[-57.35488,-28.28212],[-57.35488,-28.28198],[-57.35488,-28.28183],[-57.35488,-28.28169],[-57.35488,-28.28155],[-57.35504,-28.2815],[-57.35516,-28.2815],[-57.3552,-28.2815],[-57.35537,-28.2814],[-57.35536,-28.28126],[-57.35536,-28.28124],[-57.35536,-28.28112],[-57.35536,-28.28097],[-57.35542,-28.28083],[-57.35542,-28.28069],[-57.35542,-28.28054],[-57.35542,-28.2804],[-57.35531,-28.28026],[-57.35525,-28.28011],[-57.3552,-28.27997],[-57.3552,-28.27983],[-57.3552,-28.27968],[-57.35504,-28.27954],[-57.35498,-28.2794],[-57.35493,-28.27925],[-57.35487,-28.27911],[-57.35482,-28.27897],[-57.35466,-28.27892],[-57.35449,-28.27878],[-57.35433,-28.27873],[-57.35417,-28.27864],[-57.35401,-28.27854],[-57.35395,-28.2784],[-57.35384,-28.27825],[-57.35368,-28.27821],[-57.35352,-28.27806],[-57.35347,-28.27792],[-57.3533,-28.27783],[-57.3532,-28.27768],[-57.35303,-28.27768],[-57.35287,-28.27768],[-57.35285,-28.27768],[-57.35276,-28.27773],[-57.3526,-28.27773],[-57.35244,-28.27773],[-57.35228,-28.27773],[-57.35212,-28.27773],[-57.35196,-28.27773],[-57.35179,-28.27788],[-57.35163,-28.27793],[-57.35152,-28.27807],[-57.35136,-28.27817],[-57.3512,-28.27817],[-57.35104,-28.27817],[-57.35088,-28.27817],[-57.35072,-28.27817],[-57.35055,-28.27817],[-57.35039,-28.27817],[-57.35023,-28.27817],[-57.35007,-28.27817],[-57.34991,-28.27817],[-57.34975,-28.27817],[-57.34958,-28.27817],[-57.34942,-28.27817],[-57.34926,-28.27817],[-57.3491,-28.27817],[-57.34894,-28.27817],[-57.34877,-28.27817],[-57.34861,-28.27817],[-57.34845,-28.27808],[-57.34829,-28.27803],[-57.34813,-28.27789],[-57.34796,-28.27779],[-57.3478,-28.2777],[-57.34764,-28.2776],[-57.34748,-28.27755],[-57.34732,-28.27746],[-57.34715,-28.27741],[-57.34699,-28.27727],[-57.34699,-28.27726],[-57.34688,-28.27713],[-57.34683,-28.27698],[-57.34667,-28.27689],[-57.3465,-28.27679],[-57.34634,-28.27675],[-57.34618,-28.27665],[-57.34602,-28.2766],[-57.34591,-28.27646],[-57.34575,-28.27641],[-57.34564,-28.27627],[-57.34548,-28.27613],[-57.34532,-28.27603],[-57.34515,-28.27598],[-57.34499,-28.27584],[-57.34483,-28.27579],[-57.34467,-28.2757],[-57.34451,-28.27565],[-57.34434,-28.27565],[-57.34418,-28.27556],[-57.34402,-28.27551],[-57.34386,-28.27546],[-57.34375,-28.27532],[-57.34359,-28.27527],[-57.34348,-28.27513],[-57.34332,-28.27503],[-57.34321,-28.27489],[-57.34315,-28.27475],[-57.34303,-28.27468],[-57.34299,-28.27465],[-57.34288,-28.27451],[-57.34278,-28.27437],[-57.34267,-28.27422],[-57.34261,-28.27408],[-57.34261,-28.27394],[-57.34261,-28.27379],[-57.34261,-28.27365],[-57.34261,-28.27351],[-57.34261,-28.27336],[-57.34245,-28.27327],[-57.34239,-28.27313],[-57.34234,-28.27298],[-57.34234,-28.27284],[-57.34234,-28.2727],[-57.34234,-28.27255],[-57.34234,-28.27241],[-57.34234,-28.27227],[-57.34234,-28.27212],[-57.34234,-28.27198],[-57.34234,-28.27184],[-57.34234,-28.27169],[-57.34233,-28.27155],[-57.34228,-28.27141],[-57.34223,-28.27126],[-57.34217,-28.27112],[-57.34217,-28.27098],[-57.34201,-28.27088],[-57.34195,-28.27074],[-57.34195,-28.2706],[-57.34195,-28.27045],[-57.34195,-28.27031],[-57.34195,-28.27017],[-57.34195,-28.27002],[-57.34179,-28.26998],[-57.34173,-28.2699],[-57.33844,-28.27306],[-57.33818,-28.27332],[-57.33811,-28.2733],[-57.3381,-28.27326],[-57.33798,-28.27316],[-57.33784,-28.27306],[-57.33771,-28.27296],[-57.33759,-28.27284],[-57.33746,-28.27275],[-57.33732,-28.27269],[-57.33719,-28.27258],[-57.33705,-28.27252],[-57.33692,-28.27243],[-57.33678,-28.27235],[-57.33663,-28.27226],[-57.33651,-28.27216],[-57.3364,-28.27206],[-57.33624,-28.27197],[-57.33611,-28.2719],[-57.33597,-28.27184],[-57.33584,-28.27175],[-57.3357,-28.27167],[-57.33557,-28.2716],[-57.33545,-28.2715],[-57.33533,-28.27139],[-57.33522,-28.27127],[-57.33514,-28.27116],[-57.33512,-28.27102],[-57.33512,-28.27088],[-57.33512,-28.27075],[-57.33512,-28.27074],[-57.33508,-28.27062],[-57.33497,-28.27048],[-57.33486,-28.27034],[-57.3347,-28.27019],[-57.33453,-28.27015],[-57.33437,-28.2701],[-57.33421,-28.27],[-57.33405,-28.26986],[-57.33389,-28.26981],[-57.33372,-28.26972],[-57.33356,-28.26962],[-57.3334,-28.26953],[-57.33324,-28.26948],[-57.33308,-28.26939],[-57.33291,-28.26929],[-57.33281,-28.26915],[-57.33264,-28.26901],[-57.33248,-28.26896],[-57.33243,-28.26881],[-57.33232,-28.26867],[-57.33216,-28.26858],[-57.33199,-28.26848],[-57.33183,-28.26843],[-57.33167,-28.26834],[-57.33167,-28.2682],[-57.33156,-28.26805],[-57.3314,-28.26796],[-57.33135,-28.26781],[-57.33118,-28.26772],[-57.33102,-28.26758],[-57.33102,-28.26743],[-57.33086,-28.26734],[-57.3307,-28.26724],[-57.33064,-28.2671],[-57.33048,-28.2671],[-57.33032,-28.26705],[-57.33016,-28.26701],[-57.32999,-28.26696],[-57.32989,-28.26682],[-57.32972,-28.26677],[-57.32956,-28.26672],[-57.3294,-28.26663],[-57.32924,-28.26663],[-57.32908,-28.26663],[-57.32891,-28.26663],[-57.32875,-28.26653],[-57.32854,-28.26648],[-57.32838,-28.26648],[-57.32837,-28.26634],[-57.32837,-28.2662],[-57.32837,-28.26606],[-57.32837,-28.26591],[-57.32837,-28.26577],[-57.32832,-28.26563],[-57.32826,-28.26548],[-57.32816,-28.26534],[-57.3281,-28.2652],[-57.32794,-28.26515],[-57.32778,-28.26501],[-57.32762,-28.26496],[-57.32745,-28.26486],[-57.32729,-28.26482],[-57.32713,-28.26472],[-57.32697,-28.26467],[-57.32681,-28.26458],[-57.3268,-28.26444],[-57.32675,-28.26429],[-57.32664,-28.26415],[-57.32648,-28.2641],[-57.32632,-28.2641],[-57.32616,-28.2641],[-57.32599,-28.2641],[-57.32583,-28.2641],[-57.32567,-28.2641],[-57.32551,-28.2641],[-57.32535,-28.2641],[-57.32519,-28.2641],[-57.32502,-28.26401],[-57.32486,-28.26387],[-57.32481,-28.26372],[-57.32465,-28.26363],[-57.32448,-28.26363],[-57.32432,-28.26363],[-57.32416,-28.26358],[-57.324,-28.26353],[-57.32384,-28.26349],[-57.32367,-28.26349],[-57.32351,-28.26349],[-57.32335,-28.26349],[-57.32319,-28.26344],[-57.32303,-28.26335],[-57.32286,-28.2633],[-57.3227,-28.2632],[-57.32254,-28.26316],[-57.32243,-28.26301],[-57.32238,-28.26287],[-57.32222,-28.26282],[-57.32211,-28.26268],[-57.32195,-28.26258],[-57.32189,-28.26244],[-57.32189,-28.26225],[-57.32189,-28.26211],[-57.322,-28.26196],[-57.322,-28.26182],[-57.322,-28.26168],[-57.322,-28.26153],[-57.322,-28.26139],[-57.322,-28.26125],[-57.32194,-28.2611],[-57.32194,-28.26096],[-57.32194,-28.26082],[-57.32187,-28.26076],[-57.32179,-28.26064],[-57.32168,-28.26055],[-57.32154,-28.26045],[-57.32141,-28.26038],[-57.3213,-28.26026],[-57.32119,-28.26016],[-57.32102,-28.26014],[-57.32086,-28.26014],[-57.32069,-28.26014],[-57.32053,-28.26014],[-57.32038,-28.26012],[-57.32037,-28.26011],[-57.3202,-28.26011],[-57.32004,-28.26011],[-57.31987,-28.26012],[-57.31979,-28.25999],[-57.31971,-28.25987],[-57.31971,-28.25973],[-57.31962,-28.25958],[-57.31952,-28.25949],[-57.31938,-28.25939],[-57.31924,-28.25932],[-57.3191,-28.25924],[-57.31897,-28.25917],[-57.31886,-28.25907],[-57.31875,-28.25895],[-57.31866,-28.25883],[-57.31853,-28.25876],[-57.31836,-28.25874],[-57.3182,-28.25874],[-57.31803,-28.25874],[-57.31793,-28.25862],[-57.31934,-28.25714],[-57.32536,-28.25087],[-57.32599,-28.25022],[-57.32843,-28.24767],[-57.32954,-28.24651],[-57.3317,-28.24427],[-57.33302,-28.24289],[-57.3334,-28.2425],[-57.33774,-28.23797],[-57.33873,-28.23694],[-57.34211,-28.23342],[-57.3403,-28.23313],[-57.34029,-28.23313],[-57.33826,-28.23288],[-57.33608,-28.23106],[-57.33607,-28.23107],[-57.33593,-28.2312],[-57.31936,-28.24788],[-57.316,-28.25125],[-57.31383,-28.25201],[-57.31338,-28.25199],[-57.3115,-28.25196],[-57.31042,-28.25151],[-57.30951,-28.24935],[-57.31033,-28.24935],[-57.31365,-28.24899],[-57.31399,-28.24894],[-57.31373,-28.24632],[-57.31353,-28.24433],[-57.31692,-28.24105],[-57.31842,-28.23961],[-57.33083,-28.22765],[-57.32935,-28.22713],[-57.32484,-28.22556],[-57.32306,-28.22532],[-57.31945,-28.22483],[-57.31945,-28.22483],[-57.31974,-28.22449],[-57.3217,-28.2222],[-57.2933,-28.20391],[-57.29214,-28.20316],[-57.28995,-28.20175],[-57.28855,-28.20309],[-57.28824,-28.20339],[-57.28632,-28.20525],[-57.27722,-28.214],[-57.27422,-28.2169],[-57.27376,-28.21733],[-57.27372,-28.21737],[-57.2737,-28.21739],[-57.2737,-28.21739],[-57.27248,-28.21695],[-57.27003,-28.21608],[-57.26787,-28.21446],[-57.26665,-28.21355],[-57.26665,-28.21355],[-57.26625,-28.21396],[-57.26549,-28.21334],[-57.26535,-28.21077],[-57.2652,-28.20799],[-57.26153,-28.20699],[-57.26273,-28.20551],[-57.26352,-28.20453],[-57.26461,-28.20319],[-57.26483,-28.20293],[-57.26483,-28.20293],[-57.2657,-28.20203],[-57.26631,-28.2014],[-57.27014,-28.19746],[-57.27231,-28.19523],[-57.27252,-28.19501],[-57.27323,-28.19428],[-57.27476,-28.19271],[-57.27528,-28.19217],[-57.27543,-28.19202],[-57.28071,-28.18658],[-57.28108,-28.1862],[-57.28173,-28.18553],[-57.28183,-28.18543],[-57.28214,-28.18511],[-57.28221,-28.18509],[-57.28472,-28.18618],[-57.29,-28.18766],[-57.29076,-28.18873],[-57.29089,-28.18892],[-57.29118,-28.18931],[-57.29516,-28.1947],[-57.29542,-28.19504],[-57.29604,-28.19588],[-57.29469,-28.19719],[-57.29324,-28.19858],[-57.29265,-28.19915],[-57.29638,-28.20153],[-57.3268,-28.22095],[-57.32945,-28.21785],[-57.33044,-28.21678],[-57.35467,-28.23149],[-57.3552,-28.23185],[-57.36247,-28.23685],[-57.38288,-28.25018],[-57.39808,-28.23083],[-57.39802,-28.23063],[-57.39719,-28.22799],[-57.39319,-28.21517],[-57.38042,-28.21041],[-57.37388,-28.2061],[-57.37745,-28.19583],[-57.37768,-28.19515],[-57.37096,-28.18102],[-57.37217,-28.18064],[-57.38703,-28.17603],[-57.38703,-28.17595],[-57.38766,-28.15846],[-57.38769,-28.1576],[-57.38761,-28.15757],[-57.38758,-28.15756],[-57.38752,-28.15742],[-57.38741,-28.15728],[-57.38725,-28.15718],[-57.38722,-28.15714],[-57.38714,-28.15704],[-57.38704,-28.1569],[-57.38698,-28.15675],[-57.38698,-28.15661],[-57.38698,-28.15647],[-57.38698,-28.15632],[-57.38698,-28.15618],[-57.38714,-28.15609],[-57.38716,-28.15607],[-57.38714,-28.15576],[-57.38684,-28.15067],[-57.38683,-28.15066],[-57.38685,-28.15063],[-57.38647,-28.14661],[-57.38646,-28.14654],[-57.38533,-28.14567],[-57.38052,-28.14195],[-57.38046,-28.14186],[-57.38045,-28.13949],[-57.38045,-28.13801],[-57.38002,-28.13612],[-57.37577,-28.13735],[-57.37363,-28.13807],[-57.35912,-28.14228],[-57.34466,-28.14646],[-57.34291,-28.1458],[-57.34015,-28.14475],[-57.32252,-28.13804],[-57.32321,-28.13973],[-57.32515,-28.14455],[-57.32472,-28.14647],[-57.311,-28.14079],[-57.30427,-28.138],[-57.28864,-28.1577],[-57.31612,-28.18478],[-57.29667,-28.18336],[-57.27096,-28.15718],[-57.26316,-28.14277],[-57.25584,-28.12927],[-57.24112,-28.13205],[-57.23515,-28.13408],[-57.22727,-28.13676],[-57.22323,-28.13813],[-57.21523,-28.15019],[-57.22083,-28.15587],[-57.22015,-28.1572],[-57.21005,-28.1769],[-57.21004,-28.17691],[-57.20346,-28.17645],[-57.19291,-28.16987],[-57.18264,-28.17356],[-57.1724,-28.15741],[-57.1676,-28.1626],[-57.15156,-28.15364],[-57.15129,-28.15091],[-57.15009,-28.13869],[-57.14448,-28.13094],[-57.13009,-28.111],[-57.13693,-28.10664],[-57.12223,-28.09552],[-57.12969,-28.09132]]],[[[-57.30977,-27.93205],[-57.33113,-27.948],[-57.33643,-27.93407],[-57.32425,-27.9222],[-57.29705,-27.9165],[-57.29718,-27.91848],[-57.29785,-27.92872],[-57.30977,-27.93205]]],[[[-57.39317,-28.01972],[-57.39306,-28.02129],[-57.40046,-28.03348],[-57.40183,-28.04005],[-57.40197,-28.0407],[-57.40208,-28.04125],[-57.4027,-28.0442],[-57.40323,-28.04675],[-57.40406,-28.04655],[-57.40476,-28.04638],[-57.40826,-28.04554],[-57.40947,-28.04525],[-57.4099,-28.03547],[-57.40907,-28.03423],[-57.40822,-28.03178],[-57.40652,-28.03208],[-57.40374,-28.02172],[-57.40082,-28.01081],[-57.39895,-28.00381],[-57.3975,-28.00389],[-57.3924,-28.00419],[-57.39309,-28.01808],[-57.39317,-28.01972]]],[[[-57.19362,-28.584],[-57.19293,-28.5836],[-57.19261,-28.58397],[-57.19238,-28.58425],[-57.19362,-28.584]]],[[[-57.16145,-28.58604],[-57.16082,-28.58714],[-57.16109,-28.58728],[-57.16145,-28.58604]]],[[[-57.80534,-28.46318],[-57.80492,-28.46277],[-57.80534,-28.46319],[-57.80534,-28.46318]]]]},"geometry_name":"geom","properties":{"display_name":"Parque y Reserva Natural Provincial Iberá","fna":"Parque y Reserva Natural Provincial Iberá","nam":"Iberá","csv_name":"Iberá","visits_total":409749,"fdc":"IGN/Ley Provincial Nº 3771/1983"},"bbox":[-58.55495307,-28.99610051,-56.44141198,-27.55355835]},{"type":"Feature","id":"area_protegida.1164","geometry":{"type":"MultiPolygon","coordinates":[[[[-56.81502,-27.86261],[-56.82028,-27.87776],[-56.81374,-27.88035],[-56.82613,-27.89473],[-56.82168,-27.90425],[-56.82103,-27.91753],[-56.81888,-27.92541],[-56.82357,-27.93509],[-56.82705,-27.93589],[-56.83218,-27.92316],[-56.83293,-27.90199],[-56.83777,-27.89884],[-56.83959,-27.89813],[-56.84205,-27.89719],[-56.84205,-27.89719],[-56.85144,-27.89653],[-56.85166,-27.89652],[-56.86273,-27.89574],[-56.86315,-27.89571],[-56.86315,-27.89573],[-56.86301,-27.89951],[-56.85988,-27.9143],[-56.85605,-27.91448],[-56.84916,-27.91481],[-56.8438,-27.91538],[-56.83635,-27.91603],[-56.83633,-27.91603],[-56.83436,-27.92481],[-56.82933,-27.93656],[-56.83386,-27.93871],[-56.82482,-27.94586],[-56.82704,-27.95267],[-56.82903,-27.95879],[-56.83789,-27.96654],[-56.87015,-27.96092],[-56.90327,-27.96486],[-56.96478,-28.00074],[-57.00186,-28.02528],[-56.99931,-28.00017],[-56.99829,-27.99024],[-56.99781,-27.98548],[-56.99719,-27.97945],[-56.99246,-27.97396],[-56.99155,-27.97201],[-56.99498,-27.96559],[-57.01624,-27.95567],[-57.02802,-27.97555],[-57.01027,-27.98386],[-57.00415,-27.98672],[-56.99942,-27.98894],[-57.00728,-28.00585],[-57.01218,-28.04511],[-57.02889,-28.05426],[-57.06212,-28.0684],[-57.06414,-28.06927],[-57.06936,-28.07142],[-57.08291,-28.08547],[-57.09844,-28.0733],[-57.10034,-28.07181],[-57.09704,-28.06218],[-57.09698,-28.06201],[-57.09468,-28.05529],[-57.09132,-28.04129],[-57.09093,-28.0397],[-57.09467,-28.02017],[-57.09251,-27.99853],[-57.09282,-27.97877],[-57.10154,-27.96498],[-57.10757,-27.95433],[-57.10268,-27.94579],[-57.09905,-27.93693],[-57.09682,-27.93148],[-57.09248,-27.92106],[-57.0923,-27.92062],[-57.09229,-27.92062],[-57.09229,-27.92062],[-57.09111,-27.91788],[-57.0911,-27.91787],[-57.09058,-27.91851],[-57.09058,-27.91852],[-57.08753,-27.92219],[-57.04728,-27.94116],[-57.03978,-27.93319],[-57.0396,-27.9287],[-57.03938,-27.92291],[-57.0389,-27.91058],[-57.03827,-27.90828],[-57.0379,-27.90693],[-57.03584,-27.89945],[-57.02821,-27.90104],[-57.02352,-27.88323],[-57.02322,-27.88207],[-56.98697,-27.88904],[-56.98422,-27.8734],[-56.98421,-27.87337],[-56.98101,-27.8741],[-56.97297,-27.87595],[-56.96932,-27.87678],[-56.96719,-27.87727],[-56.96438,-27.88128],[-56.96455,-27.88124],[-56.97814,-27.87801],[-56.97704,-27.88683],[-56.97699,-27.88684],[-56.97626,-27.89268],[-56.97594,-27.89529],[-56.96516,-27.89785],[-56.96344,-27.89826],[-56.96344,-27.89826],[-56.95971,-27.89096],[-56.91344,-27.90193],[-56.91104,-27.89397],[-56.90927,-27.89439],[-56.90377,-27.8957],[-56.90112,-27.88699],[-56.89346,-27.86178],[-56.89259,-27.86196],[-56.8923,-27.86202],[-56.86933,-27.86661],[-56.86931,-27.86665],[-56.86931,-27.86664],[-56.85613,-27.84715],[-56.86101,-27.83241],[-56.86103,-27.83235],[-56.83878,-27.81266],[-56.83431,-27.81552],[-56.82981,-27.82271],[-56.8129,-27.82946],[-56.80962,-27.83822],[-56.81659,-27.85657],[-56.81502,-27.86261]]],[[[-57.10214,-28.06092],[-57.10213,-28.06092],[-57.10192,-28.06096],[-57.10327,-28.07005],[-57.10336,-28.07069],[-57.10339,-28.07088],[-57.10355,-28.07199],[-57.10359,-28.0722],[-57.10363,-28.0725],[-57.10389,-28.07429],[-57.10393,-28.07452],[-57.10843,-28.10492],[-57.13146,-28.07627],[-57.13642,-28.07295],[-57.13346,-28.07235],[-57.12915,-28.07148],[-57.12471,-28.06625],[-57.12363,-28.05926],[-57.12043,-28.05671],[-57.11945,-28.05694],[-57.10477,-28.06031],[-57.10276,-28.06077],[-57.10214,-28.06092]]]]},"geometry_name":"geom","properties":{"display_name":"Parque Nacional Iberá","fna":"Parque Nacional Iberá","nam":"Iberá","csv_name":"Iberá","visits_total":409749,"fdc":"IGN/Ministerio Ambiente"},"bbox":[-57.13642257,-28.10491734,-56.80962121,-27.8126648]},{"type":"Feature","id":"area_protegida.1169","geometry":{"type":"MultiPolygon","coordinates":[[[[-64.91272,-42.81247],[-64.91153,-42.81261],[-64.91079,-42.81261],[-64.90998,-42.8124],[-64.90901,-42.81199],[-64.9081,-42.81164],[-64.90784,-42.81173],[-64.90777,-42.81164],[-64.90734,-42.81147],[-64.90687,-42.81111],[-64.90672,-42.81121],[-64.90639,-42.81107],[-64.90613,-42.81107],[-64.9056,-42.81104],[-64.90525,-42.81123],[-64.90487,-42.81133],[-64.9046,-42.81137],[-64.90427,-42.81152],[-64.90301,-42.81102],[-64.90258,-42.81109],[-64.90238,-42.81095],[-64.90225,-42.81085],[-64.90214,-42.81105],[-64.90213,-42.81107],[-64.90195,-42.81113],[-64.90187,-42.81116],[-64.90187,-42.81117],[-64.90177,-42.81164],[-64.90137,-42.81211],[-64.90101,-42.81202],[-64.90065,-42.81245],[-64.90004,-42.81256],[-64.89947,-42.8124],[-64.8987,-42.81242],[-64.89813,-42.81226],[-64.89759,-42.81216],[-64.89709,-42.81223],[-64.89687,-42.81256],[-64.89644,-42.8124],[-64.8959,-42.81273],[-64.89535,-42.81271],[-64.89454,-42.8128],[-64.89378,-42.81295],[-64.89345,-42.81273],[-64.89323,-42.81256],[-64.89314,-42.81283],[-64.89273,-42.81256],[-64.8924,-42.81259],[-64.89214,-42.8124],[-64.89164,-42.81245],[-64.89159,-42.81266],[-64.89121,-42.81254],[-64.89097,-42.81268],[-64.89083,-42.81295],[-64.89048,-42.81319],[-64.8904,-42.81325],[-64.89019,-42.81344],[-64.89009,-42.81366],[-64.88985,-42.81406],[-64.88986,-42.81409],[-64.88988,-42.81428],[-64.88997,-42.81471],[-64.88998,-42.81474],[-64.89007,-42.81497],[-64.8903,-42.81535],[-64.89042,-42.81561],[-64.89068,-42.81568],[-64.89088,-42.81573],[-64.89104,-42.81604],[-64.89104,-42.81651],[-64.89092,-42.81709],[-64.89052,-42.81763],[-64.89035,-42.81813],[-64.89007,-42.81801],[-64.88992,-42.81825],[-64.88966,-42.81844],[-64.88935,-42.81868],[-64.88902,-42.81923],[-64.88866,-42.81935],[-64.88807,-42.81977],[-64.88745,-42.81987],[-64.88726,-42.82004],[-64.88683,-42.82004],[-64.88641,-42.82004],[-64.88638,-42.82004],[-64.88621,-42.82015],[-64.88643,-42.82039],[-64.8869,-42.82087],[-64.88692,-42.82089],[-64.88709,-42.82115],[-64.88743,-42.82158],[-64.88745,-42.82201],[-64.88733,-42.82261],[-64.88681,-42.82346],[-64.88574,-42.82434],[-64.88495,-42.82506],[-64.88447,-42.82541],[-64.88378,-42.82568],[-64.88348,-42.82579],[-64.88328,-42.82587],[-64.88321,-42.82617],[-64.88347,-42.8263],[-64.8835,-42.82632],[-64.88376,-42.82641],[-64.88414,-42.82651],[-64.88481,-42.82694],[-64.88512,-42.82696],[-64.88535,-42.8271],[-64.88559,-42.82763],[-64.88562,-42.82825],[-64.88552,-42.82898],[-64.8849,-42.82979],[-64.884,-42.83077],[-64.88334,-42.83129],[-64.88267,-42.83181],[-64.88129,-42.83264],[-64.88105,-42.83279],[-64.87912,-42.83388],[-64.87743,-42.83465],[-64.87624,-42.83512],[-64.87465,-42.83565],[-64.87358,-42.83536],[-64.87258,-42.8351],[-64.87101,-42.83474],[-64.86956,-42.83472],[-64.86882,-42.83472],[-64.86848,-42.83474],[-64.86787,-42.8346],[-64.86694,-42.83431],[-64.86606,-42.83396],[-64.86546,-42.83372],[-64.86527,-42.83365],[-64.86468,-42.8341],[-64.86315,-42.83465],[-64.85956,-42.83574],[-64.85725,-42.83641],[-64.85718,-42.83643],[-64.8554,-42.837],[-64.85416,-42.83752],[-64.85359,-42.83772],[-64.8528,-42.83795],[-64.85138,-42.83829],[-64.85009,-42.83862],[-64.84871,-42.83891],[-64.84774,-42.8391],[-64.84745,-42.83912],[-64.84631,-42.83864],[-64.84552,-42.83829],[-64.84496,-42.83807],[-64.84448,-42.83788],[-64.84369,-42.83783],[-64.84274,-42.83826],[-64.84133,-42.83902],[-64.84026,-42.83945],[-64.83926,-42.83988],[-64.83798,-42.84033],[-64.83691,-42.84045],[-64.83643,-42.84024],[-64.8361,-42.84002],[-64.83565,-42.83971],[-64.83512,-42.83957],[-64.83474,-42.83969],[-64.83379,-42.83957],[-64.8326,-42.83929],[-64.8321,-42.83895],[-64.83153,-42.83891],[-64.83091,-42.83871],[-64.82991,-42.8391],[-64.82968,-42.83933],[-64.8292,-42.83926],[-64.82882,-42.83933],[-64.8286,-42.83941],[-64.82815,-42.83957],[-64.82746,-42.83955],[-64.82737,-42.83955],[-64.82722,-42.8395],[-64.82689,-42.83967],[-64.82589,-42.84029],[-64.82518,-42.84043],[-64.82446,-42.84052],[-64.82394,-42.84071],[-64.82339,-42.84048],[-64.82282,-42.8405],[-64.82211,-42.84055],[-64.82137,-42.84067],[-64.82073,-42.84043],[-64.82028,-42.84026],[-64.81973,-42.84002],[-64.81909,-42.83988],[-64.81837,-42.83948],[-64.81778,-42.83912],[-64.81749,-42.83895],[-64.81704,-42.8391],[-64.81635,-42.83917],[-64.81573,-42.83929],[-64.81504,-42.83936],[-64.81449,-42.83924],[-64.81447,-42.83964],[-64.81404,-42.83993],[-64.81359,-42.84014],[-64.81316,-42.84029],[-64.81216,-42.84029],[-64.81159,-42.84021],[-64.81143,-42.84055],[-64.81107,-42.84088],[-64.81057,-42.84121],[-64.81026,-42.84117],[-64.81,-42.84133],[-64.81012,-42.84155],[-64.81035,-42.84185],[-64.81038,-42.84188],[-64.81042,-42.84209],[-64.92533,-42.84625],[-64.92574,-42.83828],[-64.92574,-42.83818],[-64.9274,-42.80587],[-64.92616,-42.80645],[-64.92471,-42.80723],[-64.92281,-42.80831],[-64.92038,-42.80945],[-64.91774,-42.81061],[-64.91555,-42.81159],[-64.91429,-42.81197],[-64.91338,-42.81211],[-64.91272,-42.81247]]]]},"geometry_name":"geom","properties":{"display_name":"Reserva Natural Turística Punta Loma","fna":"Reserva Natural Turística Punta Loma","nam":"Punta Loma","csv_name":"Punta Loma","visits_total":1465533,"fdc":"SIB/IGN/Ley Provincial Nº 697/1967"},"bbox":[-64.92740041,-42.84624694,-64.80999735,-42.8058651]},{"type":"Feature","id":"area_protegida.1170","geometry":{"type":"MultiPolygon","coordinates":[[[[-64.00245,-42.25041],[-63.9914,-42.36189],[-64.00864,-42.37489],[-64.03073,-42.39297],[-64.03438,-42.39654],[-64.03454,-42.39699],[-64.03609,-42.40153],[-64.03755,-42.40577],[-64.03778,-42.40645],[-64.0378,-42.40646],[-64.04819,-42.41809],[-64.04937,-42.41941],[-64.04967,-42.41965],[-64.08019,-42.44386],[-64.09468,-42.45535],[-64.10052,-42.45933],[-64.10379,-42.46156],[-64.10776,-42.46438],[-64.36665,-42.46984],[-64.36834,-42.46883],[-64.37008,-42.46831],[-64.38642,-42.46686],[-64.40641,-42.46876],[-64.41231,-42.46933],[-64.41716,-42.46899],[-64.43198,-42.46819],[-64.44328,-42.46745],[-64.46657,-42.46603],[-64.48797,-42.46473],[-64.49431,-42.46417],[-64.4958,-42.46404],[-64.49942,-42.46468],[-64.51341,-42.46792],[-64.51914,-42.46842],[-64.53231,-42.46927],[-64.5473,-42.47009],[-64.55156,-42.47028],[-64.55396,-42.47031],[-64.55629,-42.4705],[-64.55963,-42.4714],[-64.57089,-42.47337],[-64.67041,-42.46784],[-64.67604,-42.3718],[-64.60196,-42.36945],[-64.59395,-42.3692],[-64.59342,-42.36921],[-64.59363,-42.36959],[-64.59388,-42.37015],[-64.59411,-42.37076],[-64.59414,-42.37121],[-64.59415,-42.37188],[-64.59413,-42.37253],[-64.59413,-42.37282],[-64.594,-42.37345],[-64.59384,-42.37402],[-64.59367,-42.3746],[-64.59356,-42.3752],[-64.5933,-42.37613],[-64.59294,-42.37692],[-64.59266,-42.37739],[-64.59261,-42.37776],[-64.59264,-42.37794],[-64.59253,-42.37816],[-64.59241,-42.37837],[-64.5924,-42.3789],[-64.59247,-42.37896],[-64.5927,-42.37914],[-64.59306,-42.37946],[-64.59304,-42.38007],[-64.59326,-42.38021],[-64.59346,-42.38053],[-64.59344,-42.38069],[-64.5934,-42.38123],[-64.59364,-42.38183],[-64.59445,-42.38254],[-64.5949,-42.38316],[-64.59513,-42.38388],[-64.59521,-42.38444],[-64.59537,-42.38484],[-64.59565,-42.38505],[-64.59601,-42.38513],[-64.59628,-42.38535],[-64.59721,-42.38583],[-64.5981,-42.38605],[-64.59919,-42.38627],[-64.60022,-42.38688],[-64.60111,-42.38764],[-64.60166,-42.38812],[-64.60205,-42.38835],[-64.60241,-42.38841],[-64.60268,-42.38867],[-64.60301,-42.38907],[-64.60342,-42.38929],[-64.60421,-42.38951],[-64.60518,-42.38979],[-64.60569,-42.38988],[-64.6068,-42.39014],[-64.60745,-42.39011],[-64.60863,-42.39045],[-64.60963,-42.39066],[-64.61046,-42.39095],[-64.61107,-42.39111],[-64.61184,-42.39141],[-64.61247,-42.39179],[-64.61287,-42.39231],[-64.6133,-42.39271],[-64.61396,-42.39311],[-64.61427,-42.39348],[-64.61486,-42.39353],[-64.61547,-42.39362],[-64.61626,-42.39398],[-64.61668,-42.39436],[-64.61731,-42.39455],[-64.61774,-42.39472],[-64.61823,-42.39558],[-64.61844,-42.3961],[-64.61873,-42.39679],[-64.61895,-42.39819],[-64.619,-42.3991],[-64.61899,-42.39925],[-64.61898,-42.39996],[-64.61915,-42.40104],[-64.61927,-42.4015],[-64.6196,-42.4017],[-64.61977,-42.40191],[-64.61988,-42.40204],[-64.62001,-42.40244],[-64.6201,-42.40299],[-64.62011,-42.40353],[-64.62002,-42.40407],[-64.6198,-42.40463],[-64.61947,-42.40543],[-64.61915,-42.40616],[-64.61902,-42.4064],[-64.61874,-42.40733],[-64.61862,-42.40787],[-64.6186,-42.40795],[-64.61861,-42.40807],[-64.61868,-42.40867],[-64.6188,-42.40947],[-64.61875,-42.41025],[-64.61861,-42.4108],[-64.61888,-42.41137],[-64.61911,-42.41174],[-64.61891,-42.41328],[-64.61877,-42.41396],[-64.61845,-42.41407],[-64.61881,-42.41503],[-64.61849,-42.4161],[-64.61813,-42.41735],[-64.61804,-42.41735],[-64.61695,-42.41735],[-64.61584,-42.41685],[-64.61452,-42.41721],[-64.61542,-42.41803],[-64.61706,-42.41896],[-64.61725,-42.41912],[-64.61788,-42.41967],[-64.61767,-42.42063],[-64.61617,-42.42171],[-64.61605,-42.42182],[-64.61456,-42.42328],[-64.61495,-42.42356],[-64.61491,-42.42366],[-64.61456,-42.42438],[-64.61356,-42.42502],[-64.61242,-42.42567],[-64.6101,-42.42638],[-64.60849,-42.42613],[-64.60814,-42.42599],[-64.60774,-42.42577],[-64.60521,-42.42534],[-64.60471,-42.42485],[-64.604,-42.42474],[-64.60292,-42.42467],[-64.60232,-42.42431],[-64.60153,-42.42431],[-64.60138,-42.42437],[-64.59851,-42.4255],[-64.59636,-42.42635],[-64.5949,-42.42667],[-64.5936,-42.42696],[-64.5925,-42.4272],[-64.59118,-42.42727],[-64.58983,-42.42681],[-64.58922,-42.42687],[-64.58875,-42.42692],[-64.58814,-42.42696],[-64.58709,-42.42703],[-64.58623,-42.42709],[-64.58615,-42.42709],[-64.58529,-42.42699],[-64.58484,-42.42664],[-64.58441,-42.42631],[-64.58437,-42.42628],[-64.58433,-42.42625],[-64.58411,-42.4261],[-64.58347,-42.42567],[-64.58298,-42.42494],[-64.58298,-42.42494],[-64.58269,-42.42445],[-64.58197,-42.42442],[-64.5804,-42.42449],[-64.57947,-42.42399],[-64.57905,-42.42295],[-64.57926,-42.42242],[-64.57894,-42.42196],[-64.57873,-42.42199],[-64.57857,-42.42198],[-64.57819,-42.42196],[-64.57771,-42.42197],[-64.5773,-42.42199],[-64.57642,-42.42215],[-64.57582,-42.42225],[-64.5753,-42.42235],[-64.57462,-42.42231],[-64.57412,-42.42206],[-64.57348,-42.42174],[-64.5733,-42.42135],[-64.57287,-42.42135],[-64.57273,-42.42203],[-64.57284,-42.4226],[-64.57329,-42.42312],[-64.5733,-42.42313],[-64.57369,-42.42388],[-64.57323,-42.42499],[-64.57298,-42.42588],[-64.57259,-42.42695],[-64.57202,-42.42781],[-64.57052,-42.42877],[-64.56673,-42.43024],[-64.56227,-42.43131],[-64.55938,-42.43191],[-64.55767,-42.43202],[-64.55617,-42.43198],[-64.55435,-42.43091],[-64.55304,-42.42986],[-64.55249,-42.42946],[-64.55074,-42.42881],[-64.54953,-42.42813],[-64.54882,-42.42745],[-64.54796,-42.42713],[-64.54714,-42.42674],[-64.54621,-42.42656],[-64.54545,-42.42641],[-64.54516,-42.42634],[-64.54487,-42.42628],[-64.54424,-42.42612],[-64.54357,-42.42595],[-64.54296,-42.42567],[-64.54246,-42.42477],[-64.54232,-42.42374],[-64.54199,-42.42282],[-64.54168,-42.42181],[-64.54164,-42.42111],[-64.54182,-42.42013],[-64.54153,-42.41956],[-64.54114,-42.41931],[-64.54028,-42.41928],[-64.53979,-42.41935],[-64.53968,-42.41974],[-64.54011,-42.42021],[-64.54032,-42.42053],[-64.54053,-42.42099],[-64.54036,-42.42146],[-64.54011,-42.42181],[-64.53966,-42.42203],[-64.5389,-42.4226],[-64.5387,-42.42356],[-64.53864,-42.42381],[-64.53793,-42.42499],[-64.53639,-42.4257],[-64.53283,-42.42688],[-64.53076,-42.42738],[-64.52808,-42.42813],[-64.52661,-42.4282],[-64.52433,-42.42813],[-64.52244,-42.42806],[-64.52102,-42.42806],[-64.51999,-42.42806],[-64.51933,-42.42806],[-64.51761,-42.42802],[-64.51695,-42.428],[-64.51644,-42.42799],[-64.5161,-42.42791],[-64.51512,-42.4281],[-64.51459,-42.4282],[-64.51366,-42.42844],[-64.51244,-42.42877],[-64.51166,-42.42897],[-64.51038,-42.42931],[-64.50835,-42.42966],[-64.50772,-42.42977],[-64.50709,-42.42988],[-64.50591,-42.42999],[-64.50558,-42.43003],[-64.50449,-42.43013],[-64.50309,-42.43027],[-64.50135,-42.43025],[-64.49974,-42.43022],[-64.49831,-42.4302],[-64.49737,-42.43009],[-64.49642,-42.42997],[-64.49535,-42.42984],[-64.49514,-42.42978],[-64.49453,-42.4296],[-64.49345,-42.42927],[-64.49274,-42.42906],[-64.4923,-42.42874],[-64.49135,-42.42806],[-64.4911,-42.42749],[-64.49099,-42.42684],[-64.4916,-42.42588],[-64.49174,-42.4246],[-64.49157,-42.4237],[-64.49167,-42.42245],[-64.49171,-42.42142],[-64.49132,-42.42017],[-64.49007,-42.41931],[-64.48885,-42.41831],[-64.48768,-42.41814],[-64.48709,-42.4173],[-64.48653,-42.41642],[-64.48607,-42.41567],[-64.48557,-42.41546],[-64.48486,-42.41582],[-64.484,-42.41671],[-64.48393,-42.41676],[-64.48275,-42.41753],[-64.48241,-42.41813],[-64.48225,-42.41842],[-64.48225,-42.41895],[-64.48225,-42.41896],[-64.48186,-42.42003],[-64.48186,-42.42042],[-64.48196,-42.42113],[-64.48239,-42.4221],[-64.48282,-42.42335],[-64.48311,-42.42388],[-64.48375,-42.42449],[-64.48457,-42.42552],[-64.48521,-42.42663],[-64.48536,-42.42827],[-64.48532,-42.42995],[-64.48525,-42.43045],[-64.48514,-42.43131],[-64.48393,-42.43302],[-64.48114,-42.43505],[-64.48047,-42.43558],[-64.48005,-42.4359],[-64.47959,-42.43627],[-64.47922,-42.43655],[-64.47869,-42.43702],[-64.47834,-42.43733],[-64.47816,-42.43749],[-64.478,-42.43764],[-64.47725,-42.4383],[-64.47724,-42.4383],[-64.47593,-42.43862],[-64.47494,-42.43836],[-64.47368,-42.43831],[-64.47218,-42.43827],[-64.47071,-42.43844],[-64.468,-42.43875],[-64.46783,-42.43877],[-64.46744,-42.43869],[-64.46597,-42.43841],[-64.46412,-42.43748],[-64.46251,-42.43759],[-64.46158,-42.43734],[-64.4603,-42.43706],[-64.45839,-42.43677],[-64.45592,-42.43653],[-64.45435,-42.43554],[-64.45326,-42.4353],[-64.45221,-42.43563],[-64.45165,-42.43614],[-64.4515,-42.43627],[-64.45092,-42.43704],[-64.44982,-42.4382],[-64.44929,-42.43837],[-64.4487,-42.43856],[-64.44804,-42.43878],[-64.44696,-42.43912],[-64.44522,-42.43939],[-64.44348,-42.43966],[-64.44101,-42.43973],[-64.43877,-42.4398],[-64.43739,-42.43982],[-64.43352,-42.43987],[-64.42822,-42.43948],[-64.42484,-42.43812],[-64.42251,-42.43719],[-64.42142,-42.43677],[-64.41906,-42.43588],[-64.41812,-42.43489],[-64.41784,-42.4346],[-64.41745,-42.43351],[-64.4174,-42.43338],[-64.4168,-42.43282],[-64.41535,-42.43273],[-64.41529,-42.43273],[-64.41285,-42.43249],[-64.41272,-42.43246],[-64.41133,-42.43213],[-64.41056,-42.43088],[-64.41067,-42.43047],[-64.41071,-42.43035],[-64.41088,-42.42972],[-64.41005,-42.42892],[-64.41011,-42.43008],[-64.40916,-42.43076],[-64.40818,-42.43085],[-64.4072,-42.43094],[-64.40517,-42.43112],[-64.40365,-42.43078],[-64.40241,-42.4305],[-64.40136,-42.43005],[-64.40065,-42.42975],[-64.39967,-42.42993],[-64.39792,-42.43011],[-64.39789,-42.43011],[-64.39775,-42.43012],[-64.3956,-42.43023],[-64.39403,-42.42945],[-64.39262,-42.42874],[-64.39119,-42.42839],[-64.38944,-42.42856],[-64.3892,-42.42928],[-64.38823,-42.42929],[-64.38747,-42.4293],[-64.38692,-42.42931],[-64.38682,-42.42931],[-64.38453,-42.42919],[-64.38358,-42.42898],[-64.38203,-42.42865],[-64.38049,-42.42806],[-64.37968,-42.42681],[-64.37955,-42.42679],[-64.3787,-42.42663],[-64.37834,-42.42607],[-64.37808,-42.42532],[-64.37754,-42.42461],[-64.37701,-42.42476],[-64.37463,-42.42416],[-64.37304,-42.42386],[-64.37293,-42.42383],[-64.37162,-42.42351],[-64.37052,-42.42321],[-64.37017,-42.42265],[-64.36999,-42.42217],[-64.36933,-42.42217],[-64.36859,-42.42256],[-64.36856,-42.423],[-64.3681,-42.42352],[-64.36728,-42.42458],[-64.36553,-42.42541],[-64.3638,-42.42595],[-64.36249,-42.42607],[-64.36225,-42.42608],[-64.36203,-42.42609],[-64.36118,-42.42612],[-64.36115,-42.42613],[-64.36005,-42.4266],[-64.35936,-42.42653],[-64.35922,-42.42651],[-64.35865,-42.42649],[-64.35762,-42.4267],[-64.35746,-42.42673],[-64.35688,-42.42664],[-64.35479,-42.4263],[-64.35445,-42.42623],[-64.3517,-42.42568],[-64.3508,-42.42483],[-64.35053,-42.42452],[-64.35022,-42.42416],[-64.34958,-42.424],[-64.3494,-42.42396],[-64.34807,-42.42362],[-64.34696,-42.42358],[-64.34527,-42.42351],[-64.34194,-42.42267],[-64.33745,-42.42113],[-64.33553,-42.42038],[-64.33361,-42.41964],[-64.33174,-42.41818],[-64.33123,-42.41744],[-64.33133,-42.41697],[-64.33141,-42.41658],[-64.33215,-42.41542],[-64.33242,-42.41485],[-64.3323,-42.41479],[-64.33159,-42.41441],[-64.33038,-42.41433],[-64.32906,-42.41411],[-64.32844,-42.41348],[-64.32802,-42.41316],[-64.32811,-42.41269],[-64.3282,-42.41226],[-64.32742,-42.41206],[-64.32664,-42.41208],[-64.3262,-42.41209],[-64.32418,-42.41191],[-64.32264,-42.41173],[-64.32142,-42.41161],[-64.32064,-42.41197],[-64.32014,-42.41215],[-64.31972,-42.41253],[-64.31957,-42.41313],[-64.31889,-42.41309],[-64.31743,-42.41301],[-64.31428,-42.41203],[-64.31172,-42.41102],[-64.30967,-42.40959],[-64.30836,-42.40789],[-64.30678,-42.40608],[-64.30607,-42.40536],[-64.30538,-42.40501],[-64.30446,-42.4048],[-64.30318,-42.40453],[-64.30205,-42.40423],[-64.30154,-42.40394],[-64.30035,-42.40403],[-64.29992,-42.40432],[-64.2993,-42.40522],[-64.2985,-42.40608],[-64.29792,-42.40669],[-64.29773,-42.40689],[-64.2974,-42.4077],[-64.29669,-42.4087],[-64.29607,-42.40927],[-64.29535,-42.41055],[-64.29455,-42.41136],[-64.29426,-42.41212],[-64.29369,-42.4136],[-64.2933,-42.41375],[-64.29289,-42.41402],[-64.29271,-42.41405],[-64.29259,-42.41444],[-64.29197,-42.41467],[-64.28992,-42.415],[-64.28935,-42.41509],[-64.2868,-42.41515],[-64.28456,-42.41509],[-64.28336,-42.41512],[-64.28231,-42.41498],[-64.28141,-42.41526],[-64.27751,-42.41545],[-64.27656,-42.41542],[-64.27517,-42.41548],[-64.27264,-42.4153],[-64.27026,-42.41503],[-64.26859,-42.41494],[-64.26716,-42.41461],[-64.26603,-42.41444],[-64.26556,-42.41464],[-64.26505,-42.41503],[-64.26413,-42.41527],[-64.26351,-42.41571],[-64.26258,-42.41601],[-64.26218,-42.41626],[-64.26061,-42.4165],[-64.25781,-42.4164],[-64.255,-42.41593],[-64.25333,-42.41555],[-64.25248,-42.41588],[-64.25114,-42.41593],[-64.24781,-42.41521],[-64.2476,-42.41506],[-64.24734,-42.41488],[-64.24677,-42.41507],[-64.24628,-42.41545],[-64.24529,-42.41621],[-64.24424,-42.41679],[-64.2432,-42.41736],[-64.24251,-42.41743],[-64.2418,-42.4175],[-64.24044,-42.41807],[-64.2392,-42.41821],[-64.23777,-42.41813],[-64.23763,-42.41812],[-64.23577,-42.41807],[-64.23496,-42.41807],[-64.2332,-42.41836],[-64.23073,-42.41821],[-64.22735,-42.4174],[-64.22564,-42.41736],[-64.22407,-42.41755],[-64.22278,-42.41793],[-64.22178,-42.41807],[-64.22109,-42.41864],[-64.2204,-42.41921],[-64.21983,-42.41989],[-64.21945,-42.42035],[-64.21755,-42.4215],[-64.21641,-42.42181],[-64.21531,-42.42212],[-64.21298,-42.42207],[-64.20798,-42.42145],[-64.20446,-42.42054],[-64.20022,-42.4194],[-64.19922,-42.41888],[-64.19842,-42.41793],[-64.19789,-42.41783],[-64.19699,-42.41793],[-64.19575,-42.41817],[-64.19508,-42.41774],[-64.19432,-42.41764],[-64.19342,-42.41683],[-64.19251,-42.41645],[-64.19142,-42.41583],[-64.19052,-42.41607],[-64.19037,-42.41674],[-64.19032,-42.41769],[-64.189,-42.41901],[-64.18894,-42.41907],[-64.18706,-42.4194],[-64.18538,-42.4194],[-64.18319,-42.41888],[-64.182,-42.41878],[-64.1815,-42.41865],[-64.18133,-42.41854],[-64.18097,-42.41842],[-64.1807,-42.41833],[-64.18022,-42.41789],[-64.17951,-42.41768],[-64.17871,-42.41803],[-64.17782,-42.41774],[-64.17686,-42.41783],[-64.17657,-42.41827],[-64.17605,-42.41846],[-64.17535,-42.41872],[-64.17416,-42.41869],[-64.17338,-42.41866],[-64.17213,-42.41878],[-64.17005,-42.41874],[-64.17008,-42.41928],[-64.17002,-42.41988],[-64.16973,-42.42074],[-64.16865,-42.4214],[-64.16681,-42.42181],[-64.16497,-42.42193],[-64.16321,-42.4216],[-64.16256,-42.42157],[-64.16158,-42.42169],[-64.16101,-42.42244],[-64.15937,-42.42288],[-64.15616,-42.42294],[-64.15307,-42.42279],[-64.15075,-42.42274],[-64.14945,-42.42292],[-64.14788,-42.42378],[-64.14669,-42.42407],[-64.14526,-42.42435],[-64.14397,-42.42511],[-64.14307,-42.42545],[-64.14207,-42.4254],[-64.14192,-42.42534],[-64.14121,-42.42507],[-64.14102,-42.42564],[-64.14106,-42.42579],[-64.14121,-42.42645],[-64.14113,-42.42664],[-64.14088,-42.42721],[-64.14036,-42.42806],[-64.13831,-42.42825],[-64.13749,-42.42829],[-64.13636,-42.42835],[-64.13488,-42.42868],[-64.13331,-42.42897],[-64.13212,-42.42902],[-64.12979,-42.42873],[-64.1293,-42.42868],[-64.12764,-42.42865],[-64.12669,-42.42922],[-64.12588,-42.42969],[-64.12425,-42.42966],[-64.12249,-42.42907],[-64.1219,-42.42821],[-64.12113,-42.42806],[-64.12029,-42.42827],[-64.11901,-42.42746],[-64.1183,-42.42666],[-64.11821,-42.42607],[-64.11818,-42.42574],[-64.11747,-42.42535],[-64.11711,-42.42494],[-64.11598,-42.42461],[-64.11506,-42.42386],[-64.11437,-42.42307],[-64.11304,-42.42135],[-64.11185,-42.41978],[-64.11055,-42.41835],[-64.11004,-42.41778],[-64.10879,-42.41667],[-64.10823,-42.41617],[-64.1082,-42.41612],[-64.10681,-42.41417],[-64.1059,-42.41212],[-64.10563,-42.41186],[-64.10504,-42.41129],[-64.10438,-42.41065],[-64.10238,-42.40927],[-64.10117,-42.40762],[-64.10081,-42.40712],[-64.09995,-42.40508],[-64.0991,-42.40389],[-64.0971,-42.40322],[-64.09434,-42.40218],[-64.09337,-42.40124],[-64.09234,-42.40022],[-64.09048,-42.39965],[-64.09024,-42.39961],[-64.08901,-42.39942],[-64.0862,-42.39894],[-64.08545,-42.39854],[-64.08515,-42.39838],[-64.08406,-42.3978],[-64.08192,-42.39604],[-64.07897,-42.39318],[-64.07773,-42.39185],[-64.07754,-42.3908],[-64.07606,-42.39085],[-64.0753,-42.39066],[-64.07368,-42.39028],[-64.07154,-42.38852],[-64.07026,-42.38723],[-64.06854,-42.38604],[-64.06788,-42.38523],[-64.06697,-42.38485],[-64.06616,-42.3849],[-64.0645,-42.38481],[-64.0626,-42.38471],[-64.06079,-42.38457],[-64.05884,-42.38385],[-64.0577,-42.38318],[-64.05723,-42.3829],[-64.05684,-42.38266],[-64.05403,-42.37862],[-64.05303,-42.37663],[-64.05277,-42.37612],[-64.05189,-42.37438],[-64.05065,-42.37048],[-64.05053,-42.36984],[-64.05027,-42.36848],[-64.0497,-42.36701],[-64.04951,-42.36563],[-64.04951,-42.36463],[-64.04872,-42.36378],[-64.04832,-42.36334],[-64.04794,-42.36139],[-64.04773,-42.36029],[-64.04751,-42.35911],[-64.04699,-42.3587],[-64.04684,-42.35858],[-64.04561,-42.35735],[-64.04484,-42.35587],[-64.04451,-42.35411],[-64.04385,-42.35302],[-64.04304,-42.3513],[-64.04237,-42.34878],[-64.04256,-42.34654],[-64.04321,-42.3453],[-64.04347,-42.34481],[-64.04351,-42.34474],[-64.04385,-42.34408],[-64.04437,-42.34307],[-64.04532,-42.34183],[-64.04718,-42.34178],[-64.04724,-42.34188],[-64.04775,-42.34259],[-64.0486,-42.34283],[-64.04891,-42.34249],[-64.04944,-42.34183],[-64.05058,-42.34194],[-64.05132,-42.34164],[-64.0523,-42.34129],[-64.05251,-42.34121],[-64.05322,-42.3405],[-64.05416,-42.34001],[-64.05422,-42.33998],[-64.05522,-42.3397],[-64.05569,-42.33923],[-64.05628,-42.33923],[-64.0566,-42.33902],[-64.05693,-42.33831],[-64.05702,-42.3379],[-64.05731,-42.33655],[-64.05788,-42.3356],[-64.0585,-42.33493],[-64.05984,-42.33455],[-64.0605,-42.33417],[-64.06126,-42.33388],[-64.06279,-42.33341],[-64.06364,-42.33341],[-64.06402,-42.33349],[-64.06478,-42.33365],[-64.06485,-42.33367],[-64.06578,-42.33393],[-64.0665,-42.33374],[-64.06685,-42.33357],[-64.06707,-42.33346],[-64.06935,-42.33341],[-64.06945,-42.3334],[-64.07002,-42.33336],[-64.07016,-42.33308],[-64.06994,-42.33285],[-64.06973,-42.33265],[-64.06921,-42.33236],[-64.06956,-42.33182],[-64.06964,-42.3317],[-64.06947,-42.33166],[-64.06897,-42.33155],[-64.06854,-42.33108],[-64.06802,-42.3307],[-64.0684,-42.33046],[-64.06861,-42.33017],[-64.06878,-42.32993],[-64.06885,-42.32977],[-64.06892,-42.3296],[-64.06859,-42.32913],[-64.06766,-42.32936],[-64.06764,-42.32936],[-64.06678,-42.32932],[-64.06588,-42.32974],[-64.06497,-42.33013],[-64.06393,-42.3302],[-64.06288,-42.33027],[-64.06286,-42.33027],[-64.06098,-42.33008],[-64.05998,-42.32936],[-64.0598,-42.3291],[-64.05879,-42.3276],[-64.05863,-42.32693],[-64.0586,-42.32679],[-64.05849,-42.3267],[-64.05779,-42.32613],[-64.05622,-42.32594],[-64.05493,-42.32598],[-64.05441,-42.32618],[-64.05332,-42.32637],[-64.05289,-42.32618],[-64.05293,-42.32584],[-64.05269,-42.32569],[-64.05183,-42.32513],[-64.05146,-42.32489],[-64.05138,-42.32486],[-64.05137,-42.32486],[-64.04965,-42.32422],[-64.0494,-42.32369],[-64.04907,-42.32299],[-64.04879,-42.32242],[-64.04889,-42.32085],[-64.04865,-42.3188],[-64.04865,-42.31828],[-64.04908,-42.31742],[-64.04906,-42.31717],[-64.04903,-42.3169],[-64.04872,-42.31687],[-64.04765,-42.3168],[-64.04594,-42.3168],[-64.04484,-42.31542],[-64.04477,-42.31501],[-64.04459,-42.31405],[-64.04437,-42.31285],[-64.04504,-42.30634],[-64.04522,-42.30554],[-64.04632,-42.30055],[-64.04673,-42.29937],[-64.04745,-42.29731],[-64.04806,-42.29558],[-64.0487,-42.2938],[-64.04873,-42.29371],[-64.04898,-42.293],[-64.0491,-42.29271],[-64.04946,-42.29182],[-64.05175,-42.28768],[-64.05469,-42.28192],[-64.05474,-42.28182],[-64.05601,-42.27987],[-64.05703,-42.2783],[-64.05903,-42.2753],[-64.06041,-42.27426],[-64.06063,-42.27412],[-64.06102,-42.27387],[-64.06116,-42.27384],[-64.06188,-42.27364],[-64.06321,-42.27359],[-64.06346,-42.27358],[-64.06407,-42.27354],[-64.06459,-42.27259],[-64.0664,-42.27064],[-64.06702,-42.26997],[-64.07008,-42.26626],[-64.07035,-42.26593],[-64.07207,-42.26375],[-64.0723,-42.26345],[-64.07259,-42.26324],[-64.0734,-42.26265],[-64.07478,-42.26164],[-64.07516,-42.26151],[-64.07611,-42.26117],[-64.07744,-42.26122],[-64.07766,-42.26131],[-64.07815,-42.26151],[-64.07844,-42.26151],[-64.07953,-42.26126],[-64.07973,-42.26122],[-64.07995,-42.26098],[-64.08121,-42.25965],[-64.08149,-42.25936],[-64.08377,-42.25741],[-64.08658,-42.25555],[-64.08835,-42.25428],[-64.08849,-42.25417],[-64.08896,-42.25384],[-64.08982,-42.25341],[-64.08993,-42.25338],[-64.09007,-42.25334],[-64.09021,-42.25329],[-64.09063,-42.25317],[-64.09114,-42.25317],[-64.0921,-42.25317],[-64.09339,-42.25251],[-64.09424,-42.25218],[-64.09572,-42.2516],[-64.09819,-42.25098],[-64.09922,-42.25071],[-64.09707,-42.2504],[-64.00245,-42.25041]]],[[[-64.15993,-42.60577],[-64.16166,-42.71253],[-64.24537,-42.7129],[-64.24525,-42.71247],[-64.24493,-42.70993],[-64.24477,-42.70863],[-64.24498,-42.70452],[-64.24514,-42.70141],[-64.24525,-42.6981],[-64.24577,-42.69457],[-64.24651,-42.69099],[-64.24688,-42.68778],[-64.24746,-42.6851],[-64.24814,-42.68368],[-64.2492,-42.68315],[-64.24941,-42.68305],[-64.24851,-42.68262],[-64.24858,-42.68193],[-64.24786,-42.68044],[-64.24626,-42.67806],[-64.24548,-42.67741],[-64.24453,-42.67622],[-64.24343,-42.67587],[-64.24332,-42.67583],[-64.24241,-42.67526],[-64.24177,-42.67477],[-64.24139,-42.67448],[-64.24109,-42.67426],[-64.24104,-42.67413],[-64.23956,-42.67073],[-64.23883,-42.66862],[-64.2383,-42.66731],[-64.23804,-42.66547],[-64.23804,-42.66431],[-64.23693,-42.66368],[-64.23552,-42.66324],[-64.23488,-42.66304],[-64.23309,-42.6621],[-64.23146,-42.66104],[-64.2304,-42.65973],[-64.22904,-42.65652],[-64.22881,-42.65513],[-64.22877,-42.65489],[-64.22867,-42.65368],[-64.22788,-42.65194],[-64.22671,-42.65089],[-64.22635,-42.65057],[-64.226,-42.6505],[-64.22419,-42.65015],[-64.22293,-42.64857],[-64.22198,-42.64483],[-64.22114,-42.6428],[-64.22114,-42.64275],[-64.22088,-42.6421],[-64.22019,-42.64062],[-64.21973,-42.63987],[-64.21898,-42.63868],[-64.21709,-42.63646],[-64.21435,-42.63425],[-64.21209,-42.63236],[-64.21119,-42.63083],[-64.21067,-42.62894],[-64.21059,-42.62754],[-64.21056,-42.62704],[-64.21114,-42.62541],[-64.21117,-42.62537],[-64.21117,-42.6252],[-64.21161,-42.62476],[-64.21225,-42.62389],[-64.21383,-42.62194],[-64.21493,-42.62141],[-64.21567,-42.62083],[-64.21704,-42.61962],[-64.22041,-42.61736],[-64.22072,-42.61715],[-64.2234,-42.61578],[-64.22693,-42.61457],[-64.23004,-42.61425],[-64.23404,-42.6141],[-64.23788,-42.61399],[-64.23988,-42.61399],[-64.24051,-42.61394],[-64.24156,-42.61383],[-64.24267,-42.61357],[-64.24456,-42.61367],[-64.24625,-42.61425],[-64.24872,-42.6152],[-64.2512,-42.61588],[-64.25262,-42.61662],[-64.2533,-42.61736],[-64.25377,-42.6181],[-64.25546,-42.61852],[-64.25704,-42.61846],[-64.25851,-42.61862],[-64.25972,-42.61841],[-64.26046,-42.61799],[-64.26121,-42.61794],[-64.25761,-42.61247],[-64.25665,-42.60876],[-64.25109,-42.59706],[-64.24724,-42.59498],[-64.24238,-42.58309],[-64.22827,-42.58693],[-64.21916,-42.58942],[-64.19855,-42.59503],[-64.15991,-42.6049],[-64.15993,-42.60577]]],[[[-64.51539,-42.42045],[-64.5154,-42.42046],[-64.5164,-42.41946],[-64.51802,-42.41784],[-64.5177,-42.41752],[-64.51756,-42.41747],[-64.5172,-42.41763],[-64.51649,-42.41804],[-64.51595,-42.41834],[-64.51366,-42.41949],[-64.51391,-42.4198],[-64.51539,-42.42045]]]]},"geometry_name":"geom","properties":{"display_name":"Sitio RAMSAR Humedales Península de Valdés","fna":"Sitio RAMSAR Humedales Península de Valdés","nam":"Humedales Península de Valdés","csv_name":"Península Valdés","visits_total":7075909,"fdc":"SAyDS/IGN/Ramsar"},"bbox":[-64.67604371,-42.71290491,-63.99139732,-42.2504]},{"type":"Feature","id":"area_protegida.1174","geometry":{"type":"MultiPolygon","coordinates":[[[[-65.56631,-44.90395],[-65.56564,-44.90401],[-65.56492,-44.90388],[-65.56439,-44.90369],[-65.56438,-44.90346],[-65.56417,-44.90348],[-65.56373,-44.90365],[-65.56319,-44.90351],[-65.563,-44.9034],[-65.56253,-44.90332],[-65.56204,-44.90345],[-65.56127,-44.90351],[-65.56086,-44.90358],[-65.56049,-44.90378],[-65.56019,-44.90405],[-65.55952,-44.90421],[-65.55914,-44.90441],[-65.55895,-44.90461],[-65.55895,-44.90461],[-65.55898,-44.90489],[-65.55911,-44.90497],[-65.55928,-44.90492],[-65.55942,-44.90471],[-65.55953,-44.90462],[-65.55974,-44.90445],[-65.55993,-44.9046],[-65.55994,-44.90461],[-65.56005,-44.90473],[-65.56035,-44.90478],[-65.56074,-44.90482],[-65.56087,-44.90483],[-65.56127,-44.90487],[-65.56184,-44.90501],[-65.56225,-44.90527],[-65.56246,-44.90541],[-65.56259,-44.90554],[-65.56261,-44.90581],[-65.56246,-44.90591],[-65.56225,-44.90587],[-65.5621,-44.90603],[-65.56216,-44.90623],[-65.56218,-44.90629],[-65.56225,-44.90652],[-65.56247,-44.90668],[-65.56253,-44.907],[-65.56234,-44.9073],[-65.56184,-44.90729],[-65.56156,-44.90708],[-65.56141,-44.9067],[-65.56128,-44.9066],[-65.56105,-44.90645],[-65.56065,-44.90634],[-65.56058,-44.90665],[-65.56042,-44.90702],[-65.56014,-44.90704],[-65.55978,-44.90705],[-65.55956,-44.90681],[-65.55943,-44.90668],[-65.55921,-44.90666],[-65.55892,-44.90684],[-65.55861,-44.90698],[-65.55817,-44.90703],[-65.55789,-44.9069],[-65.55771,-44.90674],[-65.55751,-44.90672],[-65.55713,-44.90695],[-65.55699,-44.90712],[-65.55711,-44.90736],[-65.55724,-44.90762],[-65.55718,-44.90793],[-65.55697,-44.90818],[-65.55672,-44.90846],[-65.55686,-44.90874],[-65.55696,-44.909],[-65.55707,-44.90943],[-65.55713,-44.90965],[-65.55699,-44.90996],[-65.55674,-44.91019],[-65.55632,-44.91013],[-65.5561,-44.91016],[-65.55602,-44.91034],[-65.55596,-44.91056],[-65.5557,-44.91075],[-65.55569,-44.91095],[-65.55597,-44.91097],[-65.55608,-44.91109],[-65.55632,-44.91119],[-65.55646,-44.91126],[-65.55672,-44.91139],[-65.55683,-44.91168],[-65.55677,-44.91216],[-65.5566,-44.91261],[-65.55644,-44.91297],[-65.55627,-44.91312],[-65.55588,-44.91313],[-65.55563,-44.91298],[-65.55553,-44.91273],[-65.5552,-44.91241],[-65.55504,-44.91205],[-65.55492,-44.91168],[-65.5547,-44.91169],[-65.55447,-44.91183],[-65.55416,-44.91195],[-65.55379,-44.91188],[-65.55323,-44.91149],[-65.55283,-44.9112],[-65.55262,-44.91104],[-65.55257,-44.91069],[-65.55266,-44.91049],[-65.55296,-44.91038],[-65.55279,-44.91031],[-65.55238,-44.91017],[-65.5522,-44.9099],[-65.55199,-44.90962],[-65.55165,-44.90959],[-65.55135,-44.90969],[-65.55105,-44.90985],[-65.55102,-44.91004],[-65.55094,-44.91041],[-65.55097,-44.91061],[-65.55083,-44.91097],[-65.55061,-44.91103],[-65.55031,-44.91098],[-65.55007,-44.91099],[-65.54978,-44.91119],[-65.54957,-44.91149],[-65.54946,-44.91169],[-65.54938,-44.91198],[-65.54919,-44.9122],[-65.54886,-44.91244],[-65.54849,-44.91267],[-65.548,-44.91285],[-65.54762,-44.91292],[-65.54696,-44.91293],[-65.54643,-44.91269],[-65.54635,-44.91245],[-65.54644,-44.9122],[-65.54624,-44.91203],[-65.54586,-44.91197],[-65.5451,-44.91172],[-65.54478,-44.91143],[-65.54453,-44.9111],[-65.54454,-44.91068],[-65.54466,-44.91044],[-65.54438,-44.91035],[-65.54404,-44.91032],[-65.54376,-44.91041],[-65.54359,-44.91054],[-65.5435,-44.91066],[-65.54353,-44.91086],[-65.54363,-44.91092],[-65.54367,-44.9111],[-65.54355,-44.91122],[-65.54323,-44.91125],[-65.54297,-44.91128],[-65.54285,-44.91142],[-65.54298,-44.91154],[-65.54307,-44.91172],[-65.54344,-44.91169],[-65.54359,-44.91182],[-65.54368,-44.91203],[-65.54357,-44.91237],[-65.54347,-44.91267],[-65.54324,-44.91283],[-65.54301,-44.91275],[-65.54293,-44.91289],[-65.54282,-44.91302],[-65.54282,-44.91319],[-65.54282,-44.91338],[-65.54257,-44.91338],[-65.5424,-44.91329],[-65.54217,-44.91352],[-65.54203,-44.91375],[-65.54184,-44.91395],[-65.54144,-44.91406],[-65.54116,-44.91435],[-65.54067,-44.91457],[-65.54042,-44.9149],[-65.53993,-44.91509],[-65.53983,-44.915],[-65.54005,-44.91474],[-65.53962,-44.91499],[-65.53941,-44.91519],[-65.53911,-44.91529],[-65.53874,-44.91524],[-65.53843,-44.91544],[-65.5383,-44.91563],[-65.53804,-44.91587],[-65.53767,-44.91613],[-65.53719,-44.9165],[-65.53694,-44.91686],[-65.53661,-44.91695],[-65.53636,-44.91712],[-65.53626,-44.91731],[-65.53616,-44.91756],[-65.5359,-44.91787],[-65.53547,-44.91796],[-65.53527,-44.91805],[-65.53536,-44.91818],[-65.53525,-44.91838],[-65.53522,-44.91853],[-65.53525,-44.91887],[-65.53534,-44.91893],[-65.53519,-44.91908],[-65.53528,-44.91926],[-65.53547,-44.91937],[-65.53577,-44.91928],[-65.5359,-44.91934],[-65.53585,-44.9195],[-65.536,-44.91963],[-65.53615,-44.91963],[-65.53623,-44.91987],[-65.53615,-44.9201],[-65.53576,-44.92035],[-65.53572,-44.92051],[-65.53577,-44.92076],[-65.53558,-44.92089],[-65.53538,-44.92069],[-65.53506,-44.92096],[-65.53454,-44.92121],[-65.53408,-44.92178],[-65.53363,-44.92205],[-65.53343,-44.92241],[-65.53309,-44.92257],[-65.53296,-44.92264],[-65.5326,-44.9224],[-65.53222,-44.92235],[-65.53177,-44.92241],[-65.53161,-44.92253],[-65.53134,-44.9224],[-65.53096,-44.92233],[-65.53074,-44.92241],[-65.53336,-44.9243],[-65.5358,-44.92595],[-65.53646,-44.92676],[-65.53805,-44.92611],[-65.53895,-44.92565],[-65.53997,-44.92471],[-65.54079,-44.92363],[-65.54083,-44.92353],[-65.54093,-44.92344],[-65.54126,-44.92258],[-65.5417,-44.92214],[-65.54283,-44.9214],[-65.54471,-44.92045],[-65.54521,-44.92017],[-65.5457,-44.9198],[-65.54729,-44.91841],[-65.54738,-44.91831],[-65.54744,-44.91833],[-65.54797,-44.91839],[-65.54846,-44.91843],[-65.5485,-44.91844],[-65.55024,-44.91852],[-65.55029,-44.91851],[-65.55035,-44.91852],[-65.55131,-44.9181],[-65.55197,-44.91756],[-65.55331,-44.9163],[-65.55424,-44.91678],[-65.55445,-44.91713],[-65.55497,-44.9177],[-65.55647,-44.91815],[-65.55803,-44.91802],[-65.55843,-44.91794],[-65.5588,-44.91786],[-65.56047,-44.91713],[-65.56163,-44.91601],[-65.56183,-44.91565],[-65.56235,-44.91456],[-65.5626,-44.91358],[-65.56259,-44.91351],[-65.56261,-44.91345],[-65.56261,-44.91278],[-65.56273,-44.91231],[-65.56346,-44.91206],[-65.56443,-44.91175],[-65.56568,-44.91072],[-65.56645,-44.90973],[-65.56777,-44.90875],[-65.56918,-44.90908],[-65.56947,-44.9096],[-65.56947,-44.90965],[-65.57007,-44.90962],[-65.57018,-44.90958],[-65.57018,-44.90957],[-65.57005,-44.9094],[-65.57006,-44.90921],[-65.57039,-44.90921],[-65.57053,-44.90912],[-65.5707,-44.90887],[-65.5708,-44.90861],[-65.57062,-44.90843],[-65.5706,-44.90824],[-65.57088,-44.90823],[-65.57102,-44.90813],[-65.57108,-44.90791],[-65.57124,-44.90765],[-65.57153,-44.90742],[-65.57182,-44.90721],[-65.57204,-44.90681],[-65.57226,-44.90618],[-65.57239,-44.9058],[-65.57254,-44.90558],[-65.57263,-44.90523],[-65.57241,-44.90493],[-65.57216,-44.90496],[-65.57187,-44.90499],[-65.5714,-44.90514],[-65.57138,-44.9054],[-65.57138,-44.90543],[-65.57125,-44.90553],[-65.57094,-44.90562],[-65.57026,-44.90574],[-65.56999,-44.9057],[-65.56977,-44.90543],[-65.56984,-44.90528],[-65.56988,-44.90518],[-65.56987,-44.90492],[-65.56982,-44.90486],[-65.56951,-44.90482],[-65.5692,-44.90457],[-65.56919,-44.90428],[-65.56937,-44.90421],[-65.56921,-44.9036],[-65.56919,-44.90316],[-65.56869,-44.90277],[-65.56843,-44.90244],[-65.56793,-44.90241],[-65.56752,-44.90246],[-65.56714,-44.90259],[-65.56692,-44.90329],[-65.56674,-44.90371],[-65.56631,-44.90395]]]]},"geometry_name":"geom","properties":{"display_name":"Reserva Natural Turística de Objetivo Integral Cabo dos Bahías","fna":"Reserva Natural Turística de Objetivo Integral Cabo dos Bahías","nam":"Cabo dos Bahías","csv_name":"Cabo Dos Bahías","visits_total":213289,"fdc":"SIB/IGN/Ley Provincial Nº XXIII - Nº 12"},"bbox":[-65.57262735,-44.92675979,-65.53074288,-44.90241222]},{"type":"Feature","id":"area_protegida.1177","geometry":{"type":"MultiPolygon","coordinates":[[[[-69.00869,-45.82683],[-69.04411,-45.83876],[-69.0691,-45.83866],[-69.07475,-45.83603],[-69.07989,-45.83278],[-69.08163,-45.81943],[-69.0746,-45.8161],[-69.06066,-45.81391],[-69.06028,-45.81295],[-69.06003,-45.81216],[-69.05701,-45.80259],[-68.99663,-45.80603],[-68.99814,-45.8113],[-68.99826,-45.81463],[-69.00052,-45.81779],[-68.9999,-45.81946],[-69.00592,-45.82517],[-69.00869,-45.82683]]]]},"geometry_name":"geom","properties":{"display_name":"Reserva Natural Turística de Objetivo Específico Bosque Petrificado Sarmiento","fna":"Reserva Natural Turística de Objetivo Específico Bosque Petrificado Sarmiento","nam":"Bosque Petrificado Sarmiento","csv_name":"Bosque Petrificado Sarmiento","visits_total":170667,"fdc":"SIB/IGN/Ley Provincial Nº XXIII - Nº 12"},"bbox":[-69.08163249,-45.8387644,-68.99663321,-45.80259013]},{"type":"Feature","id":"area_protegida.1179","geometry":{"type":"MultiPolygon","coordinates":[[[[-67.53544,-45.96078],[-67.53723,-45.9609],[-67.53809,-45.9609],[-67.53874,-45.96084],[-67.53943,-45.96078],[-67.54094,-45.96087],[-67.54219,-45.96096],[-67.54353,-45.96096],[-67.54606,-45.96111],[-67.54728,-45.96119],[-67.54841,-45.96146],[-67.54945,-45.96149],[-67.55114,-45.96104],[-67.55156,-45.96093],[-67.5517,-45.96093],[-67.5522,-45.96092],[-67.55146,-45.95437],[-67.55102,-45.95422],[-67.55079,-45.95401],[-67.55075,-45.95368],[-67.55081,-45.95325],[-67.55117,-45.95262],[-67.55119,-45.9524],[-67.55117,-45.95189],[-67.55075,-45.95131],[-67.55058,-45.952],[-67.54933,-45.95319],[-67.54887,-45.95349],[-67.54799,-45.95406],[-67.54775,-45.95412],[-67.5471,-45.95429],[-67.54627,-45.95438],[-67.54377,-45.95507],[-67.54372,-45.95508],[-67.54139,-45.95566],[-67.53949,-45.95587],[-67.5369,-45.95638],[-67.53602,-45.95662],[-67.53566,-45.95672],[-67.53562,-45.95673],[-67.53372,-45.95724],[-67.53318,-45.95727],[-67.53253,-45.95739],[-67.53199,-45.95777],[-67.5314,-45.95837],[-67.53122,-45.95896],[-67.53157,-45.95936],[-67.53169,-45.9595],[-67.53238,-45.96],[-67.53311,-45.96025],[-67.53434,-45.96066],[-67.53544,-45.96078]]]]},"geometry_name":"geom","properties":{"display_name":"Reserva Natural Turística y de Investigación Punta Marqués","fna":"Reserva Natural Turística y de Investigación Punta Marqués","nam":"Punta Marqués","csv_name":"Punta Marqués","visits_total":155068,"fdc":"SIB/IGN/Ley Provincial Nº 2.580/1985"},"bbox":[-67.55220382,-45.96149208,-67.53121886,-45.95130501]},{"type":"Feature","id":"area_protegida.1241","geometry":{"type":"MultiPolygon","coordinates":[[[[-65.25204,-44.02586],[-65.25165,-44.02493],[-65.25119,-44.02457],[-65.25008,-44.02445],[-65.24973,-44.02401],[-65.24953,-44.02313],[-65.24937,-44.02252],[-65.24945,-44.022],[-65.25135,-44.02209],[-65.25164,-44.02212],[-65.25218,-44.02163],[-65.25218,-44.02117],[-65.25181,-44.02042],[-65.25174,-44.01922],[-65.25198,-44.01859],[-65.25244,-44.01777],[-65.25316,-44.01615],[-65.25321,-44.01541],[-65.2529,-44.01434],[-65.25296,-44.01391],[-65.25286,-44.01335],[-65.25201,-44.01276],[-65.25107,-44.01211],[-65.24955,-44.01175],[-65.24845,-44.01103],[-65.24834,-44.01011],[-65.24798,-44.00982],[-65.24734,-44.00995],[-65.24642,-44.00999],[-65.24598,-44.0094],[-65.24691,-44.00518],[-65.24899,-44.00411],[-65.2504,-44.00446],[-65.2512,-44.00334],[-65.25175,-44.00204],[-65.25273,-44.0008],[-65.25414,-44.00025],[-65.25525,-43.99928],[-65.25576,-43.99801],[-65.25656,-43.99573],[-65.25673,-43.99354],[-65.25653,-43.99161],[-65.25394,-43.98988],[-65.25311,-43.98931],[-65.25238,-43.98827],[-65.25308,-43.98556],[-65.25253,-43.98412],[-65.25109,-43.98254],[-65.24876,-43.9817],[-65.24801,-43.98127],[-65.24734,-43.98017],[-65.24668,-43.97928],[-65.24466,-43.97882],[-65.24334,-43.97905],[-65.24268,-43.97943],[-65.24138,-43.98026],[-65.23957,-43.98089],[-65.23825,-43.98033],[-65.2379,-43.97982],[-65.23749,-43.97924],[-65.23651,-43.97775],[-65.23576,-43.97816],[-65.23513,-43.97902],[-65.23432,-43.97997],[-65.23334,-43.98003],[-65.23231,-43.97896],[-65.23159,-43.97784],[-65.23084,-43.97669],[-65.23078,-43.97631],[-65.2311,-43.97502],[-65.23202,-43.97433],[-65.23205,-43.97382],[-65.23104,-43.97346],[-65.23064,-43.97274],[-65.23115,-43.9715],[-65.23182,-43.97058],[-65.2332,-43.97],[-65.23435,-43.96989],[-65.23576,-43.96992],[-65.23651,-43.97024],[-65.23738,-43.97075],[-65.23913,-43.9709],[-65.23968,-43.97081],[-65.24043,-43.97024],[-65.24098,-43.96949],[-65.24138,-43.96874],[-65.2423,-43.96793],[-65.2436,-43.96802],[-65.24449,-43.96828],[-65.2451,-43.96828],[-65.24625,-43.96807],[-65.24706,-43.96776],[-65.24821,-43.96741],[-65.2489,-43.96727],[-65.24953,-43.96733],[-65.24999,-43.96779],[-65.25054,-43.96871],[-65.2512,-43.96989],[-65.2519,-43.97026],[-65.25264,-43.97044],[-65.25368,-43.97049],[-65.25498,-43.9696],[-65.25584,-43.969],[-65.2561,-43.96888],[-65.25872,-43.96816],[-65.26002,-43.96741],[-65.2612,-43.96695],[-65.26224,-43.96626],[-65.26264,-43.96597],[-65.26348,-43.96563],[-65.26417,-43.96554],[-65.26518,-43.9658],[-65.26627,-43.96635],[-65.268,-43.96756],[-65.26857,-43.9679],[-65.26958,-43.96828],[-65.2712,-43.96845],[-65.27163,-43.96836],[-65.27255,-43.96764],[-65.27376,-43.9664],[-65.27595,-43.96597],[-65.27661,-43.9654],[-65.27716,-43.96424],[-65.27756,-43.9637],[-65.27897,-43.96303],[-65.27969,-43.96263],[-65.28053,-43.96197],[-65.28099,-43.9607],[-65.28125,-43.95935],[-65.28168,-43.9586],[-65.28206,-43.95799],[-65.28361,-43.95595],[-65.28479,-43.95474],[-65.286,-43.95382],[-65.28621,-43.95275],[-65.28618,-43.95203],[-65.28632,-43.95062],[-65.28698,-43.94993],[-65.28744,-43.94921],[-65.28744,-43.94849],[-65.28796,-43.94722],[-65.2888,-43.94535],[-65.28888,-43.94391],[-65.28903,-43.94235],[-65.28978,-43.94174],[-65.29107,-43.9412],[-65.29165,-43.94085],[-65.29231,-43.93993],[-65.29243,-43.93944],[-65.29557,-43.93688],[-65.29678,-43.93572],[-65.29735,-43.9352],[-65.29828,-43.93437],[-65.29897,-43.93342],[-65.2992,-43.93273],[-65.29937,-43.93221],[-65.29934,-43.93022],[-65.29949,-43.92829],[-65.29902,-43.92737],[-65.29845,-43.92544],[-65.29862,-43.92449],[-65.29873,-43.92387],[-65.29888,-43.92302],[-65.29895,-43.92261],[-65.29908,-43.92175],[-65.29949,-43.91974],[-65.30055,-43.91847],[-65.30101,-43.91729],[-65.30101,-43.91651],[-65.30044,-43.91593],[-65.29974,-43.91521],[-65.29894,-43.91412],[-65.29828,-43.91253],[-65.29897,-43.91104],[-65.30035,-43.91],[-65.30116,-43.90908],[-65.3028,-43.90706],[-65.30326,-43.90646],[-65.30407,-43.90553],[-65.30479,-43.90409],[-65.30458,-43.90311],[-65.3045,-43.90187],[-65.30484,-43.90026],[-65.30528,-43.89931],[-65.30559,-43.89839],[-65.30507,-43.89761],[-65.30453,-43.89718],[-65.30378,-43.89666],[-65.30409,-43.8962],[-65.30499,-43.89585],[-65.30585,-43.89531],[-65.30692,-43.89358],[-65.30712,-43.89312],[-65.30749,-43.8915],[-65.30813,-43.89041],[-65.30839,-43.88911],[-65.30873,-43.88698],[-65.30931,-43.88522],[-65.31009,-43.88338],[-65.31075,-43.88182],[-65.31231,-43.87915],[-65.31291,-43.87791],[-65.31383,-43.87523],[-65.31369,-43.87189],[-65.31447,-43.8701],[-65.3149,-43.86877],[-65.3149,-43.86762],[-65.3149,-43.86486],[-65.31507,-43.86275],[-65.31556,-43.86123],[-65.31596,-43.86045],[-65.31729,-43.85852],[-65.31795,-43.85745],[-65.31873,-43.85668],[-65.32253,-43.8544],[-65.3242,-43.85313],[-65.3251,-43.85247],[-65.32633,-43.85097],[-65.32662,-43.84881],[-65.32777,-43.84674],[-65.32783,-43.84481],[-65.32749,-43.84351],[-65.32659,-43.84279],[-65.32538,-43.84118],[-65.32504,-43.83876],[-65.32524,-43.83709],[-65.32576,-43.8355],[-65.32596,-43.83444],[-65.32512,-43.83124],[-65.324,-43.82994],[-65.32291,-43.82833],[-65.3223,-43.82729],[-65.32158,-43.8262],[-65.32023,-43.82251],[-65.32092,-43.81744],[-65.3219,-43.81594],[-65.32242,-43.81444],[-65.32247,-43.81329],[-65.32103,-43.81145],[-65.32075,-43.81035],[-65.32149,-43.80857],[-65.32178,-43.80816],[-65.32057,-43.80592],[-65.3181,-43.80551],[-65.31556,-43.80425],[-65.31239,-43.79958],[-65.31141,-43.79681],[-65.31107,-43.79468],[-65.31251,-43.79197],[-65.31602,-43.78811],[-65.31882,-43.78434],[-65.2444,-43.78318],[-65.24258,-43.78841],[-65.2425,-43.80049],[-65.24284,-43.80263],[-65.24453,-43.80922],[-65.24551,-43.81198],[-65.25042,-43.82163],[-65.25143,-43.82312],[-65.25138,-43.82652],[-65.25347,-43.83534],[-65.25437,-43.83779],[-65.2541,-43.83819],[-65.25128,-43.84287],[-65.25088,-43.84364],[-65.24825,-43.8499],[-65.24776,-43.85143],[-65.24609,-43.85976],[-65.24591,-43.86187],[-65.24586,-43.86298],[-65.24522,-43.86504],[-65.24514,-43.86621],[-65.2447,-43.86708],[-65.24403,-43.86864],[-65.24398,-43.86877],[-65.2432,-43.87061],[-65.24205,-43.87367],[-65.2417,-43.87474],[-65.23679,-43.88427],[-65.23514,-43.89243],[-65.23337,-43.89519],[-65.23268,-43.89669],[-65.22959,-43.90668],[-65.22937,-43.91693],[-65.22943,-43.91715],[-65.22862,-43.91798],[-65.22786,-43.91927],[-65.22205,-43.92012],[-65.21704,-43.92162],[-65.21075,-43.92271],[-65.19863,-43.92669],[-65.19724,-43.92727],[-65.18657,-43.93275],[-65.17751,-43.93958],[-65.17039,-43.94753],[-65.16973,-43.94845],[-65.1649,-43.95701],[-65.16438,-43.95825],[-65.16156,-43.96934],[-65.16192,-43.97512],[-65.16177,-43.98026],[-65.16356,-43.98812],[-65.16219,-43.9884],[-65.15032,-43.99273],[-65.13981,-43.99862],[-65.13105,-44.00585],[-65.12436,-44.01416],[-65.12,-44.02324],[-65.11813,-44.03275],[-65.11881,-44.04234],[-65.11898,-44.04318],[-65.12281,-44.0537],[-65.12832,-44.06145],[-65.12872,-44.06213],[-65.12901,-44.06242],[-65.1297,-44.06338],[-65.13276,-44.06604],[-65.13886,-44.07194],[-65.14014,-44.07291],[-65.14391,-44.07522],[-65.14604,-44.07703],[-65.15637,-44.08295],[-65.1572,-44.08415],[-65.15941,-44.08625],[-65.1593,-44.0863],[-65.16029,-44.08736],[-65.16436,-44.09096],[-65.16435,-44.09099],[-65.15823,-44.09707],[-65.15693,-44.09906],[-65.15604,-44.09996],[-65.15049,-44.10861],[-65.14733,-44.11787],[-65.14666,-44.1274],[-65.14671,-44.12831],[-65.14706,-44.12998],[-65.14803,-44.13784],[-65.14998,-44.14284],[-65.14998,-44.14285],[-65.15,-44.14289],[-65.15153,-44.14679],[-65.15182,-44.14722],[-65.15353,-44.15144],[-65.25,-44.15],[-65.25002,-44.14719],[-65.2496,-44.14711],[-65.24937,-44.14718],[-65.24911,-44.14723],[-65.24876,-44.14731],[-65.24863,-44.14737],[-65.24797,-44.14752],[-65.24738,-44.14731],[-65.24695,-44.14704],[-65.24643,-44.14671],[-65.24564,-44.14657],[-65.24513,-44.1466],[-65.24428,-44.14679],[-65.24384,-44.14693],[-65.24255,-44.14703],[-65.2416,-44.14704],[-65.24123,-44.14706],[-65.24065,-44.14711],[-65.24018,-44.14709],[-65.23975,-44.14697],[-65.23942,-44.14677],[-65.23919,-44.14652],[-65.23896,-44.14613],[-65.23885,-44.14599],[-65.23834,-44.14592],[-65.23789,-44.14606],[-65.23718,-44.14611],[-65.23639,-44.14611],[-65.23584,-44.14611],[-65.23529,-44.14589],[-65.23492,-44.14573],[-65.23448,-44.14566],[-65.23423,-44.1457],[-65.23349,-44.14588],[-65.23322,-44.14581],[-65.23295,-44.14529],[-65.23272,-44.14444],[-65.23253,-44.14395],[-65.23216,-44.14336],[-65.23156,-44.14313],[-65.23115,-44.1431],[-65.23074,-44.14301],[-65.23025,-44.14243],[-65.22981,-44.14204],[-65.22911,-44.14183],[-65.22875,-44.14174],[-65.22899,-44.14148],[-65.22948,-44.14122],[-65.22941,-44.14079],[-65.22863,-44.1406],[-65.22787,-44.14076],[-65.22703,-44.14075],[-65.22665,-44.14056],[-65.22703,-44.14033],[-65.22718,-44.13991],[-65.22686,-44.13945],[-65.22614,-44.13939],[-65.22546,-44.13934],[-65.22508,-44.13944],[-65.22459,-44.13978],[-65.22374,-44.13944],[-65.22339,-44.13934],[-65.22267,-44.13926],[-65.22221,-44.13922],[-65.22188,-44.13909],[-65.22208,-44.1388],[-65.22228,-44.13854],[-65.2224,-44.13827],[-65.22202,-44.13797],[-65.22158,-44.13774],[-65.22077,-44.13716],[-65.22026,-44.13679],[-65.22016,-44.13637],[-65.22041,-44.13605],[-65.22065,-44.13585],[-65.22093,-44.1353],[-65.221,-44.135],[-65.2208,-44.13447],[-65.21995,-44.13395],[-65.2195,-44.13385],[-65.21856,-44.13358],[-65.2181,-44.13324],[-65.21806,-44.13303],[-65.21818,-44.13261],[-65.21846,-44.13231],[-65.21885,-44.13199],[-65.21927,-44.13173],[-65.21993,-44.13087],[-65.22003,-44.13051],[-65.21995,-44.13002],[-65.21921,-44.12977],[-65.21875,-44.12966],[-65.21862,-44.12934],[-65.21859,-44.12901],[-65.21839,-44.12872],[-65.2179,-44.12852],[-65.21779,-44.12856],[-65.2174,-44.12894],[-65.21699,-44.12904],[-65.2163,-44.12879],[-65.21617,-44.12869],[-65.21636,-44.12833],[-65.21658,-44.12812],[-65.21671,-44.12806],[-65.21741,-44.1276],[-65.21784,-44.12717],[-65.21783,-44.12675],[-65.21747,-44.12656],[-65.21681,-44.12673],[-65.21636,-44.12665],[-65.21606,-44.12604],[-65.21581,-44.12574],[-65.2155,-44.12554],[-65.216,-44.12513],[-65.21668,-44.12508],[-65.21699,-44.125],[-65.21735,-44.12505],[-65.21774,-44.12516],[-65.21787,-44.12496],[-65.21784,-44.12459],[-65.21793,-44.12408],[-65.21823,-44.124],[-65.21861,-44.12378],[-65.21838,-44.12364],[-65.21779,-44.12351],[-65.21766,-44.12316],[-65.21773,-44.12286],[-65.21799,-44.1225],[-65.21842,-44.12221],[-65.21891,-44.12198],[-65.21928,-44.12195],[-65.21972,-44.12138],[-65.21993,-44.12114],[-65.22025,-44.12086],[-65.22088,-44.12096],[-65.2213,-44.1211],[-65.22175,-44.12126],[-65.22227,-44.1212],[-65.22268,-44.12104],[-65.22313,-44.1207],[-65.22379,-44.1204],[-65.22423,-44.12025],[-65.22477,-44.12047],[-65.22509,-44.12068],[-65.22536,-44.12081],[-65.22568,-44.12084],[-65.22597,-44.12067],[-65.22607,-44.12028],[-65.2261,-44.11983],[-65.2264,-44.11969],[-65.2268,-44.11965],[-65.22771,-44.11932],[-65.22885,-44.11923],[-65.22924,-44.11898],[-65.2298,-44.11874],[-65.23052,-44.11871],[-65.23102,-44.11871],[-65.23159,-44.11861],[-65.23196,-44.11835],[-65.23223,-44.11796],[-65.23232,-44.11747],[-65.23274,-44.11623],[-65.23261,-44.11589],[-65.23161,-44.11561],[-65.23091,-44.11582],[-65.2302,-44.11561],[-65.23016,-44.11522],[-65.2304,-44.11482],[-65.23101,-44.1142],[-65.2311,-44.11365],[-65.23078,-44.11311],[-65.23101,-44.11252],[-65.23185,-44.11196],[-65.23278,-44.11162],[-65.23339,-44.11119],[-65.23365,-44.11056],[-65.23375,-44.10987],[-65.23405,-44.10954],[-65.23467,-44.10907],[-65.23539,-44.10897],[-65.2362,-44.10871],[-65.2364,-44.10847],[-65.23656,-44.10814],[-65.23644,-44.10729],[-65.23612,-44.10697],[-65.23579,-44.10697],[-65.23519,-44.10716],[-65.23478,-44.10674],[-65.2351,-44.10605],[-65.23529,-44.10557],[-65.23524,-44.10507],[-65.2351,-44.10462],[-65.23463,-44.10403],[-65.23438,-44.10362],[-65.23414,-44.10261],[-65.23415,-44.10192],[-65.23488,-44.10157],[-65.23565,-44.10121],[-65.23627,-44.10055],[-65.23637,-44.10009],[-65.23585,-44.09973],[-65.2351,-44.09938],[-65.23475,-44.09905],[-65.23398,-44.09811],[-65.23337,-44.09757],[-65.23298,-44.0968],[-65.2333,-44.096],[-65.23366,-44.09553],[-65.23454,-44.09543],[-65.23529,-44.09525],[-65.23568,-44.09509],[-65.23644,-44.09467],[-65.23736,-44.09412],[-65.23903,-44.09257],[-65.23981,-44.09088],[-65.24017,-44.08992],[-65.24059,-44.08838],[-65.24102,-44.08635],[-65.24132,-44.0839],[-65.24118,-44.08184],[-65.24081,-44.08034],[-65.24007,-44.07807],[-65.23925,-44.0759],[-65.23903,-44.07552],[-65.23785,-44.07342],[-65.23711,-44.07154],[-65.23684,-44.07086],[-65.23558,-44.06895],[-65.23342,-44.06735],[-65.23187,-44.0664],[-65.23088,-44.06601],[-65.23004,-44.06557],[-65.22948,-44.06565],[-65.22908,-44.06557],[-65.22911,-44.06539],[-65.22894,-44.065],[-65.22836,-44.06471],[-65.2278,-44.06449],[-65.22692,-44.06409],[-65.22601,-44.0637],[-65.22522,-44.06336],[-65.22477,-44.06315],[-65.22253,-44.06225],[-65.22064,-44.06124],[-65.22021,-44.06098],[-65.21938,-44.06046],[-65.21887,-44.06014],[-65.21761,-44.05921],[-65.21698,-44.05777],[-65.21706,-44.05755],[-65.21733,-44.05719],[-65.21738,-44.05704],[-65.2174,-44.05698],[-65.2174,-44.05696],[-65.2174,-44.05694],[-65.21742,-44.05691],[-65.21744,-44.05689],[-65.21744,-44.05674],[-65.21744,-44.05672],[-65.21744,-44.05668],[-65.21746,-44.05666],[-65.21746,-44.05663],[-65.2175,-44.05661],[-65.2175,-44.05659],[-65.21753,-44.05657],[-65.21753,-44.05655],[-65.2175,-44.05651],[-65.21748,-44.05648],[-65.21748,-44.05646],[-65.21755,-44.0564],[-65.21759,-44.05636],[-65.21763,-44.05633],[-65.21765,-44.05631],[-65.21772,-44.05627],[-65.21778,-44.05623],[-65.218,-44.05614],[-65.21802,-44.05612],[-65.21804,-44.05608],[-65.21804,-44.05603],[-65.21808,-44.05599],[-65.21808,-44.05597],[-65.21808,-44.05593],[-65.21811,-44.05586],[-65.21811,-44.0558],[-65.21811,-44.05576],[-65.21811,-44.05573],[-65.21811,-44.05569],[-65.21813,-44.05554],[-65.21815,-44.0555],[-65.21815,-44.05543],[-65.21817,-44.05537],[-65.21819,-44.0553],[-65.21821,-44.05522],[-65.21823,-44.0552],[-65.21823,-44.05515],[-65.21826,-44.05509],[-65.21828,-44.05505],[-65.21828,-44.05503],[-65.2183,-44.05498],[-65.21828,-44.05496],[-65.21832,-44.05494],[-65.21832,-44.05488],[-65.21832,-44.05485],[-65.21832,-44.05483],[-65.21832,-44.05481],[-65.21832,-44.05479],[-65.21832,-44.05475],[-65.21832,-44.0547],[-65.21834,-44.05455],[-65.21836,-44.05449],[-65.21836,-44.05447],[-65.21838,-44.05445],[-65.21849,-44.05415],[-65.21853,-44.05404],[-65.21856,-44.05402],[-65.21856,-44.054],[-65.21856,-44.05397],[-65.21856,-44.05395],[-65.21856,-44.05393],[-65.21853,-44.05389],[-65.21851,-44.05385],[-65.21849,-44.05378],[-65.21847,-44.05365],[-65.21847,-44.05361],[-65.21845,-44.05357],[-65.21845,-44.05354],[-65.21843,-44.0535],[-65.21841,-44.05346],[-65.21841,-44.05342],[-65.21838,-44.05339],[-65.21838,-44.05337],[-65.21838,-44.05335],[-65.21838,-44.05329],[-65.21836,-44.05327],[-65.21836,-44.0532],[-65.21832,-44.05307],[-65.2183,-44.05297],[-65.2183,-44.0529],[-65.21828,-44.05286],[-65.21826,-44.05279],[-65.21826,-44.05273],[-65.21826,-44.0526],[-65.21823,-44.05256],[-65.21823,-44.05252],[-65.21821,-44.05245],[-65.21819,-44.05232],[-65.21819,-44.05228],[-65.21813,-44.05211],[-65.21811,-44.05206],[-65.21811,-44.05204],[-65.21811,-44.05202],[-65.21808,-44.052],[-65.21806,-44.05196],[-65.21806,-44.05187],[-65.21798,-44.05166],[-65.21796,-44.05161],[-65.21791,-44.05159],[-65.21791,-44.05157],[-65.21789,-44.05155],[-65.21787,-44.05153],[-65.21783,-44.05142],[-65.21783,-44.05138],[-65.2178,-44.05131],[-65.21778,-44.05127],[-65.21774,-44.05112],[-65.21772,-44.05106],[-65.2177,-44.05099],[-65.21768,-44.05093],[-65.21768,-44.05091],[-65.21765,-44.05088],[-65.21768,-44.05088],[-65.21768,-44.05086],[-65.21765,-44.05086],[-65.21763,-44.05082],[-65.21759,-44.05078],[-65.21759,-44.05076],[-65.21757,-44.05071],[-65.21757,-44.05073],[-65.21753,-44.05067],[-65.2175,-44.05061],[-65.21746,-44.05052],[-65.21744,-44.05048],[-65.21744,-44.05046],[-65.21742,-44.05046],[-65.21742,-44.05041],[-65.21744,-44.05037],[-65.21742,-44.05037],[-65.21742,-44.05035],[-65.21742,-44.05033],[-65.2174,-44.0503],[-65.2174,-44.05024],[-65.2174,-44.0502],[-65.21731,-44.05009],[-65.21731,-44.05005],[-65.21729,-44.05],[-65.21725,-44.04996],[-65.21725,-44.04994],[-65.21725,-44.04992],[-65.21723,-44.0499],[-65.2172,-44.04988],[-65.21716,-44.04985],[-65.21714,-44.04981],[-65.2171,-44.04979],[-65.21708,-44.04977],[-65.21708,-44.04975],[-65.21705,-44.0497],[-65.21705,-44.04968],[-65.21703,-44.04964],[-65.21697,-44.0496],[-65.21697,-44.04958],[-65.21695,-44.04955],[-65.21688,-44.04953],[-65.21686,-44.04949],[-65.21682,-44.04945],[-65.2168,-44.04943],[-65.21677,-44.04943],[-65.21671,-44.04934],[-65.21669,-44.04932],[-65.21667,-44.04932],[-65.21667,-44.0493],[-65.21665,-44.0493],[-65.21662,-44.0493],[-65.21658,-44.04923],[-65.21654,-44.04921],[-65.21656,-44.04917],[-65.2166,-44.04915],[-65.21662,-44.04912],[-65.2166,-44.0491],[-65.21652,-44.04906],[-65.2165,-44.04904],[-65.21645,-44.049],[-65.21643,-44.04893],[-65.21641,-44.04891],[-65.21639,-44.04889],[-65.21635,-44.04887],[-65.2163,-44.04885],[-65.21626,-44.04882],[-65.21624,-44.04885],[-65.21622,-44.04885],[-65.2162,-44.04887],[-65.21615,-44.04887],[-65.21613,-44.04887],[-65.21607,-44.04885],[-65.21607,-44.04882],[-65.21607,-44.04878],[-65.21611,-44.04876],[-65.21613,-44.04874],[-65.21617,-44.04874],[-65.2162,-44.04872],[-65.21617,-44.04872],[-65.21609,-44.04872],[-65.21596,-44.0488],[-65.21594,-44.04882],[-65.21579,-44.0488],[-65.21568,-44.04876],[-65.21563,-44.04874],[-65.21557,-44.04872],[-65.21555,-44.0487],[-65.21555,-44.04865],[-65.21555,-44.04857],[-65.21557,-44.04857],[-65.21555,-44.04855],[-65.21549,-44.04855],[-65.21542,-44.04848],[-65.21538,-44.04846],[-65.21529,-44.04842],[-65.21525,-44.0484],[-65.21521,-44.04837],[-65.21517,-44.04835],[-65.21514,-44.04835],[-65.21504,-44.04824],[-65.21499,-44.04824],[-65.21497,-44.04822],[-65.21495,-44.04822],[-65.21491,-44.0482],[-65.21484,-44.04814],[-65.2148,-44.04812],[-65.21478,-44.04812],[-65.21476,-44.04809],[-65.21471,-44.04807],[-65.21467,-44.04807],[-65.21465,-44.04807],[-65.21454,-44.04805],[-65.21448,-44.04803],[-65.21441,-44.04805],[-65.21437,-44.04801],[-65.21429,-44.04801],[-65.21422,-44.04799],[-65.21416,-44.04797],[-65.21409,-44.04797],[-65.21405,-44.04797],[-65.21399,-44.04799],[-65.21392,-44.04797],[-65.21388,-44.04797],[-65.21384,-44.04797],[-65.21381,-44.04797],[-65.21379,-44.04797],[-65.21377,-44.04797],[-65.21375,-44.04797],[-65.21369,-44.04797],[-65.21347,-44.04799],[-65.21338,-44.04801],[-65.21328,-44.04807],[-65.21319,-44.04807],[-65.21317,-44.04807],[-65.21281,-44.04807],[-65.21272,-44.04805],[-65.2127,-44.04805],[-65.21266,-44.04805],[-65.21263,-44.04805],[-65.21259,-44.04803],[-65.21257,-44.04803],[-65.21257,-44.04801],[-65.21244,-44.04799],[-65.21238,-44.04797],[-65.21223,-44.04792],[-65.21216,-44.04792],[-65.21212,-44.04792],[-65.21205,-44.04792],[-65.21199,-44.04788],[-65.21195,-44.04784],[-65.21188,-44.04782],[-65.21186,-44.04782],[-65.21184,-44.04779],[-65.21182,-44.04777],[-65.21171,-44.04773],[-65.21171,-44.04775],[-65.21169,-44.04775],[-65.21163,-44.04775],[-65.21158,-44.04775],[-65.21156,-44.04775],[-65.21154,-44.04773],[-65.21147,-44.04771],[-65.21139,-44.04769],[-65.21135,-44.04769],[-65.21128,-44.04769],[-65.21122,-44.04767],[-65.21122,-44.04764],[-65.2112,-44.04764],[-65.21115,-44.04764],[-65.21109,-44.0476],[-65.21105,-44.04758],[-65.211,-44.04754],[-65.21092,-44.04747],[-65.2109,-44.04747],[-65.2109,-44.04745],[-65.21083,-44.04745],[-65.21079,-44.04747],[-65.21075,-44.04749],[-65.2107,-44.04749],[-65.21064,-44.04747],[-65.21062,-44.04747],[-65.21049,-44.04745],[-65.21044,-44.04745],[-65.21034,-44.04743],[-65.21027,-44.04745],[-65.21021,-44.04745],[-65.21014,-44.04745],[-65.21006,-44.04743],[-65.21004,-44.04739],[-65.21002,-44.04739],[-65.20997,-44.04737],[-65.20995,-44.04737],[-65.20991,-44.04737],[-65.20989,-44.04737],[-65.20984,-44.04734],[-65.20976,-44.0473],[-65.20969,-44.04728],[-65.20968,-44.04728],[-65.20967,-44.04726],[-65.20956,-44.04719],[-65.20942,-44.04715],[-65.20867,-44.04685],[-65.20819,-44.04634],[-65.20719,-44.04565],[-65.20723,-44.04479],[-65.20722,-44.04395],[-65.20755,-44.04373],[-65.20803,-44.04366],[-65.20884,-44.0435],[-65.20924,-44.04217],[-65.20901,-44.04164],[-65.20791,-44.04089],[-65.20596,-44.04061],[-65.20459,-44.04091],[-65.20439,-44.0411],[-65.20317,-44.04123],[-65.20289,-44.04099],[-65.20225,-44.04127],[-65.20092,-44.04144],[-65.19957,-44.04116],[-65.19894,-44.0408],[-65.19839,-44.04121],[-65.198,-44.04129],[-65.19733,-44.04106],[-65.1965,-44.04146],[-65.19607,-44.04125],[-65.19609,-44.04101],[-65.1954,-44.0408],[-65.19504,-44.04117],[-65.19466,-44.04131],[-65.19409,-44.04116],[-65.19401,-44.04092],[-65.19401,-44.04078],[-65.19515,-44.04026],[-65.1948,-44.04007],[-65.19519,-44.03965],[-65.1948,-44.03933],[-65.19441,-44.03919],[-65.19422,-44.0393],[-65.19371,-44.03917],[-65.19216,-44.03859],[-65.19178,-44.03816],[-65.18967,-44.03822],[-65.19019,-44.03801],[-65.19004,-44.03784],[-65.18914,-44.03741],[-65.18897,-44.03704],[-65.18959,-44.03681],[-65.18937,-44.03674],[-65.18918,-44.03661],[-65.18903,-44.03634],[-65.18901,-44.03631],[-65.18897,-44.03629],[-65.18888,-44.03625],[-65.18886,-44.03625],[-65.18877,-44.03627],[-65.18875,-44.03627],[-65.18873,-44.03627],[-65.18867,-44.03627],[-65.18858,-44.03629],[-65.18856,-44.03631],[-65.18854,-44.03634],[-65.18852,-44.03634],[-65.18849,-44.03634],[-65.18847,-44.03634],[-65.18845,-44.03634],[-65.18841,-44.03634],[-65.18836,-44.03631],[-65.18834,-44.03631],[-65.18832,-44.03631],[-65.18824,-44.03629],[-65.18811,-44.03625],[-65.18809,-44.03623],[-65.18804,-44.03621],[-65.188,-44.03619],[-65.18798,-44.03619],[-65.18796,-44.03619],[-65.18787,-44.0361],[-65.18783,-44.03606],[-65.18783,-44.03604],[-65.18774,-44.03599],[-65.18772,-44.03597],[-65.18768,-44.03593],[-65.18768,-44.03591],[-65.18766,-44.03589],[-65.18764,-44.03589],[-65.18757,-44.03586],[-65.18755,-44.03586],[-65.18751,-44.03583],[-65.18749,-44.0358],[-65.18749,-44.03578],[-65.18746,-44.03571],[-65.18754,-44.03564],[-65.18764,-44.0356],[-65.18783,-44.03537],[-65.18793,-44.03528],[-65.188,-44.03528],[-65.18808,-44.03528],[-65.18824,-44.03528],[-65.1883,-44.03531],[-65.1883,-44.03531],[-65.18839,-44.03531],[-65.18843,-44.03531],[-65.18852,-44.03531],[-65.18856,-44.03533],[-65.18858,-44.03533],[-65.18864,-44.03535],[-65.18875,-44.03535],[-65.18877,-44.03535],[-65.18942,-44.03513],[-65.18965,-44.03511],[-65.18987,-44.03524],[-65.18999,-44.03541],[-65.19088,-44.03569],[-65.19184,-44.03631],[-65.19497,-44.03689],[-65.20004,-44.0381],[-65.20195,-44.0379],[-65.20469,-44.03788],[-65.2083,-44.03814],[-65.20948,-44.03772],[-65.20991,-44.03776],[-65.21076,-44.03799],[-65.21158,-44.03902],[-65.21159,-44.03969],[-65.21227,-44.04024],[-65.21263,-44.04063],[-65.21261,-44.04138],[-65.21287,-44.04209],[-65.21349,-44.04245],[-65.21444,-44.04277],[-65.21506,-44.04267],[-65.21548,-44.0426],[-65.21595,-44.04272],[-65.21624,-44.04305],[-65.21656,-44.04363],[-65.21735,-44.04436],[-65.21845,-44.04428],[-65.21873,-44.0441],[-65.2199,-44.04363],[-65.22054,-44.04342],[-65.22115,-44.04352],[-65.22142,-44.04368],[-65.22198,-44.04413],[-65.22201,-44.04415],[-65.22203,-44.04416],[-65.22212,-44.04422],[-65.22216,-44.04426],[-65.22218,-44.04431],[-65.2222,-44.04434],[-65.22228,-44.04436],[-65.22233,-44.04439],[-65.22238,-44.04445],[-65.22244,-44.04447],[-65.22252,-44.04454],[-65.22256,-44.04458],[-65.22267,-44.04463],[-65.22269,-44.04466],[-65.2227,-44.04468],[-65.2227,-44.04473],[-65.22276,-44.04481],[-65.22288,-44.04485],[-65.22298,-44.04496],[-65.22301,-44.04498],[-65.22301,-44.04502],[-65.22302,-44.04507],[-65.223,-44.04511],[-65.22302,-44.04516],[-65.22306,-44.04521],[-65.22332,-44.04518],[-65.22362,-44.04514],[-65.2238,-44.0451],[-65.22398,-44.04503],[-65.22407,-44.04498],[-65.22434,-44.0449],[-65.2245,-44.04485],[-65.22499,-44.04467],[-65.22558,-44.04459],[-65.2263,-44.04438],[-65.22693,-44.04416],[-65.22713,-44.0441],[-65.22721,-44.04405],[-65.22739,-44.04394],[-65.22773,-44.04381],[-65.22783,-44.04372],[-65.22829,-44.04345],[-65.22852,-44.04333],[-65.22872,-44.04314],[-65.22889,-44.04299],[-65.22901,-44.04291],[-65.22971,-44.04256],[-65.23013,-44.04172],[-65.23048,-44.04152],[-65.23241,-44.0404],[-65.23336,-44.03994],[-65.23429,-44.03962],[-65.2351,-44.03923],[-65.23602,-44.03828],[-65.23631,-44.03795],[-65.23787,-44.03711],[-65.23938,-44.03622],[-65.24004,-44.03576],[-65.24066,-44.0351],[-65.24154,-44.03471],[-65.24253,-44.03399],[-65.24317,-44.03312],[-65.24371,-44.0325],[-65.24479,-44.03148],[-65.2453,-44.03092],[-65.24565,-44.03057],[-65.24613,-44.0301],[-65.24737,-44.02964],[-65.24804,-44.02912],[-65.2484,-44.02864],[-65.24888,-44.02825],[-65.24979,-44.02788],[-65.2506,-44.02772],[-65.25156,-44.02703],[-65.25204,-44.02586]]]]},"geometry_name":"geom","properties":{"display_name":"Área Protegida con Recursos Manejados Punta Tombo (Marina)","fna":"Área Protegida con Recursos Manejados Punta Tombo (Marina)","nam":"Punta Tombo (Marina)","csv_name":"Punta Tombo","visits_total":2167401,"fdc":"Ley Provincial XI N°65"},"bbox":[-65.32783245,-44.15143795,-65.11812812,-43.78317866]},{"type":"Feature","id":"area_protegida.1263","geometry":{"type":"MultiPolygon","coordinates":[[[[-65.18942,-44.03513],[-65.18877,-44.03535],[-65.18875,-44.03535],[-65.18864,-44.03535],[-65.18858,-44.03533],[-65.18856,-44.03533],[-65.18852,-44.03531],[-65.18843,-44.03531],[-65.18839,-44.03531],[-65.1883,-44.03531],[-65.1883,-44.03531],[-65.18824,-44.03528],[-65.18808,-44.03528],[-65.188,-44.03528],[-65.18793,-44.03528],[-65.18783,-44.03537],[-65.18764,-44.0356],[-65.18754,-44.03564],[-65.18746,-44.03571],[-65.18749,-44.03578],[-65.18749,-44.0358],[-65.18751,-44.03583],[-65.18755,-44.03586],[-65.18757,-44.03586],[-65.18764,-44.03589],[-65.18766,-44.03589],[-65.18768,-44.03591],[-65.18768,-44.03593],[-65.18772,-44.03597],[-65.18774,-44.03599],[-65.18783,-44.03604],[-65.18783,-44.03606],[-65.18787,-44.0361],[-65.18796,-44.03619],[-65.18798,-44.03619],[-65.188,-44.03619],[-65.18804,-44.03621],[-65.18809,-44.03623],[-65.18811,-44.03625],[-65.18824,-44.03629],[-65.18832,-44.03631],[-65.18834,-44.03631],[-65.18836,-44.03631],[-65.18841,-44.03634],[-65.18845,-44.03634],[-65.18847,-44.03634],[-65.18849,-44.03634],[-65.18852,-44.03634],[-65.18854,-44.03634],[-65.18856,-44.03631],[-65.18858,-44.03629],[-65.18867,-44.03627],[-65.18873,-44.03627],[-65.18875,-44.03627],[-65.18877,-44.03627],[-65.18886,-44.03625],[-65.18888,-44.03625],[-65.18897,-44.03629],[-65.18901,-44.03631],[-65.18903,-44.03634],[-65.18918,-44.03661],[-65.18937,-44.03674],[-65.18959,-44.03681],[-65.18897,-44.03704],[-65.18914,-44.03741],[-65.19004,-44.03784],[-65.19019,-44.03801],[-65.18967,-44.03822],[-65.19178,-44.03816],[-65.19216,-44.03859],[-65.19371,-44.03917],[-65.19422,-44.0393],[-65.19441,-44.03919],[-65.1948,-44.03933],[-65.19519,-44.03965],[-65.1948,-44.04007],[-65.19515,-44.04026],[-65.19401,-44.04078],[-65.19401,-44.04092],[-65.19409,-44.04116],[-65.19466,-44.04131],[-65.19504,-44.04117],[-65.1954,-44.0408],[-65.19609,-44.04101],[-65.19607,-44.04125],[-65.1965,-44.04146],[-65.19733,-44.04106],[-65.198,-44.04129],[-65.19839,-44.04121],[-65.19894,-44.0408],[-65.19957,-44.04116],[-65.20092,-44.04144],[-65.20225,-44.04127],[-65.20289,-44.04099],[-65.20317,-44.04123],[-65.20439,-44.0411],[-65.20459,-44.04091],[-65.20596,-44.04061],[-65.20791,-44.04089],[-65.20901,-44.04164],[-65.20924,-44.04217],[-65.20884,-44.0435],[-65.20803,-44.04366],[-65.20755,-44.04373],[-65.20722,-44.04395],[-65.20723,-44.04479],[-65.20719,-44.04565],[-65.20819,-44.04634],[-65.20867,-44.04685],[-65.20942,-44.04715],[-65.20956,-44.04719],[-65.20967,-44.04726],[-65.20968,-44.04728],[-65.20969,-44.04728],[-65.20976,-44.0473],[-65.20984,-44.04734],[-65.20989,-44.04737],[-65.20991,-44.04737],[-65.20995,-44.04737],[-65.20997,-44.04737],[-65.21002,-44.04739],[-65.21004,-44.04739],[-65.21006,-44.04743],[-65.21014,-44.04745],[-65.21021,-44.04745],[-65.21027,-44.04745],[-65.21034,-44.04743],[-65.21044,-44.04745],[-65.21049,-44.04745],[-65.21062,-44.04747],[-65.21064,-44.04747],[-65.2107,-44.04749],[-65.21075,-44.04749],[-65.21079,-44.04747],[-65.21083,-44.04745],[-65.2109,-44.04745],[-65.2109,-44.04747],[-65.21092,-44.04747],[-65.211,-44.04754],[-65.21105,-44.04758],[-65.21109,-44.0476],[-65.21115,-44.04764],[-65.2112,-44.04764],[-65.21122,-44.04764],[-65.21122,-44.04767],[-65.21128,-44.04769],[-65.21135,-44.04769],[-65.21139,-44.04769],[-65.21147,-44.04771],[-65.21154,-44.04773],[-65.21156,-44.04775],[-65.21158,-44.04775],[-65.21163,-44.04775],[-65.21169,-44.04775],[-65.21171,-44.04775],[-65.21171,-44.04773],[-65.21182,-44.04777],[-65.21184,-44.04779],[-65.21186,-44.04782],[-65.21188,-44.04782],[-65.21195,-44.04784],[-65.21199,-44.04788],[-65.21205,-44.04792],[-65.21212,-44.04792],[-65.21216,-44.04792],[-65.21223,-44.04792],[-65.21238,-44.04797],[-65.21244,-44.04799],[-65.21257,-44.04801],[-65.21257,-44.04803],[-65.21259,-44.04803],[-65.21263,-44.04805],[-65.21266,-44.04805],[-65.2127,-44.04805],[-65.21272,-44.04805],[-65.21281,-44.04807],[-65.21317,-44.04807],[-65.21319,-44.04807],[-65.21328,-44.04807],[-65.21338,-44.04801],[-65.21347,-44.04799],[-65.21369,-44.04797],[-65.21375,-44.04797],[-65.21377,-44.04797],[-65.21379,-44.04797],[-65.21381,-44.04797],[-65.21384,-44.04797],[-65.21388,-44.04797],[-65.21392,-44.04797],[-65.21399,-44.04799],[-65.21405,-44.04797],[-65.21409,-44.04797],[-65.21416,-44.04797],[-65.21422,-44.04799],[-65.21429,-44.04801],[-65.21437,-44.04801],[-65.21441,-44.04805],[-65.21448,-44.04803],[-65.21454,-44.04805],[-65.21465,-44.04807],[-65.21467,-44.04807],[-65.21471,-44.04807],[-65.21476,-44.04809],[-65.21478,-44.04812],[-65.2148,-44.04812],[-65.21484,-44.04814],[-65.21491,-44.0482],[-65.21495,-44.04822],[-65.21497,-44.04822],[-65.21499,-44.04824],[-65.21504,-44.04824],[-65.21514,-44.04835],[-65.21517,-44.04835],[-65.21521,-44.04837],[-65.21525,-44.0484],[-65.21529,-44.04842],[-65.21538,-44.04846],[-65.21542,-44.04848],[-65.21549,-44.04855],[-65.21555,-44.04855],[-65.21557,-44.04857],[-65.21555,-44.04857],[-65.21555,-44.04865],[-65.21555,-44.0487],[-65.21557,-44.04872],[-65.21563,-44.04874],[-65.21568,-44.04876],[-65.21579,-44.0488],[-65.21594,-44.04882],[-65.21596,-44.0488],[-65.21609,-44.04872],[-65.21617,-44.04872],[-65.2162,-44.04872],[-65.21617,-44.04874],[-65.21613,-44.04874],[-65.21611,-44.04876],[-65.21607,-44.04878],[-65.21607,-44.04882],[-65.21607,-44.04885],[-65.21613,-44.04887],[-65.21615,-44.04887],[-65.2162,-44.04887],[-65.21622,-44.04885],[-65.21624,-44.04885],[-65.21626,-44.04882],[-65.2163,-44.04885],[-65.21635,-44.04887],[-65.21639,-44.04889],[-65.21641,-44.04891],[-65.21643,-44.04893],[-65.21645,-44.049],[-65.2165,-44.04904],[-65.21652,-44.04906],[-65.2166,-44.0491],[-65.21662,-44.04912],[-65.2166,-44.04915],[-65.21656,-44.04917],[-65.21654,-44.04921],[-65.21658,-44.04923],[-65.21662,-44.0493],[-65.21665,-44.0493],[-65.21667,-44.0493],[-65.21667,-44.04932],[-65.21669,-44.04932],[-65.21671,-44.04934],[-65.21677,-44.04943],[-65.2168,-44.04943],[-65.21682,-44.04945],[-65.21686,-44.04949],[-65.21688,-44.04953],[-65.21695,-44.04955],[-65.21697,-44.04958],[-65.21697,-44.0496],[-65.21703,-44.04964],[-65.21705,-44.04968],[-65.21705,-44.0497],[-65.21708,-44.04975],[-65.21708,-44.04977],[-65.2171,-44.04979],[-65.21714,-44.04981],[-65.21716,-44.04985],[-65.2172,-44.04988],[-65.21723,-44.0499],[-65.21725,-44.04992],[-65.21725,-44.04994],[-65.21725,-44.04996],[-65.21729,-44.05],[-65.21731,-44.05005],[-65.21731,-44.05009],[-65.2174,-44.0502],[-65.2174,-44.05024],[-65.2174,-44.0503],[-65.21742,-44.05033],[-65.21742,-44.05035],[-65.21742,-44.05037],[-65.21744,-44.05037],[-65.21742,-44.05041],[-65.21742,-44.05046],[-65.21744,-44.05046],[-65.21744,-44.05048],[-65.21746,-44.05052],[-65.2175,-44.05061],[-65.21753,-44.05067],[-65.21757,-44.05073],[-65.21757,-44.05071],[-65.21759,-44.05076],[-65.21759,-44.05078],[-65.21763,-44.05082],[-65.21765,-44.05086],[-65.21766,-44.05086],[-65.21768,-44.05086],[-65.21768,-44.05088],[-65.21765,-44.05088],[-65.21768,-44.05091],[-65.21768,-44.05093],[-65.2177,-44.05099],[-65.21772,-44.05106],[-65.21774,-44.05112],[-65.21778,-44.05127],[-65.2178,-44.05131],[-65.21783,-44.05138],[-65.21783,-44.05142],[-65.21787,-44.05153],[-65.21789,-44.05155],[-65.21791,-44.05157],[-65.21791,-44.05159],[-65.21796,-44.05161],[-65.21798,-44.05166],[-65.21806,-44.05187],[-65.21806,-44.05196],[-65.21808,-44.052],[-65.21811,-44.05202],[-65.21811,-44.05204],[-65.21811,-44.05206],[-65.21813,-44.05211],[-65.21819,-44.05228],[-65.21819,-44.05232],[-65.21821,-44.05245],[-65.21823,-44.05252],[-65.21823,-44.05256],[-65.21826,-44.0526],[-65.21826,-44.05273],[-65.21826,-44.05279],[-65.21828,-44.05286],[-65.2183,-44.0529],[-65.2183,-44.05297],[-65.21832,-44.05307],[-65.21836,-44.0532],[-65.21836,-44.05327],[-65.21838,-44.05329],[-65.21838,-44.05335],[-65.21838,-44.05337],[-65.21838,-44.05339],[-65.21841,-44.05342],[-65.21841,-44.05346],[-65.21843,-44.0535],[-65.21845,-44.05354],[-65.21845,-44.05357],[-65.21847,-44.05361],[-65.21847,-44.05365],[-65.21849,-44.05378],[-65.21851,-44.05385],[-65.21853,-44.05389],[-65.21856,-44.05393],[-65.21856,-44.05395],[-65.21856,-44.05397],[-65.21856,-44.054],[-65.21856,-44.05402],[-65.21853,-44.05404],[-65.21849,-44.05415],[-65.21838,-44.05445],[-65.21836,-44.05447],[-65.21836,-44.05449],[-65.21834,-44.05455],[-65.21832,-44.0547],[-65.21832,-44.05475],[-65.21832,-44.05479],[-65.21832,-44.05481],[-65.21832,-44.05483],[-65.21832,-44.05485],[-65.21832,-44.05488],[-65.21832,-44.05494],[-65.21828,-44.05496],[-65.2183,-44.05498],[-65.21828,-44.05503],[-65.21828,-44.05505],[-65.21826,-44.05509],[-65.21823,-44.05515],[-65.21823,-44.0552],[-65.21821,-44.05522],[-65.21819,-44.0553],[-65.21817,-44.05537],[-65.21815,-44.05543],[-65.21815,-44.0555],[-65.21813,-44.05554],[-65.21811,-44.05569],[-65.21811,-44.05573],[-65.21811,-44.05576],[-65.21811,-44.0558],[-65.21811,-44.05586],[-65.21808,-44.05593],[-65.21808,-44.05597],[-65.21808,-44.05599],[-65.21804,-44.05603],[-65.21804,-44.05608],[-65.21802,-44.05612],[-65.218,-44.05614],[-65.21778,-44.05623],[-65.21772,-44.05627],[-65.21765,-44.05631],[-65.21763,-44.05633],[-65.21759,-44.05636],[-65.21755,-44.0564],[-65.21748,-44.05646],[-65.21748,-44.05648],[-65.2175,-44.05651],[-65.21753,-44.05655],[-65.21753,-44.05657],[-65.2175,-44.05659],[-65.2175,-44.05661],[-65.21746,-44.05663],[-65.21746,-44.05666],[-65.21744,-44.05668],[-65.21744,-44.05672],[-65.21744,-44.05674],[-65.21744,-44.05689],[-65.21742,-44.05691],[-65.2174,-44.05694],[-65.2174,-44.05696],[-65.2174,-44.05698],[-65.21738,-44.05704],[-65.21733,-44.05719],[-65.21706,-44.05755],[-65.21698,-44.05777],[-65.21761,-44.05921],[-65.21887,-44.06014],[-65.21973,-44.05949],[-65.22037,-44.05946],[-65.22256,-44.05936],[-65.22565,-44.05097],[-65.23176,-44.04808],[-65.23496,-44.04706],[-65.23625,-44.04727],[-65.23747,-44.04644],[-65.23097,-44.0447],[-65.22971,-44.04256],[-65.22901,-44.04291],[-65.22889,-44.04299],[-65.22872,-44.04314],[-65.22852,-44.04333],[-65.22829,-44.04345],[-65.22783,-44.04372],[-65.22773,-44.04381],[-65.22739,-44.04394],[-65.22721,-44.04405],[-65.22713,-44.0441],[-65.22693,-44.04416],[-65.2263,-44.04438],[-65.22558,-44.04459],[-65.22499,-44.04467],[-65.2245,-44.04485],[-65.22434,-44.0449],[-65.22407,-44.04498],[-65.22398,-44.04503],[-65.2238,-44.0451],[-65.22362,-44.04514],[-65.22332,-44.04518],[-65.22306,-44.04521],[-65.22302,-44.04516],[-65.223,-44.04511],[-65.22302,-44.04507],[-65.22301,-44.04502],[-65.22301,-44.04498],[-65.22298,-44.04496],[-65.22288,-44.04485],[-65.22276,-44.04481],[-65.2227,-44.04473],[-65.2227,-44.04468],[-65.22269,-44.04466],[-65.22267,-44.04463],[-65.22256,-44.04458],[-65.22252,-44.04454],[-65.22244,-44.04447],[-65.22238,-44.04445],[-65.22233,-44.04439],[-65.22228,-44.04436],[-65.2222,-44.04434],[-65.22218,-44.04431],[-65.22216,-44.04426],[-65.22212,-44.04422],[-65.22203,-44.04416],[-65.22201,-44.04415],[-65.22198,-44.04413],[-65.22142,-44.04368],[-65.22115,-44.04352],[-65.22054,-44.04342],[-65.2199,-44.04363],[-65.21873,-44.0441],[-65.21845,-44.04428],[-65.21735,-44.04436],[-65.21656,-44.04363],[-65.21624,-44.04305],[-65.21595,-44.04272],[-65.21548,-44.0426],[-65.21506,-44.04267],[-65.21444,-44.04277],[-65.21349,-44.04245],[-65.21287,-44.04209],[-65.21261,-44.04138],[-65.21263,-44.04063],[-65.21227,-44.04024],[-65.21159,-44.03969],[-65.21158,-44.03902],[-65.21076,-44.03799],[-65.20991,-44.03776],[-65.20948,-44.03772],[-65.2083,-44.03814],[-65.20469,-44.03788],[-65.20195,-44.0379],[-65.20004,-44.0381],[-65.19497,-44.03689],[-65.19184,-44.03631],[-65.19088,-44.03569],[-65.18999,-44.03541],[-65.18987,-44.03524],[-65.18965,-44.03511],[-65.18942,-44.03513]]]]},"geometry_name":"geom","properties":{"display_name":"Reserva Natural Turística de Objetivo Específico Punta Tombo","fna":"Reserva Natural Turística de Objetivo Específico Punta Tombo","nam":"Punta Tombo","csv_name":"Punta Tombo","visits_total":2167401,"fdc":"SIB/IGN/Ley Provincial Nº XXIII - Nº 12"},"bbox":[-65.23747372,-44.06014437,-65.18746179,-44.03511294]}]}