"indice_tiempo","area_protegida","residencia","visitas"
2000-01-01,"Bosque Petrificado Sarmiento","No residentes",49
2000-01-01,"Bosque Petrificado Sarmiento","Residentes",905
2000-01-01,"Península Valdés","No residentes",3035
2000-01-01,"Península Valdés","Residentes",35097
2000-01-01,"Punta Loma","No residentes",0
2000-01-01,"Punta Loma","Residentes",6223
2000-02-01,"Bosque Petrificado Sarmiento","No residentes",168
2000-02-01,"Bosque Petrificado Sarmiento","Residentes",526
2000-02-01,"Península Valdés","No residentes",3429
2000-02-01,"Península Valdés","Residentes",17913
2000-02-01,"Punta Loma","No residentes",1043
2000-02-01,"Punta Loma","Residentes",4058
2000-03-01,"Bosque Petrificado Sarmiento","No residentes",54
2000-03-01,"Bosque Petrificado Sarmiento","Residentes",140
2000-03-01,"Península Valdés","No residentes",1775
2000-03-01,"Península Valdés","Residentes",4821
2000-03-01,"Punta Loma","No residentes",417
2000-03-01,"Punta Loma","Residentes",742
2000-04-01,"Bosque Petrificado Sarmiento","No residentes",18
2000-04-01,"Bosque Petrificado Sarmiento","Residentes",199
2000-04-01,"Península Valdés","No residentes",723
2000-04-01,"Península Valdés","Residentes",3812
2000-04-01,"Punta Loma","No residentes",293
2000-04-01,"Punta Loma","Residentes",962
2000-05-01,"Bosque Petrificado Sarmiento","No residentes",5
2000-05-01,"Bosque Petrificado Sarmiento","Residentes",89
2000-05-01,"Península Valdés","No residentes",74
2000-05-01,"Península Valdés","Residentes",1347
2000-05-01,"Punta Loma","No residentes",49
2000-05-01,"Punta Loma","Residentes",308
2000-05-01,"Punta Tombo","No residentes",NA
2000-05-01,"Punta Tombo","Residentes",NA
2000-05-01,"Cabo Dos Bahías","No residentes",NA
2000-05-01,"Cabo Dos Bahías","Residentes",NA
2000-06-01,"Bosque Petrificado Sarmiento","No residentes",0
2000-06-01,"Bosque Petrificado Sarmiento","Residentes",62
2000-06-01,"Península Valdés","No residentes",152
2000-06-01,"Península Valdés","Residentes",1385
2000-06-01,"Punta Loma","No residentes",7
2000-06-01,"Punta Loma","Residentes",256
2000-06-01,"Punta Tombo","No residentes",NA
2000-06-01,"Punta Tombo","Residentes",NA
2000-06-01,"Cabo Dos Bahías","No residentes",NA
2000-06-01,"Cabo Dos Bahías","Residentes",NA
2000-07-01,"Bosque Petrificado Sarmiento","No residentes",3
2000-07-01,"Bosque Petrificado Sarmiento","Residentes",50
2000-07-01,"Península Valdés","No residentes",229
2000-07-01,"Península Valdés","Residentes",5796
2000-07-01,"Punta Loma","No residentes",38
2000-07-01,"Punta Loma","Residentes",1102
2000-07-01,"Punta Tombo","No residentes",NA
2000-07-01,"Punta Tombo","Residentes",NA
2000-07-01,"Cabo Dos Bahías","No residentes",NA
2000-07-01,"Cabo Dos Bahías","Residentes",NA
2000-08-01,"Bosque Petrificado Sarmiento","No residentes",9
2000-08-01,"Bosque Petrificado Sarmiento","Residentes",85
2000-08-01,"Península Valdés","No residentes",596
2000-08-01,"Península Valdés","Residentes",6314
2000-08-01,"Punta Loma","No residentes",59
2000-08-01,"Punta Loma","Residentes",991
2000-08-01,"Punta Tombo","No residentes",NA
2000-08-01,"Punta Tombo","Residentes",NA
2000-08-01,"Cabo Dos Bahías","No residentes",NA
2000-08-01,"Cabo Dos Bahías","Residentes",NA
2000-09-01,"Bosque Petrificado Sarmiento","No residentes",5
2000-09-01,"Bosque Petrificado Sarmiento","Residentes",25
2000-09-01,"Península Valdés","No residentes",1266
2000-09-01,"Península Valdés","Residentes",9459
2000-09-01,"Punta Loma","No residentes",0
2000-09-01,"Punta Loma","Residentes",1133
2000-09-01,"Punta Tombo","No residentes",555
2000-09-01,"Punta Tombo","Residentes",3713
2000-09-01,"Cabo Dos Bahías","No residentes",15
2000-09-01,"Cabo Dos Bahías","Residentes",256
2000-10-01,"Bosque Petrificado Sarmiento","No residentes",6
2000-10-01,"Bosque Petrificado Sarmiento","Residentes",95
2000-10-01,"Península Valdés","No residentes",3401
2000-10-01,"Península Valdés","Residentes",18594
2000-10-01,"Punta Loma","No residentes",445
2000-10-01,"Punta Loma","Residentes",2091
2000-10-01,"Punta Tombo","No residentes",2453
2000-10-01,"Punta Tombo","Residentes",10443
2000-10-01,"Cabo Dos Bahías","No residentes",70
2000-10-01,"Cabo Dos Bahías","Residentes",326
2000-11-01,"Bosque Petrificado Sarmiento","No residentes",83
2000-11-01,"Bosque Petrificado Sarmiento","Residentes",119
2000-11-01,"Península Valdés","No residentes",6616
2000-11-01,"Península Valdés","Residentes",9001
2000-11-01,"Punta Loma","No residentes",471
2000-11-01,"Punta Loma","Residentes",993
2000-11-01,"Punta Tombo","No residentes",4785
2000-11-01,"Punta Tombo","Residentes",4644
2000-11-01,"Cabo Dos Bahías","No residentes",83
2000-11-01,"Cabo Dos Bahías","Residentes",181
2000-12-01,"Bosque Petrificado Sarmiento","No residentes",79
2000-12-01,"Bosque Petrificado Sarmiento","Residentes",183
2000-12-01,"Península Valdés","No residentes",4730
2000-12-01,"Península Valdés","Residentes",6235
2000-12-01,"Punta Loma","No residentes",625
2000-12-01,"Punta Loma","Residentes",835
2000-12-01,"Punta Tombo","No residentes",3045
2000-12-01,"Punta Tombo","Residentes",1511
2000-12-01,"Cabo Dos Bahías","No residentes",203
2000-12-01,"Cabo Dos Bahías","Residentes",299
2001-01-01,"Bosque Petrificado Sarmiento","No residentes",52
2001-01-01,"Bosque Petrificado Sarmiento","Residentes",1133
2001-01-01,"Península Valdés","No residentes",2674
2001-01-01,"Península Valdés","Residentes",33947
2001-01-01,"Punta Loma","No residentes",0
2001-01-01,"Punta Loma","Residentes",4688
2001-01-01,"Punta Tombo","No residentes",3717
2001-01-01,"Punta Tombo","Residentes",6822
2001-01-01,"Cabo Dos Bahías","No residentes",515
2001-01-01,"Cabo Dos Bahías","Residentes",1019
2001-02-01,"Bosque Petrificado Sarmiento","No residentes",146
2001-02-01,"Bosque Petrificado Sarmiento","Residentes",491
2001-02-01,"Península Valdés","No residentes",2821
2001-02-01,"Península Valdés","Residentes",16305
2001-02-01,"Punta Loma","No residentes",651
2001-02-01,"Punta Loma","Residentes",2481
2001-02-01,"Punta Tombo","No residentes",2443
2001-02-01,"Punta Tombo","Residentes",4094
2001-02-01,"Cabo Dos Bahías","No residentes",158
2001-02-01,"Cabo Dos Bahías","Residentes",874
2001-03-01,"Bosque Petrificado Sarmiento","No residentes",58
2001-03-01,"Bosque Petrificado Sarmiento","Residentes",166
2001-03-01,"Península Valdés","No residentes",974
2001-03-01,"Península Valdés","Residentes",5255
2001-03-01,"Punta Loma","No residentes",566
2001-03-01,"Punta Loma","Residentes",838
2001-03-01,"Punta Tombo","No residentes",1114
2001-03-01,"Punta Tombo","Residentes",1378
2001-03-01,"Cabo Dos Bahías","No residentes",145
2001-03-01,"Cabo Dos Bahías","Residentes",616
2001-04-01,"Bosque Petrificado Sarmiento","No residentes",0
2001-04-01,"Bosque Petrificado Sarmiento","Residentes",0
2001-04-01,"Península Valdés","No residentes",319
2001-04-01,"Península Valdés","Residentes",3599
2001-04-01,"Punta Loma","No residentes",161
2001-04-01,"Punta Loma","Residentes",577
2001-04-01,"Punta Tombo","No residentes",223
2001-04-01,"Punta Tombo","Residentes",648
2001-04-01,"Cabo Dos Bahías","No residentes",69
2001-04-01,"Cabo Dos Bahías","Residentes",295
2001-05-01,"Bosque Petrificado Sarmiento","No residentes",27
2001-05-01,"Bosque Petrificado Sarmiento","Residentes",83
2001-05-01,"Península Valdés","No residentes",61
2001-05-01,"Península Valdés","Residentes",967
2001-05-01,"Punta Loma","No residentes",32
2001-05-01,"Punta Loma","Residentes",166
2001-05-01,"Punta Tombo","No residentes",NA
2001-05-01,"Punta Tombo","Residentes",NA
2001-05-01,"Cabo Dos Bahías","No residentes",NA
2001-05-01,"Cabo Dos Bahías","Residentes",NA
2001-06-01,"Bosque Petrificado Sarmiento","No residentes",0
2001-06-01,"Bosque Petrificado Sarmiento","Residentes",84
2001-06-01,"Península Valdés","No residentes",103
2001-06-01,"Península Valdés","Residentes",1091
2001-06-01,"Punta Loma","No residentes",4
2001-06-01,"Punta Loma","Residentes",143
2001-06-01,"Punta Tombo","No residentes",NA
2001-06-01,"Punta Tombo","Residentes",NA
2001-06-01,"Cabo Dos Bahías","No residentes",NA
2001-06-01,"Cabo Dos Bahías","Residentes",NA
2001-07-01,"Bosque Petrificado Sarmiento","No residentes",0
2001-07-01,"Bosque Petrificado Sarmiento","Residentes",0
2001-07-01,"Península Valdés","No residentes",1112
2001-07-01,"Península Valdés","Residentes",5592
2001-07-01,"Punta Loma","No residentes",38
2001-07-01,"Punta Loma","Residentes",957
2001-07-01,"Punta Tombo","No residentes",NA
2001-07-01,"Punta Tombo","Residentes",NA
2001-07-01,"Cabo Dos Bahías","No residentes",NA
2001-07-01,"Cabo Dos Bahías","Residentes",NA
2001-08-01,"Bosque Petrificado Sarmiento","No residentes",9
2001-08-01,"Bosque Petrificado Sarmiento","Residentes",23
2001-08-01,"Península Valdés","No residentes",259
2001-08-01,"Península Valdés","Residentes",6104
2001-08-01,"Punta Loma","No residentes",31
2001-08-01,"Punta Loma","Residentes",545
2001-08-01,"Punta Tombo","No residentes",NA
2001-08-01,"Punta Tombo","Residentes",NA
2001-08-01,"Cabo Dos Bahías","No residentes",NA
2001-08-01,"Cabo Dos Bahías","Residentes",NA
2001-09-01,"Bosque Petrificado Sarmiento","No residentes",0
2001-09-01,"Bosque Petrificado Sarmiento","Residentes",0
2001-09-01,"Península Valdés","No residentes",563
2001-09-01,"Península Valdés","Residentes",9181
2001-09-01,"Punta Loma","No residentes",0
2001-09-01,"Punta Loma","Residentes",61
2001-09-01,"Punta Tombo","No residentes",436
2001-09-01,"Punta Tombo","Residentes",3131
2001-09-01,"Cabo Dos Bahías","No residentes",5
2001-09-01,"Cabo Dos Bahías","Residentes",159
2001-10-01,"Bosque Petrificado Sarmiento","No residentes",55
2001-10-01,"Bosque Petrificado Sarmiento","Residentes",211
2001-10-01,"Península Valdés","No residentes",1576
2001-10-01,"Península Valdés","Residentes",16446
2001-10-01,"Punta Loma","No residentes",167
2001-10-01,"Punta Loma","Residentes",900
2001-10-01,"Punta Tombo","No residentes",1665
2001-10-01,"Punta Tombo","Residentes",6802
2001-10-01,"Cabo Dos Bahías","No residentes",25
2001-10-01,"Cabo Dos Bahías","Residentes",222
2001-11-01,"Bosque Petrificado Sarmiento","No residentes",143
2001-11-01,"Bosque Petrificado Sarmiento","Residentes",179
2001-11-01,"Península Valdés","No residentes",3261
2001-11-01,"Península Valdés","Residentes",11218
2001-11-01,"Punta Loma","No residentes",412
2001-11-01,"Punta Loma","Residentes",857
2001-11-01,"Punta Tombo","No residentes",2494
2001-11-01,"Punta Tombo","Residentes",4120
2001-11-01,"Cabo Dos Bahías","No residentes",154
2001-11-01,"Cabo Dos Bahías","Residentes",487
2001-12-01,"Bosque Petrificado Sarmiento","No residentes",176
2001-12-01,"Bosque Petrificado Sarmiento","Residentes",148
2001-12-01,"Península Valdés","No residentes",2448
2001-12-01,"Península Valdés","Residentes",6355
2001-12-01,"Punta Loma","No residentes",285
2001-12-01,"Punta Loma","Residentes",458
2001-12-01,"Punta Tombo","No residentes",1836
2001-12-01,"Punta Tombo","Residentes",946
2001-12-01,"Cabo Dos Bahías","No residentes",109
2001-12-01,"Cabo Dos Bahías","Residentes",279
2002-01-01,"Bosque Petrificado Sarmiento","No residentes",0
2002-01-01,"Bosque Petrificado Sarmiento","Residentes",614
2002-01-01,"Península Valdés","No residentes",2880
2002-01-01,"Península Valdés","Residentes",20630
2002-01-01,"Punta Loma","No residentes",1115
2002-01-01,"Punta Loma","Residentes",2264
2002-01-01,"Punta Tombo","No residentes",2148
2002-01-01,"Punta Tombo","Residentes",3595
2002-01-01,"Cabo Dos Bahías","No residentes",229
2002-01-01,"Cabo Dos Bahías","Residentes",768
2002-02-01,"Bosque Petrificado Sarmiento","No residentes",88
2002-02-01,"Bosque Petrificado Sarmiento","Residentes",315
2002-02-01,"Península Valdés","No residentes",1286
2002-02-01,"Península Valdés","Residentes",14370
2002-02-01,"Punta Loma","No residentes",711
2002-02-01,"Punta Loma","Residentes",1701
2002-02-01,"Punta Tombo","No residentes",1696
2002-02-01,"Punta Tombo","Residentes",2696
2002-02-01,"Cabo Dos Bahías","No residentes",54
2002-02-01,"Cabo Dos Bahías","Residentes",568
2002-03-01,"Bosque Petrificado Sarmiento","No residentes",70
2002-03-01,"Bosque Petrificado Sarmiento","Residentes",303
2002-03-01,"Península Valdés","No residentes",1357
2002-03-01,"Península Valdés","Residentes",7842
2002-03-01,"Punta Loma","No residentes",711
2002-03-01,"Punta Loma","Residentes",1681
2002-03-01,"Punta Tombo","No residentes",1150
2002-03-01,"Punta Tombo","Residentes",2392
2002-03-01,"Cabo Dos Bahías","No residentes",31
2002-03-01,"Cabo Dos Bahías","Residentes",247
2002-04-01,"Bosque Petrificado Sarmiento","No residentes",20
2002-04-01,"Bosque Petrificado Sarmiento","Residentes",123
2002-04-01,"Península Valdés","No residentes",241
2002-04-01,"Península Valdés","Residentes",2003
2002-04-01,"Punta Loma","No residentes",34
2002-04-01,"Punta Loma","Residentes",441
2002-04-01,"Punta Tombo","No residentes",117
2002-04-01,"Punta Tombo","Residentes",343
2002-04-01,"Cabo Dos Bahías","No residentes",9
2002-04-01,"Cabo Dos Bahías","Residentes",75
2002-05-01,"Bosque Petrificado Sarmiento","No residentes",11
2002-05-01,"Bosque Petrificado Sarmiento","Residentes",34
2002-05-01,"Península Valdés","No residentes",163
2002-05-01,"Península Valdés","Residentes",939
2002-05-01,"Punta Loma","No residentes",0
2002-05-01,"Punta Loma","Residentes",135
2002-05-01,"Punta Tombo","No residentes",NA
2002-05-01,"Punta Tombo","Residentes",NA
2002-05-01,"Cabo Dos Bahías","No residentes",NA
2002-05-01,"Cabo Dos Bahías","Residentes",NA
2002-06-01,"Bosque Petrificado Sarmiento","No residentes",0
2002-06-01,"Bosque Petrificado Sarmiento","Residentes",0
2002-06-01,"Península Valdés","No residentes",136
2002-06-01,"Península Valdés","Residentes",1096
2002-06-01,"Punta Loma","No residentes",0
2002-06-01,"Punta Loma","Residentes",24
2002-06-01,"Punta Tombo","No residentes",NA
2002-06-01,"Punta Tombo","Residentes",NA
2002-06-01,"Cabo Dos Bahías","No residentes",NA
2002-06-01,"Cabo Dos Bahías","Residentes",NA
2002-07-01,"Bosque Petrificado Sarmiento","No residentes",9
2002-07-01,"Bosque Petrificado Sarmiento","Residentes",82
2002-07-01,"Península Valdés","No residentes",278
2002-07-01,"Península Valdés","Residentes",6662
2002-07-01,"Punta Loma","No residentes",5
2002-07-01,"Punta Loma","Residentes",1071
2002-07-01,"Punta Tombo","No residentes",NA
2002-07-01,"Punta Tombo","Residentes",NA
2002-07-01,"Cabo Dos Bahías","No residentes",NA
2002-07-01,"Cabo Dos Bahías","Residentes",NA
2002-08-01,"Bosque Petrificado Sarmiento","No residentes",0
2002-08-01,"Bosque Petrificado Sarmiento","Residentes",38
2002-08-01,"Península Valdés","No residentes",548
2002-08-01,"Península Valdés","Residentes",5235
2002-08-01,"Punta Loma","No residentes",225
2002-08-01,"Punta Loma","Residentes",474
2002-08-01,"Punta Tombo","No residentes",NA
2002-08-01,"Punta Tombo","Residentes",NA
2002-08-01,"Cabo Dos Bahías","No residentes",NA
2002-08-01,"Cabo Dos Bahías","Residentes",NA
2002-09-01,"Bosque Petrificado Sarmiento","No residentes",14
2002-09-01,"Bosque Petrificado Sarmiento","Residentes",93
2002-09-01,"Península Valdés","No residentes",987
2002-09-01,"Península Valdés","Residentes",7942
2002-09-01,"Punta Loma","No residentes",208
2002-09-01,"Punta Loma","Residentes",878
2002-09-01,"Punta Tombo","No residentes",2148
2002-09-01,"Punta Tombo","Residentes",2105
2002-09-01,"Cabo Dos Bahías","No residentes",14
2002-09-01,"Cabo Dos Bahías","Residentes",120
2002-10-01,"Bosque Petrificado Sarmiento","No residentes",51
2002-10-01,"Bosque Petrificado Sarmiento","Residentes",111
2002-10-01,"Península Valdés","No residentes",1298
2002-10-01,"Península Valdés","Residentes",14917
2002-10-01,"Punta Loma","No residentes",125
2002-10-01,"Punta Loma","Residentes",1982
2002-10-01,"Punta Tombo","No residentes",1696
2002-10-01,"Punta Tombo","Residentes",5100
2002-10-01,"Cabo Dos Bahías","No residentes",142
2002-10-01,"Cabo Dos Bahías","Residentes",490
2002-11-01,"Bosque Petrificado Sarmiento","No residentes",189
2002-11-01,"Bosque Petrificado Sarmiento","Residentes",126
2002-11-01,"Península Valdés","No residentes",3101
2002-11-01,"Península Valdés","Residentes",11712
2002-11-01,"Punta Loma","No residentes",291
2002-11-01,"Punta Loma","Residentes",2055
2002-11-01,"Punta Tombo","No residentes",1711
2002-11-01,"Punta Tombo","Residentes",5220
2002-11-01,"Cabo Dos Bahías","No residentes",302
2002-11-01,"Cabo Dos Bahías","Residentes",692
2002-12-01,"Bosque Petrificado Sarmiento","No residentes",204
2002-12-01,"Bosque Petrificado Sarmiento","Residentes",247
2002-12-01,"Península Valdés","No residentes",2329
2002-12-01,"Península Valdés","Residentes",8986
2002-12-01,"Punta Loma","No residentes",468
2002-12-01,"Punta Loma","Residentes",1106
2002-12-01,"Punta Tombo","No residentes",1576
2002-12-01,"Punta Tombo","Residentes",1950
2002-12-01,"Cabo Dos Bahías","No residentes",187
2002-12-01,"Cabo Dos Bahías","Residentes",603
2003-01-01,"Bosque Petrificado Sarmiento","No residentes",257
2003-01-01,"Bosque Petrificado Sarmiento","Residentes",1003
2003-01-01,"Península Valdés","No residentes",4581
2003-01-01,"Península Valdés","Residentes",30652
2003-01-01,"Punta Loma","No residentes",1719
2003-01-01,"Punta Loma","Residentes",5466
2003-01-01,"Punta Tombo","No residentes",4298
2003-01-01,"Punta Tombo","Residentes",6621
2003-01-01,"Cabo Dos Bahías","No residentes",494
2003-01-01,"Cabo Dos Bahías","Residentes",1707
2003-02-01,"Bosque Petrificado Sarmiento","No residentes",239
2003-02-01,"Bosque Petrificado Sarmiento","Residentes",555
2003-02-01,"Península Valdés","No residentes",4195
2003-02-01,"Península Valdés","Residentes",19835
2003-02-01,"Punta Loma","No residentes",2147
2003-02-01,"Punta Loma","Residentes",2272
2003-02-01,"Punta Tombo","No residentes",3177
2003-02-01,"Punta Tombo","Residentes",3699
2003-02-01,"Cabo Dos Bahías","No residentes",194
2003-02-01,"Cabo Dos Bahías","Residentes",1351
2003-03-01,"Bosque Petrificado Sarmiento","No residentes",102
2003-03-01,"Bosque Petrificado Sarmiento","Residentes",293
2003-03-01,"Península Valdés","No residentes",2704
2003-03-01,"Península Valdés","Residentes",7063
2003-03-01,"Punta Loma","No residentes",841
2003-03-01,"Punta Loma","Residentes",1015
2003-03-01,"Punta Tombo","No residentes",1875
2003-03-01,"Punta Tombo","Residentes",1654
2003-03-01,"Cabo Dos Bahías","No residentes",91
2003-03-01,"Cabo Dos Bahías","Residentes",769
2003-04-01,"Bosque Petrificado Sarmiento","No residentes",47
2003-04-01,"Bosque Petrificado Sarmiento","Residentes",266
2003-04-01,"Península Valdés","No residentes",1028
2003-04-01,"Península Valdés","Residentes",3456
2003-04-01,"Punta Loma","No residentes",400
2003-04-01,"Punta Loma","Residentes",660
2003-04-01,"Punta Tombo","No residentes",395
2003-04-01,"Punta Tombo","Residentes",575
2003-04-01,"Cabo Dos Bahías","No residentes",14
2003-04-01,"Cabo Dos Bahías","Residentes",246
2003-05-01,"Bosque Petrificado Sarmiento","No residentes",22
2003-05-01,"Bosque Petrificado Sarmiento","Residentes",70
2003-05-01,"Península Valdés","No residentes",298
2003-05-01,"Península Valdés","Residentes",1419
2003-05-01,"Punta Loma","No residentes",15
2003-05-01,"Punta Loma","Residentes",344
2003-05-01,"Punta Tombo","No residentes",NA
2003-05-01,"Punta Tombo","Residentes",NA
2003-05-01,"Cabo Dos Bahías","No residentes",NA
2003-05-01,"Cabo Dos Bahías","Residentes",NA
2003-06-01,"Bosque Petrificado Sarmiento","No residentes",9
2003-06-01,"Bosque Petrificado Sarmiento","Residentes",56
2003-06-01,"Península Valdés","No residentes",250
2003-06-01,"Península Valdés","Residentes",706
2003-06-01,"Punta Loma","No residentes",9
2003-06-01,"Punta Loma","Residentes",257
2003-06-01,"Punta Tombo","No residentes",NA
2003-06-01,"Punta Tombo","Residentes",NA
2003-06-01,"Cabo Dos Bahías","No residentes",NA
2003-06-01,"Cabo Dos Bahías","Residentes",NA
2003-07-01,"Bosque Petrificado Sarmiento","No residentes",33
2003-07-01,"Bosque Petrificado Sarmiento","Residentes",218
2003-07-01,"Península Valdés","No residentes",963
2003-07-01,"Península Valdés","Residentes",9080
2003-07-01,"Punta Loma","No residentes",36
2003-07-01,"Punta Loma","Residentes",2081
2003-07-01,"Punta Tombo","No residentes",NA
2003-07-01,"Punta Tombo","Residentes",NA
2003-07-01,"Cabo Dos Bahías","No residentes",NA
2003-07-01,"Cabo Dos Bahías","Residentes",NA
2003-08-01,"Bosque Petrificado Sarmiento","No residentes",36
2003-08-01,"Bosque Petrificado Sarmiento","Residentes",139
2003-08-01,"Península Valdés","No residentes",2097
2003-08-01,"Península Valdés","Residentes",6971
2003-08-01,"Punta Loma","No residentes",78
2003-08-01,"Punta Loma","Residentes",2424
2003-08-01,"Punta Tombo","No residentes",NA
2003-08-01,"Punta Tombo","Residentes",NA
2003-08-01,"Cabo Dos Bahías","No residentes",NA
2003-08-01,"Cabo Dos Bahías","Residentes",NA
2003-09-01,"Bosque Petrificado Sarmiento","No residentes",41
2003-09-01,"Bosque Petrificado Sarmiento","Residentes",199
2003-09-01,"Península Valdés","No residentes",3626
2003-09-01,"Península Valdés","Residentes",10498
2003-09-01,"Punta Loma","No residentes",619
2003-09-01,"Punta Loma","Residentes",2006
2003-09-01,"Punta Tombo","No residentes",1310
2003-09-01,"Punta Tombo","Residentes",3310
2003-09-01,"Cabo Dos Bahías","No residentes",8
2003-09-01,"Cabo Dos Bahías","Residentes",110
2003-10-01,"Bosque Petrificado Sarmiento","No residentes",99
2003-10-01,"Bosque Petrificado Sarmiento","Residentes",344
2003-10-01,"Península Valdés","No residentes",6583
2003-10-01,"Península Valdés","Residentes",19348
2003-10-01,"Punta Loma","No residentes",785
2003-10-01,"Punta Loma","Residentes",3869
2003-10-01,"Punta Tombo","No residentes",4430
2003-10-01,"Punta Tombo","Residentes",8512
2003-10-01,"Cabo Dos Bahías","No residentes",125
2003-10-01,"Cabo Dos Bahías","Residentes",558
2003-11-01,"Bosque Petrificado Sarmiento","No residentes",294
2003-11-01,"Bosque Petrificado Sarmiento","Residentes",260
2003-11-01,"Península Valdés","No residentes",11845
2003-11-01,"Península Valdés","Residentes",14200
2003-11-01,"Punta Loma","No residentes",1205
2003-11-01,"Punta Loma","Residentes",2498
2003-11-01,"Punta Tombo","No residentes",7941
2003-11-01,"Punta Tombo","Residentes",4236
2003-11-01,"Cabo Dos Bahías","No residentes",707
2003-11-01,"Cabo Dos Bahías","Residentes",781
2003-12-01,"Bosque Petrificado Sarmiento","No residentes",248
2003-12-01,"Bosque Petrificado Sarmiento","Residentes",396
2003-12-01,"Península Valdés","No residentes",7127
2003-12-01,"Península Valdés","Residentes",7105
2003-12-01,"Punta Loma","No residentes",2144
2003-12-01,"Punta Loma","Residentes",578
2003-12-01,"Punta Tombo","No residentes",4855
2003-12-01,"Punta Tombo","Residentes",2529
2003-12-01,"Cabo Dos Bahías","No residentes",208
2003-12-01,"Cabo Dos Bahías","Residentes",571
2004-01-01,"Bosque Petrificado Sarmiento","No residentes",232
2004-01-01,"Bosque Petrificado Sarmiento","Residentes",1216
2004-01-01,"Península Valdés","No residentes",6875
2004-01-01,"Península Valdés","Residentes",34539
2004-01-01,"Punta Loma","No residentes",1494
2004-01-01,"Punta Loma","Residentes",6013
2004-01-01,"Punta Tombo","No residentes",4531
2004-01-01,"Punta Tombo","Residentes",6428
2004-01-01,"Cabo Dos Bahías","No residentes",172
2004-01-01,"Cabo Dos Bahías","Residentes",2605
2004-02-01,"Bosque Petrificado Sarmiento","No residentes",300
2004-02-01,"Bosque Petrificado Sarmiento","Residentes",791
2004-02-01,"Península Valdés","No residentes",7407
2004-02-01,"Península Valdés","Residentes",20873
2004-02-01,"Punta Loma","No residentes",1995
2004-02-01,"Punta Loma","Residentes",4533
2004-02-01,"Punta Tombo","No residentes",4849
2004-02-01,"Punta Tombo","Residentes",4278
2004-02-01,"Cabo Dos Bahías","No residentes",203
2004-02-01,"Cabo Dos Bahías","Residentes",1605
2004-03-01,"Bosque Petrificado Sarmiento","No residentes",122
2004-03-01,"Bosque Petrificado Sarmiento","Residentes",507
2004-03-01,"Península Valdés","No residentes",5941
2004-03-01,"Península Valdés","Residentes",6042
2004-03-01,"Punta Loma","No residentes",790
2004-03-01,"Punta Loma","Residentes",1620
2004-03-01,"Punta Tombo","No residentes",3019
2004-03-01,"Punta Tombo","Residentes",1744
2004-03-01,"Cabo Dos Bahías","No residentes",52
2004-03-01,"Cabo Dos Bahías","Residentes",774
2004-04-01,"Bosque Petrificado Sarmiento","No residentes",47
2004-04-01,"Bosque Petrificado Sarmiento","Residentes",450
2004-04-01,"Península Valdés","No residentes",1758
2004-04-01,"Península Valdés","Residentes",5453
2004-04-01,"Punta Loma","No residentes",267
2004-04-01,"Punta Loma","Residentes",1267
2004-04-01,"Punta Tombo","No residentes",730
2004-04-01,"Punta Tombo","Residentes",1017
2004-04-01,"Cabo Dos Bahías","No residentes",15
2004-04-01,"Cabo Dos Bahías","Residentes",244
2004-05-01,"Bosque Petrificado Sarmiento","No residentes",8
2004-05-01,"Bosque Petrificado Sarmiento","Residentes",146
2004-05-01,"Península Valdés","No residentes",392
2004-05-01,"Península Valdés","Residentes",1566
2004-05-01,"Punta Loma","No residentes",63
2004-05-01,"Punta Loma","Residentes",564
2004-05-01,"Punta Tombo","No residentes",NA
2004-05-01,"Punta Tombo","Residentes",NA
2004-05-01,"Cabo Dos Bahías","No residentes",NA
2004-05-01,"Cabo Dos Bahías","Residentes",NA
2004-06-01,"Bosque Petrificado Sarmiento","No residentes",11
2004-06-01,"Bosque Petrificado Sarmiento","Residentes",82
2004-06-01,"Península Valdés","No residentes",425
2004-06-01,"Península Valdés","Residentes",1395
2004-06-01,"Punta Loma","No residentes",21
2004-06-01,"Punta Loma","Residentes",363
2004-06-01,"Punta Tombo","No residentes",NA
2004-06-01,"Punta Tombo","Residentes",NA
2004-06-01,"Cabo Dos Bahías","No residentes",NA
2004-06-01,"Cabo Dos Bahías","Residentes",NA
2004-07-01,"Bosque Petrificado Sarmiento","No residentes",6
2004-07-01,"Bosque Petrificado Sarmiento","Residentes",90
2004-07-01,"Península Valdés","No residentes",1235
2004-07-01,"Península Valdés","Residentes",12855
2004-07-01,"Punta Loma","No residentes",74
2004-07-01,"Punta Loma","Residentes",3064
2004-07-01,"Punta Tombo","No residentes",NA
2004-07-01,"Punta Tombo","Residentes",NA
2004-07-01,"Cabo Dos Bahías","No residentes",NA
2004-07-01,"Cabo Dos Bahías","Residentes",NA
2004-08-01,"Bosque Petrificado Sarmiento","No residentes",17
2004-08-01,"Bosque Petrificado Sarmiento","Residentes",218
2004-08-01,"Península Valdés","No residentes",2537
2004-08-01,"Península Valdés","Residentes",9042
2004-08-01,"Punta Loma","No residentes",521
2004-08-01,"Punta Loma","Residentes",2061
2004-08-01,"Punta Tombo","No residentes",NA
2004-08-01,"Punta Tombo","Residentes",NA
2004-08-01,"Cabo Dos Bahías","No residentes",NA
2004-08-01,"Cabo Dos Bahías","Residentes",NA
2004-09-01,"Bosque Petrificado Sarmiento","No residentes",25
2004-09-01,"Bosque Petrificado Sarmiento","Residentes",87
2004-09-01,"Península Valdés","No residentes",3366
2004-09-01,"Península Valdés","Residentes",14202
2004-09-01,"Punta Loma","No residentes",741
2004-09-01,"Punta Loma","Residentes",3131
2004-09-01,"Punta Tombo","No residentes",748
2004-09-01,"Punta Tombo","Residentes",2942
2004-09-01,"Cabo Dos Bahías","No residentes",4
2004-09-01,"Cabo Dos Bahías","Residentes",168
2004-10-01,"Bosque Petrificado Sarmiento","No residentes",146
2004-10-01,"Bosque Petrificado Sarmiento","Residentes",338
2004-10-01,"Península Valdés","No residentes",7355
2004-10-01,"Península Valdés","Residentes",21225
2004-10-01,"Punta Loma","No residentes",1948
2004-10-01,"Punta Loma","Residentes",3418
2004-10-01,"Punta Tombo","No residentes",6313
2004-10-01,"Punta Tombo","Residentes",8174
2004-10-01,"Cabo Dos Bahías","No residentes",41
2004-10-01,"Cabo Dos Bahías","Residentes",564
2004-11-01,"Bosque Petrificado Sarmiento","No residentes",537
2004-11-01,"Bosque Petrificado Sarmiento","Residentes",302
2004-11-01,"Península Valdés","No residentes",14406
2004-11-01,"Península Valdés","Residentes",12368
2004-11-01,"Punta Loma","No residentes",2579
2004-11-01,"Punta Loma","Residentes",1851
2004-11-01,"Punta Tombo","No residentes",3615
2004-11-01,"Punta Tombo","Residentes",4250
2004-11-01,"Cabo Dos Bahías","No residentes",287
2004-11-01,"Cabo Dos Bahías","Residentes",751
2004-12-01,"Bosque Petrificado Sarmiento","No residentes",327
2004-12-01,"Bosque Petrificado Sarmiento","Residentes",281
2004-12-01,"Península Valdés","No residentes",8979
2004-12-01,"Península Valdés","Residentes",9818
2004-12-01,"Punta Loma","No residentes",1761
2004-12-01,"Punta Loma","Residentes",1479
2004-12-01,"Punta Tombo","No residentes",2794
2004-12-01,"Punta Tombo","Residentes",1738
2004-12-01,"Cabo Dos Bahías","No residentes",269
2004-12-01,"Cabo Dos Bahías","Residentes",542
2005-01-01,"Bosque Petrificado Sarmiento","No residentes",240
2005-01-01,"Bosque Petrificado Sarmiento","Residentes",884
2005-01-01,"Península Valdés","No residentes",8706
2005-01-01,"Península Valdés","Residentes",48142
2005-01-01,"Punta Loma","No residentes",2814
2005-01-01,"Punta Loma","Residentes",8464
2005-01-01,"Punta Tombo","No residentes",6207
2005-01-01,"Punta Tombo","Residentes",7823
2005-01-01,"Cabo Dos Bahías","No residentes",371
2005-01-01,"Cabo Dos Bahías","Residentes",2368
2005-02-01,"Bosque Petrificado Sarmiento","No residentes",410
2005-02-01,"Bosque Petrificado Sarmiento","Residentes",755
2005-02-01,"Península Valdés","No residentes",7792
2005-02-01,"Península Valdés","Residentes",25415
2005-02-01,"Punta Loma","No residentes",2678
2005-02-01,"Punta Loma","Residentes",5123
2005-02-01,"Punta Tombo","No residentes",5939
2005-02-01,"Punta Tombo","Residentes",4021
2005-02-01,"Cabo Dos Bahías","No residentes",204
2005-02-01,"Cabo Dos Bahías","Residentes",1556
2005-03-01,"Bosque Petrificado Sarmiento","No residentes",410
2005-03-01,"Bosque Petrificado Sarmiento","Residentes",900
2005-03-01,"Península Valdés","No residentes",5817
2005-03-01,"Península Valdés","Residentes",12009
2005-03-01,"Punta Loma","No residentes",550
2005-03-01,"Punta Loma","Residentes",2052
2005-03-01,"Punta Tombo","No residentes",3131
2005-03-01,"Punta Tombo","Residentes",1792
2005-03-01,"Cabo Dos Bahías","No residentes",113
2005-03-01,"Cabo Dos Bahías","Residentes",820
2005-04-01,"Bosque Petrificado Sarmiento","No residentes",99
2005-04-01,"Bosque Petrificado Sarmiento","Residentes",208
2005-04-01,"Península Valdés","No residentes",1643
2005-04-01,"Península Valdés","Residentes",6245
2005-04-01,"Punta Loma","No residentes",166
2005-04-01,"Punta Loma","Residentes",770
2005-04-01,"Punta Tombo","No residentes",235
2005-04-01,"Punta Tombo","Residentes",472
2005-04-01,"Cabo Dos Bahías","No residentes",19
2005-04-01,"Cabo Dos Bahías","Residentes",244
2005-05-01,"Bosque Petrificado Sarmiento","No residentes",100
2005-05-01,"Bosque Petrificado Sarmiento","Residentes",100
2005-05-01,"Península Valdés","No residentes",335
2005-05-01,"Península Valdés","Residentes",6526
2005-05-01,"Punta Loma","No residentes",23
2005-05-01,"Punta Loma","Residentes",425
2005-05-01,"Punta Tombo","No residentes",NA
2005-05-01,"Punta Tombo","Residentes",NA
2005-05-01,"Cabo Dos Bahías","No residentes",NA
2005-05-01,"Cabo Dos Bahías","Residentes",NA
2005-06-01,"Bosque Petrificado Sarmiento","No residentes",0
2005-06-01,"Bosque Petrificado Sarmiento","Residentes",50
2005-06-01,"Península Valdés","No residentes",478
2005-06-01,"Península Valdés","Residentes",2853
2005-06-01,"Punta Loma","No residentes",25
2005-06-01,"Punta Loma","Residentes",426
2005-06-01,"Punta Tombo","No residentes",NA
2005-06-01,"Punta Tombo","Residentes",NA
2005-06-01,"Cabo Dos Bahías","No residentes",NA
2005-06-01,"Cabo Dos Bahías","Residentes",NA
2005-07-01,"Bosque Petrificado Sarmiento","No residentes",0
2005-07-01,"Bosque Petrificado Sarmiento","Residentes",100
2005-07-01,"Península Valdés","No residentes",1091
2005-07-01,"Península Valdés","Residentes",11477
2005-07-01,"Punta Loma","No residentes",289
2005-07-01,"Punta Loma","Residentes",2410
2005-07-01,"Punta Tombo","No residentes",NA
2005-07-01,"Punta Tombo","Residentes",NA
2005-07-01,"Cabo Dos Bahías","No residentes",NA
2005-07-01,"Cabo Dos Bahías","Residentes",NA
2005-08-01,"Bosque Petrificado Sarmiento","No residentes",80
2005-08-01,"Bosque Petrificado Sarmiento","Residentes",150
2005-08-01,"Península Valdés","No residentes",3128
2005-08-01,"Península Valdés","Residentes",10010
2005-08-01,"Punta Loma","No residentes",605
2005-08-01,"Punta Loma","Residentes",1504
2005-08-01,"Punta Tombo","No residentes",NA
2005-08-01,"Punta Tombo","Residentes",NA
2005-08-01,"Cabo Dos Bahías","No residentes",NA
2005-08-01,"Cabo Dos Bahías","Residentes",NA
2005-09-01,"Bosque Petrificado Sarmiento","No residentes",35
2005-09-01,"Bosque Petrificado Sarmiento","Residentes",300
2005-09-01,"Península Valdés","No residentes",5096
2005-09-01,"Península Valdés","Residentes",18962
2005-09-01,"Punta Loma","No residentes",790
2005-09-01,"Punta Loma","Residentes",2798
2005-09-01,"Punta Tombo","No residentes",1810
2005-09-01,"Punta Tombo","Residentes",5440
2005-09-01,"Cabo Dos Bahías","No residentes",33
2005-09-01,"Cabo Dos Bahías","Residentes",321
2005-10-01,"Bosque Petrificado Sarmiento","No residentes",260
2005-10-01,"Bosque Petrificado Sarmiento","Residentes",210
2005-10-01,"Península Valdés","No residentes",12004
2005-10-01,"Península Valdés","Residentes",31342
2005-10-01,"Punta Loma","No residentes",1863
2005-10-01,"Punta Loma","Residentes",5505
2005-10-01,"Punta Tombo","No residentes",7167
2005-10-01,"Punta Tombo","Residentes",10361
2005-10-01,"Cabo Dos Bahías","No residentes",106
2005-10-01,"Cabo Dos Bahías","Residentes",1076
2005-11-01,"Bosque Petrificado Sarmiento","No residentes",534
2005-11-01,"Bosque Petrificado Sarmiento","Residentes",159
2005-11-01,"Península Valdés","No residentes",18854
2005-11-01,"Península Valdés","Residentes",15500
2005-11-01,"Punta Loma","No residentes",2186
2005-11-01,"Punta Loma","Residentes",1818
2005-11-01,"Punta Tombo","No residentes",10414
2005-11-01,"Punta Tombo","Residentes",4322
2005-11-01,"Cabo Dos Bahías","No residentes",328
2005-11-01,"Cabo Dos Bahías","Residentes",807
2005-12-01,"Bosque Petrificado Sarmiento","No residentes",1127
2005-12-01,"Bosque Petrificado Sarmiento","Residentes",1301
2005-12-01,"Península Valdés","No residentes",10001
2005-12-01,"Península Valdés","Residentes",11722
2005-12-01,"Punta Loma","No residentes",1860
2005-12-01,"Punta Loma","Residentes",1200
2005-12-01,"Punta Tombo","No residentes",7102
2005-12-01,"Punta Tombo","Residentes",1923
2005-12-01,"Cabo Dos Bahías","No residentes",221
2005-12-01,"Cabo Dos Bahías","Residentes",578
2006-01-01,"Bosque Petrificado Sarmiento","No residentes",800
2006-01-01,"Bosque Petrificado Sarmiento","Residentes",1020
2006-01-01,"Península Valdés","No residentes",9895
2006-01-01,"Península Valdés","Residentes",61434
2006-01-01,"Punta Loma","No residentes",2116
2006-01-01,"Punta Loma","Residentes",6785
2006-01-01,"Punta Tombo","No residentes",5409
2006-01-01,"Punta Tombo","Residentes",9720
2006-01-01,"Cabo Dos Bahías","No residentes",573
2006-01-01,"Cabo Dos Bahías","Residentes",2660
2006-02-01,"Bosque Petrificado Sarmiento","No residentes",550
2006-02-01,"Bosque Petrificado Sarmiento","Residentes",800
2006-02-01,"Península Valdés","No residentes",9545
2006-02-01,"Península Valdés","Residentes",33751
2006-02-01,"Punta Loma","No residentes",1590
2006-02-01,"Punta Loma","Residentes",4982
2006-02-01,"Punta Tombo","No residentes",1727
2006-02-01,"Punta Tombo","Residentes",5283
2006-02-01,"Cabo Dos Bahías","No residentes",320
2006-02-01,"Cabo Dos Bahías","Residentes",2339
2006-03-01,"Bosque Petrificado Sarmiento","No residentes",250
2006-03-01,"Bosque Petrificado Sarmiento","Residentes",530
2006-03-01,"Península Valdés","No residentes",5972
2006-03-01,"Península Valdés","Residentes",11521
2006-03-01,"Punta Loma","No residentes",1821
2006-03-01,"Punta Loma","Residentes",2033
2006-03-01,"Punta Tombo","No residentes",3496
2006-03-01,"Punta Tombo","Residentes",967
2006-03-01,"Cabo Dos Bahías","No residentes",164
2006-03-01,"Cabo Dos Bahías","Residentes",851
2006-04-01,"Bosque Petrificado Sarmiento","No residentes",150
2006-04-01,"Bosque Petrificado Sarmiento","Residentes",450
2006-04-01,"Península Valdés","No residentes",1607
2006-04-01,"Península Valdés","Residentes",7531
2006-04-01,"Punta Loma","No residentes",312
2006-04-01,"Punta Loma","Residentes",1436
2006-04-01,"Punta Tombo","No residentes",386
2006-04-01,"Punta Tombo","Residentes",939
2006-04-01,"Cabo Dos Bahías","No residentes",73
2006-04-01,"Cabo Dos Bahías","Residentes",292
2006-05-01,"Bosque Petrificado Sarmiento","No residentes",50
2006-05-01,"Bosque Petrificado Sarmiento","Residentes",200
2006-05-01,"Península Valdés","No residentes",461
2006-05-01,"Península Valdés","Residentes",3913
2006-05-01,"Punta Loma","No residentes",166
2006-05-01,"Punta Loma","Residentes",845
2006-05-01,"Punta Tombo","No residentes",NA
2006-05-01,"Punta Tombo","Residentes",NA
2006-05-01,"Cabo Dos Bahías","No residentes",NA
2006-05-01,"Cabo Dos Bahías","Residentes",NA
2006-06-01,"Bosque Petrificado Sarmiento","No residentes",20
2006-06-01,"Bosque Petrificado Sarmiento","Residentes",150
2006-06-01,"Península Valdés","No residentes",785
2006-06-01,"Península Valdés","Residentes",4294
2006-06-01,"Punta Loma","No residentes",135
2006-06-01,"Punta Loma","Residentes",741
2006-06-01,"Punta Tombo","No residentes",NA
2006-06-01,"Punta Tombo","Residentes",NA
2006-06-01,"Cabo Dos Bahías","No residentes",NA
2006-06-01,"Cabo Dos Bahías","Residentes",NA
2006-07-01,"Bosque Petrificado Sarmiento","No residentes",11
2006-07-01,"Bosque Petrificado Sarmiento","Residentes",200
2006-07-01,"Península Valdés","No residentes",1715
2006-07-01,"Península Valdés","Residentes",15559
2006-07-01,"Punta Loma","No residentes",241
2006-07-01,"Punta Loma","Residentes",2842
2006-07-01,"Punta Tombo","No residentes",NA
2006-07-01,"Punta Tombo","Residentes",NA
2006-07-01,"Cabo Dos Bahías","No residentes",NA
2006-07-01,"Cabo Dos Bahías","Residentes",NA
2006-08-01,"Bosque Petrificado Sarmiento","No residentes",47
2006-08-01,"Bosque Petrificado Sarmiento","Residentes",150
2006-08-01,"Península Valdés","No residentes",3060
2006-08-01,"Península Valdés","Residentes",14426
2006-08-01,"Punta Loma","No residentes",674
2006-08-01,"Punta Loma","Residentes",2033
2006-08-01,"Punta Tombo","No residentes",NA
2006-08-01,"Punta Tombo","Residentes",NA
2006-08-01,"Cabo Dos Bahías","No residentes",NA
2006-08-01,"Cabo Dos Bahías","Residentes",NA
2006-09-01,"Bosque Petrificado Sarmiento","No residentes",40
2006-09-01,"Bosque Petrificado Sarmiento","Residentes",330
2006-09-01,"Península Valdés","No residentes",6246
2006-09-01,"Península Valdés","Residentes",19714
2006-09-01,"Punta Loma","No residentes",1064
2006-09-01,"Punta Loma","Residentes",3614
2006-09-01,"Punta Tombo","No residentes",1885
2006-09-01,"Punta Tombo","Residentes",8469
2006-09-01,"Cabo Dos Bahías","No residentes",24
2006-09-01,"Cabo Dos Bahías","Residentes",330
2006-10-01,"Bosque Petrificado Sarmiento","No residentes",145
2006-10-01,"Bosque Petrificado Sarmiento","Residentes",420
2006-10-01,"Península Valdés","No residentes",13009
2006-10-01,"Península Valdés","Residentes",29439
2006-10-01,"Punta Loma","No residentes",1514
2006-10-01,"Punta Loma","Residentes",4695
2006-10-01,"Punta Tombo","No residentes",6293
2006-10-01,"Punta Tombo","Residentes",13433
2006-10-01,"Cabo Dos Bahías","No residentes",74
2006-10-01,"Cabo Dos Bahías","Residentes",1219
2006-11-01,"Bosque Petrificado Sarmiento","No residentes",330
2006-11-01,"Bosque Petrificado Sarmiento","Residentes",500
2006-11-01,"Península Valdés","No residentes",19007
2006-11-01,"Península Valdés","Residentes",15961
2006-11-01,"Punta Loma","No residentes",2440
2006-11-01,"Punta Loma","Residentes",1840
2006-11-01,"Punta Tombo","No residentes",10882
2006-11-01,"Punta Tombo","Residentes",6491
2006-11-01,"Cabo Dos Bahías","No residentes",319
2006-11-01,"Cabo Dos Bahías","Residentes",1137
2006-12-01,"Bosque Petrificado Sarmiento","No residentes",220
2006-12-01,"Bosque Petrificado Sarmiento","Residentes",200
2006-12-01,"Península Valdés","No residentes",11829
2006-12-01,"Península Valdés","Residentes",18007
2006-12-01,"Punta Loma","No residentes",1815
2006-12-01,"Punta Loma","Residentes",1826
2006-12-01,"Punta Tombo","No residentes",6691
2006-12-01,"Punta Tombo","Residentes",3616
2006-12-01,"Cabo Dos Bahías","No residentes",261
2006-12-01,"Cabo Dos Bahías","Residentes",999
2007-01-01,"Bosque Petrificado Sarmiento","No residentes",94
2007-01-01,"Bosque Petrificado Sarmiento","Residentes",812
2007-01-01,"Península Valdés","No residentes",10598
2007-01-01,"Península Valdés","Residentes",71249
2007-01-01,"Punta Loma","No residentes",2794
2007-01-01,"Punta Loma","Residentes",10329
2007-01-01,"Punta Tombo","No residentes",8674
2007-01-01,"Punta Tombo","Residentes",15431
2007-01-01,"Cabo Dos Bahías","No residentes",379
2007-01-01,"Cabo Dos Bahías","Residentes",2999
2007-02-01,"Bosque Petrificado Sarmiento","No residentes",325
2007-02-01,"Bosque Petrificado Sarmiento","Residentes",1232
2007-02-01,"Península Valdés","No residentes",9054
2007-02-01,"Península Valdés","Residentes",40160
2007-02-01,"Punta Loma","No residentes",4558
2007-02-01,"Punta Loma","Residentes",6163
2007-02-01,"Punta Tombo","No residentes",4723
2007-02-01,"Punta Tombo","Residentes",9470
2007-02-01,"Cabo Dos Bahías","No residentes",250
2007-02-01,"Cabo Dos Bahías","Residentes",2268
2007-03-01,"Bosque Petrificado Sarmiento","No residentes",191
2007-03-01,"Bosque Petrificado Sarmiento","Residentes",527
2007-03-01,"Península Valdés","No residentes",4972
2007-03-01,"Península Valdés","Residentes",12714
2007-03-01,"Punta Loma","No residentes",713
2007-03-01,"Punta Loma","Residentes",1640
2007-03-01,"Punta Tombo","No residentes",2602
2007-03-01,"Punta Tombo","Residentes",3159
2007-03-01,"Cabo Dos Bahías","No residentes",526
2007-03-01,"Cabo Dos Bahías","Residentes",751
2007-04-01,"Bosque Petrificado Sarmiento","No residentes",70
2007-04-01,"Bosque Petrificado Sarmiento","Residentes",836
2007-04-01,"Península Valdés","No residentes",1601
2007-04-01,"Península Valdés","Residentes",12243
2007-04-01,"Punta Loma","No residentes",331
2007-04-01,"Punta Loma","Residentes",2650
2007-04-01,"Punta Tombo","No residentes",559
2007-04-01,"Punta Tombo","Residentes",2376
2007-04-01,"Cabo Dos Bahías","No residentes",45
2007-04-01,"Cabo Dos Bahías","Residentes",715
2007-05-01,"Bosque Petrificado Sarmiento","No residentes",9
2007-05-01,"Bosque Petrificado Sarmiento","Residentes",135
2007-05-01,"Península Valdés","No residentes",545
2007-05-01,"Península Valdés","Residentes",4003
2007-05-01,"Punta Loma","No residentes",142
2007-05-01,"Punta Loma","Residentes",913
2007-05-01,"Punta Tombo","No residentes",NA
2007-05-01,"Punta Tombo","Residentes",NA
2007-05-01,"Cabo Dos Bahías","No residentes",NA
2007-05-01,"Cabo Dos Bahías","Residentes",NA
2007-06-01,"Bosque Petrificado Sarmiento","No residentes",15
2007-06-01,"Bosque Petrificado Sarmiento","Residentes",100
2007-06-01,"Península Valdés","No residentes",736
2007-06-01,"Península Valdés","Residentes",5713
2007-06-01,"Punta Loma","No residentes",127
2007-06-01,"Punta Loma","Residentes",1025
2007-06-01,"Punta Tombo","No residentes",NA
2007-06-01,"Punta Tombo","Residentes",NA
2007-06-01,"Cabo Dos Bahías","No residentes",NA
2007-06-01,"Cabo Dos Bahías","Residentes",NA
2007-07-01,"Bosque Petrificado Sarmiento","No residentes",27
2007-07-01,"Bosque Petrificado Sarmiento","Residentes",329
2007-07-01,"Península Valdés","No residentes",1768
2007-07-01,"Península Valdés","Residentes",17635
2007-07-01,"Punta Loma","No residentes",206
2007-07-01,"Punta Loma","Residentes",7203
2007-07-01,"Punta Tombo","No residentes",NA
2007-07-01,"Punta Tombo","Residentes",NA
2007-07-01,"Cabo Dos Bahías","No residentes",NA
2007-07-01,"Cabo Dos Bahías","Residentes",NA
2007-08-01,"Bosque Petrificado Sarmiento","No residentes",24
2007-08-01,"Bosque Petrificado Sarmiento","Residentes",252
2007-08-01,"Península Valdés","No residentes",3377
2007-08-01,"Península Valdés","Residentes",14725
2007-08-01,"Punta Loma","No residentes",1391
2007-08-01,"Punta Loma","Residentes",2058
2007-08-01,"Punta Tombo","No residentes",NA
2007-08-01,"Punta Tombo","Residentes",NA
2007-08-01,"Cabo Dos Bahías","No residentes",NA
2007-08-01,"Cabo Dos Bahías","Residentes",NA
2007-09-01,"Bosque Petrificado Sarmiento","No residentes",70
2007-09-01,"Bosque Petrificado Sarmiento","Residentes",322
2007-09-01,"Península Valdés","No residentes",8724
2007-09-01,"Península Valdés","Residentes",19561
2007-09-01,"Punta Loma","No residentes",590
2007-09-01,"Punta Loma","Residentes",3571
2007-09-01,"Punta Tombo","No residentes",3554
2007-09-01,"Punta Tombo","Residentes",8264
2007-09-01,"Cabo Dos Bahías","No residentes",124
2007-09-01,"Cabo Dos Bahías","Residentes",270
2007-10-01,"Bosque Petrificado Sarmiento","No residentes",105
2007-10-01,"Bosque Petrificado Sarmiento","Residentes",440
2007-10-01,"Península Valdés","No residentes",11813
2007-10-01,"Península Valdés","Residentes",29800
2007-10-01,"Punta Loma","No residentes",637
2007-10-01,"Punta Loma","Residentes",2554
2007-10-01,"Punta Tombo","No residentes",9993
2007-10-01,"Punta Tombo","Residentes",14619
2007-10-01,"Cabo Dos Bahías","No residentes",109
2007-10-01,"Cabo Dos Bahías","Residentes",1417
2007-11-01,"Bosque Petrificado Sarmiento","No residentes",287
2007-11-01,"Bosque Petrificado Sarmiento","Residentes",498
2007-11-01,"Península Valdés","No residentes",19457
2007-11-01,"Península Valdés","Residentes",17467
2007-11-01,"Punta Loma","No residentes",1790
2007-11-01,"Punta Loma","Residentes",2126
2007-11-01,"Punta Tombo","No residentes",12345
2007-11-01,"Punta Tombo","Residentes",6514
2007-11-01,"Cabo Dos Bahías","No residentes",288
2007-11-01,"Cabo Dos Bahías","Residentes",952
2007-12-01,"Bosque Petrificado Sarmiento","No residentes",93
2007-12-01,"Bosque Petrificado Sarmiento","Residentes",304
2007-12-01,"Península Valdés","No residentes",11901
2007-12-01,"Península Valdés","Residentes",19832
2007-12-01,"Punta Loma","No residentes",2091
2007-12-01,"Punta Loma","Residentes",1767
2007-12-01,"Punta Tombo","No residentes",7078
2007-12-01,"Punta Tombo","Residentes",4601
2007-12-01,"Cabo Dos Bahías","No residentes",302
2007-12-01,"Cabo Dos Bahías","Residentes",683
2008-01-01,"Bosque Petrificado Sarmiento","No residentes",232
2008-01-01,"Bosque Petrificado Sarmiento","Residentes",1813
2008-01-01,"Península Valdés","No residentes",10943
2008-01-01,"Península Valdés","Residentes",69532
2008-01-01,"Punta Loma","No residentes",2532
2008-01-01,"Punta Loma","Residentes",11007
2008-01-01,"Punta Tombo","No residentes",7955
2008-01-01,"Punta Tombo","Residentes",16640
2008-01-01,"Cabo Dos Bahías","No residentes",264
2008-01-01,"Cabo Dos Bahías","Residentes",2790
2008-02-01,"Bosque Petrificado Sarmiento","No residentes",346
2008-02-01,"Bosque Petrificado Sarmiento","Residentes",873
2008-02-01,"Península Valdés","No residentes",10220
2008-02-01,"Península Valdés","Residentes",41085
2008-02-01,"Punta Loma","No residentes",643
2008-02-01,"Punta Loma","Residentes",5875
2008-02-01,"Punta Tombo","No residentes",7263
2008-02-01,"Punta Tombo","Residentes",9898
2008-02-01,"Cabo Dos Bahías","No residentes",302
2008-02-01,"Cabo Dos Bahías","Residentes",2594
2008-03-01,"Bosque Petrificado Sarmiento","No residentes",178
2008-03-01,"Bosque Petrificado Sarmiento","Residentes",853
2008-03-01,"Península Valdés","No residentes",7302
2008-03-01,"Península Valdés","Residentes",18810
2008-03-01,"Punta Loma","No residentes",2013
2008-03-01,"Punta Loma","Residentes",3072
2008-03-01,"Punta Tombo","No residentes",5633
2008-03-01,"Punta Tombo","Residentes",5462
2008-03-01,"Cabo Dos Bahías","No residentes",134
2008-03-01,"Cabo Dos Bahías","Residentes",1227
2008-04-01,"Bosque Petrificado Sarmiento","No residentes",49
2008-04-01,"Bosque Petrificado Sarmiento","Residentes",326
2008-04-01,"Península Valdés","No residentes",1684
2008-04-01,"Península Valdés","Residentes",4539
2008-04-01,"Punta Loma","No residentes",137
2008-04-01,"Punta Loma","Residentes",941
2008-04-01,"Punta Tombo","No residentes",744
2008-04-01,"Punta Tombo","Residentes",1053
2008-04-01,"Cabo Dos Bahías","No residentes",46
2008-04-01,"Cabo Dos Bahías","Residentes",431
2008-05-01,"Bosque Petrificado Sarmiento","No residentes",10
2008-05-01,"Bosque Petrificado Sarmiento","Residentes",98
2008-05-01,"Península Valdés","No residentes",415
2008-05-01,"Península Valdés","Residentes",4314
2008-05-01,"Punta Loma","No residentes",64
2008-05-01,"Punta Loma","Residentes",559
2008-05-01,"Punta Tombo","No residentes",NA
2008-05-01,"Punta Tombo","Residentes",NA
2008-05-01,"Cabo Dos Bahías","No residentes",NA
2008-05-01,"Cabo Dos Bahías","Residentes",NA
2008-06-01,"Bosque Petrificado Sarmiento","No residentes",13
2008-06-01,"Bosque Petrificado Sarmiento","Residentes",119
2008-06-01,"Península Valdés","No residentes",767
2008-06-01,"Península Valdés","Residentes",8207
2008-06-01,"Punta Loma","No residentes",75
2008-06-01,"Punta Loma","Residentes",845
2008-06-01,"Punta Tombo","No residentes",NA
2008-06-01,"Punta Tombo","Residentes",NA
2008-06-01,"Cabo Dos Bahías","No residentes",NA
2008-06-01,"Cabo Dos Bahías","Residentes",NA
2008-07-01,"Bosque Petrificado Sarmiento","No residentes",11
2008-07-01,"Bosque Petrificado Sarmiento","Residentes",450
2008-07-01,"Península Valdés","No residentes",1847
2008-07-01,"Península Valdés","Residentes",19232
2008-07-01,"Punta Loma","No residentes",242
2008-07-01,"Punta Loma","Residentes",4189
2008-07-01,"Punta Tombo","No residentes",NA
2008-07-01,"Punta Tombo","Residentes",NA
2008-07-01,"Cabo Dos Bahías","No residentes",NA
2008-07-01,"Cabo Dos Bahías","Residentes",NA
2008-08-01,"Bosque Petrificado Sarmiento","No residentes",26
2008-08-01,"Bosque Petrificado Sarmiento","Residentes",323
2008-08-01,"Península Valdés","No residentes",3122
2008-08-01,"Península Valdés","Residentes",20446
2008-08-01,"Punta Loma","No residentes",572
2008-08-01,"Punta Loma","Residentes",4469
2008-08-01,"Punta Tombo","No residentes",NA
2008-08-01,"Punta Tombo","Residentes",NA
2008-08-01,"Cabo Dos Bahías","No residentes",NA
2008-08-01,"Cabo Dos Bahías","Residentes",NA
2008-09-01,"Bosque Petrificado Sarmiento","No residentes",64
2008-09-01,"Bosque Petrificado Sarmiento","Residentes",332
2008-09-01,"Península Valdés","No residentes",5107
2008-09-01,"Península Valdés","Residentes",22183
2008-09-01,"Punta Loma","No residentes",568
2008-09-01,"Punta Loma","Residentes",3286
2008-09-01,"Punta Tombo","No residentes",2150
2008-09-01,"Punta Tombo","Residentes",8100
2008-09-01,"Cabo Dos Bahías","No residentes",17
2008-09-01,"Cabo Dos Bahías","Residentes",1652
2008-10-01,"Bosque Petrificado Sarmiento","No residentes",129
2008-10-01,"Bosque Petrificado Sarmiento","Residentes",467
2008-10-01,"Península Valdés","No residentes",11597
2008-10-01,"Península Valdés","Residentes",29145
2008-10-01,"Punta Loma","No residentes",1131
2008-10-01,"Punta Loma","Residentes",4215
2008-10-01,"Punta Tombo","No residentes",6499
2008-10-01,"Punta Tombo","Residentes",10100
2008-10-01,"Cabo Dos Bahías","No residentes",112
2008-10-01,"Cabo Dos Bahías","Residentes",2046
2008-11-01,"Bosque Petrificado Sarmiento","No residentes",337
2008-11-01,"Bosque Petrificado Sarmiento","Residentes",559
2008-11-01,"Península Valdés","No residentes",17632
2008-11-01,"Península Valdés","Residentes",19643
2008-11-01,"Punta Loma","No residentes",1255
2008-11-01,"Punta Loma","Residentes",2041
2008-11-01,"Punta Tombo","No residentes",9800
2008-11-01,"Punta Tombo","Residentes",6299
2008-11-01,"Cabo Dos Bahías","No residentes",328
2008-11-01,"Cabo Dos Bahías","Residentes",1243
2008-12-01,"Bosque Petrificado Sarmiento","No residentes",268
2008-12-01,"Bosque Petrificado Sarmiento","Residentes",467
2008-12-01,"Península Valdés","No residentes",11731
2008-12-01,"Península Valdés","Residentes",21958
2008-12-01,"Punta Loma","No residentes",2513
2008-12-01,"Punta Loma","Residentes",2090
2008-12-01,"Punta Tombo","No residentes",5980
2008-12-01,"Punta Tombo","Residentes",4702
2008-12-01,"Cabo Dos Bahías","No residentes",260
2008-12-01,"Cabo Dos Bahías","Residentes",903
2009-01-01,"Bosque Petrificado Sarmiento","No residentes",307
2009-01-01,"Bosque Petrificado Sarmiento","Residentes",1989
2009-01-01,"Península Valdés","No residentes",9537
2009-01-01,"Península Valdés","Residentes",63057
2009-01-01,"Punta Loma","No residentes",1681
2009-01-01,"Punta Loma","Residentes",10446
2009-01-01,"Punta Tombo","No residentes",3329
2009-01-01,"Punta Tombo","Residentes",13676
2009-01-01,"Cabo Dos Bahías","No residentes",216
2009-01-01,"Cabo Dos Bahías","Residentes",2741
2009-02-01,"Bosque Petrificado Sarmiento","No residentes",284
2009-02-01,"Bosque Petrificado Sarmiento","Residentes",1394
2009-02-01,"Península Valdés","No residentes",7753
2009-02-01,"Península Valdés","Residentes",36463
2009-02-01,"Punta Loma","No residentes",2670
2009-02-01,"Punta Loma","Residentes",4390
2009-02-01,"Punta Tombo","No residentes",4601
2009-02-01,"Punta Tombo","Residentes",9239
2009-02-01,"Cabo Dos Bahías","No residentes",142
2009-02-01,"Cabo Dos Bahías","Residentes",1763
2009-03-01,"Bosque Petrificado Sarmiento","No residentes",118
2009-03-01,"Bosque Petrificado Sarmiento","Residentes",535
2009-03-01,"Península Valdés","No residentes",5349
2009-03-01,"Península Valdés","Residentes",13545
2009-03-01,"Punta Loma","No residentes",596
2009-03-01,"Punta Loma","Residentes",1848
2009-03-01,"Punta Tombo","No residentes",2273
2009-03-01,"Punta Tombo","Residentes",3336
2009-03-01,"Cabo Dos Bahías","No residentes",100
2009-03-01,"Cabo Dos Bahías","Residentes",842
2009-04-01,"Bosque Petrificado Sarmiento","No residentes",65
2009-04-01,"Bosque Petrificado Sarmiento","Residentes",615
2009-04-01,"Península Valdés","No residentes",2459
2009-04-01,"Península Valdés","Residentes",9053
2009-04-01,"Punta Loma","No residentes",443
2009-04-01,"Punta Loma","Residentes",1906
2009-04-01,"Punta Tombo","No residentes",1586
2009-04-01,"Punta Tombo","Residentes",1729
2009-04-01,"Cabo Dos Bahías","No residentes",16
2009-04-01,"Cabo Dos Bahías","Residentes",435
2009-05-01,"Bosque Petrificado Sarmiento","No residentes",16
2009-05-01,"Bosque Petrificado Sarmiento","Residentes",256
2009-05-01,"Península Valdés","No residentes",446
2009-05-01,"Península Valdés","Residentes",6200
2009-05-01,"Punta Loma","No residentes",61
2009-05-01,"Punta Loma","Residentes",1065
2009-05-01,"Punta Tombo","No residentes",NA
2009-05-01,"Punta Tombo","Residentes",NA
2009-05-01,"Cabo Dos Bahías","No residentes",NA
2009-05-01,"Cabo Dos Bahías","Residentes",NA
2009-06-01,"Bosque Petrificado Sarmiento","No residentes",8
2009-06-01,"Bosque Petrificado Sarmiento","Residentes",164
2009-06-01,"Península Valdés","No residentes",669
2009-06-01,"Península Valdés","Residentes",7922
2009-06-01,"Punta Loma","No residentes",87
2009-06-01,"Punta Loma","Residentes",1167
2009-06-01,"Punta Tombo","No residentes",NA
2009-06-01,"Punta Tombo","Residentes",NA
2009-06-01,"Cabo Dos Bahías","No residentes",NA
2009-06-01,"Cabo Dos Bahías","Residentes",NA
2009-07-01,"Bosque Petrificado Sarmiento","No residentes",6
2009-07-01,"Bosque Petrificado Sarmiento","Residentes",338
2009-07-01,"Península Valdés","No residentes",1208
2009-07-01,"Península Valdés","Residentes",18666
2009-07-01,"Punta Loma","No residentes",168
2009-07-01,"Punta Loma","Residentes",4796
2009-07-01,"Punta Tombo","No residentes",NA
2009-07-01,"Punta Tombo","Residentes",NA
2009-07-01,"Cabo Dos Bahías","No residentes",NA
2009-07-01,"Cabo Dos Bahías","Residentes",NA
2009-08-01,"Bosque Petrificado Sarmiento","No residentes",31
2009-08-01,"Bosque Petrificado Sarmiento","Residentes",238
2009-08-01,"Península Valdés","No residentes",2418
2009-08-01,"Península Valdés","Residentes",13823
2009-08-01,"Punta Loma","No residentes",264
2009-08-01,"Punta Loma","Residentes",2793
2009-08-01,"Punta Tombo","No residentes",NA
2009-08-01,"Punta Tombo","Residentes",NA
2009-08-01,"Cabo Dos Bahías","No residentes",NA
2009-08-01,"Cabo Dos Bahías","Residentes",NA
2009-09-01,"Bosque Petrificado Sarmiento","No residentes",20
2009-09-01,"Bosque Petrificado Sarmiento","Residentes",236
2009-09-01,"Península Valdés","No residentes",3989
2009-09-01,"Península Valdés","Residentes",23575
2009-09-01,"Punta Loma","No residentes",458
2009-09-01,"Punta Loma","Residentes",3908
2009-09-01,"Punta Tombo","No residentes",1750
2009-09-01,"Punta Tombo","Residentes",5564
2009-09-01,"Cabo Dos Bahías","No residentes",6
2009-09-01,"Cabo Dos Bahías","Residentes",339
2009-10-01,"Bosque Petrificado Sarmiento","No residentes",107
2009-10-01,"Bosque Petrificado Sarmiento","Residentes",438
2009-10-01,"Península Valdés","No residentes",9309
2009-10-01,"Península Valdés","Residentes",32277
2009-10-01,"Punta Loma","No residentes",1050
2009-10-01,"Punta Loma","Residentes",6224
2009-10-01,"Punta Tombo","No residentes",4500
2009-10-01,"Punta Tombo","Residentes",14873
2009-10-01,"Cabo Dos Bahías","No residentes",106
2009-10-01,"Cabo Dos Bahías","Residentes",996
2009-11-01,"Bosque Petrificado Sarmiento","No residentes",324
2009-11-01,"Bosque Petrificado Sarmiento","Residentes",361
2009-11-01,"Península Valdés","No residentes",14849
2009-11-01,"Península Valdés","Residentes",17283
2009-11-01,"Punta Loma","No residentes",1554
2009-11-01,"Punta Loma","Residentes",2319
2009-11-01,"Punta Tombo","No residentes",8142
2009-11-01,"Punta Tombo","Residentes",7075
2009-11-01,"Cabo Dos Bahías","No residentes",259
2009-11-01,"Cabo Dos Bahías","Residentes",874
2009-12-01,"Bosque Petrificado Sarmiento","No residentes",194
2009-12-01,"Bosque Petrificado Sarmiento","Residentes",357
2009-12-01,"Península Valdés","No residentes",10882
2009-12-01,"Península Valdés","Residentes",19176
2009-12-01,"Punta Loma","No residentes",2001
2009-12-01,"Punta Loma","Residentes",1908
2009-12-01,"Punta Tombo","No residentes",5250
2009-12-01,"Punta Tombo","Residentes",2700
2009-12-01,"Cabo Dos Bahías","No residentes",199
2009-12-01,"Cabo Dos Bahías","Residentes",834
2010-01-01,"Bosque Petrificado Sarmiento","No residentes",440
2010-01-01,"Bosque Petrificado Sarmiento","Residentes",2297
2010-01-01,"Península Valdés","No residentes",9922
2010-01-01,"Península Valdés","Residentes",75691
2010-01-01,"Punta Loma","No residentes",1986
2010-01-01,"Punta Loma","Residentes",10701
2010-01-01,"Punta Tombo","No residentes",6425
2010-01-01,"Punta Tombo","Residentes",13696
2010-01-01,"Cabo Dos Bahías","No residentes",236
2010-01-01,"Cabo Dos Bahías","Residentes",2717
2010-02-01,"Bosque Petrificado Sarmiento","No residentes",442
2010-02-01,"Bosque Petrificado Sarmiento","Residentes",1468
2010-02-01,"Península Valdés","No residentes",7932
2010-02-01,"Península Valdés","Residentes",36506
2010-02-01,"Punta Loma","No residentes",1639
2010-02-01,"Punta Loma","Residentes",7927
2010-02-01,"Punta Tombo","No residentes",4300
2010-02-01,"Punta Tombo","Residentes",7671
2010-02-01,"Cabo Dos Bahías","No residentes",228
2010-02-01,"Cabo Dos Bahías","Residentes",1997
2010-03-01,"Bosque Petrificado Sarmiento","No residentes",123
2010-03-01,"Bosque Petrificado Sarmiento","Residentes",558
2010-03-01,"Península Valdés","No residentes",5710
2010-03-01,"Península Valdés","Residentes",12093
2010-03-01,"Punta Loma","No residentes",1367
2010-03-01,"Punta Loma","Residentes",2307
2010-03-01,"Punta Tombo","No residentes",2675
2010-03-01,"Punta Tombo","Residentes",6673
2010-03-01,"Cabo Dos Bahías","No residentes",123
2010-03-01,"Cabo Dos Bahías","Residentes",516
2010-04-01,"Bosque Petrificado Sarmiento","No residentes",51
2010-04-01,"Bosque Petrificado Sarmiento","Residentes",272
2010-04-01,"Península Valdés","No residentes",1120
2010-04-01,"Península Valdés","Residentes",7643
2010-04-01,"Punta Loma","No residentes",128
2010-04-01,"Punta Loma","Residentes",1969
2010-04-01,"Punta Tombo","No residentes",695
2010-04-01,"Punta Tombo","Residentes",2675
2010-04-01,"Cabo Dos Bahías","No residentes",47
2010-04-01,"Cabo Dos Bahías","Residentes",564
2010-05-01,"Bosque Petrificado Sarmiento","No residentes",7
2010-05-01,"Bosque Petrificado Sarmiento","Residentes",330
2010-05-01,"Península Valdés","No residentes",367
2010-05-01,"Península Valdés","Residentes",6239
2010-05-01,"Punta Loma","No residentes",59
2010-05-01,"Punta Loma","Residentes",1593
2010-05-01,"Punta Tombo","No residentes",NA
2010-05-01,"Punta Tombo","Residentes",NA
2010-05-01,"Cabo Dos Bahías","No residentes",NA
2010-05-01,"Cabo Dos Bahías","Residentes",NA
2010-06-01,"Bosque Petrificado Sarmiento","No residentes",8
2010-06-01,"Bosque Petrificado Sarmiento","Residentes",59
2010-06-01,"Península Valdés","No residentes",586
2010-06-01,"Península Valdés","Residentes",5393
2010-06-01,"Punta Loma","No residentes",56
2010-06-01,"Punta Loma","Residentes",731
2010-06-01,"Punta Tombo","No residentes",NA
2010-06-01,"Punta Tombo","Residentes",NA
2010-06-01,"Cabo Dos Bahías","No residentes",NA
2010-06-01,"Cabo Dos Bahías","Residentes",NA
2010-07-01,"Bosque Petrificado Sarmiento","No residentes",4
2010-07-01,"Bosque Petrificado Sarmiento","Residentes",146
2010-07-01,"Península Valdés","No residentes",1179
2010-07-01,"Península Valdés","Residentes",19258
2010-07-01,"Punta Loma","No residentes",231
2010-07-01,"Punta Loma","Residentes",5162
2010-07-01,"Punta Tombo","No residentes",NA
2010-07-01,"Punta Tombo","Residentes",NA
2010-07-01,"Cabo Dos Bahías","No residentes",NA
2010-07-01,"Cabo Dos Bahías","Residentes",NA
2010-08-01,"Bosque Petrificado Sarmiento","No residentes",13
2010-08-01,"Bosque Petrificado Sarmiento","Residentes",221
2010-08-01,"Península Valdés","No residentes",2183
2010-08-01,"Península Valdés","Residentes",15165
2010-08-01,"Punta Loma","No residentes",406
2010-08-01,"Punta Loma","Residentes",2538
2010-08-01,"Punta Tombo","No residentes",NA
2010-08-01,"Punta Tombo","Residentes",NA
2010-08-01,"Cabo Dos Bahías","No residentes",NA
2010-08-01,"Cabo Dos Bahías","Residentes",NA
2010-09-01,"Bosque Petrificado Sarmiento","No residentes",43
2010-09-01,"Bosque Petrificado Sarmiento","Residentes",417
2010-09-01,"Península Valdés","No residentes",4066
2010-09-01,"Península Valdés","Residentes",22004
2010-09-01,"Punta Loma","No residentes",592
2010-09-01,"Punta Loma","Residentes",4152
2010-09-01,"Punta Tombo","No residentes",1365
2010-09-01,"Punta Tombo","Residentes",7504
2010-09-01,"Cabo Dos Bahías","No residentes",15
2010-09-01,"Cabo Dos Bahías","Residentes",288
2010-10-01,"Bosque Petrificado Sarmiento","No residentes",91
2010-10-01,"Bosque Petrificado Sarmiento","Residentes",520
2010-10-01,"Península Valdés","No residentes",9217
2010-10-01,"Península Valdés","Residentes",37492
2010-10-01,"Punta Loma","No residentes",1844
2010-10-01,"Punta Loma","Residentes",4932
2010-10-01,"Punta Tombo","No residentes",3614
2010-10-01,"Punta Tombo","Residentes",14694
2010-10-01,"Cabo Dos Bahías","No residentes",110
2010-10-01,"Cabo Dos Bahías","Residentes",873
2010-11-01,"Bosque Petrificado Sarmiento","No residentes",288
2010-11-01,"Bosque Petrificado Sarmiento","Residentes",522
2010-11-01,"Península Valdés","No residentes",15201
2010-11-01,"Península Valdés","Residentes",19026
2010-11-01,"Punta Loma","No residentes",1968
2010-11-01,"Punta Loma","Residentes",2313
2010-11-01,"Punta Tombo","No residentes",4705
2010-11-01,"Punta Tombo","Residentes",4332
2010-11-01,"Cabo Dos Bahías","No residentes",242
2010-11-01,"Cabo Dos Bahías","Residentes",1427
2010-12-01,"Bosque Petrificado Sarmiento","No residentes",121
2010-12-01,"Bosque Petrificado Sarmiento","Residentes",343
2010-12-01,"Península Valdés","No residentes",8390
2010-12-01,"Península Valdés","Residentes",20301
2010-12-01,"Punta Loma","No residentes",980
2010-12-01,"Punta Loma","Residentes",1987
2010-12-01,"Punta Tombo","No residentes",4661
2010-12-01,"Punta Tombo","Residentes",4927
2010-12-01,"Cabo Dos Bahías","No residentes",156
2010-12-01,"Cabo Dos Bahías","Residentes",530
2011-01-01,"Bosque Petrificado Sarmiento","No residentes",184
2011-01-01,"Bosque Petrificado Sarmiento","Residentes",1528
2011-01-01,"Península Valdés","No residentes",9685
2011-01-01,"Península Valdés","Residentes",70857
2011-01-01,"Punta Loma","No residentes",2999
2011-01-01,"Punta Loma","Residentes",11513
2011-01-01,"Punta Tombo","No residentes",5420
2011-01-01,"Punta Tombo","Residentes",14634
2011-01-01,"Cabo Dos Bahías","No residentes",224
2011-01-01,"Cabo Dos Bahías","Residentes",2454
2011-02-01,"Bosque Petrificado Sarmiento","No residentes",259
2011-02-01,"Bosque Petrificado Sarmiento","Residentes",970
2011-02-01,"Península Valdés","No residentes",7201
2011-02-01,"Península Valdés","Residentes",35272
2011-02-01,"Punta Loma","No residentes",602
2011-02-01,"Punta Loma","Residentes",7029
2011-02-01,"Punta Tombo","No residentes",4164
2011-02-01,"Punta Tombo","Residentes",9082
2011-02-01,"Cabo Dos Bahías","No residentes",296
2011-02-01,"Cabo Dos Bahías","Residentes",3079
2011-03-01,"Bosque Petrificado Sarmiento","No residentes",89
2011-03-01,"Bosque Petrificado Sarmiento","Residentes",885
2011-03-01,"Península Valdés","No residentes",3874
2011-03-01,"Península Valdés","Residentes",19640
2011-03-01,"Punta Loma","No residentes",473
2011-03-01,"Punta Loma","Residentes",2864
2011-03-01,"Punta Tombo","No residentes",2230
2011-03-01,"Punta Tombo","Residentes",3946
2011-03-01,"Cabo Dos Bahías","No residentes",100
2011-03-01,"Cabo Dos Bahías","Residentes",596
2011-04-01,"Bosque Petrificado Sarmiento","No residentes",37
2011-04-01,"Bosque Petrificado Sarmiento","Residentes",480
2011-04-01,"Península Valdés","No residentes",1147
2011-04-01,"Península Valdés","Residentes",7110
2011-04-01,"Punta Loma","No residentes",104
2011-04-01,"Punta Loma","Residentes",1745
2011-04-01,"Punta Tombo","No residentes",511
2011-04-01,"Punta Tombo","Residentes",1824
2011-04-01,"Cabo Dos Bahías","No residentes",85
2011-04-01,"Cabo Dos Bahías","Residentes",352
2011-05-01,"Bosque Petrificado Sarmiento","No residentes",4
2011-05-01,"Bosque Petrificado Sarmiento","Residentes",215
2011-05-01,"Península Valdés","No residentes",296
2011-05-01,"Península Valdés","Residentes",3564
2011-05-01,"Punta Loma","No residentes",36
2011-05-01,"Punta Loma","Residentes",804
2011-05-01,"Punta Tombo","No residentes",NA
2011-05-01,"Punta Tombo","Residentes",NA
2011-05-01,"Cabo Dos Bahías","No residentes",NA
2011-05-01,"Cabo Dos Bahías","Residentes",NA
2011-06-01,"Bosque Petrificado Sarmiento","No residentes",15
2011-06-01,"Bosque Petrificado Sarmiento","Residentes",124
2011-06-01,"Península Valdés","No residentes",365
2011-06-01,"Península Valdés","Residentes",3805
2011-06-01,"Punta Loma","No residentes",51
2011-06-01,"Punta Loma","Residentes",531
2011-06-01,"Punta Tombo","No residentes",NA
2011-06-01,"Punta Tombo","Residentes",NA
2011-06-01,"Cabo Dos Bahías","No residentes",NA
2011-06-01,"Cabo Dos Bahías","Residentes",NA
2011-07-01,"Bosque Petrificado Sarmiento","No residentes",10
2011-07-01,"Bosque Petrificado Sarmiento","Residentes",281
2011-07-01,"Península Valdés","No residentes",681
2011-07-01,"Península Valdés","Residentes",15146
2011-07-01,"Punta Loma","No residentes",110
2011-07-01,"Punta Loma","Residentes",4176
2011-07-01,"Punta Tombo","No residentes",NA
2011-07-01,"Punta Tombo","Residentes",NA
2011-07-01,"Cabo Dos Bahías","No residentes",NA
2011-07-01,"Cabo Dos Bahías","Residentes",NA
2011-08-01,"Bosque Petrificado Sarmiento","No residentes",8
2011-08-01,"Bosque Petrificado Sarmiento","Residentes",229
2011-08-01,"Península Valdés","No residentes",1219
2011-08-01,"Península Valdés","Residentes",13363
2011-08-01,"Punta Loma","No residentes",205
2011-08-01,"Punta Loma","Residentes",2470
2011-08-01,"Punta Tombo","No residentes",NA
2011-08-01,"Punta Tombo","Residentes",NA
2011-08-01,"Cabo Dos Bahías","No residentes",NA
2011-08-01,"Cabo Dos Bahías","Residentes",NA
2011-09-01,"Bosque Petrificado Sarmiento","No residentes",23
2011-09-01,"Bosque Petrificado Sarmiento","Residentes",499
2011-09-01,"Península Valdés","No residentes",2752
2011-09-01,"Península Valdés","Residentes",20901
2011-09-01,"Punta Loma","No residentes",206
2011-09-01,"Punta Loma","Residentes",3429
2011-09-01,"Punta Tombo","No residentes",1451
2011-09-01,"Punta Tombo","Residentes",5137
2011-09-01,"Cabo Dos Bahías","No residentes",27
2011-09-01,"Cabo Dos Bahías","Residentes",309
2011-10-01,"Bosque Petrificado Sarmiento","No residentes",124
2011-10-01,"Bosque Petrificado Sarmiento","Residentes",735
2011-10-01,"Península Valdés","No residentes",8019
2011-10-01,"Península Valdés","Residentes",32612
2011-10-01,"Punta Loma","No residentes",572
2011-10-01,"Punta Loma","Residentes",5185
2011-10-01,"Punta Tombo","No residentes",3076
2011-10-01,"Punta Tombo","Residentes",12302
2011-10-01,"Cabo Dos Bahías","No residentes",125
2011-10-01,"Cabo Dos Bahías","Residentes",897
2011-11-01,"Bosque Petrificado Sarmiento","No residentes",278
2011-11-01,"Bosque Petrificado Sarmiento","Residentes",817
2011-11-01,"Península Valdés","No residentes",13405
2011-11-01,"Península Valdés","Residentes",22705
2011-11-01,"Punta Loma","No residentes",858
2011-11-01,"Punta Loma","Residentes",2185
2011-11-01,"Punta Tombo","No residentes",5814
2011-11-01,"Punta Tombo","Residentes",7711
2011-11-01,"Cabo Dos Bahías","No residentes",329
2011-11-01,"Cabo Dos Bahías","Residentes",1341
2011-12-01,"Bosque Petrificado Sarmiento","No residentes",192
2011-12-01,"Bosque Petrificado Sarmiento","Residentes",608
2011-12-01,"Península Valdés","No residentes",7662
2011-12-01,"Península Valdés","Residentes",24441
2011-12-01,"Punta Loma","No residentes",910
2011-12-01,"Punta Loma","Residentes",2633
2011-12-01,"Punta Tombo","No residentes",4502
2011-12-01,"Punta Tombo","Residentes",3777
2011-12-01,"Cabo Dos Bahías","No residentes",230
2011-12-01,"Cabo Dos Bahías","Residentes",629
2012-01-01,"Bosque Petrificado Sarmiento","No residentes",278
2012-01-01,"Bosque Petrificado Sarmiento","Residentes",2066
2012-01-01,"Península Valdés","No residentes",8308
2012-01-01,"Península Valdés","Residentes",68065
2012-01-01,"Punta Loma","No residentes",2073
2012-01-01,"Punta Loma","Residentes",10005
2012-01-01,"Punta Marqués","No residentes",106
2012-01-01,"Punta Marqués","Residentes",2855
2012-01-01,"Punta Tombo","No residentes",4952
2012-01-01,"Punta Tombo","Residentes",14751
2012-01-01,"Cabo Dos Bahías","No residentes",245
2012-01-01,"Cabo Dos Bahías","Residentes",2369
2012-02-01,"Bosque Petrificado Sarmiento","No residentes",281
2012-02-01,"Bosque Petrificado Sarmiento","Residentes",1518
2012-02-01,"Península Valdés","No residentes",6103
2012-02-01,"Península Valdés","Residentes",39591
2012-02-01,"Punta Loma","No residentes",754
2012-02-01,"Punta Loma","Residentes",7098
2012-02-01,"Punta Marqués","No residentes",202
2012-02-01,"Punta Marqués","Residentes",1948
2012-02-01,"Punta Tombo","No residentes",3562
2012-02-01,"Punta Tombo","Residentes",9123
2012-02-01,"Cabo Dos Bahías","No residentes",142
2012-02-01,"Cabo Dos Bahías","Residentes",1737
2012-03-01,"Bosque Petrificado Sarmiento","No residentes",139
2012-03-01,"Bosque Petrificado Sarmiento","Residentes",732
2012-03-01,"Península Valdés","No residentes",2946
2012-03-01,"Península Valdés","Residentes",11400
2012-03-01,"Punta Loma","No residentes",689
2012-03-01,"Punta Loma","Residentes",1802
2012-03-01,"Punta Marqués","No residentes",62
2012-03-01,"Punta Marqués","Residentes",1189
2012-03-01,"Punta Tombo","No residentes",2101
2012-03-01,"Punta Tombo","Residentes",2582
2012-03-01,"Cabo Dos Bahías","No residentes",128
2012-03-01,"Cabo Dos Bahías","Residentes",776
2012-04-01,"Bosque Petrificado Sarmiento","No residentes",48
2012-04-01,"Bosque Petrificado Sarmiento","Residentes",822
2012-04-01,"Península Valdés","No residentes",842
2012-04-01,"Península Valdés","Residentes",10503
2012-04-01,"Punta Loma","No residentes",85
2012-04-01,"Punta Loma","Residentes",2339
2012-04-01,"Punta Marqués","No residentes",18
2012-04-01,"Punta Marqués","Residentes",709
2012-04-01,"Punta Tombo","No residentes",237
2012-04-01,"Punta Tombo","Residentes",1875
2012-04-01,"Cabo Dos Bahías","No residentes",30
2012-04-01,"Cabo Dos Bahías","Residentes",685
2012-05-01,"Bosque Petrificado Sarmiento","No residentes",6
2012-05-01,"Bosque Petrificado Sarmiento","Residentes",477
2012-05-01,"Península Valdés","No residentes",216
2012-05-01,"Península Valdés","Residentes",4283
2012-05-01,"Punta Loma","No residentes",22
2012-05-01,"Punta Loma","Residentes",815
2012-05-01,"Punta Marqués","No residentes",22
2012-05-01,"Punta Marqués","Residentes",449
2012-05-01,"Punta Tombo","No residentes",NA
2012-05-01,"Punta Tombo","Residentes",NA
2012-05-01,"Cabo Dos Bahías","No residentes",NA
2012-05-01,"Cabo Dos Bahías","Residentes",NA
2012-06-01,"Bosque Petrificado Sarmiento","No residentes",7
2012-06-01,"Bosque Petrificado Sarmiento","Residentes",52
2012-06-01,"Península Valdés","No residentes",344
2012-06-01,"Península Valdés","Residentes",4440
2012-06-01,"Punta Loma","No residentes",35
2012-06-01,"Punta Loma","Residentes",450
2012-06-01,"Punta Marqués","No residentes",37
2012-06-01,"Punta Marqués","Residentes",1728
2012-06-01,"Punta Tombo","No residentes",NA
2012-06-01,"Punta Tombo","Residentes",NA
2012-06-01,"Cabo Dos Bahías","No residentes",NA
2012-06-01,"Cabo Dos Bahías","Residentes",NA
2012-07-01,"Bosque Petrificado Sarmiento","No residentes",9
2012-07-01,"Bosque Petrificado Sarmiento","Residentes",375
2012-07-01,"Península Valdés","No residentes",746
2012-07-01,"Península Valdés","Residentes",25360
2012-07-01,"Punta Loma","No residentes",151
2012-07-01,"Punta Loma","Residentes",7711
2012-07-01,"Punta Marqués","No residentes",23
2012-07-01,"Punta Marqués","Residentes",431
2012-07-01,"Punta Tombo","No residentes",NA
2012-07-01,"Punta Tombo","Residentes",NA
2012-07-01,"Cabo Dos Bahías","No residentes",NA
2012-07-01,"Cabo Dos Bahías","Residentes",NA
2012-08-01,"Bosque Petrificado Sarmiento","No residentes",14
2012-08-01,"Bosque Petrificado Sarmiento","Residentes",425
2012-08-01,"Península Valdés","No residentes",971
2012-08-01,"Península Valdés","Residentes",16566
2012-08-01,"Punta Loma","No residentes",196
2012-08-01,"Punta Loma","Residentes",3975
2012-08-01,"Punta Marqués","No residentes",20
2012-08-01,"Punta Marqués","Residentes",718
2012-08-01,"Punta Tombo","No residentes",NA
2012-08-01,"Punta Tombo","Residentes",NA
2012-08-01,"Cabo Dos Bahías","No residentes",NA
2012-08-01,"Cabo Dos Bahías","Residentes",NA
2012-09-01,"Bosque Petrificado Sarmiento","No residentes",67
2012-09-01,"Bosque Petrificado Sarmiento","Residentes",705
2012-09-01,"Península Valdés","No residentes",3586
2012-09-01,"Península Valdés","Residentes",27773
2012-09-01,"Punta Loma","No residentes",628
2012-09-01,"Punta Loma","Residentes",6212
2012-09-01,"Punta Marqués","No residentes",98
2012-09-01,"Punta Marqués","Residentes",1226
2012-09-01,"Punta Tombo","No residentes",1408
2012-09-01,"Punta Tombo","Residentes",8073
2012-09-01,"Cabo Dos Bahías","No residentes",18
2012-09-01,"Cabo Dos Bahías","Residentes",355
2012-10-01,"Bosque Petrificado Sarmiento","No residentes",150
2012-10-01,"Bosque Petrificado Sarmiento","Residentes",873
2012-10-01,"Península Valdés","No residentes",6259
2012-10-01,"Península Valdés","Residentes",33522
2012-10-01,"Punta Loma","No residentes",580
2012-10-01,"Punta Loma","Residentes",6285
2012-10-01,"Punta Marqués","No residentes",36
2012-10-01,"Punta Marqués","Residentes",1329
2012-10-01,"Punta Tombo","No residentes",5677
2012-10-01,"Punta Tombo","Residentes",16118
2012-10-01,"Cabo Dos Bahías","No residentes",94
2012-10-01,"Cabo Dos Bahías","Residentes",858
2012-11-01,"Bosque Petrificado Sarmiento","No residentes",278
2012-11-01,"Bosque Petrificado Sarmiento","Residentes",637
2012-11-01,"Península Valdés","No residentes",10661
2012-11-01,"Península Valdés","Residentes",23340
2012-11-01,"Punta Loma","No residentes",1152
2012-11-01,"Punta Loma","Residentes",2623
2012-11-01,"Punta Marqués","No residentes",43
2012-11-01,"Punta Marqués","Residentes",937
2012-11-01,"Punta Tombo","No residentes",5948
2012-11-01,"Punta Tombo","Residentes",9724
2012-11-01,"Cabo Dos Bahías","No residentes",210
2012-11-01,"Cabo Dos Bahías","Residentes",944
2012-12-01,"Bosque Petrificado Sarmiento","No residentes",257
2012-12-01,"Bosque Petrificado Sarmiento","Residentes",751
2012-12-01,"Península Valdés","No residentes",6121
2012-12-01,"Península Valdés","Residentes",18070
2012-12-01,"Punta Loma","No residentes",1015
2012-12-01,"Punta Loma","Residentes",2221
2012-12-01,"Punta Marqués","No residentes",95
2012-12-01,"Punta Marqués","Residentes",1243
2012-12-01,"Punta Tombo","No residentes",3961
2012-12-01,"Punta Tombo","Residentes",4256
2012-12-01,"Cabo Dos Bahías","No residentes",130
2012-12-01,"Cabo Dos Bahías","Residentes",481
2013-01-01,"Bosque Petrificado Sarmiento","No residentes",222
2013-01-01,"Bosque Petrificado Sarmiento","Residentes",2147
2013-01-01,"Península Valdés","No residentes",6950
2013-01-01,"Península Valdés","Residentes",77311
2013-01-01,"Punta Loma","No residentes",2845
2013-01-01,"Punta Loma","Residentes",10041
2013-01-01,"Punta Marqués","No residentes",106
2013-01-01,"Punta Marqués","Residentes",3446
2013-01-01,"Punta Tombo","No residentes",5404
2013-01-01,"Punta Tombo","Residentes",16902
2013-01-01,"Cabo Dos Bahías","No residentes",235
2013-01-01,"Cabo Dos Bahías","Residentes",2675
2013-02-01,"Bosque Petrificado Sarmiento","No residentes",259
2013-02-01,"Bosque Petrificado Sarmiento","Residentes",1132
2013-02-01,"Península Valdés","No residentes",5758
2013-02-01,"Península Valdés","Residentes",39588
2013-02-01,"Punta Loma","No residentes",2859
2013-02-01,"Punta Loma","Residentes",6191
2013-02-01,"Punta Marqués","No residentes",158
2013-02-01,"Punta Marqués","Residentes",1835
2013-02-01,"Punta Tombo","No residentes",4769
2013-02-01,"Punta Tombo","Residentes",9308
2013-02-01,"Cabo Dos Bahías","No residentes",242
2013-02-01,"Cabo Dos Bahías","Residentes",2358
2013-03-01,"Bosque Petrificado Sarmiento","No residentes",89
2013-03-01,"Bosque Petrificado Sarmiento","Residentes",777
2013-03-01,"Península Valdés","No residentes",2796
2013-03-01,"Península Valdés","Residentes",14581
2013-03-01,"Punta Loma","No residentes",1196
2013-03-01,"Punta Loma","Residentes",2516
2013-03-01,"Punta Marqués","No residentes",68
2013-03-01,"Punta Marqués","Residentes",1550
2013-03-01,"Punta Tombo","No residentes",2946
2013-03-01,"Punta Tombo","Residentes",4891
2013-03-01,"Cabo Dos Bahías","No residentes",114
2013-03-01,"Cabo Dos Bahías","Residentes",938
2013-04-01,"Bosque Petrificado Sarmiento","No residentes",51
2013-04-01,"Bosque Petrificado Sarmiento","Residentes",725
2013-04-01,"Península Valdés","No residentes",646
2013-04-01,"Península Valdés","Residentes",7816
2013-04-01,"Punta Loma","No residentes",242
2013-04-01,"Punta Loma","Residentes",825
2013-04-01,"Punta Marqués","No residentes",24
2013-04-01,"Punta Marqués","Residentes",1108
2013-04-01,"Punta Tombo","No residentes",179
2013-04-01,"Punta Tombo","Residentes",1411
2013-04-01,"Cabo Dos Bahías","No residentes",48
2013-04-01,"Cabo Dos Bahías","Residentes",480
2013-05-01,"Bosque Petrificado Sarmiento","No residentes",22
2013-05-01,"Bosque Petrificado Sarmiento","Residentes",279
2013-05-01,"Península Valdés","No residentes",174
2013-05-01,"Península Valdés","Residentes",3213
2013-05-01,"Punta Loma","No residentes",72
2013-05-01,"Punta Loma","Residentes",939
2013-05-01,"Punta Marqués","No residentes",17
2013-05-01,"Punta Marqués","Residentes",401
2013-05-01,"Punta Tombo","No residentes",NA
2013-05-01,"Punta Tombo","Residentes",NA
2013-05-01,"Cabo Dos Bahías","No residentes",NA
2013-05-01,"Cabo Dos Bahías","Residentes",NA
2013-06-01,"Bosque Petrificado Sarmiento","No residentes",16
2013-06-01,"Bosque Petrificado Sarmiento","Residentes",326
2013-06-01,"Península Valdés","No residentes",238
2013-06-01,"Península Valdés","Residentes",8551
2013-06-01,"Punta Loma","No residentes",75
2013-06-01,"Punta Loma","Residentes",1863
2013-06-01,"Punta Marqués","No residentes",8
2013-06-01,"Punta Marqués","Residentes",436
2013-06-01,"Punta Tombo","No residentes",NA
2013-06-01,"Punta Tombo","Residentes",NA
2013-06-01,"Cabo Dos Bahías","No residentes",NA
2013-06-01,"Cabo Dos Bahías","Residentes",NA
2013-07-01,"Bosque Petrificado Sarmiento","No residentes",22
2013-07-01,"Bosque Petrificado Sarmiento","Residentes",285
2013-07-01,"Península Valdés","No residentes",610
2013-07-01,"Península Valdés","Residentes",20914
2013-07-01,"Punta Loma","No residentes",85
2013-07-01,"Punta Loma","Residentes",5596
2013-07-01,"Punta Marqués","No residentes",39
2013-07-01,"Punta Marqués","Residentes",845
2013-07-01,"Punta Tombo","No residentes",NA
2013-07-01,"Punta Tombo","Residentes",NA
2013-07-01,"Cabo Dos Bahías","No residentes",NA
2013-07-01,"Cabo Dos Bahías","Residentes",NA
2013-08-01,"Bosque Petrificado Sarmiento","No residentes",15
2013-08-01,"Bosque Petrificado Sarmiento","Residentes",225
2013-08-01,"Península Valdés","No residentes",930
2013-08-01,"Península Valdés","Residentes",13080
2013-08-01,"Punta Loma","No residentes",170
2013-08-01,"Punta Loma","Residentes",2154
2013-08-01,"Punta Marqués","No residentes",10
2013-08-01,"Punta Marqués","Residentes",417
2013-08-01,"Punta Tombo","No residentes",NA
2013-08-01,"Punta Tombo","Residentes",NA
2013-08-01,"Cabo Dos Bahías","No residentes",NA
2013-08-01,"Cabo Dos Bahías","Residentes",NA
2013-09-01,"Bosque Petrificado Sarmiento","No residentes",63
2013-09-01,"Bosque Petrificado Sarmiento","Residentes",527
2013-09-01,"Península Valdés","No residentes",2806
2013-09-01,"Península Valdés","Residentes",21636
2013-09-01,"Punta Loma","No residentes",357
2013-09-01,"Punta Loma","Residentes",4857
2013-09-01,"Punta Marqués","No residentes",54
2013-09-01,"Punta Marqués","Residentes",798
2013-09-01,"Punta Tombo","No residentes",1432
2013-09-01,"Punta Tombo","Residentes",6872
2013-09-01,"Cabo Dos Bahías","No residentes",17
2013-09-01,"Cabo Dos Bahías","Residentes",658
2013-10-01,"Bosque Petrificado Sarmiento","No residentes",92
2013-10-01,"Bosque Petrificado Sarmiento","Residentes",602
2013-10-01,"Península Valdés","No residentes",6108
2013-10-01,"Península Valdés","Residentes",34853
2013-10-01,"Punta Loma","No residentes",452
2013-10-01,"Punta Loma","Residentes",6003
2013-10-01,"Punta Marqués","No residentes",29
2013-10-01,"Punta Marqués","Residentes",1247
2013-10-01,"Punta Tombo","No residentes",4780
2013-10-01,"Punta Tombo","Residentes",17249
2013-10-01,"Cabo Dos Bahías","No residentes",114
2013-10-01,"Cabo Dos Bahías","Residentes",1203
2013-11-01,"Bosque Petrificado Sarmiento","No residentes",184
2013-11-01,"Bosque Petrificado Sarmiento","Residentes",685
2013-11-01,"Península Valdés","No residentes",9531
2013-11-01,"Península Valdés","Residentes",26662
2013-11-01,"Punta Loma","No residentes",791
2013-11-01,"Punta Loma","Residentes",2283
2013-11-01,"Punta Marqués","No residentes",47
2013-11-01,"Punta Marqués","Residentes",1219
2013-11-01,"Punta Tombo","No residentes",5711
2013-11-01,"Punta Tombo","Residentes",12027
2013-11-01,"Cabo Dos Bahías","No residentes",289
2013-11-01,"Cabo Dos Bahías","Residentes",1221
2013-12-01,"Bosque Petrificado Sarmiento","No residentes",187
2013-12-01,"Bosque Petrificado Sarmiento","Residentes",622
2013-12-01,"Península Valdés","No residentes",6345
2013-12-01,"Península Valdés","Residentes",25512
2013-12-01,"Punta Loma","No residentes",1266
2013-12-01,"Punta Loma","Residentes",1853
2013-12-01,"Punta Marqués","No residentes",45
2013-12-01,"Punta Marqués","Residentes",699
2013-12-01,"Punta Tombo","No residentes",4053
2013-12-01,"Punta Tombo","Residentes",4996
2013-12-01,"Cabo Dos Bahías","No residentes",212
2013-12-01,"Cabo Dos Bahías","Residentes",725
2014-01-01,"Bosque Petrificado Sarmiento","No residentes",276
2014-01-01,"Bosque Petrificado Sarmiento","Residentes",2063
2014-01-01,"Península Valdés","No residentes",5103
2014-01-01,"Península Valdés","Residentes",80724
2014-01-01,"Punta Loma","No residentes",554
2014-01-01,"Punta Loma","Residentes",9367
2014-01-01,"Punta Marqués","No residentes",129
2014-01-01,"Punta Marqués","Residentes",2902
2014-01-01,"Punta Tombo","No residentes",2828
2014-01-01,"Punta Tombo","Residentes",19630
2014-01-01,"Cabo Dos Bahías","No residentes",230
2014-01-01,"Cabo Dos Bahías","Residentes",2373
2014-02-01,"Bosque Petrificado Sarmiento","No residentes",212
2014-02-01,"Bosque Petrificado Sarmiento","Residentes",1327
2014-02-01,"Península Valdés","No residentes",6342
2014-02-01,"Península Valdés","Residentes",41231
2014-02-01,"Punta Loma","No residentes",2611
2014-02-01,"Punta Loma","Residentes",6194
2014-02-01,"Punta Marqués","No residentes",128
2014-02-01,"Punta Marqués","Residentes",1999
2014-02-01,"Punta Tombo","No residentes",3782
2014-02-01,"Punta Tombo","Residentes",12244
2014-02-01,"Cabo Dos Bahías","No residentes",71
2014-02-01,"Cabo Dos Bahías","Residentes",903
2014-03-01,"Bosque Petrificado Sarmiento","No residentes",138
2014-03-01,"Bosque Petrificado Sarmiento","Residentes",984
2014-03-01,"Península Valdés","No residentes",3225
2014-03-01,"Península Valdés","Residentes",20822
2014-03-01,"Punta Loma","No residentes",1202
2014-03-01,"Punta Loma","Residentes",2509
2014-03-01,"Punta Marqués","No residentes",59
2014-03-01,"Punta Marqués","Residentes",1100
2014-03-01,"Punta Tombo","No residentes",3243
2014-03-01,"Punta Tombo","Residentes",5793
2014-03-01,"Cabo Dos Bahías","No residentes",140
2014-03-01,"Cabo Dos Bahías","Residentes",1363
2014-04-01,"Bosque Petrificado Sarmiento","No residentes",39
2014-04-01,"Bosque Petrificado Sarmiento","Residentes",467
2014-04-01,"Península Valdés","No residentes",705
2014-04-01,"Península Valdés","Residentes",6321
2014-04-01,"Punta Loma","No residentes",137
2014-04-01,"Punta Loma","Residentes",1337
2014-04-01,"Punta Marqués","No residentes",22
2014-04-01,"Punta Marqués","Residentes",921
2014-04-01,"Punta Tombo","No residentes",295
2014-04-01,"Punta Tombo","Residentes",1364
2014-04-01,"Cabo Dos Bahías","No residentes",8
2014-04-01,"Cabo Dos Bahías","Residentes",109
2014-05-01,"Bosque Petrificado Sarmiento","No residentes",16
2014-05-01,"Bosque Petrificado Sarmiento","Residentes",290
2014-05-01,"Península Valdés","No residentes",284
2014-05-01,"Península Valdés","Residentes",4596
2014-05-01,"Punta Loma","No residentes",58
2014-05-01,"Punta Loma","Residentes",1168
2014-05-01,"Punta Marqués","No residentes",7
2014-05-01,"Punta Marqués","Residentes",364
2014-05-01,"Punta Tombo","No residentes",NA
2014-05-01,"Punta Tombo","Residentes",NA
2014-05-01,"Cabo Dos Bahías","No residentes",NA
2014-05-01,"Cabo Dos Bahías","Residentes",NA
2014-06-01,"Bosque Petrificado Sarmiento","No residentes",8
2014-06-01,"Bosque Petrificado Sarmiento","Residentes",184
2014-06-01,"Península Valdés","No residentes",355
2014-06-01,"Península Valdés","Residentes",5322
2014-06-01,"Punta Loma","No residentes",108
2014-06-01,"Punta Loma","Residentes",947
2014-06-01,"Punta Marqués","No residentes",6
2014-06-01,"Punta Marqués","Residentes",210
2014-06-01,"Punta Tombo","No residentes",NA
2014-06-01,"Punta Tombo","Residentes",NA
2014-06-01,"Cabo Dos Bahías","No residentes",NA
2014-06-01,"Cabo Dos Bahías","Residentes",NA
2014-07-01,"Bosque Petrificado Sarmiento","No residentes",16
2014-07-01,"Bosque Petrificado Sarmiento","Residentes",358
2014-07-01,"Península Valdés","No residentes",969
2014-07-01,"Península Valdés","Residentes",20249
2014-07-01,"Punta Loma","No residentes",127
2014-07-01,"Punta Loma","Residentes",5563
2014-07-01,"Punta Marqués","No residentes",25
2014-07-01,"Punta Marqués","Residentes",750
2014-07-01,"Punta Tombo","No residentes",NA
2014-07-01,"Punta Tombo","Residentes",NA
2014-07-01,"Cabo Dos Bahías","No residentes",NA
2014-07-01,"Cabo Dos Bahías","Residentes",NA
2014-08-01,"Bosque Petrificado Sarmiento","No residentes",11
2014-08-01,"Bosque Petrificado Sarmiento","Residentes",163
2014-08-01,"Península Valdés","No residentes",1185
2014-08-01,"Península Valdés","Residentes",16479
2014-08-01,"Punta Loma","No residentes",251
2014-08-01,"Punta Loma","Residentes",3659
2014-08-01,"Punta Marqués","No residentes",30
2014-08-01,"Punta Marqués","Residentes",829
2014-08-01,"Punta Tombo","No residentes",NA
2014-08-01,"Punta Tombo","Residentes",NA
2014-08-01,"Cabo Dos Bahías","No residentes",NA
2014-08-01,"Cabo Dos Bahías","Residentes",NA
2014-09-01,"Bosque Petrificado Sarmiento","No residentes",52
2014-09-01,"Bosque Petrificado Sarmiento","Residentes",403
2014-09-01,"Península Valdés","No residentes",2666
2014-09-01,"Península Valdés","Residentes",24167
2014-09-01,"Punta Loma","No residentes",322
2014-09-01,"Punta Loma","Residentes",5325
2014-09-01,"Punta Marqués","No residentes",29
2014-09-01,"Punta Marqués","Residentes",1188
2014-09-01,"Punta Tombo","No residentes",768
2014-09-01,"Punta Tombo","Residentes",8106
2014-09-01,"Cabo Dos Bahías","No residentes",9
2014-09-01,"Cabo Dos Bahías","Residentes",269
2014-10-01,"Bosque Petrificado Sarmiento","No residentes",75
2014-10-01,"Bosque Petrificado Sarmiento","Residentes",584
2014-10-01,"Península Valdés","No residentes",6152
2014-10-01,"Península Valdés","Residentes",37045
2014-10-01,"Punta Loma","No residentes",583
2014-10-01,"Punta Loma","Residentes",6650
2014-10-01,"Punta Marqués","No residentes",17
2014-10-01,"Punta Marqués","Residentes",1073
2014-10-01,"Punta Tombo","No residentes",4647
2014-10-01,"Punta Tombo","Residentes",20281
2014-10-01,"Cabo Dos Bahías","No residentes",71
2014-10-01,"Cabo Dos Bahías","Residentes",632
2014-11-01,"Bosque Petrificado Sarmiento","No residentes",191
2014-11-01,"Bosque Petrificado Sarmiento","Residentes",707
2014-11-01,"Península Valdés","No residentes",10622
2014-11-01,"Península Valdés","Residentes",25648
2014-11-01,"Punta Loma","No residentes",745
2014-11-01,"Punta Loma","Residentes",2151
2014-11-01,"Punta Marqués","No residentes",40
2014-11-01,"Punta Marqués","Residentes",1204
2014-11-01,"Punta Tombo","No residentes",6134
2014-11-01,"Punta Tombo","Residentes",11034
2014-11-01,"Cabo Dos Bahías","No residentes",42
2014-11-01,"Cabo Dos Bahías","Residentes",329
2014-12-01,"Bosque Petrificado Sarmiento","No residentes",292
2014-12-01,"Bosque Petrificado Sarmiento","Residentes",646
2014-12-01,"Península Valdés","No residentes",6761
2014-12-01,"Península Valdés","Residentes",30066
2014-12-01,"Punta Loma","No residentes",792
2014-12-01,"Punta Loma","Residentes",1884
2014-12-01,"Punta Marqués","No residentes",91
2014-12-01,"Punta Marqués","Residentes",1042
2014-12-01,"Punta Tombo","No residentes",3290
2014-12-01,"Punta Tombo","Residentes",5685
2014-12-01,"Cabo Dos Bahías","No residentes",35
2014-12-01,"Cabo Dos Bahías","Residentes",145
2015-01-01,"Bosque Petrificado Sarmiento","No residentes",198
2015-01-01,"Bosque Petrificado Sarmiento","Residentes",2135
2015-01-01,"Península Valdés","No residentes",6292
2015-01-01,"Península Valdés","Residentes",76351
2015-01-01,"Punta Loma","No residentes",1196
2015-01-01,"Punta Loma","Residentes",6955
2015-01-01,"Punta Marqués","No residentes",135
2015-01-01,"Punta Marqués","Residentes",2423
2015-01-01,"Punta Tombo","No residentes",4495
2015-01-01,"Punta Tombo","Residentes",20311
2015-01-01,"Cabo Dos Bahías","No residentes",101
2015-01-01,"Cabo Dos Bahías","Residentes",1567
2015-02-01,"Bosque Petrificado Sarmiento","No residentes",330
2015-02-01,"Bosque Petrificado Sarmiento","Residentes",1436
2015-02-01,"Península Valdés","No residentes",6911
2015-02-01,"Península Valdés","Residentes",41558
2015-02-01,"Punta Loma","No residentes",1825
2015-02-01,"Punta Loma","Residentes",6209
2015-02-01,"Punta Marqués","No residentes",200
2015-02-01,"Punta Marqués","Residentes",2350
2015-02-01,"Punta Tombo","No residentes",4030
2015-02-01,"Punta Tombo","Residentes",11660
2015-02-01,"Cabo Dos Bahías","No residentes",200
2015-02-01,"Cabo Dos Bahías","Residentes",2065
2015-03-01,"Bosque Petrificado Sarmiento","No residentes",141
2015-03-01,"Bosque Petrificado Sarmiento","Residentes",784
2015-03-01,"Península Valdés","No residentes",3061
2015-03-01,"Península Valdés","Residentes",16168
2015-03-01,"Punta Loma","No residentes",622
2015-03-01,"Punta Loma","Residentes",1473
2015-03-01,"Punta Marqués","No residentes",56
2015-03-01,"Punta Marqués","Residentes",1301
2015-03-01,"Punta Tombo","No residentes",2154
2015-03-01,"Punta Tombo","Residentes",3696
2015-03-01,"Cabo Dos Bahías","No residentes",77
2015-03-01,"Cabo Dos Bahías","Residentes",962
2015-04-01,"Bosque Petrificado Sarmiento","No residentes",60
2015-04-01,"Bosque Petrificado Sarmiento","Residentes",539
2015-04-01,"Península Valdés","No residentes",643
2015-04-01,"Península Valdés","Residentes",7133
2015-04-01,"Punta Loma","No residentes",99
2015-04-01,"Punta Loma","Residentes",1334
2015-04-01,"Punta Marqués","No residentes",46
2015-04-01,"Punta Marqués","Residentes",730
2015-04-01,"Punta Tombo","No residentes",57
2015-04-01,"Punta Tombo","Residentes",732
2015-04-01,"Cabo Dos Bahías","No residentes",10
2015-04-01,"Cabo Dos Bahías","Residentes",361
2015-05-01,"Bosque Petrificado Sarmiento","No residentes",34
2015-05-01,"Bosque Petrificado Sarmiento","Residentes",371
2015-05-01,"Península Valdés","No residentes",253
2015-05-01,"Península Valdés","Residentes",4133
2015-05-01,"Punta Loma","No residentes",72
2015-05-01,"Punta Loma","Residentes",1244
2015-05-01,"Punta Marqués","No residentes",16
2015-05-01,"Punta Marqués","Residentes",523
2015-05-01,"Punta Tombo","No residentes",NA
2015-05-01,"Punta Tombo","Residentes",NA
2015-05-01,"Cabo Dos Bahías","No residentes",NA
2015-05-01,"Cabo Dos Bahías","Residentes",NA
2015-06-01,"Bosque Petrificado Sarmiento","No residentes",2
2015-06-01,"Bosque Petrificado Sarmiento","Residentes",137
2015-06-01,"Península Valdés","No residentes",211
2015-06-01,"Península Valdés","Residentes",4890
2015-06-01,"Punta Loma","No residentes",61
2015-06-01,"Punta Loma","Residentes",1121
2015-06-01,"Punta Marqués","No residentes",6
2015-06-01,"Punta Marqués","Residentes",320
2015-06-01,"Punta Tombo","No residentes",NA
2015-06-01,"Punta Tombo","Residentes",NA
2015-06-01,"Cabo Dos Bahías","No residentes",NA
2015-06-01,"Cabo Dos Bahías","Residentes",NA
2015-07-01,"Bosque Petrificado Sarmiento","No residentes",17
2015-07-01,"Bosque Petrificado Sarmiento","Residentes",475
2015-07-01,"Península Valdés","No residentes",788
2015-07-01,"Península Valdés","Residentes",27654
2015-07-01,"Punta Loma","No residentes",144
2015-07-01,"Punta Loma","Residentes",7156
2015-07-01,"Punta Marqués","No residentes",30
2015-07-01,"Punta Marqués","Residentes",1077
2015-07-01,"Punta Tombo","No residentes",NA
2015-07-01,"Punta Tombo","Residentes",NA
2015-07-01,"Cabo Dos Bahías","No residentes",NA
2015-07-01,"Cabo Dos Bahías","Residentes",NA
2015-08-01,"Bosque Petrificado Sarmiento","No residentes",8
2015-08-01,"Bosque Petrificado Sarmiento","Residentes",247
2015-08-01,"Península Valdés","No residentes",951
2015-08-01,"Península Valdés","Residentes",17320
2015-08-01,"Punta Loma","No residentes",339
2015-08-01,"Punta Loma","Residentes",3314
2015-08-01,"Punta Marqués","No residentes",11
2015-08-01,"Punta Marqués","Residentes",674
2015-08-01,"Punta Tombo","No residentes",NA
2015-08-01,"Punta Tombo","Residentes",NA
2015-08-01,"Cabo Dos Bahías","No residentes",NA
2015-08-01,"Cabo Dos Bahías","Residentes",NA
2015-09-01,"Bosque Petrificado Sarmiento","No residentes",60
2015-09-01,"Bosque Petrificado Sarmiento","Residentes",541
2015-09-01,"Península Valdés","No residentes",1999
2015-09-01,"Península Valdés","Residentes",24137
2015-09-01,"Punta Loma","No residentes",193
2015-09-01,"Punta Loma","Residentes",4458
2015-09-01,"Punta Marqués","No residentes",25
2015-09-01,"Punta Marqués","Residentes",1086
2015-09-01,"Punta Tombo","No residentes",1089
2015-09-01,"Punta Tombo","Residentes",5320
2015-09-01,"Cabo Dos Bahías","No residentes",21
2015-09-01,"Cabo Dos Bahías","Residentes",252
2015-10-01,"Bosque Petrificado Sarmiento","No residentes",92
2015-10-01,"Bosque Petrificado Sarmiento","Residentes",616
2015-10-01,"Península Valdés","No residentes",5191
2015-10-01,"Península Valdés","Residentes",32800
2015-10-01,"Punta Loma","No residentes",302
2015-10-01,"Punta Loma","Residentes",5021
2015-10-01,"Punta Marqués","No residentes",28
2015-10-01,"Punta Marqués","Residentes",1333
2015-10-01,"Punta Tombo","No residentes",4193
2015-10-01,"Punta Tombo","Residentes",17208
2015-10-01,"Cabo Dos Bahías","No residentes",54
2015-10-01,"Cabo Dos Bahías","Residentes",683
2015-11-01,"Bosque Petrificado Sarmiento","No residentes",278
2015-11-01,"Bosque Petrificado Sarmiento","Residentes",637
2015-11-01,"Península Valdés","No residentes",8999
2015-11-01,"Península Valdés","Residentes",23127
2015-11-01,"Punta Loma","No residentes",562
2015-11-01,"Punta Loma","Residentes",2086
2015-11-01,"Punta Marqués","No residentes",50
2015-11-01,"Punta Marqués","Residentes",1125
2015-11-01,"Punta Tombo","No residentes",5691
2015-11-01,"Punta Tombo","Residentes",10009
2015-11-01,"Cabo Dos Bahías","No residentes",149
2015-11-01,"Cabo Dos Bahías","Residentes",404
2015-12-01,"Bosque Petrificado Sarmiento","No residentes",270
2015-12-01,"Bosque Petrificado Sarmiento","Residentes",488
2015-12-01,"Península Valdés","No residentes",5825
2015-12-01,"Península Valdés","Residentes",30628
2015-12-01,"Punta Loma","No residentes",1288
2015-12-01,"Punta Loma","Residentes",2158
2015-12-01,"Punta Marqués","No residentes",48
2015-12-01,"Punta Marqués","Residentes",1044
2015-12-01,"Punta Tombo","No residentes",4734
2015-12-01,"Punta Tombo","Residentes",5264
2015-12-01,"Cabo Dos Bahías","No residentes",18
2015-12-01,"Cabo Dos Bahías","Residentes",379
2016-01-01,"Bosque Petrificado Sarmiento","No residentes",288
2016-01-01,"Bosque Petrificado Sarmiento","Residentes",1705
2016-01-01,"Península Valdés","No residentes",6464
2016-01-01,"Península Valdés","Residentes",68767
2016-01-01,"Punta Loma","No residentes",1843
2016-01-01,"Punta Loma","Residentes",9390
2016-01-01,"Punta Marqués","No residentes",103
2016-01-01,"Punta Marqués","Residentes",3006
2016-01-01,"Punta Tombo","No residentes",5989
2016-01-01,"Punta Tombo","Residentes",15606
2016-01-01,"Cabo Dos Bahías","No residentes",148
2016-01-01,"Cabo Dos Bahías","Residentes",1566
2016-02-01,"Bosque Petrificado Sarmiento","No residentes",318
2016-02-01,"Bosque Petrificado Sarmiento","Residentes",1057
2016-02-01,"Península Valdés","No residentes",6774
2016-02-01,"Península Valdés","Residentes",40748
2016-02-01,"Punta Loma","No residentes",2640
2016-02-01,"Punta Loma","Residentes",6359
2016-02-01,"Punta Marqués","No residentes",141
2016-02-01,"Punta Marqués","Residentes",1771
2016-02-01,"Punta Tombo","No residentes",4646
2016-02-01,"Punta Tombo","Residentes",8596
2016-02-01,"Cabo Dos Bahías","No residentes",205
2016-02-01,"Cabo Dos Bahías","Residentes",1325
2016-03-01,"Bosque Petrificado Sarmiento","No residentes",100
2016-03-01,"Bosque Petrificado Sarmiento","Residentes",774
2016-03-01,"Península Valdés","No residentes",5041
2016-03-01,"Península Valdés","Residentes",12769
2016-03-01,"Punta Loma","No residentes",1116
2016-03-01,"Punta Loma","Residentes",2858
2016-03-01,"Punta Marqués","No residentes",56
2016-03-01,"Punta Marqués","Residentes",1224
2016-03-01,"Punta Tombo","No residentes",3981
2016-03-01,"Punta Tombo","Residentes",3902
2016-03-01,"Cabo Dos Bahías","No residentes",69
2016-03-01,"Cabo Dos Bahías","Residentes",572
2016-04-01,"Bosque Petrificado Sarmiento","No residentes",55
2016-04-01,"Bosque Petrificado Sarmiento","Residentes",366
2016-04-01,"Península Valdés","No residentes",875
2016-04-01,"Península Valdés","Residentes",4353
2016-04-01,"Punta Loma","No residentes",349
2016-04-01,"Punta Loma","Residentes",1234
2016-04-01,"Punta Marqués","No residentes",33
2016-04-01,"Punta Marqués","Residentes",555
2016-04-01,"Punta Tombo","No residentes",597
2016-04-01,"Punta Tombo","Residentes",228
2016-04-01,"Cabo Dos Bahías","No residentes",16
2016-04-01,"Cabo Dos Bahías","Residentes",169
2016-05-01,"Bosque Petrificado Sarmiento","No residentes",4
2016-05-01,"Bosque Petrificado Sarmiento","Residentes",225
2016-05-01,"Península Valdés","No residentes",216
2016-05-01,"Península Valdés","Residentes",3361
2016-05-01,"Punta Loma","No residentes",69
2016-05-01,"Punta Loma","Residentes",1089
2016-05-01,"Punta Marqués","No residentes",20
2016-05-01,"Punta Marqués","Residentes",445
2016-05-01,"Punta Tombo","No residentes",NA
2016-05-01,"Punta Tombo","Residentes",NA
2016-05-01,"Cabo Dos Bahías","No residentes",NA
2016-05-01,"Cabo Dos Bahías","Residentes",NA
2016-06-01,"Bosque Petrificado Sarmiento","No residentes",8
2016-06-01,"Bosque Petrificado Sarmiento","Residentes",191
2016-06-01,"Península Valdés","No residentes",204
2016-06-01,"Península Valdés","Residentes",6734
2016-06-01,"Punta Loma","No residentes",81
2016-06-01,"Punta Loma","Residentes",2037
2016-06-01,"Punta Marqués","No residentes",44
2016-06-01,"Punta Marqués","Residentes",1003
2016-06-01,"Punta Tombo","No residentes",NA
2016-06-01,"Punta Tombo","Residentes",NA
2016-06-01,"Cabo Dos Bahías","No residentes",NA
2016-06-01,"Cabo Dos Bahías","Residentes",NA
2016-07-01,"Bosque Petrificado Sarmiento","No residentes",11
2016-07-01,"Bosque Petrificado Sarmiento","Residentes",316
2016-07-01,"Península Valdés","No residentes",611
2016-07-01,"Península Valdés","Residentes",24398
2016-07-01,"Punta Loma","No residentes",165
2016-07-01,"Punta Loma","Residentes",8962
2016-07-01,"Punta Marqués","No residentes",55
2016-07-01,"Punta Marqués","Residentes",1378
2016-07-01,"Punta Tombo","No residentes",NA
2016-07-01,"Punta Tombo","Residentes",NA
2016-07-01,"Cabo Dos Bahías","No residentes",NA
2016-07-01,"Cabo Dos Bahías","Residentes",NA
2016-08-01,"Bosque Petrificado Sarmiento","No residentes",14
2016-08-01,"Bosque Petrificado Sarmiento","Residentes",216
2016-08-01,"Península Valdés","No residentes",864
2016-08-01,"Península Valdés","Residentes",14158
2016-08-01,"Punta Loma","No residentes",173
2016-08-01,"Punta Loma","Residentes",3531
2016-08-01,"Punta Marqués","No residentes",14
2016-08-01,"Punta Marqués","Residentes",696
2016-08-01,"Punta Tombo","No residentes",NA
2016-08-01,"Punta Tombo","Residentes",NA
2016-08-01,"Cabo Dos Bahías","No residentes",NA
2016-08-01,"Cabo Dos Bahías","Residentes",NA
2016-09-01,"Bosque Petrificado Sarmiento","No residentes",24
2016-09-01,"Bosque Petrificado Sarmiento","Residentes",399
2016-09-01,"Península Valdés","No residentes",1857
2016-09-01,"Península Valdés","Residentes",20955
2016-09-01,"Punta Loma","No residentes",292
2016-09-01,"Punta Loma","Residentes",4498
2016-09-01,"Punta Marqués","No residentes",46
2016-09-01,"Punta Marqués","Residentes",1031
2016-09-01,"Punta Tombo","No residentes",588
2016-09-01,"Punta Tombo","Residentes",4275
2016-09-01,"Cabo Dos Bahías","No residentes",10
2016-09-01,"Cabo Dos Bahías","Residentes",290
2016-10-01,"Bosque Petrificado Sarmiento","No residentes",36
2016-10-01,"Bosque Petrificado Sarmiento","Residentes",524
2016-10-01,"Península Valdés","No residentes",5992
2016-10-01,"Península Valdés","Residentes",32441
2016-10-01,"Punta Loma","No residentes",568
2016-10-01,"Punta Loma","Residentes",5421
2016-10-01,"Punta Marqués","No residentes",30
2016-10-01,"Punta Marqués","Residentes",1185
2016-10-01,"Punta Tombo","No residentes",2742
2016-10-01,"Punta Tombo","Residentes",17629
2016-10-01,"Cabo Dos Bahías","No residentes",74
2016-10-01,"Cabo Dos Bahías","Residentes",634
2016-11-01,"Bosque Petrificado Sarmiento","No residentes",214
2016-11-01,"Bosque Petrificado Sarmiento","Residentes",535
2016-11-01,"Península Valdés","No residentes",9294
2016-11-01,"Península Valdés","Residentes",17998
2016-11-01,"Punta Loma","No residentes",754
2016-11-01,"Punta Loma","Residentes",2746
2016-11-01,"Punta Marqués","No residentes",43
2016-11-01,"Punta Marqués","Residentes",963
2016-11-01,"Punta Tombo","No residentes",6001
2016-11-01,"Punta Tombo","Residentes",9447
2016-11-01,"Cabo Dos Bahías","No residentes",230
2016-11-01,"Cabo Dos Bahías","Residentes",1048
2016-12-01,"Bosque Petrificado Sarmiento","No residentes",193
2016-12-01,"Bosque Petrificado Sarmiento","Residentes",504
2016-12-01,"Península Valdés","No residentes",4588
2016-12-01,"Península Valdés","Residentes",20515
2016-12-01,"Punta Loma","No residentes",776
2016-12-01,"Punta Loma","Residentes",2465
2016-12-01,"Punta Marqués","No residentes",65
2016-12-01,"Punta Marqués","Residentes",1117
2016-12-01,"Punta Tombo","No residentes",3096
2016-12-01,"Punta Tombo","Residentes",4208
2016-12-01,"Cabo Dos Bahías","No residentes",194
2016-12-01,"Cabo Dos Bahías","Residentes",819
2017-01-01,"Bosque Petrificado Sarmiento","No residentes",245
2017-01-01,"Bosque Petrificado Sarmiento","Residentes",1450
2017-01-01,"Península Valdés","No residentes",6397
2017-01-01,"Península Valdés","Residentes",75495
2017-01-01,"Punta Loma","No residentes",2302
2017-01-01,"Punta Loma","Residentes",11186
2017-01-01,"Punta Marqués","No residentes",53
2017-01-01,"Punta Marqués","Residentes",2664
2017-01-01,"Punta Tombo","No residentes",7128
2017-01-01,"Punta Tombo","Residentes",14203
2017-01-01,"Cabo Dos Bahías","No residentes",211
2017-01-01,"Cabo Dos Bahías","Residentes",1939
2017-02-01,"Bosque Petrificado Sarmiento","No residentes",347
2017-02-01,"Bosque Petrificado Sarmiento","Residentes",1170
2017-02-01,"Península Valdés","No residentes",7078
2017-02-01,"Península Valdés","Residentes",38460
2017-02-01,"Punta Loma","No residentes",3283
2017-02-01,"Punta Loma","Residentes",8150
2017-02-01,"Punta Marqués","No residentes",147
2017-02-01,"Punta Marqués","Residentes",2027
2017-02-01,"Punta Tombo","No residentes",5508
2017-02-01,"Punta Tombo","Residentes",13585
2017-02-01,"Cabo Dos Bahías","No residentes",211
2017-02-01,"Cabo Dos Bahías","Residentes",2270
2017-03-01,"Bosque Petrificado Sarmiento","No residentes",130
2017-03-01,"Bosque Petrificado Sarmiento","Residentes",466
2017-03-01,"Península Valdés","No residentes",2538
2017-03-01,"Península Valdés","Residentes",10658
2017-03-01,"Punta Loma","No residentes",891
2017-03-01,"Punta Loma","Residentes",3662
2017-03-01,"Punta Marqués","No residentes",38
2017-03-01,"Punta Marqués","Residentes",797
2017-03-01,"Punta Tombo","No residentes",951
2017-03-01,"Punta Tombo","Residentes",4687
2017-03-01,"Cabo Dos Bahías","No residentes",138
2017-03-01,"Cabo Dos Bahías","Residentes",692
2017-04-01,"Bosque Petrificado Sarmiento","No residentes",20
2017-04-01,"Bosque Petrificado Sarmiento","Residentes",116
2017-04-01,"Península Valdés","No residentes",949
2017-04-01,"Península Valdés","Residentes",5961
2017-04-01,"Punta Loma","No residentes",470
2017-04-01,"Punta Loma","Residentes",2550
2017-04-01,"Punta Marqués","No residentes",9
2017-04-01,"Punta Marqués","Residentes",166
2017-04-01,"Punta Tombo","No residentes",180
2017-04-01,"Punta Tombo","Residentes",790
2017-04-01,"Cabo Dos Bahías","No residentes",20
2017-04-01,"Cabo Dos Bahías","Residentes",273
2017-05-01,"Bosque Petrificado Sarmiento","No residentes",24
2017-05-01,"Bosque Petrificado Sarmiento","Residentes",289
2017-05-01,"Península Valdés","No residentes",178
2017-05-01,"Península Valdés","Residentes",4211
2017-05-01,"Punta Loma","No residentes",78
2017-05-01,"Punta Loma","Residentes",1786
2017-05-01,"Punta Marqués","No residentes",20
2017-05-01,"Punta Marqués","Residentes",496
2017-05-01,"Punta Tombo","No residentes",NA
2017-05-01,"Punta Tombo","Residentes",NA
2017-05-01,"Cabo Dos Bahías","No residentes",NA
2017-05-01,"Cabo Dos Bahías","Residentes",NA
2017-06-01,"Bosque Petrificado Sarmiento","No residentes",5
2017-06-01,"Bosque Petrificado Sarmiento","Residentes",62
2017-06-01,"Península Valdés","No residentes",228
2017-06-01,"Península Valdés","Residentes",3737
2017-06-01,"Punta Loma","No residentes",39
2017-06-01,"Punta Loma","Residentes",738
2017-06-01,"Punta Marqués","No residentes",21
2017-06-01,"Punta Marqués","Residentes",303
2017-06-01,"Punta Tombo","No residentes",NA
2017-06-01,"Punta Tombo","Residentes",NA
2017-06-01,"Cabo Dos Bahías","No residentes",NA
2017-06-01,"Cabo Dos Bahías","Residentes",NA
2017-07-01,"Bosque Petrificado Sarmiento","No residentes",26
2017-07-01,"Bosque Petrificado Sarmiento","Residentes",346
2017-07-01,"Península Valdés","No residentes",606
2017-07-01,"Península Valdés","Residentes",18773
2017-07-01,"Punta Loma","No residentes",158
2017-07-01,"Punta Loma","Residentes",7507
2017-07-01,"Punta Marqués","No residentes",24
2017-07-01,"Punta Marqués","Residentes",822
2017-07-01,"Punta Tombo","No residentes",NA
2017-07-01,"Punta Tombo","Residentes",NA
2017-07-01,"Cabo Dos Bahías","No residentes",NA
2017-07-01,"Cabo Dos Bahías","Residentes",NA
2017-08-01,"Bosque Petrificado Sarmiento","No residentes",12
2017-08-01,"Bosque Petrificado Sarmiento","Residentes",222
2017-08-01,"Península Valdés","No residentes",1034
2017-08-01,"Península Valdés","Residentes",14589
2017-08-01,"Punta Loma","No residentes",258
2017-08-01,"Punta Loma","Residentes",4122
2017-08-01,"Punta Marqués","No residentes",7
2017-08-01,"Punta Marqués","Residentes",672
2017-08-01,"Punta Tombo","No residentes",NA
2017-08-01,"Punta Tombo","Residentes",NA
2017-08-01,"Cabo Dos Bahías","No residentes",NA
2017-08-01,"Cabo Dos Bahías","Residentes",NA
2017-09-01,"Bosque Petrificado Sarmiento","No residentes",33
2017-09-01,"Bosque Petrificado Sarmiento","Residentes",285
2017-09-01,"Península Valdés","No residentes",1932
2017-09-01,"Península Valdés","Residentes",26274
2017-09-01,"Punta Loma","No residentes",297
2017-09-01,"Punta Loma","Residentes",5462
2017-09-01,"Punta Marqués","No residentes",33
2017-09-01,"Punta Marqués","Residentes",881
2017-09-01,"Punta Tombo","No residentes",854
2017-09-01,"Punta Tombo","Residentes",8911
2017-09-01,"Cabo Dos Bahías","No residentes",33
2017-09-01,"Cabo Dos Bahías","Residentes",466
2017-10-01,"Bosque Petrificado Sarmiento","No residentes",85
2017-10-01,"Bosque Petrificado Sarmiento","Residentes",594
2017-10-01,"Península Valdés","No residentes",5423
2017-10-01,"Península Valdés","Residentes",33723
2017-10-01,"Punta Loma","No residentes",481
2017-10-01,"Punta Loma","Residentes",6913
2017-10-01,"Punta Marqués","No residentes",52
2017-10-01,"Punta Marqués","Residentes",755
2017-10-01,"Punta Tombo","No residentes",2816
2017-10-01,"Punta Tombo","Residentes",16020
2017-10-01,"Cabo Dos Bahías","No residentes",76
2017-10-01,"Cabo Dos Bahías","Residentes",777
2017-11-01,"Bosque Petrificado Sarmiento","No residentes",166
2017-11-01,"Bosque Petrificado Sarmiento","Residentes",696
2017-11-01,"Península Valdés","No residentes",8901
2017-11-01,"Península Valdés","Residentes",19752
2017-11-01,"Punta Loma","No residentes",961
2017-11-01,"Punta Loma","Residentes",3917
2017-11-01,"Punta Marqués","No residentes",54
2017-11-01,"Punta Marqués","Residentes",594
2017-11-01,"Punta Tombo","No residentes",4331
2017-11-01,"Punta Tombo","Residentes",10187
2017-11-01,"Cabo Dos Bahías","No residentes",398
2017-11-01,"Cabo Dos Bahías","Residentes",761
2017-12-01,"Bosque Petrificado Sarmiento","No residentes",185
2017-12-01,"Bosque Petrificado Sarmiento","Residentes",453
2017-12-01,"Península Valdés","No residentes",5324
2017-12-01,"Península Valdés","Residentes",19640
2017-12-01,"Punta Loma","No residentes",1215
2017-12-01,"Punta Loma","Residentes",3167
2017-12-01,"Punta Marqués","No residentes",59
2017-12-01,"Punta Marqués","Residentes",802
2017-12-01,"Punta Tombo","No residentes",4983
2017-12-01,"Punta Tombo","Residentes",4140
2017-12-01,"Cabo Dos Bahías","No residentes",203
2017-12-01,"Cabo Dos Bahías","Residentes",906
2018-01-01,"Bosque Petrificado Sarmiento","No residentes",259
2018-01-01,"Bosque Petrificado Sarmiento","Residentes",1313
2018-01-01,"Península Valdés","No residentes",7112
2018-01-01,"Península Valdés","Residentes",77698
2018-01-01,"Punta Loma","No residentes",2934
2018-01-01,"Punta Loma","Residentes",12626
2018-01-01,"Punta Marqués","No residentes",68
2018-01-01,"Punta Marqués","Residentes",2070
2018-01-01,"Punta Tombo","No residentes",6057
2018-01-01,"Punta Tombo","Residentes",14156
2018-01-01,"Cabo Dos Bahías","No residentes",228
2018-01-01,"Cabo Dos Bahías","Residentes",1797
2018-02-01,"Bosque Petrificado Sarmiento","No residentes",164
2018-02-01,"Bosque Petrificado Sarmiento","Residentes",1002
2018-02-01,"Península Valdés","No residentes",5587
2018-02-01,"Península Valdés","Residentes",40718
2018-02-01,"Punta Loma","No residentes",2647
2018-02-01,"Punta Loma","Residentes",9098
2018-02-01,"Punta Marqués","No residentes",106
2018-02-01,"Punta Marqués","Residentes",1086
2018-02-01,"Punta Tombo","No residentes",3526
2018-02-01,"Punta Tombo","Residentes",10127
2018-02-01,"Cabo Dos Bahías","No residentes",198
2018-02-01,"Cabo Dos Bahías","Residentes",1467
2018-03-01,"Bosque Petrificado Sarmiento","No residentes",113
2018-03-01,"Bosque Petrificado Sarmiento","Residentes",766
2018-03-01,"Península Valdés","No residentes",2817
2018-03-01,"Península Valdés","Residentes",12362
2018-03-01,"Punta Loma","No residentes",828
2018-03-01,"Punta Loma","Residentes",4487
2018-03-01,"Punta Marqués","No residentes",73
2018-03-01,"Punta Marqués","Residentes",901
2018-03-01,"Punta Tombo","No residentes",1850
2018-03-01,"Punta Tombo","Residentes",4878
2018-03-01,"Cabo Dos Bahías","No residentes",0
2018-03-01,"Cabo Dos Bahías","Residentes",0
2018-04-01,"Bosque Petrificado Sarmiento","No residentes",24
2018-04-01,"Bosque Petrificado Sarmiento","Residentes",528
2018-04-01,"Península Valdés","No residentes",555
2018-04-01,"Península Valdés","Residentes",8022
2018-04-01,"Punta Loma","No residentes",150
2018-04-01,"Punta Loma","Residentes",3510
2018-04-01,"Punta Marqués","No residentes",17
2018-04-01,"Punta Marqués","Residentes",573
2018-04-01,"Punta Tombo","No residentes",19
2018-04-01,"Punta Tombo","Residentes",657
2018-04-01,"Cabo Dos Bahías","No residentes",0
2018-04-01,"Cabo Dos Bahías","Residentes",0
2018-05-01,"Bosque Petrificado Sarmiento","No residentes",26
2018-05-01,"Bosque Petrificado Sarmiento","Residentes",179
2018-05-01,"Península Valdés","No residentes",218
2018-05-01,"Península Valdés","Residentes",3292
2018-05-01,"Punta Loma","No residentes",128
2018-05-01,"Punta Loma","Residentes",1930
2018-05-01,"Punta Marqués","No residentes",22
2018-05-01,"Punta Marqués","Residentes",312
2018-05-01,"Punta Tombo","No residentes",NA
2018-05-01,"Punta Tombo","Residentes",NA
2018-05-01,"Cabo Dos Bahías","No residentes",NA
2018-05-01,"Cabo Dos Bahías","Residentes",NA
2018-06-01,"Bosque Petrificado Sarmiento","No residentes",4
2018-06-01,"Bosque Petrificado Sarmiento","Residentes",109
2018-06-01,"Península Valdés","No residentes",422
2018-06-01,"Península Valdés","Residentes",3295
2018-06-01,"Punta Loma","No residentes",113
2018-06-01,"Punta Loma","Residentes",1520
2018-06-01,"Punta Marqués","No residentes",17
2018-06-01,"Punta Marqués","Residentes",357
2018-06-01,"Punta Tombo","No residentes",NA
2018-06-01,"Punta Tombo","Residentes",NA
2018-06-01,"Cabo Dos Bahías","No residentes",NA
2018-06-01,"Cabo Dos Bahías","Residentes",NA
2018-07-01,"Bosque Petrificado Sarmiento","No residentes",9
2018-07-01,"Bosque Petrificado Sarmiento","Residentes",228
2018-07-01,"Península Valdés","No residentes",622
2018-07-01,"Península Valdés","Residentes",15800
2018-07-01,"Punta Loma","No residentes",182
2018-07-01,"Punta Loma","Residentes",7391
2018-07-01,"Punta Marqués","No residentes",15
2018-07-01,"Punta Marqués","Residentes",546
2018-07-01,"Punta Tombo","No residentes",NA
2018-07-01,"Punta Tombo","Residentes",NA
2018-07-01,"Cabo Dos Bahías","No residentes",NA
2018-07-01,"Cabo Dos Bahías","Residentes",NA
2018-08-01,"Bosque Petrificado Sarmiento","No residentes",7
2018-08-01,"Bosque Petrificado Sarmiento","Residentes",279
2018-08-01,"Península Valdés","No residentes",1044
2018-08-01,"Península Valdés","Residentes",12892
2018-08-01,"Punta Loma","No residentes",193
2018-08-01,"Punta Loma","Residentes",4273
2018-08-01,"Punta Marqués","No residentes",22
2018-08-01,"Punta Marqués","Residentes",750
2018-08-01,"Punta Tombo","No residentes",NA
2018-08-01,"Punta Tombo","Residentes",NA
2018-08-01,"Cabo Dos Bahías","No residentes",NA
2018-08-01,"Cabo Dos Bahías","Residentes",NA
2018-09-01,"Bosque Petrificado Sarmiento","No residentes",29
2018-09-01,"Bosque Petrificado Sarmiento","Residentes",218
2018-09-01,"Península Valdés","No residentes",2959
2018-09-01,"Península Valdés","Residentes",23498
2018-09-01,"Punta Loma","No residentes",615
2018-09-01,"Punta Loma","Residentes",7035
2018-09-01,"Punta Marqués","No residentes",71
2018-09-01,"Punta Marqués","Residentes",616
2018-09-01,"Punta Tombo","No residentes",1242
2018-09-01,"Punta Tombo","Residentes",10169
2018-09-01,"Cabo Dos Bahías","No residentes",0
2018-09-01,"Cabo Dos Bahías","Residentes",0
2018-10-01,"Bosque Petrificado Sarmiento","No residentes",51
2018-10-01,"Bosque Petrificado Sarmiento","Residentes",158
2018-10-01,"Península Valdés","No residentes",6085
2018-10-01,"Península Valdés","Residentes",37289
2018-10-01,"Punta Loma","No residentes",751
2018-10-01,"Punta Loma","Residentes",8026
2018-10-01,"Punta Marqués","No residentes",32
2018-10-01,"Punta Marqués","Residentes",506
2018-10-01,"Punta Tombo","No residentes",3256
2018-10-01,"Punta Tombo","Residentes",18498
2018-10-01,"Cabo Dos Bahías","No residentes",37
2018-10-01,"Cabo Dos Bahías","Residentes",334
2018-11-01,"Bosque Petrificado Sarmiento","No residentes",150
2018-11-01,"Bosque Petrificado Sarmiento","Residentes",472
2018-11-01,"Península Valdés","No residentes",10035
2018-11-01,"Península Valdés","Residentes",18542
2018-11-01,"Punta Loma","No residentes",1058
2018-11-01,"Punta Loma","Residentes",4544
2018-11-01,"Punta Marqués","No residentes",55
2018-11-01,"Punta Marqués","Residentes",1007
2018-11-01,"Punta Tombo","No residentes",5143
2018-11-01,"Punta Tombo","Residentes",10656
2018-11-01,"Cabo Dos Bahías","No residentes",142
2018-11-01,"Cabo Dos Bahías","Residentes",795
2018-12-01,"Bosque Petrificado Sarmiento","No residentes",119
2018-12-01,"Bosque Petrificado Sarmiento","Residentes",438
2018-12-01,"Península Valdés","No residentes",6914
2018-12-01,"Península Valdés","Residentes",18572
2018-12-01,"Punta Loma","No residentes",1535
2018-12-01,"Punta Loma","Residentes",3471
2018-12-01,"Punta Marqués","No residentes",41
2018-12-01,"Punta Marqués","Residentes",1042
2018-12-01,"Punta Tombo","No residentes",6284
2018-12-01,"Punta Tombo","Residentes",4290
2018-12-01,"Cabo Dos Bahías","No residentes",144
2018-12-01,"Cabo Dos Bahías","Residentes",258
2019-01-01,"Bosque Petrificado Sarmiento","No residentes",216
2019-01-01,"Bosque Petrificado Sarmiento","Residentes",1332
2019-01-01,"Península Valdés","No residentes",9785
2019-01-01,"Península Valdés","Residentes",54164
2019-01-01,"Punta Loma","No residentes",3478
2019-01-01,"Punta Loma","Residentes",13488
2019-01-01,"Punta Marqués","No residentes",91
2019-01-01,"Punta Marqués","Residentes",2056
2019-01-01,"Punta Tombo","No residentes",7981
2019-01-01,"Punta Tombo","Residentes",14181
2019-01-01,"Cabo Dos Bahías","No residentes",169
2019-01-01,"Cabo Dos Bahías","Residentes",1818
2019-02-01,"Bosque Petrificado Sarmiento","No residentes",214
2019-02-01,"Bosque Petrificado Sarmiento","Residentes",784
2019-02-01,"Península Valdés","No residentes",6141
2019-02-01,"Península Valdés","Residentes",29871
2019-02-01,"Punta Loma","No residentes",2491
2019-02-01,"Punta Loma","Residentes",8196
2019-02-01,"Punta Marqués","No residentes",119
2019-02-01,"Punta Marqués","Residentes",1738
2019-02-01,"Punta Tombo","No residentes",5248
2019-02-01,"Punta Tombo","Residentes",8516
2019-02-01,"Cabo Dos Bahías","No residentes",197
2019-02-01,"Cabo Dos Bahías","Residentes",1099
2019-03-01,"Bosque Petrificado Sarmiento","No residentes",113
2019-03-01,"Bosque Petrificado Sarmiento","Residentes",618
2019-03-01,"Península Valdés","No residentes",3015
2019-03-01,"Península Valdés","Residentes",10718
2019-03-01,"Punta Loma","No residentes",1233
2019-03-01,"Punta Loma","Residentes",4876
2019-03-01,"Punta Marqués","No residentes",70
2019-03-01,"Punta Marqués","Residentes",1000
2019-03-01,"Punta Tombo","No residentes",1719
2019-03-01,"Punta Tombo","Residentes",3762
2019-03-01,"Cabo Dos Bahías","No residentes",70
2019-03-01,"Cabo Dos Bahías","Residentes",1215
2019-04-01,"Bosque Petrificado Sarmiento","No residentes",50
2019-04-01,"Bosque Petrificado Sarmiento","Residentes",448
2019-04-01,"Península Valdés","No residentes",841
2019-04-01,"Península Valdés","Residentes",7087
2019-04-01,"Punta Loma","No residentes",236
2019-04-01,"Punta Loma","Residentes",3448
2019-04-01,"Punta Marqués","No residentes",42
2019-04-01,"Punta Marqués","Residentes",922
2019-04-01,"Punta Tombo","No residentes",266
2019-04-01,"Punta Tombo","Residentes",1689
2019-04-01,"Cabo Dos Bahías","No residentes",2
2019-04-01,"Cabo Dos Bahías","Residentes",211
2019-05-01,"Bosque Petrificado Sarmiento","No residentes",19
2019-05-01,"Bosque Petrificado Sarmiento","Residentes",249
2019-05-01,"Península Valdés","No residentes",241
2019-05-01,"Península Valdés","Residentes",3763
2019-05-01,"Punta Loma","No residentes",153
2019-05-01,"Punta Loma","Residentes",2099
2019-05-01,"Punta Marqués","No residentes",23
2019-05-01,"Punta Marqués","Residentes",664
2019-05-01,"Punta Tombo","No residentes",NA
2019-05-01,"Punta Tombo","Residentes",NA
2019-05-01,"Cabo Dos Bahías","No residentes",NA
2019-05-01,"Cabo Dos Bahías","Residentes",NA
2019-06-01,"Bosque Petrificado Sarmiento","No residentes",3
2019-06-01,"Bosque Petrificado Sarmiento","Residentes",120
2019-06-01,"Península Valdés","No residentes",238
2019-06-01,"Península Valdés","Residentes",5553
2019-06-01,"Punta Loma","No residentes",82
2019-06-01,"Punta Loma","Residentes",1863
2019-06-01,"Punta Marqués","No residentes",20
2019-06-01,"Punta Marqués","Residentes",692
2019-06-01,"Punta Tombo","No residentes",NA
2019-06-01,"Punta Tombo","Residentes",NA
2019-06-01,"Cabo Dos Bahías","No residentes",NA
2019-06-01,"Cabo Dos Bahías","Residentes",NA
2019-07-01,"Bosque Petrificado Sarmiento","No residentes",14
2019-07-01,"Bosque Petrificado Sarmiento","Residentes",263
2019-07-01,"Península Valdés","No residentes",835
2019-07-01,"Península Valdés","Residentes",20567
2019-07-01,"Punta Loma","No residentes",236
2019-07-01,"Punta Loma","Residentes",9532
2019-07-01,"Punta Marqués","No residentes",31
2019-07-01,"Punta Marqués","Residentes",1254
2019-07-01,"Punta Tombo","No residentes",NA
2019-07-01,"Punta Tombo","Residentes",NA
2019-07-01,"Cabo Dos Bahías","No residentes",NA
2019-07-01,"Cabo Dos Bahías","Residentes",NA
2019-08-01,"Bosque Petrificado Sarmiento","No residentes",12
2019-08-01,"Bosque Petrificado Sarmiento","Residentes",147
2019-08-01,"Península Valdés","No residentes",1453
2019-08-01,"Península Valdés","Residentes",13270
2019-08-01,"Punta Loma","No residentes",361
2019-08-01,"Punta Loma","Residentes",4971
2019-08-01,"Punta Marqués","No residentes",37
2019-08-01,"Punta Marqués","Residentes",836
2019-08-01,"Punta Tombo","No residentes",NA
2019-08-01,"Punta Tombo","Residentes",NA
2019-08-01,"Cabo Dos Bahías","No residentes",NA
2019-08-01,"Cabo Dos Bahías","Residentes",NA
2019-09-01,"Bosque Petrificado Sarmiento","No residentes",37
2019-09-01,"Bosque Petrificado Sarmiento","Residentes",197
2019-09-01,"Península Valdés","No residentes",3175
2019-09-01,"Península Valdés","Residentes",24871
2019-09-01,"Punta Loma","No residentes",381
2019-09-01,"Punta Loma","Residentes",5005
2019-09-01,"Punta Marqués","No residentes",45
2019-09-01,"Punta Marqués","Residentes",644
2019-09-01,"Punta Tombo","No residentes",1045
2019-09-01,"Punta Tombo","Residentes",9155
2019-09-01,"Cabo Dos Bahías","No residentes",14
2019-09-01,"Cabo Dos Bahías","Residentes",431
2019-10-01,"Bosque Petrificado Sarmiento","No residentes",108
2019-10-01,"Bosque Petrificado Sarmiento","Residentes",300
2019-10-01,"Península Valdés","No residentes",6584
2019-10-01,"Península Valdés","Residentes",32182
2019-10-01,"Punta Loma","No residentes",584
2019-10-01,"Punta Loma","Residentes",6359
2019-10-01,"Punta Marqués","No residentes",29
2019-10-01,"Punta Marqués","Residentes",693
2019-10-01,"Punta Tombo","No residentes",3614
2019-10-01,"Punta Tombo","Residentes",17081
2019-10-01,"Cabo Dos Bahías","No residentes",66
2019-10-01,"Cabo Dos Bahías","Residentes",673
2019-11-01,"Bosque Petrificado Sarmiento","No residentes",220
2019-11-01,"Bosque Petrificado Sarmiento","Residentes",191
2019-11-01,"Península Valdés","No residentes",10808
2019-11-01,"Península Valdés","Residentes",19298
2019-11-01,"Punta Loma","No residentes",1299
2019-11-01,"Punta Loma","Residentes",4912
2019-11-01,"Punta Marqués","No residentes",40
2019-11-01,"Punta Marqués","Residentes",734
2019-11-01,"Punta Tombo","No residentes",5014
2019-11-01,"Punta Tombo","Residentes",9872
2019-11-01,"Cabo Dos Bahías","No residentes",315
2019-11-01,"Cabo Dos Bahías","Residentes",635
2019-12-01,"Bosque Petrificado Sarmiento","No residentes",168
2019-12-01,"Bosque Petrificado Sarmiento","Residentes",270
2019-12-01,"Península Valdés","No residentes",7099
2019-12-01,"Península Valdés","Residentes",20064
2019-12-01,"Punta Loma","No residentes",1366
2019-12-01,"Punta Loma","Residentes",3499
2019-12-01,"Punta Marqués","No residentes",163
2019-12-01,"Punta Marqués","Residentes",960
2019-12-01,"Punta Tombo","No residentes",6156
2019-12-01,"Punta Tombo","Residentes",4333
2019-12-01,"Cabo Dos Bahías","No residentes",174
2019-12-01,"Cabo Dos Bahías","Residentes",505
2020-01-01,"Bosque Petrificado Sarmiento","No residentes",176
2020-01-01,"Bosque Petrificado Sarmiento","Residentes",1202
2020-01-01,"Península Valdés","No residentes",7623
2020-01-01,"Península Valdés","Residentes",52338
2020-01-01,"Punta Loma","No residentes",2660
2020-01-01,"Punta Loma","Residentes",14894
2020-01-01,"Punta Marqués","No residentes",87
2020-01-01,"Punta Marqués","Residentes",2063
2020-01-01,"Punta Tombo","No residentes",6239
2020-01-01,"Punta Tombo","Residentes",15644
2020-01-01,"Cabo Dos Bahías","No residentes",241
2020-01-01,"Cabo Dos Bahías","Residentes",1749
2020-02-01,"Bosque Petrificado Sarmiento","No residentes",124
2020-02-01,"Bosque Petrificado Sarmiento","Residentes",1160
2020-02-01,"Península Valdés","No residentes",7088
2020-02-01,"Península Valdés","Residentes",31467
2020-02-01,"Punta Loma","No residentes",3244
2020-02-01,"Punta Loma","Residentes",11596
2020-02-01,"Punta Marqués","No residentes",153
2020-02-01,"Punta Marqués","Residentes",1795
2020-02-01,"Punta Tombo","No residentes",4911
2020-02-01,"Punta Tombo","Residentes",10604
2020-02-01,"Cabo Dos Bahías","No residentes",137
2020-02-01,"Cabo Dos Bahías","Residentes",1002
2020-03-01,"Bosque Petrificado Sarmiento","No residentes",47
2020-03-01,"Bosque Petrificado Sarmiento","Residentes",260
2020-03-01,"Península Valdés","No residentes",1598
2020-03-01,"Península Valdés","Residentes",8767
2020-03-01,"Punta Loma","No residentes",840
2020-03-01,"Punta Loma","Residentes",1706
2020-03-01,"Punta Marqués","No residentes",19
2020-03-01,"Punta Marqués","Residentes",580
2020-03-01,"Punta Tombo","No residentes",1662
2020-03-01,"Punta Tombo","Residentes",1708
2020-03-01,"Cabo Dos Bahías","No residentes",0
2020-03-01,"Cabo Dos Bahías","Residentes",0
2020-04-01,"Bosque Petrificado Sarmiento","No residentes",0
2020-04-01,"Bosque Petrificado Sarmiento","Residentes",0
2020-04-01,"Península Valdés","No residentes",0
2020-04-01,"Península Valdés","Residentes",0
2020-04-01,"Punta Loma","No residentes",0
2020-04-01,"Punta Loma","Residentes",0
2020-04-01,"Punta Marqués","No residentes",0
2020-04-01,"Punta Marqués","Residentes",0
2020-04-01,"Punta Tombo","No residentes",0
2020-04-01,"Punta Tombo","Residentes",0
2020-04-01,"Cabo Dos Bahías","No residentes",0
2020-04-01,"Cabo Dos Bahías","Residentes",0
2020-05-01,"Bosque Petrificado Sarmiento","No residentes",0
2020-05-01,"Bosque Petrificado Sarmiento","Residentes",0
2020-05-01,"Península Valdés","No residentes",0
2020-05-01,"Península Valdés","Residentes",0
2020-05-01,"Punta Loma","No residentes",0
2020-05-01,"Punta Loma","Residentes",0
2020-05-01,"Punta Marqués","No residentes",0
2020-05-01,"Punta Marqués","Residentes",0
2020-05-01,"Punta Tombo","No residentes",NA
2020-05-01,"Punta Tombo","Residentes",NA
2020-05-01,"Cabo Dos Bahías","No residentes",NA
2020-05-01,"Cabo Dos Bahías","Residentes",NA
2020-06-01,"Bosque Petrificado Sarmiento","No residentes",0
2020-06-01,"Bosque Petrificado Sarmiento","Residentes",0
2020-06-01,"Península Valdés","No residentes",0
2020-06-01,"Península Valdés","Residentes",0
2020-06-01,"Punta Loma","No residentes",0
2020-06-01,"Punta Loma","Residentes",0
2020-06-01,"Punta Marqués","No residentes",0
2020-06-01,"Punta Marqués","Residentes",0
2020-06-01,"Punta Tombo","No residentes",NA
2020-06-01,"Punta Tombo","Residentes",NA
2020-06-01,"Cabo Dos Bahías","No residentes",NA
2020-06-01,"Cabo Dos Bahías","Residentes",NA
2020-07-01,"Bosque Petrificado Sarmiento","No residentes",0
2020-07-01,"Bosque Petrificado Sarmiento","Residentes",0
2020-07-01,"Península Valdés","No residentes",0
2020-07-01,"Península Valdés","Residentes",0
2020-07-01,"Punta Loma","No residentes",0
2020-07-01,"Punta Loma","Residentes",0
2020-07-01,"Punta Marqués","No residentes",0
2020-07-01,"Punta Marqués","Residentes",0
2020-07-01,"Punta Tombo","No residentes",NA
2020-07-01,"Punta Tombo","Residentes",NA
2020-07-01,"Cabo Dos Bahías","No residentes",NA
2020-07-01,"Cabo Dos Bahías","Residentes",NA
2020-08-01,"Bosque Petrificado Sarmiento","No residentes",0
2020-08-01,"Bosque Petrificado Sarmiento","Residentes",0
2020-08-01,"Península Valdés","No residentes",0
2020-08-01,"Península Valdés","Residentes",0
2020-08-01,"Punta Loma","No residentes",0
2020-08-01,"Punta Loma","Residentes",0
2020-08-01,"Punta Marqués","No residentes",0
2020-08-01,"Punta Marqués","Residentes",0
2020-08-01,"Punta Tombo","No residentes",NA
2020-08-01,"Punta Tombo","Residentes",NA
2020-08-01,"Cabo Dos Bahías","No residentes",NA
2020-08-01,"Cabo Dos Bahías","Residentes",NA
2020-09-01,"Bosque Petrificado Sarmiento","No residentes",0
2020-09-01,"Bosque Petrificado Sarmiento","Residentes",0
2020-09-01,"Península Valdés","No residentes",0
2020-09-01,"Península Valdés","Residentes",0
2020-09-01,"Punta Loma","No residentes",0
2020-09-01,"Punta Loma","Residentes",0
2020-09-01,"Punta Marqués","No residentes",0
2020-09-01,"Punta Marqués","Residentes",0
2020-09-01,"Punta Tombo","No residentes",0
2020-09-01,"Punta Tombo","Residentes",0
2020-09-01,"Cabo Dos Bahías","No residentes",0
2020-09-01,"Cabo Dos Bahías","Residentes",0
2020-10-01,"Bosque Petrificado Sarmiento","No residentes",0
2020-10-01,"Bosque Petrificado Sarmiento","Residentes",0
2020-10-01,"Península Valdés","No residentes",0
2020-10-01,"Península Valdés","Residentes",0
2020-10-01,"Punta Loma","No residentes",0
2020-10-01,"Punta Loma","Residentes",0
2020-10-01,"Punta Marqués","No residentes",0
2020-10-01,"Punta Marqués","Residentes",0
2020-10-01,"Punta Tombo","No residentes",0
2020-10-01,"Punta Tombo","Residentes",0
2020-10-01,"Cabo Dos Bahías","No residentes",0
2020-10-01,"Cabo Dos Bahías","Residentes",0
2020-11-01,"Bosque Petrificado Sarmiento","No residentes",0
2020-11-01,"Bosque Petrificado Sarmiento","Residentes",11
2020-11-01,"Península Valdés","No residentes",3
2020-11-01,"Península Valdés","Residentes",1194
2020-11-01,"Punta Loma","No residentes",0
2020-11-01,"Punta Loma","Residentes",394
2020-11-01,"Punta Marqués","No residentes",2
2020-11-01,"Punta Marqués","Residentes",172
2020-11-01,"Punta Tombo","No residentes",2
2020-11-01,"Punta Tombo","Residentes",196
2020-11-01,"Cabo Dos Bahías","No residentes",0
2020-11-01,"Cabo Dos Bahías","Residentes",57
2020-12-01,"Bosque Petrificado Sarmiento","No residentes",0
2020-12-01,"Bosque Petrificado Sarmiento","Residentes",82
2020-12-01,"Península Valdés","No residentes",12
2020-12-01,"Península Valdés","Residentes",6661
2020-12-01,"Punta Loma","No residentes",11
2020-12-01,"Punta Loma","Residentes",1533
2020-12-01,"Punta Marqués","No residentes",2
2020-12-01,"Punta Marqués","Residentes",851
2020-12-01,"Punta Tombo","No residentes",3
2020-12-01,"Punta Tombo","Residentes",892
2020-12-01,"Cabo Dos Bahías","No residentes",0
2020-12-01,"Cabo Dos Bahías","Residentes",582
2021-01-01,"Bosque Petrificado Sarmiento","No residentes",2
2021-01-01,"Bosque Petrificado Sarmiento","Residentes",573
2021-01-01,"Península Valdés","No residentes",48
2021-01-01,"Península Valdés","Residentes",27518
2021-01-01,"Punta Loma","No residentes",34
2021-01-01,"Punta Loma","Residentes",8467
2021-01-01,"Punta Marqués","No residentes",6
2021-01-01,"Punta Marqués","Residentes",1456
2021-01-01,"Punta Tombo","No residentes",16
2021-01-01,"Punta Tombo","Residentes",7148
2021-01-01,"Cabo Dos Bahías","No residentes",4
2021-01-01,"Cabo Dos Bahías","Residentes",1824
2021-02-01,"Bosque Petrificado Sarmiento","No residentes",4
2021-02-01,"Bosque Petrificado Sarmiento","Residentes",607
2021-02-01,"Península Valdés","No residentes",22
2021-02-01,"Península Valdés","Residentes",24688
2021-02-01,"Punta Loma","No residentes",7
2021-02-01,"Punta Loma","Residentes",8298
2021-02-01,"Punta Marqués","No residentes",8
2021-02-01,"Punta Marqués","Residentes",1249
2021-02-01,"Punta Tombo","No residentes",2
2021-02-01,"Punta Tombo","Residentes",6238
2021-02-01,"Cabo Dos Bahías","No residentes",0
2021-02-01,"Cabo Dos Bahías","Residentes",1970
2021-03-01,"Bosque Petrificado Sarmiento","No residentes",0
2021-03-01,"Bosque Petrificado Sarmiento","Residentes",347
2021-03-01,"Península Valdés","No residentes",11
2021-03-01,"Península Valdés","Residentes",13531
2021-03-01,"Punta Loma","No residentes",6
2021-03-01,"Punta Loma","Residentes",3977
2021-03-01,"Punta Marqués","No residentes",6
2021-03-01,"Punta Marqués","Residentes",791
2021-03-01,"Punta Tombo","No residentes",7
2021-03-01,"Punta Tombo","Residentes",2516
2021-03-01,"Cabo Dos Bahías","No residentes",0
2021-03-01,"Cabo Dos Bahías","Residentes",858
2021-04-01,"Bosque Petrificado Sarmiento","No residentes",0
2021-04-01,"Bosque Petrificado Sarmiento","Residentes",286
2021-04-01,"Península Valdés","No residentes",11
2021-04-01,"Península Valdés","Residentes",7570
2021-04-01,"Punta Loma","No residentes",3
2021-04-01,"Punta Loma","Residentes",3051
2021-04-01,"Punta Marqués","No residentes",4
2021-04-01,"Punta Marqués","Residentes",749
2021-04-01,"Punta Tombo","No residentes",0
2021-04-01,"Punta Tombo","Residentes",1018
2021-04-01,"Cabo Dos Bahías","No residentes",0
2021-04-01,"Cabo Dos Bahías","Residentes",935
2021-05-01,"Bosque Petrificado Sarmiento","No residentes",0
2021-05-01,"Bosque Petrificado Sarmiento","Residentes",78
2021-05-01,"Península Valdés","No residentes",0
2021-05-01,"Península Valdés","Residentes",2665
2021-05-01,"Punta Loma","No residentes",2
2021-05-01,"Punta Loma","Residentes",919
2021-05-01,"Punta Marqués","No residentes",3
2021-05-01,"Punta Marqués","Residentes",418
2021-05-01,"Punta Tombo","No residentes",NA
2021-05-01,"Punta Tombo","Residentes",NA
2021-05-01,"Cabo Dos Bahías","No residentes",NA
2021-05-01,"Cabo Dos Bahías","Residentes",NA
2021-06-01,"Bosque Petrificado Sarmiento","No residentes",0
2021-06-01,"Bosque Petrificado Sarmiento","Residentes",15
2021-06-01,"Península Valdés","No residentes",0
2021-06-01,"Península Valdés","Residentes",1759
2021-06-01,"Punta Loma","No residentes",2
2021-06-01,"Punta Loma","Residentes",687
2021-06-01,"Punta Marqués","No residentes",2
2021-06-01,"Punta Marqués","Residentes",368
2021-06-01,"Punta Tombo","No residentes",NA
2021-06-01,"Punta Tombo","Residentes",NA
2021-06-01,"Cabo Dos Bahías","No residentes",NA
2021-06-01,"Cabo Dos Bahías","Residentes",NA
2021-07-01,"Bosque Petrificado Sarmiento","No residentes",0
2021-07-01,"Bosque Petrificado Sarmiento","Residentes",256
2021-07-01,"Península Valdés","No residentes",15
2021-07-01,"Península Valdés","Residentes",21246
2021-07-01,"Punta Loma","No residentes",0
2021-07-01,"Punta Loma","Residentes",7938
2021-07-01,"Punta Marqués","No residentes",0
2021-07-01,"Punta Marqués","Residentes",1154
2021-07-01,"Punta Tombo","No residentes",NA
2021-07-01,"Punta Tombo","Residentes",NA
2021-07-01,"Cabo Dos Bahías","No residentes",NA
2021-07-01,"Cabo Dos Bahías","Residentes",NA
2021-08-01,"Bosque Petrificado Sarmiento","No residentes",0
2021-08-01,"Bosque Petrificado Sarmiento","Residentes",237
2021-08-01,"Península Valdés","No residentes",11
2021-08-01,"Península Valdés","Residentes",19902
2021-08-01,"Punta Loma","No residentes",4
2021-08-01,"Punta Loma","Residentes",5473
2021-08-01,"Punta Marqués","No residentes",13
2021-08-01,"Punta Marqués","Residentes",867
2021-08-01,"Punta Tombo","No residentes",NA
2021-08-01,"Punta Tombo","Residentes",NA
2021-08-01,"Cabo Dos Bahías","No residentes",NA
2021-08-01,"Cabo Dos Bahías","Residentes",NA
2021-09-01,"Bosque Petrificado Sarmiento","No residentes",0
2021-09-01,"Bosque Petrificado Sarmiento","Residentes",242
2021-09-01,"Península Valdés","No residentes",24
2021-09-01,"Península Valdés","Residentes",29927
2021-09-01,"Punta Loma","No residentes",10
2021-09-01,"Punta Loma","Residentes",9729
2021-09-01,"Punta Marqués","No residentes",7
2021-09-01,"Punta Marqués","Residentes",929
2021-09-01,"Punta Tombo","No residentes",5
2021-09-01,"Punta Tombo","Residentes",10398
2021-09-01,"Cabo Dos Bahías","No residentes",2
2021-09-01,"Cabo Dos Bahías","Residentes",519
2021-10-01,"Bosque Petrificado Sarmiento","No residentes",0
2021-10-01,"Bosque Petrificado Sarmiento","Residentes",451
2021-10-01,"Península Valdés","No residentes",89
2021-10-01,"Península Valdés","Residentes",49303
2021-10-01,"Punta Loma","No residentes",16
2021-10-01,"Punta Loma","Residentes",14134
2021-10-01,"Punta Marqués","No residentes",4
2021-10-01,"Punta Marqués","Residentes",917
2021-10-01,"Punta Tombo","No residentes",36
2021-10-01,"Punta Tombo","Residentes",23702
2021-10-01,"Cabo Dos Bahías","No residentes",0
2021-10-01,"Cabo Dos Bahías","Residentes",1299
2021-11-01,"Bosque Petrificado Sarmiento","No residentes",4
2021-11-01,"Bosque Petrificado Sarmiento","Residentes",524
2021-11-01,"Península Valdés","No residentes",538
2021-11-01,"Península Valdés","Residentes",27600
2021-11-01,"Punta Loma","No residentes",24
2021-11-01,"Punta Loma","Residentes",7995
2021-11-01,"Punta Marqués","No residentes",4
2021-11-01,"Punta Marqués","Residentes",578
2021-11-01,"Punta Tombo","No residentes",249
2021-11-01,"Punta Tombo","Residentes",13651
2021-11-01,"Cabo Dos Bahías","No residentes",10
2021-11-01,"Cabo Dos Bahías","Residentes",799
2021-12-01,"Bosque Petrificado Sarmiento","No residentes",9
2021-12-01,"Bosque Petrificado Sarmiento","Residentes",316
2021-12-01,"Península Valdés","No residentes",751
2021-12-01,"Península Valdés","Residentes",22129
2021-12-01,"Punta Loma","No residentes",120
2021-12-01,"Punta Loma","Residentes",4090
2021-12-01,"Punta Marqués","No residentes",0
2021-12-01,"Punta Marqués","Residentes",554
2021-12-01,"Punta Tombo","No residentes",437
2021-12-01,"Punta Tombo","Residentes",6209
2021-12-01,"Cabo Dos Bahías","No residentes",28
2021-12-01,"Cabo Dos Bahías","Residentes",757
2022-01-01,"Bosque Petrificado Sarmiento","No residentes",41
2022-01-01,"Bosque Petrificado Sarmiento","Residentes",1378
2022-01-01,"Península Valdés","No residentes",925
2022-01-01,"Península Valdés","Residentes",53318
2022-01-01,"Punta Loma","No residentes",235
2022-01-01,"Punta Loma","Residentes",17906
2022-01-01,"Punta Marqués","No residentes",18
2022-01-01,"Punta Marqués","Residentes",1508
2022-01-01,"Punta Tombo","No residentes",767
2022-01-01,"Punta Tombo","Residentes",21945
2022-01-01,"Cabo Dos Bahías","No residentes",62
2022-01-01,"Cabo Dos Bahías","Residentes",2490
2022-02-01,"Bosque Petrificado Sarmiento","No residentes",32
2022-02-01,"Bosque Petrificado Sarmiento","Residentes",1062
2022-02-01,"Península Valdés","No residentes",939
2022-02-01,"Península Valdés","Residentes",37759
2022-02-01,"Punta Loma","No residentes",177
2022-02-01,"Punta Loma","Residentes",15654
2022-02-01,"Punta Marqués","No residentes",30
2022-02-01,"Punta Marqués","Residentes",1104
2022-02-01,"Punta Tombo","No residentes",595
2022-02-01,"Punta Tombo","Residentes",15517
2022-02-01,"Cabo Dos Bahías","No residentes",77
2022-02-01,"Cabo Dos Bahías","Residentes",1672
2022-03-01,"Bosque Petrificado Sarmiento","No residentes",32
2022-03-01,"Bosque Petrificado Sarmiento","Residentes",636
2022-03-01,"Península Valdés","No residentes",1211
2022-03-01,"Península Valdés","Residentes",14760
2022-03-01,"Punta Loma","No residentes",260
2022-03-01,"Punta Loma","Residentes",5374
2022-03-01,"Punta Marqués","No residentes",18
2022-03-01,"Punta Marqués","Residentes",915
2022-03-01,"Punta Tombo","No residentes",721
2022-03-01,"Punta Tombo","Residentes",5740
2022-03-01,"Cabo Dos Bahías","No residentes",51
2022-03-01,"Cabo Dos Bahías","Residentes",856
2022-04-01,"Bosque Petrificado Sarmiento","No residentes",14
2022-04-01,"Bosque Petrificado Sarmiento","Residentes",341
2022-04-01,"Península Valdés","No residentes",610
2022-04-01,"Península Valdés","Residentes",8407
2022-04-01,"Punta Loma","No residentes",94
2022-04-01,"Punta Loma","Residentes",3695
2022-04-01,"Punta Marqués","No residentes",38
2022-04-01,"Punta Marqués","Residentes",625
2022-04-01,"Punta Tombo","No residentes",187
2022-04-01,"Punta Tombo","Residentes",2079
2022-04-01,"Cabo Dos Bahías","No residentes",13
2022-04-01,"Cabo Dos Bahías","Residentes",584
2022-05-01,"Bosque Petrificado Sarmiento","No residentes",17
2022-05-01,"Bosque Petrificado Sarmiento","Residentes",179
2022-05-01,"Península Valdés","No residentes",213
2022-05-01,"Península Valdés","Residentes",3968
2022-05-01,"Punta Loma","No residentes",53
2022-05-01,"Punta Loma","Residentes",1713
2022-05-01,"Punta Marqués","No residentes",25
2022-05-01,"Punta Marqués","Residentes",622
2022-05-01,"Punta Tombo","No residentes",NA
2022-05-01,"Punta Tombo","Residentes",NA
2022-05-01,"Cabo Dos Bahías","No residentes",NA
2022-05-01,"Cabo Dos Bahías","Residentes",NA
2022-06-01,"Bosque Petrificado Sarmiento","No residentes",4
2022-06-01,"Bosque Petrificado Sarmiento","Residentes",88
2022-06-01,"Península Valdés","No residentes",242
2022-06-01,"Península Valdés","Residentes",7295
2022-06-01,"Punta Loma","No residentes",127
2022-06-01,"Punta Loma","Residentes",3281
2022-06-01,"Punta Marqués","No residentes",43
2022-06-01,"Punta Marqués","Residentes",722
2022-06-01,"Punta Tombo","No residentes",NA
2022-06-01,"Punta Tombo","Residentes",NA
2022-06-01,"Cabo Dos Bahías","No residentes",NA
2022-06-01,"Cabo Dos Bahías","Residentes",NA
2022-07-01,"Bosque Petrificado Sarmiento","No residentes",2
2022-07-01,"Bosque Petrificado Sarmiento","Residentes",73
2022-07-01,"Península Valdés","No residentes",522
2022-07-01,"Península Valdés","Residentes",22702
2022-07-01,"Punta Loma","No residentes",118
2022-07-01,"Punta Loma","Residentes",8630
2022-07-01,"Punta Marqués","No residentes",2
2022-07-01,"Punta Marqués","Residentes",432
2022-07-01,"Punta Tombo","No residentes",NA
2022-07-01,"Punta Tombo","Residentes",NA
2022-07-01,"Cabo Dos Bahías","No residentes",NA
2022-07-01,"Cabo Dos Bahías","Residentes",NA
2022-08-01,"Bosque Petrificado Sarmiento","No residentes",2
2022-08-01,"Bosque Petrificado Sarmiento","Residentes",121
2022-08-01,"Península Valdés","No residentes",874
2022-08-01,"Península Valdés","Residentes",23612
2022-08-01,"Punta Loma","No residentes",205
2022-08-01,"Punta Loma","Residentes",7002
2022-08-01,"Punta Marqués","No residentes",14
2022-08-01,"Punta Marqués","Residentes",592
2022-08-01,"Punta Tombo","No residentes",NA
2022-08-01,"Punta Tombo","Residentes",NA
2022-08-01,"Cabo Dos Bahías","No residentes",NA
2022-08-01,"Cabo Dos Bahías","Residentes",NA
2022-09-01,"Bosque Petrificado Sarmiento","No residentes",9
2022-09-01,"Bosque Petrificado Sarmiento","Residentes",164
2022-09-01,"Península Valdés","No residentes",1799
2022-09-01,"Península Valdés","Residentes",35121
2022-09-01,"Punta Loma","No residentes",157
2022-09-01,"Punta Loma","Residentes",6699
2022-09-01,"Punta Marqués","No residentes",22
2022-09-01,"Punta Marqués","Residentes",524
2022-09-01,"Punta Tombo","No residentes",587
2022-09-01,"Punta Tombo","Residentes",10991
2022-09-01,"Cabo Dos Bahías","No residentes",15
2022-09-01,"Cabo Dos Bahías","Residentes",233
2022-10-01,"Bosque Petrificado Sarmiento","No residentes",21
2022-10-01,"Bosque Petrificado Sarmiento","Residentes",533
2022-10-01,"Península Valdés","No residentes",7163
2022-10-01,"Península Valdés","Residentes",49019
2022-10-01,"Punta Loma","No residentes",467
2022-10-01,"Punta Loma","Residentes",13052
2022-10-01,"Punta Marqués","No residentes",23
2022-10-01,"Punta Marqués","Residentes",996
2022-10-01,"Punta Tombo","No residentes",2014
2022-10-01,"Punta Tombo","Residentes",29371
2022-10-01,"Cabo Dos Bahías","No residentes",110
2022-10-01,"Cabo Dos Bahías","Residentes",1419
2022-11-01,"Bosque Petrificado Sarmiento","No residentes",145
2022-11-01,"Bosque Petrificado Sarmiento","Residentes",419
2022-11-01,"Península Valdés","No residentes",6064
2022-11-01,"Península Valdés","Residentes",27545
2022-11-01,"Punta Loma","No residentes",572
2022-11-01,"Punta Loma","Residentes",4633
2022-11-01,"Punta Marqués","No residentes",49
2022-11-01,"Punta Marqués","Residentes",649
2022-11-01,"Punta Tombo","No residentes",2974
2022-11-01,"Punta Tombo","Residentes",14687
2022-11-01,"Cabo Dos Bahías","No residentes",159
2022-11-01,"Cabo Dos Bahías","Residentes",788
2022-12-01,"Bosque Petrificado Sarmiento","No residentes",116
2022-12-01,"Bosque Petrificado Sarmiento","Residentes",277
2022-12-01,"Península Valdés","No residentes",4417
2022-12-01,"Península Valdés","Residentes",15003
2022-12-01,"Punta Loma","No residentes",1321
2022-12-01,"Punta Loma","Residentes",3922
2022-12-01,"Punta Marqués","No residentes",38
2022-12-01,"Punta Marqués","Residentes",585
2022-12-01,"Punta Tombo","No residentes",3952
2022-12-01,"Punta Tombo","Residentes",5533
2022-12-01,"Cabo Dos Bahías","No residentes",194
2022-12-01,"Cabo Dos Bahías","Residentes",771
2023-01-01,"Bosque Petrificado Sarmiento","No residentes",174
2023-01-01,"Bosque Petrificado Sarmiento","Residentes",1175
2023-01-01,"Península Valdés","No residentes",5930
2023-01-01,"Península Valdés","Residentes",67482
2023-01-01,"Punta Loma","No residentes",2748
2023-01-01,"Punta Loma","Residentes",16615
2023-01-01,"Punta Marqués","No residentes",73
2023-01-01,"Punta Marqués","Residentes",1606
2023-01-01,"Punta Tombo","No residentes",5976
2023-01-01,"Punta Tombo","Residentes",17711
2023-01-01,"Cabo Dos Bahías","No residentes",165
2023-01-01,"Cabo Dos Bahías","Residentes",1926
2023-02-01,"Bosque Petrificado Sarmiento","No residentes",120
2023-02-01,"Bosque Petrificado Sarmiento","Residentes",801
2023-02-01,"Península Valdés","No residentes",5989
2023-02-01,"Península Valdés","Residentes",32543
2023-02-01,"Punta Loma","No residentes",3008
2023-02-01,"Punta Loma","Residentes",12535
2023-02-01,"Punta Marqués","No residentes",103
2023-02-01,"Punta Marqués","Residentes",1049
2023-02-01,"Punta Tombo","No residentes",5472
2023-02-01,"Punta Tombo","Residentes",11533
2023-02-01,"Cabo Dos Bahías","No residentes",153
2023-02-01,"Cabo Dos Bahías","Residentes",1391
2023-03-01,"Bosque Petrificado Sarmiento","No residentes",95
2023-03-01,"Bosque Petrificado Sarmiento","Residentes",450
2023-03-01,"Península Valdés","No residentes",4665
2023-03-01,"Península Valdés","Residentes",14301
2023-03-01,"Punta Loma","No residentes",2606
2023-03-01,"Punta Loma","Residentes",4873
2023-03-01,"Punta Marqués","No residentes",88
2023-03-01,"Punta Marqués","Residentes",850
2023-03-01,"Punta Tombo","No residentes",3104
2023-03-01,"Punta Tombo","Residentes",3448
2023-03-01,"Cabo Dos Bahías","No residentes",209
2023-03-01,"Cabo Dos Bahías","Residentes",922
2023-04-01,"Bosque Petrificado Sarmiento","No residentes",33
2023-04-01,"Bosque Petrificado Sarmiento","Residentes",459
2023-04-01,"Península Valdés","No residentes",1300
2023-04-01,"Península Valdés","Residentes",9029
2023-04-01,"Punta Loma","No residentes",628
2023-04-01,"Punta Loma","Residentes",4662
2023-04-01,"Punta Marqués","No residentes",80
2023-04-01,"Punta Marqués","Residentes",963
2023-04-01,"Punta Tombo","No residentes",407
2023-04-01,"Punta Tombo","Residentes",1390
2023-04-01,"Cabo Dos Bahías","No residentes",60
2023-04-01,"Cabo Dos Bahías","Residentes",856
2023-05-01,"Bosque Petrificado Sarmiento","No residentes",34
2023-05-01,"Bosque Petrificado Sarmiento","Residentes",232
2023-05-01,"Península Valdés","No residentes",399
2023-05-01,"Península Valdés","Residentes",4459
2023-05-01,"Punta Loma","No residentes",157
2023-05-01,"Punta Loma","Residentes",3676
2023-05-01,"Punta Marqués","No residentes",21
2023-05-01,"Punta Marqués","Residentes",709
2023-05-01,"Punta Tombo","No residentes",NA
2023-05-01,"Punta Tombo","Residentes",NA
2023-05-01,"Cabo Dos Bahías","No residentes",NA
2023-05-01,"Cabo Dos Bahías","Residentes",NA
2023-06-01,"Bosque Petrificado Sarmiento","No residentes",4
2023-06-01,"Bosque Petrificado Sarmiento","Residentes",227
2023-06-01,"Península Valdés","No residentes",422
2023-06-01,"Península Valdés","Residentes",9026
2023-06-01,"Punta Loma","No residentes",209
2023-06-01,"Punta Loma","Residentes",5369
2023-06-01,"Punta Marqués","No residentes",21
2023-06-01,"Punta Marqués","Residentes",754
2023-06-01,"Punta Tombo","No residentes",NA
2023-06-01,"Punta Tombo","Residentes",NA
2023-06-01,"Cabo Dos Bahías","No residentes",NA
2023-06-01,"Cabo Dos Bahías","Residentes",NA
2023-07-01,"Bosque Petrificado Sarmiento","No residentes",18
2023-07-01,"Bosque Petrificado Sarmiento","Residentes",161
2023-07-01,"Península Valdés","No residentes",1030
2023-07-01,"Península Valdés","Residentes",26259
2023-07-01,"Punta Loma","No residentes",453
2023-07-01,"Punta Loma","Residentes",19879
2023-07-01,"Punta Marqués","No residentes",49
2023-07-01,"Punta Marqués","Residentes",1231
2023-07-01,"Punta Tombo","No residentes",NA
2023-07-01,"Punta Tombo","Residentes",NA
2023-07-01,"Cabo Dos Bahías","No residentes",NA
2023-07-01,"Cabo Dos Bahías","Residentes",NA
2023-08-01,"Bosque Petrificado Sarmiento","No residentes",5
2023-08-01,"Bosque Petrificado Sarmiento","Residentes",81
2023-08-01,"Península Valdés","No residentes",1292
2023-08-01,"Península Valdés","Residentes",18559
2023-08-01,"Punta Loma","No residentes",233
2023-08-01,"Punta Loma","Residentes",5526
2023-08-01,"Punta Marqués","No residentes",29
2023-08-01,"Punta Marqués","Residentes",504
2023-08-01,"Punta Tombo","No residentes",NA
2023-08-01,"Punta Tombo","Residentes",NA
2023-08-01,"Cabo Dos Bahías","No residentes",NA
2023-08-01,"Cabo Dos Bahías","Residentes",NA
2023-09-01,"Bosque Petrificado Sarmiento","No residentes",41
2023-09-01,"Bosque Petrificado Sarmiento","Residentes",111
2023-09-01,"Península Valdés","No residentes",3132
2023-09-01,"Península Valdés","Residentes",33545
2023-09-01,"Punta Loma","No residentes",415
2023-09-01,"Punta Loma","Residentes",9475
2023-09-01,"Punta Marqués","No residentes",74
2023-09-01,"Punta Marqués","Residentes",599
2023-09-01,"Punta Tombo","No residentes",1326
2023-09-01,"Punta Tombo","Residentes",13890
2023-09-01,"Cabo Dos Bahías","No residentes",36
2023-09-01,"Cabo Dos Bahías","Residentes",181
2023-10-01,"Bosque Petrificado Sarmiento","No residentes",56
2023-10-01,"Bosque Petrificado Sarmiento","Residentes",445
2023-10-01,"Península Valdés","No residentes",6698
2023-10-01,"Península Valdés","Residentes",49666
2023-10-01,"Punta Loma","No residentes",1093
2023-10-01,"Punta Loma","Residentes",16594
2023-10-01,"Punta Marqués","No residentes",35
2023-10-01,"Punta Marqués","Residentes",744
2023-10-01,"Punta Tombo","No residentes",3359
2023-10-01,"Punta Tombo","Residentes",27634
2023-10-01,"Cabo Dos Bahías","No residentes",142
2023-10-01,"Cabo Dos Bahías","Residentes",893
2023-11-01,"Bosque Petrificado Sarmiento","No residentes",271
2023-11-01,"Bosque Petrificado Sarmiento","Residentes",435
2023-11-01,"Península Valdés","No residentes",10237
2023-11-01,"Península Valdés","Residentes",22705
2023-11-01,"Punta Loma","No residentes",2145
2023-11-01,"Punta Loma","Residentes",7045
2023-11-01,"Punta Marqués","No residentes",24
2023-11-01,"Punta Marqués","Residentes",340
2023-11-01,"Punta Tombo","No residentes",4835
2023-11-01,"Punta Tombo","Residentes",10514
2023-11-01,"Cabo Dos Bahías","No residentes",265
2023-11-01,"Cabo Dos Bahías","Residentes",1077
2023-12-01,"Bosque Petrificado Sarmiento","No residentes",115
2023-12-01,"Bosque Petrificado Sarmiento","Residentes",305
2023-12-01,"Península Valdés","No residentes",5109
2023-12-01,"Península Valdés","Residentes",15343
2023-12-01,"Punta Loma","No residentes",1796
2023-12-01,"Punta Loma","Residentes",4887
2023-12-01,"Punta Marqués","No residentes",44
2023-12-01,"Punta Marqués","Residentes",396
2023-12-01,"Punta Tombo","No residentes",5576
2023-12-01,"Punta Tombo","Residentes",5364
2023-12-01,"Cabo Dos Bahías","No residentes",167
2023-12-01,"Cabo Dos Bahías","Residentes",796
2024-01-01,"Bosque Petrificado Sarmiento","No residentes",175
2024-01-01,"Bosque Petrificado Sarmiento","Residentes",883
2024-01-01,"Península Valdés","No residentes",6846
2024-01-01,"Península Valdés","Residentes",51401
2024-01-01,"Punta Loma","No residentes",3480
2024-01-01,"Punta Loma","Residentes",14012
2024-01-01,"Punta Marqués","No residentes",88
2024-01-01,"Punta Marqués","Residentes",1214
2024-01-01,"Punta Tombo","No residentes",7366
2024-01-01,"Punta Tombo","Residentes",13635
2024-01-01,"Cabo Dos Bahías","No residentes",220
2024-01-01,"Cabo Dos Bahías","Residentes",1932
2024-02-01,"Bosque Petrificado Sarmiento","No residentes",196
2024-02-01,"Bosque Petrificado Sarmiento","Residentes",665
2024-02-01,"Península Valdés","No residentes",7394
2024-02-01,"Península Valdés","Residentes",26969
2024-02-01,"Punta Loma","No residentes",4494
2024-02-01,"Punta Loma","Residentes",8764
2024-02-01,"Punta Marqués","No residentes",121
2024-02-01,"Punta Marqués","Residentes",758
2024-02-01,"Punta Tombo","No residentes",7186
2024-02-01,"Punta Tombo","Residentes",9380
2024-02-01,"Cabo Dos Bahías","No residentes",152
2024-02-01,"Cabo Dos Bahías","Residentes",1344
2024-03-01,"Bosque Petrificado Sarmiento","No residentes",58
2024-03-01,"Bosque Petrificado Sarmiento","Residentes",451
2024-03-01,"Península Valdés","No residentes",5102
2024-03-01,"Península Valdés","Residentes",12768
2024-03-01,"Punta Loma","No residentes",3564
2024-03-01,"Punta Loma","Residentes",5499
2024-03-01,"Punta Marqués","No residentes",87
2024-03-01,"Punta Marqués","Residentes",539
2024-03-01,"Punta Tombo","No residentes",5352
2024-03-01,"Punta Tombo","Residentes",4376
2024-03-01,"Cabo Dos Bahías","No residentes",435
2024-03-01,"Cabo Dos Bahías","Residentes",917
2024-04-01,"Bosque Petrificado Sarmiento","No residentes",25
2024-04-01,"Bosque Petrificado Sarmiento","Residentes",209
2024-04-01,"Península Valdés","No residentes",876
2024-04-01,"Península Valdés","Residentes",5504
2024-04-01,"Punta Loma","No residentes",225
2024-04-01,"Punta Loma","Residentes",2463
2024-04-01,"Punta Marqués","No residentes",20
2024-04-01,"Punta Marqués","Residentes",691
2024-04-01,"Punta Tombo","No residentes",425
2024-04-01,"Punta Tombo","Residentes",1443
2024-04-01,"Cabo Dos Bahías","No residentes",20
2024-04-01,"Cabo Dos Bahías","Residentes",361
2024-05-01,"Bosque Petrificado Sarmiento","No residentes",11
2024-05-01,"Bosque Petrificado Sarmiento","Residentes",63
2024-05-01,"Península Valdés","No residentes",202
2024-05-01,"Península Valdés","Residentes",2545
2024-05-01,"Punta Loma","No residentes",92
2024-05-01,"Punta Loma","Residentes",1611
2024-05-01,"Punta Marqués","No residentes",17
2024-05-01,"Punta Marqués","Residentes",556
2024-05-01,"Punta Tombo","No residentes",NA
2024-05-01,"Punta Tombo","Residentes",NA
2024-05-01,"Cabo Dos Bahías","No residentes",NA
2024-05-01,"Cabo Dos Bahías","Residentes",NA
2024-06-01,"Bosque Petrificado Sarmiento","No residentes",0
2024-06-01,"Bosque Petrificado Sarmiento","Residentes",19
2024-06-01,"Península Valdés","No residentes",277
2024-06-01,"Península Valdés","Residentes",6674
2024-06-01,"Punta Loma","No residentes",86
2024-06-01,"Punta Loma","Residentes",1946
2024-06-01,"Punta Marqués","No residentes",22
2024-06-01,"Punta Marqués","Residentes",325
2024-06-01,"Punta Tombo","No residentes",NA
2024-06-01,"Punta Tombo","Residentes",NA
2024-06-01,"Cabo Dos Bahías","No residentes",NA
2024-06-01,"Cabo Dos Bahías","Residentes",NA
2024-07-01,"Bosque Petrificado Sarmiento","No residentes",2
2024-07-01,"Bosque Petrificado Sarmiento","Residentes",97
2024-07-01,"Península Valdés","No residentes",659
2024-07-01,"Península Valdés","Residentes",17069
2024-07-01,"Punta Loma","No residentes",222
2024-07-01,"Punta Loma","Residentes",9349
2024-07-01,"Punta Marqués","No residentes",18
2024-07-01,"Punta Marqués","Residentes",771
2024-07-01,"Punta Tombo","No residentes",NA
2024-07-01,"Punta Tombo","Residentes",NA
2024-07-01,"Cabo Dos Bahías","No residentes",NA
2024-07-01,"Cabo Dos Bahías","Residentes",NA
2024-08-01,"Bosque Petrificado Sarmiento","No residentes",5
2024-08-01,"Bosque Petrificado Sarmiento","Residentes",74
2024-08-01,"Península Valdés","No residentes",1124
2024-08-01,"Península Valdés","Residentes",13897
2024-08-01,"Punta Loma","No residentes",233
2024-08-01,"Punta Loma","Residentes",3205
2024-08-01,"Punta Marqués","No residentes",19
2024-08-01,"Punta Marqués","Residentes",435
2024-08-01,"Punta Tombo","No residentes",NA
2024-08-01,"Punta Tombo","Residentes",NA
2024-08-01,"Cabo Dos Bahías","No residentes",NA
2024-08-01,"Cabo Dos Bahías","Residentes",NA
2024-09-01,"Bosque Petrificado Sarmiento","No residentes",11
2024-09-01,"Bosque Petrificado Sarmiento","Residentes",125
2024-09-01,"Península Valdés","No residentes",2294
2024-09-01,"Península Valdés","Residentes",26160
2024-09-01,"Punta Loma","No residentes",550
2024-09-01,"Punta Loma","Residentes",8305
2024-09-01,"Punta Marqués","No residentes",53
2024-09-01,"Punta Marqués","Residentes",367
2024-09-01,"Punta Tombo","No residentes",1272
2024-09-01,"Punta Tombo","Residentes",10191
2024-09-01,"Cabo Dos Bahías","No residentes",12
2024-09-01,"Cabo Dos Bahías","Residentes",321
2024-10-01,"Bosque Petrificado Sarmiento","No residentes",64
2024-10-01,"Bosque Petrificado Sarmiento","Residentes",330
2024-10-01,"Península Valdés","No residentes",4850
2024-10-01,"Península Valdés","Residentes",37021
2024-10-01,"Punta Loma","No residentes",779
2024-10-01,"Punta Loma","Residentes",12097
2024-10-01,"Punta Marqués","No residentes",27
2024-10-01,"Punta Marqués","Residentes",724
2024-10-01,"Punta Tombo","No residentes",3121
2024-10-01,"Punta Tombo","Residentes",21111
2024-10-01,"Cabo Dos Bahías","No residentes",75
2024-10-01,"Cabo Dos Bahías","Residentes",1174
2024-11-01,"Bosque Petrificado Sarmiento","No residentes",155
2024-11-01,"Bosque Petrificado Sarmiento","Residentes",442
2024-11-01,"Península Valdés","No residentes",7975
2024-11-01,"Península Valdés","Residentes",17500
2024-11-01,"Punta Loma","No residentes",2332
2024-11-01,"Punta Loma","Residentes",5531
2024-11-01,"Punta Marqués","No residentes",31
2024-11-01,"Punta Marqués","Residentes",643
2024-11-01,"Punta Tombo","No residentes",3728
2024-11-01,"Punta Tombo","Residentes",10383
2024-11-01,"Cabo Dos Bahías","No residentes",148
2024-11-01,"Cabo Dos Bahías","Residentes",853
2024-12-01,"Bosque Petrificado Sarmiento","No residentes",97
2024-12-01,"Bosque Petrificado Sarmiento","Residentes",280
2024-12-01,"Península Valdés","No residentes",3821
2024-12-01,"Península Valdés","Residentes",12139
2024-12-01,"Punta Loma","No residentes",2319
2024-12-01,"Punta Loma","Residentes",5217
2024-12-01,"Punta Marqués","No residentes",47
2024-12-01,"Punta Marqués","Residentes",714
2024-12-01,"Punta Tombo","No residentes",4867
2024-12-01,"Punta Tombo","Residentes",4200
2024-12-01,"Cabo Dos Bahías","No residentes",111
2024-12-01,"Cabo Dos Bahías","Residentes",631
2025-01-01,"Bosque Petrificado Sarmiento","No residentes",183
2025-01-01,"Bosque Petrificado Sarmiento","Residentes",1033
2025-01-01,"Península Valdés","No residentes",5568
2025-01-01,"Península Valdés","Residentes",49230
2025-01-01,"Punta Loma","No residentes",4533
2025-01-01,"Punta Loma","Residentes",13564
2025-01-01,"Punta Marqués","No residentes",58
2025-01-01,"Punta Marqués","Residentes",1221
2025-01-01,"Punta Tombo","No residentes",5155
2025-01-01,"Punta Tombo","Residentes",13617
2025-01-01,"Cabo Dos Bahías","No residentes",130
2025-01-01,"Cabo Dos Bahías","Residentes",1676
2025-02-01,"Bosque Petrificado Sarmiento","No residentes",123
2025-02-01,"Bosque Petrificado Sarmiento","Residentes",574
2025-02-01,"Península Valdés","No residentes",4363
2025-02-01,"Península Valdés","Residentes",22561
2025-02-01,"Punta Loma","No residentes",3981
2025-02-01,"Punta Loma","Residentes",7499
2025-02-01,"Punta Marqués","No residentes",41
2025-02-01,"Punta Marqués","Residentes",1010
2025-02-01,"Punta Tombo","No residentes",4939
2025-02-01,"Punta Tombo","Residentes",7522
2025-02-01,"Cabo Dos Bahías","No residentes",123
2025-02-01,"Cabo Dos Bahías","Residentes",1086
